{
  "The Alpha Collection": {
    "name": "The Alpha Collection",
    "src": "images/items/collections/alpha.png",
    "price": 1332,
    "type": "case",
    "rarity": 0,
    "content": {
      "items": [
        "SCAR-20 | Emerald (Factory New)", "SCAR-20 | Emerald (Minimal Wear)", "AUG | Anodized Navy (Factory New)",
        "AUG | Anodized Navy (Minimal Wear)", "PP-Bizon | Rust Coat (Factory New)",
        "PP-Bizon | Rust Coat (Minimal Wear)", "PP-Bizon | Rust Coat (Field-Tested)",
        "PP-Bizon | Rust Coat (Well-Worn)", "PP-Bizon | Rust Coat (Battle-Scarred)", "FAMAS | Spitfire (Factory New)",
        "FAMAS | Spitfire (Minimal Wear)", "FAMAS | Spitfire (Field-Tested)", "FAMAS | Spitfire (Well-Worn)",
        "FAMAS | Spitfire (Battle-Scarred)", "MP9 | Dry Season (Factory New)", "MP9 | Dry Season (Minimal Wear)",
        "MP9 | Dry Season (Field-Tested)", "MP9 | Dry Season (Well-Worn)", "MP9 | Dry Season (Battle-Scarred)",
        "M249 | Jungle DDPAT (Factory New)", "M249 | Jungle DDPAT (Minimal Wear)", "M249 | Jungle DDPAT (Field-Tested)",
        "M249 | Jungle DDPAT (Well-Worn)", "M249 | Jungle DDPAT (Battle-Scarred)", "Negev | Palm (Factory New)",
        "Negev | Palm (Minimal Wear)", "Negev | Palm (Field-Tested)", "Negev | Palm (Well-Worn)",
        "Negev | Palm (Battle-Scarred)", "SSG 08 | Mayan Dreams (Factory New)", "SSG 08 | Mayan Dreams (Minimal Wear)",
        "SSG 08 | Mayan Dreams (Field-Tested)", "SSG 08 | Mayan Dreams (Well-Worn)",
        "SSG 08 | Mayan Dreams (Battle-Scarred)", "Glock-18 | Sand Dune (Factory New)",
        "Glock-18 | Sand Dune (Minimal Wear)", "Glock-18 | Sand Dune (Field-Tested)",
        "Glock-18 | Sand Dune (Well-Worn)", "Glock-18 | Sand Dune (Battle-Scarred)", "XM1014 | Jungle (Factory New)",
        "XM1014 | Jungle (Minimal Wear)", "XM1014 | Jungle (Field-Tested)", "XM1014 | Jungle (Well-Worn)",
        "XM1014 | Jungle (Battle-Scarred)", "Five-SeveN | Anodized Gunmetal (Factory New)",
        "Five-SeveN | Anodized Gunmetal (Minimal Wear)", "P250 | Facets (Factory New)", "P250 | Facets (Minimal Wear)",
        "P250 | Facets (Field-Tested)", "P250 | Facets (Well-Worn)", "P250 | Facets (Battle-Scarred)",
        "MAG-7 | Hazard (Factory New)", "MAG-7 | Hazard (Minimal Wear)", "MAG-7 | Hazard (Field-Tested)",
        "MAG-7 | Hazard (Well-Worn)", "MAG-7 | Hazard (Battle-Scarred)", "Sawed-Off | Mosaico (Factory New)",
        "Sawed-Off | Mosaico (Minimal Wear)", "Sawed-Off | Mosaico (Field-Tested)", "Sawed-Off | Mosaico (Well-Worn)",
        "Sawed-Off | Mosaico (Battle-Scarred)", "MP7 | Groundwater (Factory New)", "MP7 | Groundwater (Minimal Wear)",
        "MP7 | Groundwater (Field-Tested)", "MP7 | Groundwater (Well-Worn)", "MP7 | Groundwater (Battle-Scarred)",
        "Tec-9 | Tornado (Factory New)", "Tec-9 | Tornado (Minimal Wear)", "Tec-9 | Tornado (Field-Tested)",
        "Tec-9 | Tornado (Well-Worn)", "Tec-9 | Tornado (Battle-Scarred)"
      ]
    }
  },
  "SCAR-20 | Emerald (Factory New)": {
    "quality": 5,
    "skin": "Emerald",
    "weapon": "SCAR-20",
    "short": "SCAR-20 | Emerald",
    "name": "SCAR-20 | Emerald (Factory New)",
    "src": "https://steamcdn-a.akamaihd.net/apps/730/icons/econ/default_generated/weapon_scar20_an_emerald_bravo_light_large.1fddac26d628445bdc9856e04b5e9c69f526120b.png",
    "type": "skin",
    "rarity": 3,
    "price": 1314
  },
  "SCAR-20 | Emerald (Minimal Wear)": {
    "quality": 4,
    "skin": "Emerald",
    "weapon": "SCAR-20",
    "short": "SCAR-20 | Emerald",
    "name": "SCAR-20 | Emerald (Minimal Wear)",
    "src": "https://steamcdn-a.akamaihd.net/apps/730/icons/econ/default_generated/weapon_scar20_an_emerald_bravo_light_large.1fddac26d628445bdc9856e04b5e9c69f526120b.png",
    "type": "skin",
    "rarity": 3,
    "price": 2636
  },
  "SCAR-20 | Emerald": {
    "masterItem": true,
    "qualities": [5, 4],
    "skin": "Emerald",
    "weapon": "SCAR-20",
    "short": "SCAR-20 | Emerald",
    "name": "SCAR-20 | Emerald",
    "src": "https://steamcdn-a.akamaihd.net/apps/730/icons/econ/default_generated/weapon_scar20_an_emerald_bravo_light_large.1fddac26d628445bdc9856e04b5e9c69f526120b.png",
    "type": "skin",
    "rarity": 3,
    "price": 2636,
    "minPrice": 1314
  },
  "AUG | Anodized Navy (Factory New)": {
    "quality": 5,
    "skin": "Anodized Navy",
    "weapon": "AUG",
    "short": "AUG | Anodized Navy",
    "name": "AUG | Anodized Navy (Factory New)",
    "src": "https://steamcdn-a.akamaihd.net/apps/730/icons/econ/default_generated/weapon_aug_an_navy_bravo_light_large.8057388b1d777096c036f1b2d8ba9ce15103678d.png",
    "type": "skin",
    "rarity": 2,
    "price": 1000
  },
  "AUG | Anodized Navy (Minimal Wear)": {
    "quality": 4,
    "skin": "Anodized Navy",
    "weapon": "AUG",
    "short": "AUG | Anodized Navy",
    "name": "AUG | Anodized Navy (Minimal Wear)",
    "src": "https://steamcdn-a.akamaihd.net/apps/730/icons/econ/default_generated/weapon_aug_an_navy_bravo_light_large.8057388b1d777096c036f1b2d8ba9ce15103678d.png",
    "type": "skin",
    "rarity": 2,
    "price": 2900
  },
  "AUG | Anodized Navy": {
    "masterItem": true,
    "qualities": [5, 4],
    "skin": "Anodized Navy",
    "weapon": "AUG",
    "short": "AUG | Anodized Navy",
    "name": "AUG | Anodized Navy",
    "src": "https://steamcdn-a.akamaihd.net/apps/730/icons/econ/default_generated/weapon_aug_an_navy_bravo_light_large.8057388b1d777096c036f1b2d8ba9ce15103678d.png",
    "type": "skin",
    "rarity": 2,
    "price": 2900,
    "minPrice": 1000
  },
  "PP-Bizon | Rust Coat (Factory New)": {
    "quality": 5,
    "skin": "Rust Coat",
    "weapon": "PP-Bizon",
    "short": "PP-Bizon | Rust Coat",
    "name": "PP-Bizon | Rust Coat (Factory New)",
    "src": "https://steamcdn-a.akamaihd.net/apps/730/icons/econ/default_generated/weapon_bizon_aq_steel_bravo_light_large.ace529ee6d0eefe9159eaf040b364ad853ccf893.png",
    "type": "skin",
    "rarity": 2,
    "price": 2542
  },
  "PP-Bizon | Rust Coat (Minimal Wear)": {
    "quality": 4,
    "skin": "Rust Coat",
    "weapon": "PP-Bizon",
    "short": "PP-Bizon | Rust Coat",
    "name": "PP-Bizon | Rust Coat (Minimal Wear)",
    "src": "https://steamcdn-a.akamaihd.net/apps/730/icons/econ/default_generated/weapon_bizon_aq_steel_bravo_light_large.ace529ee6d0eefe9159eaf040b364ad853ccf893.png",
    "type": "skin",
    "rarity": 2,
    "price": 913
  },
  "PP-Bizon | Rust Coat (Field-Tested)": {
    "quality": 3,
    "skin": "Rust Coat",
    "weapon": "PP-Bizon",
    "short": "PP-Bizon | Rust Coat",
    "name": "PP-Bizon | Rust Coat (Field-Tested)",
    "src": "https://steamcdn-a.akamaihd.net/apps/730/icons/econ/default_generated/weapon_bizon_aq_steel_bravo_light_large.ace529ee6d0eefe9159eaf040b364ad853ccf893.png",
    "type": "skin",
    "rarity": 2,
    "price": 388
  },
  "PP-Bizon | Rust Coat (Well-Worn)": {
    "quality": 2,
    "skin": "Rust Coat",
    "weapon": "PP-Bizon",
    "short": "PP-Bizon | Rust Coat",
    "name": "PP-Bizon | Rust Coat (Well-Worn)",
    "src": "https://steamcdn-a.akamaihd.net/apps/730/icons/econ/default_generated/weapon_bizon_aq_steel_bravo_light_large.ace529ee6d0eefe9159eaf040b364ad853ccf893.png",
    "type": "skin",
    "rarity": 2,
    "price": 512
  },
  "PP-Bizon | Rust Coat (Battle-Scarred)": {
    "quality": 1,
    "skin": "Rust Coat",
    "weapon": "PP-Bizon",
    "short": "PP-Bizon | Rust Coat",
    "name": "PP-Bizon | Rust Coat (Battle-Scarred)",
    "src": "https://steamcdn-a.akamaihd.net/apps/730/icons/econ/default_generated/weapon_bizon_aq_steel_bravo_light_large.ace529ee6d0eefe9159eaf040b364ad853ccf893.png",
    "type": "skin",
    "rarity": 2,
    "price": 1307
  },
  "PP-Bizon | Rust Coat": {
    "masterItem": true,
    "qualities": [5, 4, 3, 2, 1],
    "skin": "Rust Coat",
    "weapon": "PP-Bizon",
    "short": "PP-Bizon | Rust Coat",
    "name": "PP-Bizon | Rust Coat",
    "src": "https://steamcdn-a.akamaihd.net/apps/730/icons/econ/default_generated/weapon_bizon_aq_steel_bravo_light_large.ace529ee6d0eefe9159eaf040b364ad853ccf893.png",
    "type": "skin",
    "rarity": 2,
    "price": 2542,
    "minPrice": 388
  },
  "FAMAS | Spitfire (Factory New)": {
    "quality": 5,
    "skin": "Spitfire",
    "weapon": "FAMAS",
    "short": "FAMAS | Spitfire",
    "name": "FAMAS | Spitfire (Factory New)",
    "src": "https://steamcdn-a.akamaihd.net/apps/730/icons/econ/default_generated/weapon_famas_sp_spitfire_famas_bravo_light_large.ac455b0749733b0bdce019c0e0c74270d689eb95.png",
    "type": "skin",
    "rarity": 3,
    "price": 8402
  },
  "FAMAS | Spitfire (Minimal Wear)": {
    "quality": 4,
    "skin": "Spitfire",
    "weapon": "FAMAS",
    "short": "FAMAS | Spitfire",
    "name": "FAMAS | Spitfire (Minimal Wear)",
    "src": "https://steamcdn-a.akamaihd.net/apps/730/icons/econ/default_generated/weapon_famas_sp_spitfire_famas_bravo_light_large.ac455b0749733b0bdce019c0e0c74270d689eb95.png",
    "type": "skin",
    "rarity": 3,
    "price": 1896
  },
  "FAMAS | Spitfire (Field-Tested)": {
    "quality": 3,
    "skin": "Spitfire",
    "weapon": "FAMAS",
    "short": "FAMAS | Spitfire",
    "name": "FAMAS | Spitfire (Field-Tested)",
    "src": "https://steamcdn-a.akamaihd.net/apps/730/icons/econ/default_generated/weapon_famas_sp_spitfire_famas_bravo_light_large.ac455b0749733b0bdce019c0e0c74270d689eb95.png",
    "type": "skin",
    "rarity": 3,
    "price": 413
  },
  "FAMAS | Spitfire (Well-Worn)": {
    "quality": 2,
    "skin": "Spitfire",
    "weapon": "FAMAS",
    "short": "FAMAS | Spitfire",
    "name": "FAMAS | Spitfire (Well-Worn)",
    "src": "https://steamcdn-a.akamaihd.net/apps/730/icons/econ/default_generated/weapon_famas_sp_spitfire_famas_bravo_light_large.ac455b0749733b0bdce019c0e0c74270d689eb95.png",
    "type": "skin",
    "rarity": 3,
    "price": 675
  },
  "FAMAS | Spitfire (Battle-Scarred)": {
    "quality": 1,
    "skin": "Spitfire",
    "weapon": "FAMAS",
    "short": "FAMAS | Spitfire",
    "name": "FAMAS | Spitfire (Battle-Scarred)",
    "src": "https://steamcdn-a.akamaihd.net/apps/730/icons/econ/default_generated/weapon_famas_sp_spitfire_famas_bravo_light_large.ac455b0749733b0bdce019c0e0c74270d689eb95.png",
    "type": "skin",
    "rarity": 3,
    "price": 319
  },
  "FAMAS | Spitfire": {
    "masterItem": true,
    "qualities": [5, 4, 3, 2, 1],
    "skin": "Spitfire",
    "weapon": "FAMAS",
    "short": "FAMAS | Spitfire",
    "name": "FAMAS | Spitfire",
    "src": "https://steamcdn-a.akamaihd.net/apps/730/icons/econ/default_generated/weapon_famas_sp_spitfire_famas_bravo_light_large.ac455b0749733b0bdce019c0e0c74270d689eb95.png",
    "type": "skin",
    "rarity": 3,
    "price": 8402,
    "minPrice": 319
  },
  "MP9 | Dry Season (Factory New)": {
    "quality": 5,
    "skin": "Dry Season",
    "weapon": "MP9",
    "short": "MP9 | Dry Season",
    "name": "MP9 | Dry Season (Factory New)",
    "src": "https://steamcdn-a.akamaihd.net/apps/730/icons/econ/default_generated/weapon_mp9_sp_tape_dots_bravo_light_large.e6624212c506215295ff5bf1b4c9bd7523db3ab5.png",
    "type": "skin",
    "rarity": 0,
    "price": 966
  },
  "MP9 | Dry Season (Minimal Wear)": {
    "quality": 4,
    "skin": "Dry Season",
    "weapon": "MP9",
    "short": "MP9 | Dry Season",
    "name": "MP9 | Dry Season (Minimal Wear)",
    "src": "https://steamcdn-a.akamaihd.net/apps/730/icons/econ/default_generated/weapon_mp9_sp_tape_dots_bravo_light_large.e6624212c506215295ff5bf1b4c9bd7523db3ab5.png",
    "type": "skin",
    "rarity": 0,
    "price": 137
  },
  "MP9 | Dry Season (Field-Tested)": {
    "quality": 3,
    "skin": "Dry Season",
    "weapon": "MP9",
    "short": "MP9 | Dry Season",
    "name": "MP9 | Dry Season (Field-Tested)",
    "src": "https://steamcdn-a.akamaihd.net/apps/730/icons/econ/default_generated/weapon_mp9_sp_tape_dots_bravo_light_large.e6624212c506215295ff5bf1b4c9bd7523db3ab5.png",
    "type": "skin",
    "rarity": 0,
    "price": 58
  },
  "MP9 | Dry Season (Well-Worn)": {
    "quality": 2,
    "skin": "Dry Season",
    "weapon": "MP9",
    "short": "MP9 | Dry Season",
    "name": "MP9 | Dry Season (Well-Worn)",
    "src": "https://steamcdn-a.akamaihd.net/apps/730/icons/econ/default_generated/weapon_mp9_sp_tape_dots_bravo_light_large.e6624212c506215295ff5bf1b4c9bd7523db3ab5.png",
    "type": "skin",
    "rarity": 0,
    "price": 63
  },
  "MP9 | Dry Season (Battle-Scarred)": {
    "quality": 1,
    "skin": "Dry Season",
    "weapon": "MP9",
    "short": "MP9 | Dry Season",
    "name": "MP9 | Dry Season (Battle-Scarred)",
    "src": "https://steamcdn-a.akamaihd.net/apps/730/icons/econ/default_generated/weapon_mp9_sp_tape_dots_bravo_light_large.e6624212c506215295ff5bf1b4c9bd7523db3ab5.png",
    "type": "skin",
    "rarity": 0,
    "price": 87
  },
  "MP9 | Dry Season": {
    "masterItem": true,
    "qualities": [5, 4, 3, 2, 1],
    "skin": "Dry Season",
    "weapon": "MP9",
    "short": "MP9 | Dry Season",
    "name": "MP9 | Dry Season",
    "src": "https://steamcdn-a.akamaihd.net/apps/730/icons/econ/default_generated/weapon_mp9_sp_tape_dots_bravo_light_large.e6624212c506215295ff5bf1b4c9bd7523db3ab5.png",
    "type": "skin",
    "rarity": 0,
    "price": 966,
    "minPrice": 58
  },
  "M249 | Jungle DDPAT (Factory New)": {
    "quality": 5,
    "skin": "Jungle DDPAT",
    "weapon": "M249",
    "short": "M249 | Jungle DDPAT",
    "name": "M249 | Jungle DDPAT (Factory New)",
    "src": "https://steamcdn-a.akamaihd.net/apps/730/icons/econ/default_generated/weapon_m249_hy_ddpat_jungle_bravo_light_large.d93812236444afc67a0d994cd3f6faa421a57114.png",
    "type": "skin",
    "rarity": 0,
    "price": 950
  },
  "M249 | Jungle DDPAT (Minimal Wear)": {
    "quality": 4,
    "skin": "Jungle DDPAT",
    "weapon": "M249",
    "short": "M249 | Jungle DDPAT",
    "name": "M249 | Jungle DDPAT (Minimal Wear)",
    "src": "https://steamcdn-a.akamaihd.net/apps/730/icons/econ/default_generated/weapon_m249_hy_ddpat_jungle_bravo_light_large.d93812236444afc67a0d994cd3f6faa421a57114.png",
    "type": "skin",
    "rarity": 0,
    "price": 94
  },
  "M249 | Jungle DDPAT (Field-Tested)": {
    "quality": 3,
    "skin": "Jungle DDPAT",
    "weapon": "M249",
    "short": "M249 | Jungle DDPAT",
    "name": "M249 | Jungle DDPAT (Field-Tested)",
    "src": "https://steamcdn-a.akamaihd.net/apps/730/icons/econ/default_generated/weapon_m249_hy_ddpat_jungle_bravo_light_large.d93812236444afc67a0d994cd3f6faa421a57114.png",
    "type": "skin",
    "rarity": 0,
    "price": 52
  },
  "M249 | Jungle DDPAT (Well-Worn)": {
    "quality": 2,
    "skin": "Jungle DDPAT",
    "weapon": "M249",
    "short": "M249 | Jungle DDPAT",
    "name": "M249 | Jungle DDPAT (Well-Worn)",
    "src": "https://steamcdn-a.akamaihd.net/apps/730/icons/econ/default_generated/weapon_m249_hy_ddpat_jungle_bravo_light_large.d93812236444afc67a0d994cd3f6faa421a57114.png",
    "type": "skin",
    "rarity": 0,
    "price": 48
  },
  "M249 | Jungle DDPAT (Battle-Scarred)": {
    "quality": 1,
    "skin": "Jungle DDPAT",
    "weapon": "M249",
    "short": "M249 | Jungle DDPAT",
    "name": "M249 | Jungle DDPAT (Battle-Scarred)",
    "src": "https://steamcdn-a.akamaihd.net/apps/730/icons/econ/default_generated/weapon_m249_hy_ddpat_jungle_bravo_light_large.d93812236444afc67a0d994cd3f6faa421a57114.png",
    "type": "skin",
    "rarity": 0,
    "price": 51
  },
  "M249 | Jungle DDPAT": {
    "masterItem": true,
    "qualities": [5, 4, 3, 2, 1],
    "skin": "Jungle DDPAT",
    "weapon": "M249",
    "short": "M249 | Jungle DDPAT",
    "name": "M249 | Jungle DDPAT",
    "src": "https://steamcdn-a.akamaihd.net/apps/730/icons/econ/default_generated/weapon_m249_hy_ddpat_jungle_bravo_light_large.d93812236444afc67a0d994cd3f6faa421a57114.png",
    "type": "skin",
    "rarity": 0,
    "price": 950,
    "minPrice": 48
  },
  "Negev | Palm (Factory New)": {
    "quality": 5,
    "skin": "Palm",
    "weapon": "Negev",
    "short": "Negev | Palm",
    "name": "Negev | Palm (Factory New)",
    "src": "https://steamcdn-a.akamaihd.net/apps/730/icons/econ/default_generated/weapon_negev_sp_palm_bravo_light_large.3271a8edfb42d163f18a957bc162ddf01f29d30a.png",
    "type": "skin",
    "rarity": 1,
    "price": 1318
  },
  "Negev | Palm (Minimal Wear)": {
    "quality": 4,
    "skin": "Palm",
    "weapon": "Negev",
    "short": "Negev | Palm",
    "name": "Negev | Palm (Minimal Wear)",
    "src": "https://steamcdn-a.akamaihd.net/apps/730/icons/econ/default_generated/weapon_negev_sp_palm_bravo_light_large.3271a8edfb42d163f18a957bc162ddf01f29d30a.png",
    "type": "skin",
    "rarity": 1,
    "price": 258
  },
  "Negev | Palm (Field-Tested)": {
    "quality": 3,
    "skin": "Palm",
    "weapon": "Negev",
    "short": "Negev | Palm",
    "name": "Negev | Palm (Field-Tested)",
    "src": "https://steamcdn-a.akamaihd.net/apps/730/icons/econ/default_generated/weapon_negev_sp_palm_bravo_light_large.3271a8edfb42d163f18a957bc162ddf01f29d30a.png",
    "type": "skin",
    "rarity": 1,
    "price": 137
  },
  "Negev | Palm (Well-Worn)": {
    "quality": 2,
    "skin": "Palm",
    "weapon": "Negev",
    "short": "Negev | Palm",
    "name": "Negev | Palm (Well-Worn)",
    "src": "https://steamcdn-a.akamaihd.net/apps/730/icons/econ/default_generated/weapon_negev_sp_palm_bravo_light_large.3271a8edfb42d163f18a957bc162ddf01f29d30a.png",
    "type": "skin",
    "rarity": 1,
    "price": 166
  },
  "Negev | Palm (Battle-Scarred)": {
    "quality": 1,
    "skin": "Palm",
    "weapon": "Negev",
    "short": "Negev | Palm",
    "name": "Negev | Palm (Battle-Scarred)",
    "src": "https://steamcdn-a.akamaihd.net/apps/730/icons/econ/default_generated/weapon_negev_sp_palm_bravo_light_large.3271a8edfb42d163f18a957bc162ddf01f29d30a.png",
    "type": "skin",
    "rarity": 1,
    "price": 177
  },
  "Negev | Palm": {
    "masterItem": true,
    "qualities": [5, 4, 3, 2, 1],
    "skin": "Palm",
    "weapon": "Negev",
    "short": "Negev | Palm",
    "name": "Negev | Palm",
    "src": "https://steamcdn-a.akamaihd.net/apps/730/icons/econ/default_generated/weapon_negev_sp_palm_bravo_light_large.3271a8edfb42d163f18a957bc162ddf01f29d30a.png",
    "type": "skin",
    "rarity": 1,
    "price": 1318,
    "minPrice": 137
  },
  "SSG 08 | Mayan Dreams (Factory New)": {
    "quality": 5,
    "skin": "Mayan Dreams",
    "weapon": "SSG 08",
    "short": "SSG 08 | Mayan Dreams",
    "name": "SSG 08 | Mayan Dreams (Factory New)",
    "src": "https://steamcdn-a.akamaihd.net/apps/730/icons/econ/default_generated/weapon_ssg08_hy_mayan_dreams_bravo_light_large.647a85eff07e6565e9e284968d9c11a1ec42da68.png",
    "type": "skin",
    "rarity": 1,
    "price": 1377
  },
  "SSG 08 | Mayan Dreams (Minimal Wear)": {
    "quality": 4,
    "skin": "Mayan Dreams",
    "weapon": "SSG 08",
    "short": "SSG 08 | Mayan Dreams",
    "name": "SSG 08 | Mayan Dreams (Minimal Wear)",
    "src": "https://steamcdn-a.akamaihd.net/apps/730/icons/econ/default_generated/weapon_ssg08_hy_mayan_dreams_bravo_light_large.647a85eff07e6565e9e284968d9c11a1ec42da68.png",
    "type": "skin",
    "rarity": 1,
    "price": 198
  },
  "SSG 08 | Mayan Dreams (Field-Tested)": {
    "quality": 3,
    "skin": "Mayan Dreams",
    "weapon": "SSG 08",
    "short": "SSG 08 | Mayan Dreams",
    "name": "SSG 08 | Mayan Dreams (Field-Tested)",
    "src": "https://steamcdn-a.akamaihd.net/apps/730/icons/econ/default_generated/weapon_ssg08_hy_mayan_dreams_bravo_light_large.647a85eff07e6565e9e284968d9c11a1ec42da68.png",
    "type": "skin",
    "rarity": 1,
    "price": 138
  },
  "SSG 08 | Mayan Dreams (Well-Worn)": {
    "quality": 2,
    "skin": "Mayan Dreams",
    "weapon": "SSG 08",
    "short": "SSG 08 | Mayan Dreams",
    "name": "SSG 08 | Mayan Dreams (Well-Worn)",
    "src": "https://steamcdn-a.akamaihd.net/apps/730/icons/econ/default_generated/weapon_ssg08_hy_mayan_dreams_bravo_light_large.647a85eff07e6565e9e284968d9c11a1ec42da68.png",
    "type": "skin",
    "rarity": 1,
    "price": 161
  },
  "SSG 08 | Mayan Dreams (Battle-Scarred)": {
    "quality": 1,
    "skin": "Mayan Dreams",
    "weapon": "SSG 08",
    "short": "SSG 08 | Mayan Dreams",
    "name": "SSG 08 | Mayan Dreams (Battle-Scarred)",
    "src": "https://steamcdn-a.akamaihd.net/apps/730/icons/econ/default_generated/weapon_ssg08_hy_mayan_dreams_bravo_light_large.647a85eff07e6565e9e284968d9c11a1ec42da68.png",
    "type": "skin",
    "rarity": 1,
    "price": 155
  },
  "SSG 08 | Mayan Dreams": {
    "masterItem": true,
    "qualities": [5, 4, 3, 2, 1],
    "skin": "Mayan Dreams",
    "weapon": "SSG 08",
    "short": "SSG 08 | Mayan Dreams",
    "name": "SSG 08 | Mayan Dreams",
    "src": "https://steamcdn-a.akamaihd.net/apps/730/icons/econ/default_generated/weapon_ssg08_hy_mayan_dreams_bravo_light_large.647a85eff07e6565e9e284968d9c11a1ec42da68.png",
    "type": "skin",
    "rarity": 1,
    "price": 1377,
    "minPrice": 138
  },
  "Glock-18 | Sand Dune (Factory New)": {
    "quality": 5,
    "skin": "Sand Dune",
    "weapon": "Glock-18",
    "short": "Glock-18 | Sand Dune",
    "name": "Glock-18 | Sand Dune (Factory New)",
    "src": "https://steamcdn-a.akamaihd.net/apps/730/icons/econ/default_generated/weapon_glock_so_sand_bravo_light_large.b505115b9e7a3e6480697f0262d76c9518c65e50.png",
    "type": "skin",
    "rarity": 1,
    "price": 4394
  },
  "Glock-18 | Sand Dune (Minimal Wear)": {
    "quality": 4,
    "skin": "Sand Dune",
    "weapon": "Glock-18",
    "short": "Glock-18 | Sand Dune",
    "name": "Glock-18 | Sand Dune (Minimal Wear)",
    "src": "https://steamcdn-a.akamaihd.net/apps/730/icons/econ/default_generated/weapon_glock_so_sand_bravo_light_large.b505115b9e7a3e6480697f0262d76c9518c65e50.png",
    "type": "skin",
    "rarity": 1,
    "price": 384
  },
  "Glock-18 | Sand Dune (Field-Tested)": {
    "quality": 3,
    "skin": "Sand Dune",
    "weapon": "Glock-18",
    "short": "Glock-18 | Sand Dune",
    "name": "Glock-18 | Sand Dune (Field-Tested)",
    "src": "https://steamcdn-a.akamaihd.net/apps/730/icons/econ/default_generated/weapon_glock_so_sand_bravo_light_large.b505115b9e7a3e6480697f0262d76c9518c65e50.png",
    "type": "skin",
    "rarity": 1,
    "price": 151
  },
  "Glock-18 | Sand Dune (Well-Worn)": {
    "quality": 2,
    "skin": "Sand Dune",
    "weapon": "Glock-18",
    "short": "Glock-18 | Sand Dune",
    "name": "Glock-18 | Sand Dune (Well-Worn)",
    "src": "https://steamcdn-a.akamaihd.net/apps/730/icons/econ/default_generated/weapon_glock_so_sand_bravo_light_large.b505115b9e7a3e6480697f0262d76c9518c65e50.png",
    "type": "skin",
    "rarity": 1,
    "price": 153
  },
  "Glock-18 | Sand Dune (Battle-Scarred)": {
    "quality": 1,
    "skin": "Sand Dune",
    "weapon": "Glock-18",
    "short": "Glock-18 | Sand Dune",
    "name": "Glock-18 | Sand Dune (Battle-Scarred)",
    "src": "https://steamcdn-a.akamaihd.net/apps/730/icons/econ/default_generated/weapon_glock_so_sand_bravo_light_large.b505115b9e7a3e6480697f0262d76c9518c65e50.png",
    "type": "skin",
    "rarity": 1,
    "price": 169
  },
  "Glock-18 | Sand Dune": {
    "masterItem": true,
    "qualities": [5, 4, 3, 2, 1],
    "skin": "Sand Dune",
    "weapon": "Glock-18",
    "short": "Glock-18 | Sand Dune",
    "name": "Glock-18 | Sand Dune",
    "src": "https://steamcdn-a.akamaihd.net/apps/730/icons/econ/default_generated/weapon_glock_so_sand_bravo_light_large.b505115b9e7a3e6480697f0262d76c9518c65e50.png",
    "type": "skin",
    "rarity": 1,
    "price": 4394,
    "minPrice": 151
  },
  "XM1014 | Jungle (Factory New)": {
    "quality": 5,
    "skin": "Jungle",
    "weapon": "XM1014",
    "short": "XM1014 | Jungle",
    "name": "XM1014 | Jungle (Factory New)",
    "src": "https://steamcdn-a.akamaihd.net/apps/730/icons/econ/default_generated/weapon_xm1014_so_jungle_bravo_light_large.0b0998c1c247ffc870bbdbc4c53696cd8a974f30.png",
    "type": "skin",
    "rarity": 0,
    "price": 1074
  },
  "XM1014 | Jungle (Minimal Wear)": {
    "quality": 4,
    "skin": "Jungle",
    "weapon": "XM1014",
    "short": "XM1014 | Jungle",
    "name": "XM1014 | Jungle (Minimal Wear)",
    "src": "https://steamcdn-a.akamaihd.net/apps/730/icons/econ/default_generated/weapon_xm1014_so_jungle_bravo_light_large.0b0998c1c247ffc870bbdbc4c53696cd8a974f30.png",
    "type": "skin",
    "rarity": 0,
    "price": 115
  },
  "XM1014 | Jungle (Field-Tested)": {
    "quality": 3,
    "skin": "Jungle",
    "weapon": "XM1014",
    "short": "XM1014 | Jungle",
    "name": "XM1014 | Jungle (Field-Tested)",
    "src": "https://steamcdn-a.akamaihd.net/apps/730/icons/econ/default_generated/weapon_xm1014_so_jungle_bravo_light_large.0b0998c1c247ffc870bbdbc4c53696cd8a974f30.png",
    "type": "skin",
    "rarity": 0,
    "price": 50
  },
  "XM1014 | Jungle (Well-Worn)": {
    "quality": 2,
    "skin": "Jungle",
    "weapon": "XM1014",
    "short": "XM1014 | Jungle",
    "name": "XM1014 | Jungle (Well-Worn)",
    "src": "https://steamcdn-a.akamaihd.net/apps/730/icons/econ/default_generated/weapon_xm1014_so_jungle_bravo_light_large.0b0998c1c247ffc870bbdbc4c53696cd8a974f30.png",
    "type": "skin",
    "rarity": 0,
    "price": 87
  },
  "XM1014 | Jungle (Battle-Scarred)": {
    "quality": 1,
    "skin": "Jungle",
    "weapon": "XM1014",
    "short": "XM1014 | Jungle",
    "name": "XM1014 | Jungle (Battle-Scarred)",
    "src": "https://steamcdn-a.akamaihd.net/apps/730/icons/econ/default_generated/weapon_xm1014_so_jungle_bravo_light_large.0b0998c1c247ffc870bbdbc4c53696cd8a974f30.png",
    "type": "skin",
    "rarity": 0,
    "price": 53
  },
  "XM1014 | Jungle": {
    "masterItem": true,
    "qualities": [5, 4, 3, 2, 1],
    "skin": "Jungle",
    "weapon": "XM1014",
    "short": "XM1014 | Jungle",
    "name": "XM1014 | Jungle",
    "src": "https://steamcdn-a.akamaihd.net/apps/730/icons/econ/default_generated/weapon_xm1014_so_jungle_bravo_light_large.0b0998c1c247ffc870bbdbc4c53696cd8a974f30.png",
    "type": "skin",
    "rarity": 0,
    "price": 1074,
    "minPrice": 50
  },
  "Five-SeveN | Anodized Gunmetal (Factory New)": {
    "quality": 5,
    "skin": "Anodized Gunmetal",
    "weapon": "Five-SeveN",
    "short": "Five-SeveN | Anodized Gunmetal",
    "name": "Five-SeveN | Anodized Gunmetal (Factory New)",
    "src": "https://steamcdn-a.akamaihd.net/apps/730/icons/econ/default_generated/weapon_fiveseven_an_gunmetal_bravo_light_large.6aaf03603a7ef748f5395af2a738f899f423522b.png",
    "type": "skin",
    "rarity": 0,
    "price": 334
  },
  "Five-SeveN | Anodized Gunmetal (Minimal Wear)": {
    "quality": 4,
    "skin": "Anodized Gunmetal",
    "weapon": "Five-SeveN",
    "short": "Five-SeveN | Anodized Gunmetal",
    "name": "Five-SeveN | Anodized Gunmetal (Minimal Wear)",
    "src": "https://steamcdn-a.akamaihd.net/apps/730/icons/econ/default_generated/weapon_fiveseven_an_gunmetal_bravo_light_large.6aaf03603a7ef748f5395af2a738f899f423522b.png",
    "type": "skin",
    "rarity": 0,
    "price": 378
  },
  "Five-SeveN | Anodized Gunmetal": {
    "masterItem": true,
    "qualities": [5, 4],
    "skin": "Anodized Gunmetal",
    "weapon": "Five-SeveN",
    "short": "Five-SeveN | Anodized Gunmetal",
    "name": "Five-SeveN | Anodized Gunmetal",
    "src": "https://steamcdn-a.akamaihd.net/apps/730/icons/econ/default_generated/weapon_fiveseven_an_gunmetal_bravo_light_large.6aaf03603a7ef748f5395af2a738f899f423522b.png",
    "type": "skin",
    "rarity": 0,
    "price": 378,
    "minPrice": 334
  },
  "P250 | Facets (Factory New)": {
    "quality": 5,
    "skin": "Facets",
    "weapon": "P250",
    "short": "P250 | Facets",
    "name": "P250 | Facets (Factory New)",
    "src": "https://steamcdn-a.akamaihd.net/apps/730/icons/econ/default_generated/weapon_p250_hy_crumple_dark_bravo_light_large.159ee3e3e5c507d869c9089978a8ed82897fcfa4.png",
    "type": "skin",
    "rarity": 1,
    "price": 1730
  },
  "P250 | Facets (Minimal Wear)": {
    "quality": 4,
    "skin": "Facets",
    "weapon": "P250",
    "short": "P250 | Facets",
    "name": "P250 | Facets (Minimal Wear)",
    "src": "https://steamcdn-a.akamaihd.net/apps/730/icons/econ/default_generated/weapon_p250_hy_crumple_dark_bravo_light_large.159ee3e3e5c507d869c9089978a8ed82897fcfa4.png",
    "type": "skin",
    "rarity": 1,
    "price": 353
  },
  "P250 | Facets (Field-Tested)": {
    "quality": 3,
    "skin": "Facets",
    "weapon": "P250",
    "short": "P250 | Facets",
    "name": "P250 | Facets (Field-Tested)",
    "src": "https://steamcdn-a.akamaihd.net/apps/730/icons/econ/default_generated/weapon_p250_hy_crumple_dark_bravo_light_large.159ee3e3e5c507d869c9089978a8ed82897fcfa4.png",
    "type": "skin",
    "rarity": 1,
    "price": 136
  },
  "P250 | Facets (Well-Worn)": {
    "quality": 2,
    "skin": "Facets",
    "weapon": "P250",
    "short": "P250 | Facets",
    "name": "P250 | Facets (Well-Worn)",
    "src": "https://steamcdn-a.akamaihd.net/apps/730/icons/econ/default_generated/weapon_p250_hy_crumple_dark_bravo_light_large.159ee3e3e5c507d869c9089978a8ed82897fcfa4.png",
    "type": "skin",
    "rarity": 1,
    "price": 157
  },
  "P250 | Facets (Battle-Scarred)": {
    "quality": 1,
    "skin": "Facets",
    "weapon": "P250",
    "short": "P250 | Facets",
    "name": "P250 | Facets (Battle-Scarred)",
    "src": "https://steamcdn-a.akamaihd.net/apps/730/icons/econ/default_generated/weapon_p250_hy_crumple_dark_bravo_light_large.159ee3e3e5c507d869c9089978a8ed82897fcfa4.png",
    "type": "skin",
    "rarity": 1,
    "price": 168
  },
  "P250 | Facets": {
    "masterItem": true,
    "qualities": [5, 4, 3, 2, 1],
    "skin": "Facets",
    "weapon": "P250",
    "short": "P250 | Facets",
    "name": "P250 | Facets",
    "src": "https://steamcdn-a.akamaihd.net/apps/730/icons/econ/default_generated/weapon_p250_hy_crumple_dark_bravo_light_large.159ee3e3e5c507d869c9089978a8ed82897fcfa4.png",
    "type": "skin",
    "rarity": 1,
    "price": 1730,
    "minPrice": 136
  },
  "MAG-7 | Hazard (Factory New)": {
    "quality": 5,
    "skin": "Hazard",
    "weapon": "MAG-7",
    "short": "MAG-7 | Hazard",
    "name": "MAG-7 | Hazard (Factory New)",
    "src": "https://steamcdn-a.akamaihd.net/apps/730/icons/econ/default_generated/weapon_mag7_sp_hazard_bravo_light_large.51f8430aea46a8f93e504fb9ea950cd772930d6d.png",
    "type": "skin",
    "rarity": 2,
    "price": 7090
  },
  "MAG-7 | Hazard (Minimal Wear)": {
    "quality": 4,
    "skin": "Hazard",
    "weapon": "MAG-7",
    "short": "MAG-7 | Hazard",
    "name": "MAG-7 | Hazard (Minimal Wear)",
    "src": "https://steamcdn-a.akamaihd.net/apps/730/icons/econ/default_generated/weapon_mag7_sp_hazard_bravo_light_large.51f8430aea46a8f93e504fb9ea950cd772930d6d.png",
    "type": "skin",
    "rarity": 2,
    "price": 638
  },
  "MAG-7 | Hazard (Field-Tested)": {
    "quality": 3,
    "skin": "Hazard",
    "weapon": "MAG-7",
    "short": "MAG-7 | Hazard",
    "name": "MAG-7 | Hazard (Field-Tested)",
    "src": "https://steamcdn-a.akamaihd.net/apps/730/icons/econ/default_generated/weapon_mag7_sp_hazard_bravo_light_large.51f8430aea46a8f93e504fb9ea950cd772930d6d.png",
    "type": "skin",
    "rarity": 2,
    "price": 276
  },
  "MAG-7 | Hazard (Well-Worn)": {
    "quality": 2,
    "skin": "Hazard",
    "weapon": "MAG-7",
    "short": "MAG-7 | Hazard",
    "name": "MAG-7 | Hazard (Well-Worn)",
    "src": "https://steamcdn-a.akamaihd.net/apps/730/icons/econ/default_generated/weapon_mag7_sp_hazard_bravo_light_large.51f8430aea46a8f93e504fb9ea950cd772930d6d.png",
    "type": "skin",
    "rarity": 2,
    "price": 3483
  },
  "MAG-7 | Hazard (Battle-Scarred)": {
    "quality": 1,
    "skin": "Hazard",
    "weapon": "MAG-7",
    "short": "MAG-7 | Hazard",
    "name": "MAG-7 | Hazard (Battle-Scarred)",
    "src": "https://steamcdn-a.akamaihd.net/apps/730/icons/econ/default_generated/weapon_mag7_sp_hazard_bravo_light_large.51f8430aea46a8f93e504fb9ea950cd772930d6d.png",
    "type": "skin",
    "rarity": 2,
    "price": 417
  },
  "MAG-7 | Hazard": {
    "masterItem": true,
    "qualities": [5, 4, 3, 2, 1],
    "skin": "Hazard",
    "weapon": "MAG-7",
    "short": "MAG-7 | Hazard",
    "name": "MAG-7 | Hazard",
    "src": "https://steamcdn-a.akamaihd.net/apps/730/icons/econ/default_generated/weapon_mag7_sp_hazard_bravo_light_large.51f8430aea46a8f93e504fb9ea950cd772930d6d.png",
    "type": "skin",
    "rarity": 2,
    "price": 7090,
    "minPrice": 276
  },
  "Sawed-Off | Mosaico (Factory New)": {
    "quality": 5,
    "skin": "Mosaico",
    "weapon": "Sawed-Off",
    "short": "Sawed-Off | Mosaico",
    "name": "Sawed-Off | Mosaico (Factory New)",
    "src": "https://steamcdn-a.akamaihd.net/apps/730/icons/econ/default_generated/weapon_sawedoff_hy_ali_tile_bravo_light_large.979b575c05b90ab9ae836ff28396737323818e1b.png",
    "type": "skin",
    "rarity": 1,
    "price": 980
  },
  "Sawed-Off | Mosaico (Minimal Wear)": {
    "quality": 4,
    "skin": "Mosaico",
    "weapon": "Sawed-Off",
    "short": "Sawed-Off | Mosaico",
    "name": "Sawed-Off | Mosaico (Minimal Wear)",
    "src": "https://steamcdn-a.akamaihd.net/apps/730/icons/econ/default_generated/weapon_sawedoff_hy_ali_tile_bravo_light_large.979b575c05b90ab9ae836ff28396737323818e1b.png",
    "type": "skin",
    "rarity": 1,
    "price": 252
  },
  "Sawed-Off | Mosaico (Field-Tested)": {
    "quality": 3,
    "skin": "Mosaico",
    "weapon": "Sawed-Off",
    "short": "Sawed-Off | Mosaico",
    "name": "Sawed-Off | Mosaico (Field-Tested)",
    "src": "https://steamcdn-a.akamaihd.net/apps/730/icons/econ/default_generated/weapon_sawedoff_hy_ali_tile_bravo_light_large.979b575c05b90ab9ae836ff28396737323818e1b.png",
    "type": "skin",
    "rarity": 1,
    "price": 145
  },
  "Sawed-Off | Mosaico (Well-Worn)": {
    "quality": 2,
    "skin": "Mosaico",
    "weapon": "Sawed-Off",
    "short": "Sawed-Off | Mosaico",
    "name": "Sawed-Off | Mosaico (Well-Worn)",
    "src": "https://steamcdn-a.akamaihd.net/apps/730/icons/econ/default_generated/weapon_sawedoff_hy_ali_tile_bravo_light_large.979b575c05b90ab9ae836ff28396737323818e1b.png",
    "type": "skin",
    "rarity": 1,
    "price": 153
  },
  "Sawed-Off | Mosaico (Battle-Scarred)": {
    "quality": 1,
    "skin": "Mosaico",
    "weapon": "Sawed-Off",
    "short": "Sawed-Off | Mosaico",
    "name": "Sawed-Off | Mosaico (Battle-Scarred)",
    "src": "https://steamcdn-a.akamaihd.net/apps/730/icons/econ/default_generated/weapon_sawedoff_hy_ali_tile_bravo_light_large.979b575c05b90ab9ae836ff28396737323818e1b.png",
    "type": "skin",
    "rarity": 1,
    "price": 175
  },
  "Sawed-Off | Mosaico": {
    "masterItem": true,
    "qualities": [5, 4, 3, 2, 1],
    "skin": "Mosaico",
    "weapon": "Sawed-Off",
    "short": "Sawed-Off | Mosaico",
    "name": "Sawed-Off | Mosaico",
    "src": "https://steamcdn-a.akamaihd.net/apps/730/icons/econ/default_generated/weapon_sawedoff_hy_ali_tile_bravo_light_large.979b575c05b90ab9ae836ff28396737323818e1b.png",
    "type": "skin",
    "rarity": 1,
    "price": 980,
    "minPrice": 145
  },
  "MP7 | Groundwater (Factory New)": {
    "quality": 5,
    "skin": "Groundwater",
    "weapon": "MP7",
    "short": "MP7 | Groundwater",
    "name": "MP7 | Groundwater (Factory New)",
    "src": "https://steamcdn-a.akamaihd.net/apps/730/icons/econ/default_generated/weapon_mp7_so_olive_bravo_light_large.fd49ae0c11fa44fb6110f4ec9d34651d4e6f9185.png",
    "type": "skin",
    "rarity": 0,
    "price": 502
  },
  "MP7 | Groundwater (Minimal Wear)": {
    "quality": 4,
    "skin": "Groundwater",
    "weapon": "MP7",
    "short": "MP7 | Groundwater",
    "name": "MP7 | Groundwater (Minimal Wear)",
    "src": "https://steamcdn-a.akamaihd.net/apps/730/icons/econ/default_generated/weapon_mp7_so_olive_bravo_light_large.fd49ae0c11fa44fb6110f4ec9d34651d4e6f9185.png",
    "type": "skin",
    "rarity": 0,
    "price": 128
  },
  "MP7 | Groundwater (Field-Tested)": {
    "quality": 3,
    "skin": "Groundwater",
    "weapon": "MP7",
    "short": "MP7 | Groundwater",
    "name": "MP7 | Groundwater (Field-Tested)",
    "src": "https://steamcdn-a.akamaihd.net/apps/730/icons/econ/default_generated/weapon_mp7_so_olive_bravo_light_large.fd49ae0c11fa44fb6110f4ec9d34651d4e6f9185.png",
    "type": "skin",
    "rarity": 0,
    "price": 56
  },
  "MP7 | Groundwater (Well-Worn)": {
    "quality": 2,
    "skin": "Groundwater",
    "weapon": "MP7",
    "short": "MP7 | Groundwater",
    "name": "MP7 | Groundwater (Well-Worn)",
    "src": "https://steamcdn-a.akamaihd.net/apps/730/icons/econ/default_generated/weapon_mp7_so_olive_bravo_light_large.fd49ae0c11fa44fb6110f4ec9d34651d4e6f9185.png",
    "type": "skin",
    "rarity": 0,
    "price": 111
  },
  "MP7 | Groundwater (Battle-Scarred)": {
    "quality": 1,
    "skin": "Groundwater",
    "weapon": "MP7",
    "short": "MP7 | Groundwater",
    "name": "MP7 | Groundwater (Battle-Scarred)",
    "src": "https://steamcdn-a.akamaihd.net/apps/730/icons/econ/default_generated/weapon_mp7_so_olive_bravo_light_large.fd49ae0c11fa44fb6110f4ec9d34651d4e6f9185.png",
    "type": "skin",
    "rarity": 0,
    "price": 55
  },
  "MP7 | Groundwater": {
    "masterItem": true,
    "qualities": [5, 4, 3, 2, 1],
    "skin": "Groundwater",
    "weapon": "MP7",
    "short": "MP7 | Groundwater",
    "name": "MP7 | Groundwater",
    "src": "https://steamcdn-a.akamaihd.net/apps/730/icons/econ/default_generated/weapon_mp7_so_olive_bravo_light_large.fd49ae0c11fa44fb6110f4ec9d34651d4e6f9185.png",
    "type": "skin",
    "rarity": 0,
    "price": 502,
    "minPrice": 55
  },
  "Tec-9 | Tornado (Factory New)": {
    "quality": 5,
    "skin": "Tornado",
    "weapon": "Tec-9",
    "short": "Tec-9 | Tornado",
    "name": "Tec-9 | Tornado (Factory New)",
    "src": "https://steamcdn-a.akamaihd.net/apps/730/icons/econ/default_generated/weapon_tec9_so_tornado_bravo_light_large.b9bcae80fa19a0a2a147484427733172c2189cb9.png",
    "type": "skin",
    "rarity": 0,
    "price": 802
  },
  "Tec-9 | Tornado (Minimal Wear)": {
    "quality": 4,
    "skin": "Tornado",
    "weapon": "Tec-9",
    "short": "Tec-9 | Tornado",
    "name": "Tec-9 | Tornado (Minimal Wear)",
    "src": "https://steamcdn-a.akamaihd.net/apps/730/icons/econ/default_generated/weapon_tec9_so_tornado_bravo_light_large.b9bcae80fa19a0a2a147484427733172c2189cb9.png",
    "type": "skin",
    "rarity": 0,
    "price": 135
  },
  "Tec-9 | Tornado (Field-Tested)": {
    "quality": 3,
    "skin": "Tornado",
    "weapon": "Tec-9",
    "short": "Tec-9 | Tornado",
    "name": "Tec-9 | Tornado (Field-Tested)",
    "src": "https://steamcdn-a.akamaihd.net/apps/730/icons/econ/default_generated/weapon_tec9_so_tornado_bravo_light_large.b9bcae80fa19a0a2a147484427733172c2189cb9.png",
    "type": "skin",
    "rarity": 0,
    "price": 55
  },
  "Tec-9 | Tornado (Well-Worn)": {
    "quality": 2,
    "skin": "Tornado",
    "weapon": "Tec-9",
    "short": "Tec-9 | Tornado",
    "name": "Tec-9 | Tornado (Well-Worn)",
    "src": "https://steamcdn-a.akamaihd.net/apps/730/icons/econ/default_generated/weapon_tec9_so_tornado_bravo_light_large.b9bcae80fa19a0a2a147484427733172c2189cb9.png",
    "type": "skin",
    "rarity": 0,
    "price": 65
  },
  "Tec-9 | Tornado (Battle-Scarred)": {
    "quality": 1,
    "skin": "Tornado",
    "weapon": "Tec-9",
    "short": "Tec-9 | Tornado",
    "name": "Tec-9 | Tornado (Battle-Scarred)",
    "src": "https://steamcdn-a.akamaihd.net/apps/730/icons/econ/default_generated/weapon_tec9_so_tornado_bravo_light_large.b9bcae80fa19a0a2a147484427733172c2189cb9.png",
    "type": "skin",
    "rarity": 0,
    "price": 47
  },
  "Tec-9 | Tornado": {
    "masterItem": true,
    "qualities": [5, 4, 3, 2, 1],
    "skin": "Tornado",
    "weapon": "Tec-9",
    "short": "Tec-9 | Tornado",
    "name": "Tec-9 | Tornado",
    "src": "https://steamcdn-a.akamaihd.net/apps/730/icons/econ/default_generated/weapon_tec9_so_tornado_bravo_light_large.b9bcae80fa19a0a2a147484427733172c2189cb9.png",
    "type": "skin",
    "rarity": 0,
    "price": 802,
    "minPrice": 47
  }
}