{"The Ancient Collection":{"name":"The Ancient Collection","src":"images/items/collections/ancient.png","price":2184,"type":"case","rarity":0,"content":{"items":["FAMAS | Dark Water (Minimal Wear)","FAMAS | Dark Water (Field-Tested)","Souvenir FAMAS | Dark Water (Minimal Wear)","Souvenir FAMAS | Dark Water (Field-Tested)","Galil AR | Dusk Ruins (Factory New)","Galil AR | Dusk Ruins (Minimal Wear)","Galil AR | Dusk Ruins (Field-Tested)","Galil AR | Dusk Ruins (Well-Worn)","Galil AR | Dusk Ruins (Battle-Scarred)","Souvenir Galil AR | Dusk Ruins (Factory New)","Souvenir Galil AR | Dusk Ruins (Minimal Wear)","Souvenir Galil AR | Dusk Ruins (Field-Tested)","Souvenir Galil AR | Dusk Ruins (Well-Worn)","Souvenir Galil AR | Dusk Ruins (Battle-Scarred)","MAC-10 | Gold Brick (Factory New)","MAC-10 | Gold Brick (Minimal Wear)","MAC-10 | Gold Brick (Field-Tested)","MAC-10 | Gold Brick (Well-Worn)","MAC-10 | Gold Brick (Battle-Scarred)","Souvenir MAC-10 | Gold Brick (Factory New)","Souvenir MAC-10 | Gold Brick (Minimal Wear)","Souvenir MAC-10 | Gold Brick (Field-Tested)","Souvenir MAC-10 | Gold Brick (Well-Worn)","Souvenir MAC-10 | Gold Brick (Battle-Scarred)","G3SG1 | Ancient Ritual (Factory New)","G3SG1 | Ancient Ritual (Minimal Wear)","G3SG1 | Ancient Ritual (Field-Tested)","G3SG1 | Ancient Ritual (Well-Worn)","G3SG1 | Ancient Ritual (Battle-Scarred)","Souvenir G3SG1 | Ancient Ritual (Factory New)","Souvenir G3SG1 | Ancient Ritual (Minimal Wear)","Souvenir G3SG1 | Ancient Ritual (Field-Tested)","Souvenir G3SG1 | Ancient Ritual (Well-Worn)","Souvenir G3SG1 | Ancient Ritual (Battle-Scarred)","R8 Revolver | Night (Factory New)","R8 Revolver | Night (Minimal Wear)","R8 Revolver | Night (Field-Tested)","R8 Revolver | Night (Well-Worn)","R8 Revolver | Night (Battle-Scarred)","Souvenir R8 Revolver | Night (Factory New)","Souvenir R8 Revolver | Night (Minimal Wear)","Souvenir R8 Revolver | Night (Field-Tested)","Souvenir R8 Revolver | Night (Well-Worn)","Souvenir R8 Revolver | Night (Battle-Scarred)","P90 | Run and Hide (Factory New)","P90 | Run and Hide (Minimal Wear)","P90 | Run and Hide (Field-Tested)","P90 | Run and Hide (Well-Worn)","P90 | Run and Hide (Battle-Scarred)","Souvenir P90 | Run and Hide (Factory New)","Souvenir P90 | Run and Hide (Minimal Wear)","Souvenir P90 | Run and Hide (Field-Tested)","Souvenir P90 | Run and Hide (Well-Worn)","Souvenir P90 | Run and Hide (Battle-Scarred)","USP-S | Ancient Visions (Factory New)","USP-S | Ancient Visions (Minimal Wear)","USP-S | Ancient Visions (Field-Tested)","USP-S | Ancient Visions (Well-Worn)","Souvenir USP-S | Ancient Visions (Factory New)","Souvenir USP-S | Ancient Visions (Minimal Wear)","Souvenir USP-S | Ancient Visions (Field-Tested)","Souvenir USP-S | Ancient Visions (Well-Worn)","MP7 | Tall Grass (Factory New)","MP7 | Tall Grass (Minimal Wear)","MP7 | Tall Grass (Field-Tested)","MP7 | Tall Grass (Well-Worn)","MP7 | Tall Grass (Battle-Scarred)","Souvenir MP7 | Tall Grass (Factory New)","Souvenir MP7 | Tall Grass (Minimal Wear)","Souvenir MP7 | Tall Grass (Field-Tested)","Souvenir MP7 | Tall Grass (Well-Worn)","Souvenir MP7 | Tall Grass (Battle-Scarred)","CZ75-Auto | Silver (Factory New)","CZ75-Auto | Silver (Minimal Wear)","Souvenir CZ75-Auto | Silver (Factory New)","Souvenir CZ75-Auto | Silver (Minimal Wear)","P90 | Ancient Earth (Factory New)","P90 | Ancient Earth (Minimal Wear)","P90 | Ancient Earth (Field-Tested)","P90 | Ancient Earth (Well-Worn)","P90 | Ancient Earth (Battle-Scarred)","Souvenir P90 | Ancient Earth (Factory New)","Souvenir P90 | Ancient Earth (Minimal Wear)","Souvenir P90 | Ancient Earth (Field-Tested)","Souvenir P90 | Ancient Earth (Well-Worn)","Souvenir P90 | Ancient Earth (Battle-Scarred)","AK-47 | Panthera onca (Factory New)","AK-47 | Panthera onca (Minimal Wear)","AK-47 | Panthera onca (Field-Tested)","AK-47 | Panthera onca (Well-Worn)","AK-47 | Panthera onca (Battle-Scarred)","Souvenir AK-47 | Panthera onca (Factory New)","Souvenir AK-47 | Panthera onca (Minimal Wear)","Souvenir AK-47 | Panthera onca (Field-Tested)","Souvenir AK-47 | Panthera onca (Well-Worn)","Souvenir AK-47 | Panthera onca (Battle-Scarred)","XM1014 | Ancient Lore (Factory New)","XM1014 | Ancient Lore (Minimal Wear)","XM1014 | Ancient Lore (Field-Tested)","XM1014 | Ancient Lore (Well-Worn)","XM1014 | Ancient Lore (Battle-Scarred)","Souvenir XM1014 | Ancient Lore (Factory New)","Souvenir XM1014 | Ancient Lore (Minimal Wear)","Souvenir XM1014 | Ancient Lore (Field-Tested)","Souvenir XM1014 | Ancient Lore (Well-Worn)","Souvenir XM1014 | Ancient Lore (Battle-Scarred)","SG 553 | Lush Ruins (Factory New)","SG 553 | Lush Ruins (Minimal Wear)","SG 553 | Lush Ruins (Field-Tested)","SG 553 | Lush Ruins (Well-Worn)","SG 553 | Lush Ruins (Battle-Scarred)","Souvenir SG 553 | Lush Ruins (Factory New)","Souvenir SG 553 | Lush Ruins (Minimal Wear)","Souvenir SG 553 | Lush Ruins (Field-Tested)","Souvenir SG 553 | Lush Ruins (Well-Worn)","Souvenir SG 553 | Lush Ruins (Battle-Scarred)","AUG | Carved Jade (Factory New)","AUG | Carved Jade (Minimal Wear)","AUG | Carved Jade (Field-Tested)","Souvenir AUG | Carved Jade (Factory New)","Souvenir AUG | Carved Jade (Minimal Wear)","Souvenir AUG | Carved Jade (Field-Tested)","Nova | Army Sheen (Factory New)","Nova | Army Sheen (Minimal Wear)","Nova | Army Sheen (Field-Tested)","Souvenir Nova | Army Sheen (Factory New)","Souvenir Nova | Army Sheen (Minimal Wear)","Souvenir Nova | Army Sheen (Field-Tested)","M4A1-S | Welcome to the Jungle (Factory New)","M4A1-S | Welcome to the Jungle (Minimal Wear)","M4A1-S | Welcome to the Jungle (Field-Tested)","M4A1-S | Welcome to the Jungle (Well-Worn)","M4A1-S | Welcome to the Jungle (Battle-Scarred)","Souvenir M4A1-S | Welcome to the Jungle (Factory New)","Souvenir M4A1-S | Welcome to the Jungle (Minimal Wear)","Souvenir M4A1-S | Welcome to the Jungle (Field-Tested)","Souvenir M4A1-S | Welcome to the Jungle (Well-Worn)","Souvenir M4A1-S | Welcome to the Jungle (Battle-Scarred)","P2000 | Panther Camo (Factory New)","P2000 | Panther Camo (Minimal Wear)","P2000 | Panther Camo (Field-Tested)","P2000 | Panther Camo (Well-Worn)","P2000 | Panther Camo (Battle-Scarred)","Souvenir P2000 | Panther Camo (Factory New)","Souvenir P2000 | Panther Camo (Minimal Wear)","Souvenir P2000 | Panther Camo (Field-Tested)","Souvenir P2000 | Panther Camo (Well-Worn)","Souvenir P2000 | Panther Camo (Battle-Scarred)","Tec-9 | Blast From the Past (Factory New)","Tec-9 | Blast From the Past (Minimal Wear)","Tec-9 | Blast From the Past (Field-Tested)","Tec-9 | Blast From the Past (Well-Worn)","Tec-9 | Blast From the Past (Battle-Scarred)","Souvenir Tec-9 | Blast From the Past (Factory New)","Souvenir Tec-9 | Blast From the Past (Minimal Wear)","Souvenir Tec-9 | Blast From the Past (Field-Tested)","Souvenir Tec-9 | Blast From the Past (Well-Worn)","Souvenir Tec-9 | Blast From the Past (Battle-Scarred)","SSG 08 | Jungle Dashed (Factory New)","SSG 08 | Jungle Dashed (Minimal Wear)","SSG 08 | Jungle Dashed (Field-Tested)","SSG 08 | Jungle Dashed (Well-Worn)","SSG 08 | Jungle Dashed (Battle-Scarred)","Souvenir SSG 08 | Jungle Dashed (Factory New)","Souvenir SSG 08 | Jungle Dashed (Minimal Wear)","Souvenir SSG 08 | Jungle Dashed (Field-Tested)","Souvenir SSG 08 | Jungle Dashed (Well-Worn)","Souvenir SSG 08 | Jungle Dashed (Battle-Scarred)"]}},"FAMAS | Dark Water (Minimal Wear)":{"quality":4,"skin":"Dark Water","weapon":"FAMAS","short":"FAMAS | Dark Water","name":"FAMAS | Dark Water (Minimal Wear)","src":"https://steamcdn-a.akamaihd.net/apps/730/icons/econ/default_generated/weapon_famas_am_zebra_dark_light_large.52703268beafba0b11ccfe86f32a332cdf69f9ef.png","type":"skin","rarity":2,"price":501},"FAMAS | Dark Water (Field-Tested)":{"quality":3,"skin":"Dark Water","weapon":"FAMAS","short":"FAMAS | Dark Water","name":"FAMAS | Dark Water (Field-Tested)","src":"https://steamcdn-a.akamaihd.net/apps/730/icons/econ/default_generated/weapon_famas_am_zebra_dark_light_large.52703268beafba0b11ccfe86f32a332cdf69f9ef.png","type":"skin","rarity":2,"price":480},"Souvenir FAMAS | Dark Water (Minimal Wear)":{"souvenir":true,"quality":4,"skin":"Dark Water","weapon":"FAMAS","short":"FAMAS | Dark Water","name":"Souvenir FAMAS | Dark Water (Minimal Wear)","src":"https://steamcdn-a.akamaihd.net/apps/730/icons/econ/default_generated/weapon_famas_am_zebra_dark_light_large.52703268beafba0b11ccfe86f32a332cdf69f9ef.png","type":"skin","rarity":2,"price":167},"Souvenir FAMAS | Dark Water (Field-Tested)":{"souvenir":true,"quality":3,"skin":"Dark Water","weapon":"FAMAS","short":"FAMAS | Dark Water","name":"Souvenir FAMAS | Dark Water (Field-Tested)","src":"https://steamcdn-a.akamaihd.net/apps/730/icons/econ/default_generated/weapon_famas_am_zebra_dark_light_large.52703268beafba0b11ccfe86f32a332cdf69f9ef.png","type":"skin","rarity":2,"price":94},"FAMAS | Dark Water":{"souvenirAvailable":true,"masterItem":true,"qualities":[4,3],"skin":"Dark Water","weapon":"FAMAS","short":"FAMAS | Dark Water","name":"FAMAS | Dark Water","src":"https://steamcdn-a.akamaihd.net/apps/730/icons/econ/default_generated/weapon_famas_am_zebra_dark_light_large.52703268beafba0b11ccfe86f32a332cdf69f9ef.png","type":"skin","rarity":2,"price":501,"minPrice":94},"Galil AR | Dusk Ruins (Factory New)":{"quality":5,"skin":"Dusk Ruins","weapon":"Galil AR","short":"Galil AR | Dusk Ruins","name":"Galil AR | Dusk Ruins (Factory New)","src":"https://steamcdn-a.akamaihd.net/apps/730/icons/econ/default_generated/weapon_galilar_hy_ruins_red_light_large.560982e001f4ba6ec42ad09f913e33c1fda8108f.png","type":"skin","rarity":2,"price":567},"Galil AR | Dusk Ruins (Minimal Wear)":{"quality":4,"skin":"Dusk Ruins","weapon":"Galil AR","short":"Galil AR | Dusk Ruins","name":"Galil AR | Dusk Ruins (Minimal Wear)","src":"https://steamcdn-a.akamaihd.net/apps/730/icons/econ/default_generated/weapon_galilar_hy_ruins_red_light_large.560982e001f4ba6ec42ad09f913e33c1fda8108f.png","type":"skin","rarity":2,"price":506},"Galil AR | Dusk Ruins (Field-Tested)":{"quality":3,"skin":"Dusk Ruins","weapon":"Galil AR","short":"Galil AR | Dusk Ruins","name":"Galil AR | Dusk Ruins (Field-Tested)","src":"https://steamcdn-a.akamaihd.net/apps/730/icons/econ/default_generated/weapon_galilar_hy_ruins_red_light_large.560982e001f4ba6ec42ad09f913e33c1fda8108f.png","type":"skin","rarity":2,"price":495},"Galil AR | Dusk Ruins (Well-Worn)":{"quality":2,"skin":"Dusk Ruins","weapon":"Galil AR","short":"Galil AR | Dusk Ruins","name":"Galil AR | Dusk Ruins (Well-Worn)","src":"https://steamcdn-a.akamaihd.net/apps/730/icons/econ/default_generated/weapon_galilar_hy_ruins_red_light_large.560982e001f4ba6ec42ad09f913e33c1fda8108f.png","type":"skin","rarity":2,"price":592},"Galil AR | Dusk Ruins (Battle-Scarred)":{"quality":1,"skin":"Dusk Ruins","weapon":"Galil AR","short":"Galil AR | Dusk Ruins","name":"Galil AR | Dusk Ruins (Battle-Scarred)","src":"https://steamcdn-a.akamaihd.net/apps/730/icons/econ/default_generated/weapon_galilar_hy_ruins_red_light_large.560982e001f4ba6ec42ad09f913e33c1fda8108f.png","type":"skin","rarity":2,"price":467},"Souvenir Galil AR | Dusk Ruins (Factory New)":{"souvenir":true,"quality":5,"skin":"Dusk Ruins","weapon":"Galil AR","short":"Galil AR | Dusk Ruins","name":"Souvenir Galil AR | Dusk Ruins (Factory New)","src":"https://steamcdn-a.akamaihd.net/apps/730/icons/econ/default_generated/weapon_galilar_hy_ruins_red_light_large.560982e001f4ba6ec42ad09f913e33c1fda8108f.png","type":"skin","rarity":2,"price":361},"Souvenir Galil AR | Dusk Ruins (Minimal Wear)":{"souvenir":true,"quality":4,"skin":"Dusk Ruins","weapon":"Galil AR","short":"Galil AR | Dusk Ruins","name":"Souvenir Galil AR | Dusk Ruins (Minimal Wear)","src":"https://steamcdn-a.akamaihd.net/apps/730/icons/econ/default_generated/weapon_galilar_hy_ruins_red_light_large.560982e001f4ba6ec42ad09f913e33c1fda8108f.png","type":"skin","rarity":2,"price":208},"Souvenir Galil AR | Dusk Ruins (Field-Tested)":{"souvenir":true,"quality":3,"skin":"Dusk Ruins","weapon":"Galil AR","short":"Galil AR | Dusk Ruins","name":"Souvenir Galil AR | Dusk Ruins (Field-Tested)","src":"https://steamcdn-a.akamaihd.net/apps/730/icons/econ/default_generated/weapon_galilar_hy_ruins_red_light_large.560982e001f4ba6ec42ad09f913e33c1fda8108f.png","type":"skin","rarity":2,"price":102},"Souvenir Galil AR | Dusk Ruins (Well-Worn)":{"souvenir":true,"quality":2,"skin":"Dusk Ruins","weapon":"Galil AR","short":"Galil AR | Dusk Ruins","name":"Souvenir Galil AR | Dusk Ruins (Well-Worn)","src":"https://steamcdn-a.akamaihd.net/apps/730/icons/econ/default_generated/weapon_galilar_hy_ruins_red_light_large.560982e001f4ba6ec42ad09f913e33c1fda8108f.png","type":"skin","rarity":2,"price":115},"Souvenir Galil AR | Dusk Ruins (Battle-Scarred)":{"souvenir":true,"quality":1,"skin":"Dusk Ruins","weapon":"Galil AR","short":"Galil AR | Dusk Ruins","name":"Souvenir Galil AR | Dusk Ruins (Battle-Scarred)","src":"https://steamcdn-a.akamaihd.net/apps/730/icons/econ/default_generated/weapon_galilar_hy_ruins_red_light_large.560982e001f4ba6ec42ad09f913e33c1fda8108f.png","type":"skin","rarity":2,"price":91},"Galil AR | Dusk Ruins":{"souvenirAvailable":true,"masterItem":true,"qualities":[5,4,3,2,1],"skin":"Dusk Ruins","weapon":"Galil AR","short":"Galil AR | Dusk Ruins","name":"Galil AR | Dusk Ruins","src":"https://steamcdn-a.akamaihd.net/apps/730/icons/econ/default_generated/weapon_galilar_hy_ruins_red_light_large.560982e001f4ba6ec42ad09f913e33c1fda8108f.png","type":"skin","rarity":2,"price":592,"minPrice":91},"MAC-10 | Gold Brick (Factory New)":{"quality":5,"skin":"Gold Brick","weapon":"MAC-10","short":"MAC-10 | Gold Brick","name":"MAC-10 | Gold Brick (Factory New)","src":"https://steamcdn-a.akamaihd.net/apps/730/icons/econ/default_generated/weapon_mac10_am_gold_brick_light_large.3583c29af715c4700176149b3866c35dcc78d61e.png","type":"skin","rarity":3,"price":3431},"MAC-10 | Gold Brick (Minimal Wear)":{"quality":4,"skin":"Gold Brick","weapon":"MAC-10","short":"MAC-10 | Gold Brick","name":"MAC-10 | Gold Brick (Minimal Wear)","src":"https://steamcdn-a.akamaihd.net/apps/730/icons/econ/default_generated/weapon_mac10_am_gold_brick_light_large.3583c29af715c4700176149b3866c35dcc78d61e.png","type":"skin","rarity":3,"price":3117},"MAC-10 | Gold Brick (Field-Tested)":{"quality":3,"skin":"Gold Brick","weapon":"MAC-10","short":"MAC-10 | Gold Brick","name":"MAC-10 | Gold Brick (Field-Tested)","src":"https://steamcdn-a.akamaihd.net/apps/730/icons/econ/default_generated/weapon_mac10_am_gold_brick_light_large.3583c29af715c4700176149b3866c35dcc78d61e.png","type":"skin","rarity":3,"price":2690},"MAC-10 | Gold Brick (Well-Worn)":{"quality":2,"skin":"Gold Brick","weapon":"MAC-10","short":"MAC-10 | Gold Brick","name":"MAC-10 | Gold Brick (Well-Worn)","src":"https://steamcdn-a.akamaihd.net/apps/730/icons/econ/default_generated/weapon_mac10_am_gold_brick_light_large.3583c29af715c4700176149b3866c35dcc78d61e.png","type":"skin","rarity":3,"price":2812},"MAC-10 | Gold Brick (Battle-Scarred)":{"quality":1,"skin":"Gold Brick","weapon":"MAC-10","short":"MAC-10 | Gold Brick","name":"MAC-10 | Gold Brick (Battle-Scarred)","src":"https://steamcdn-a.akamaihd.net/apps/730/icons/econ/default_generated/weapon_mac10_am_gold_brick_light_large.3583c29af715c4700176149b3866c35dcc78d61e.png","type":"skin","rarity":3,"price":3015},"Souvenir MAC-10 | Gold Brick (Factory New)":{"souvenir":true,"quality":5,"skin":"Gold Brick","weapon":"MAC-10","short":"MAC-10 | Gold Brick","name":"Souvenir MAC-10 | Gold Brick (Factory New)","src":"https://steamcdn-a.akamaihd.net/apps/730/icons/econ/default_generated/weapon_mac10_am_gold_brick_light_large.3583c29af715c4700176149b3866c35dcc78d61e.png","type":"skin","rarity":3,"price":4363},"Souvenir MAC-10 | Gold Brick (Minimal Wear)":{"souvenir":true,"quality":4,"skin":"Gold Brick","weapon":"MAC-10","short":"MAC-10 | Gold Brick","name":"Souvenir MAC-10 | Gold Brick (Minimal Wear)","src":"https://steamcdn-a.akamaihd.net/apps/730/icons/econ/default_generated/weapon_mac10_am_gold_brick_light_large.3583c29af715c4700176149b3866c35dcc78d61e.png","type":"skin","rarity":3,"price":2178},"Souvenir MAC-10 | Gold Brick (Field-Tested)":{"souvenir":true,"quality":3,"skin":"Gold Brick","weapon":"MAC-10","short":"MAC-10 | Gold Brick","name":"Souvenir MAC-10 | Gold Brick (Field-Tested)","src":"https://steamcdn-a.akamaihd.net/apps/730/icons/econ/default_generated/weapon_mac10_am_gold_brick_light_large.3583c29af715c4700176149b3866c35dcc78d61e.png","type":"skin","rarity":3,"price":812},"Souvenir MAC-10 | Gold Brick (Well-Worn)":{"souvenir":true,"quality":2,"skin":"Gold Brick","weapon":"MAC-10","short":"MAC-10 | Gold Brick","name":"Souvenir MAC-10 | Gold Brick (Well-Worn)","src":"https://steamcdn-a.akamaihd.net/apps/730/icons/econ/default_generated/weapon_mac10_am_gold_brick_light_large.3583c29af715c4700176149b3866c35dcc78d61e.png","type":"skin","rarity":3,"price":815},"Souvenir MAC-10 | Gold Brick (Battle-Scarred)":{"souvenir":true,"quality":1,"skin":"Gold Brick","weapon":"MAC-10","short":"MAC-10 | Gold Brick","name":"Souvenir MAC-10 | Gold Brick (Battle-Scarred)","src":"https://steamcdn-a.akamaihd.net/apps/730/icons/econ/default_generated/weapon_mac10_am_gold_brick_light_large.3583c29af715c4700176149b3866c35dcc78d61e.png","type":"skin","rarity":3,"price":386},"MAC-10 | Gold Brick":{"souvenirAvailable":true,"masterItem":true,"qualities":[5,4,3,2,1],"skin":"Gold Brick","weapon":"MAC-10","short":"MAC-10 | Gold Brick","name":"MAC-10 | Gold Brick","src":"https://steamcdn-a.akamaihd.net/apps/730/icons/econ/default_generated/weapon_mac10_am_gold_brick_light_large.3583c29af715c4700176149b3866c35dcc78d61e.png","type":"skin","rarity":3,"price":4363,"minPrice":386},"G3SG1 | Ancient Ritual (Factory New)":{"quality":5,"skin":"Ancient Ritual","weapon":"G3SG1","short":"G3SG1 | Ancient Ritual","name":"G3SG1 | Ancient Ritual (Factory New)","src":"https://steamcdn-a.akamaihd.net/apps/730/icons/econ/default_generated/weapon_g3sg1_am_ancient_wine_light_large.dfea71dc9fa6d9ee7aa528f0086e216336057c7e.png","type":"skin","rarity":1,"price":77},"G3SG1 | Ancient Ritual (Minimal Wear)":{"quality":4,"skin":"Ancient Ritual","weapon":"G3SG1","short":"G3SG1 | Ancient Ritual","name":"G3SG1 | Ancient Ritual (Minimal Wear)","src":"https://steamcdn-a.akamaihd.net/apps/730/icons/econ/default_generated/weapon_g3sg1_am_ancient_wine_light_large.dfea71dc9fa6d9ee7aa528f0086e216336057c7e.png","type":"skin","rarity":1,"price":63},"G3SG1 | Ancient Ritual (Field-Tested)":{"quality":3,"skin":"Ancient Ritual","weapon":"G3SG1","short":"G3SG1 | Ancient Ritual","name":"G3SG1 | Ancient Ritual (Field-Tested)","src":"https://steamcdn-a.akamaihd.net/apps/730/icons/econ/default_generated/weapon_g3sg1_am_ancient_wine_light_large.dfea71dc9fa6d9ee7aa528f0086e216336057c7e.png","type":"skin","rarity":1,"price":66},"G3SG1 | Ancient Ritual (Well-Worn)":{"quality":2,"skin":"Ancient Ritual","weapon":"G3SG1","short":"G3SG1 | Ancient Ritual","name":"G3SG1 | Ancient Ritual (Well-Worn)","src":"https://steamcdn-a.akamaihd.net/apps/730/icons/econ/default_generated/weapon_g3sg1_am_ancient_wine_light_large.dfea71dc9fa6d9ee7aa528f0086e216336057c7e.png","type":"skin","rarity":1,"price":63},"G3SG1 | Ancient Ritual (Battle-Scarred)":{"quality":1,"skin":"Ancient Ritual","weapon":"G3SG1","short":"G3SG1 | Ancient Ritual","name":"G3SG1 | Ancient Ritual (Battle-Scarred)","src":"https://steamcdn-a.akamaihd.net/apps/730/icons/econ/default_generated/weapon_g3sg1_am_ancient_wine_light_large.dfea71dc9fa6d9ee7aa528f0086e216336057c7e.png","type":"skin","rarity":1,"price":63},"Souvenir G3SG1 | Ancient Ritual (Factory New)":{"souvenir":true,"quality":5,"skin":"Ancient Ritual","weapon":"G3SG1","short":"G3SG1 | Ancient Ritual","name":"Souvenir G3SG1 | Ancient Ritual (Factory New)","src":"https://steamcdn-a.akamaihd.net/apps/730/icons/econ/default_generated/weapon_g3sg1_am_ancient_wine_light_large.dfea71dc9fa6d9ee7aa528f0086e216336057c7e.png","type":"skin","rarity":1,"price":29},"Souvenir G3SG1 | Ancient Ritual (Minimal Wear)":{"souvenir":true,"quality":4,"skin":"Ancient Ritual","weapon":"G3SG1","short":"G3SG1 | Ancient Ritual","name":"Souvenir G3SG1 | Ancient Ritual (Minimal Wear)","src":"https://steamcdn-a.akamaihd.net/apps/730/icons/econ/default_generated/weapon_g3sg1_am_ancient_wine_light_large.dfea71dc9fa6d9ee7aa528f0086e216336057c7e.png","type":"skin","rarity":1,"price":9},"Souvenir G3SG1 | Ancient Ritual (Field-Tested)":{"souvenir":true,"quality":3,"skin":"Ancient Ritual","weapon":"G3SG1","short":"G3SG1 | Ancient Ritual","name":"Souvenir G3SG1 | Ancient Ritual (Field-Tested)","src":"https://steamcdn-a.akamaihd.net/apps/730/icons/econ/default_generated/weapon_g3sg1_am_ancient_wine_light_large.dfea71dc9fa6d9ee7aa528f0086e216336057c7e.png","type":"skin","rarity":1,"price":7},"Souvenir G3SG1 | Ancient Ritual (Well-Worn)":{"souvenir":true,"quality":2,"skin":"Ancient Ritual","weapon":"G3SG1","short":"G3SG1 | Ancient Ritual","name":"Souvenir G3SG1 | Ancient Ritual (Well-Worn)","src":"https://steamcdn-a.akamaihd.net/apps/730/icons/econ/default_generated/weapon_g3sg1_am_ancient_wine_light_large.dfea71dc9fa6d9ee7aa528f0086e216336057c7e.png","type":"skin","rarity":1,"price":9},"Souvenir G3SG1 | Ancient Ritual (Battle-Scarred)":{"souvenir":true,"quality":1,"skin":"Ancient Ritual","weapon":"G3SG1","short":"G3SG1 | Ancient Ritual","name":"Souvenir G3SG1 | Ancient Ritual (Battle-Scarred)","src":"https://steamcdn-a.akamaihd.net/apps/730/icons/econ/default_generated/weapon_g3sg1_am_ancient_wine_light_large.dfea71dc9fa6d9ee7aa528f0086e216336057c7e.png","type":"skin","rarity":1,"price":6},"G3SG1 | Ancient Ritual":{"souvenirAvailable":true,"masterItem":true,"qualities":[5,4,3,2,1],"skin":"Ancient Ritual","weapon":"G3SG1","short":"G3SG1 | Ancient Ritual","name":"G3SG1 | Ancient Ritual","src":"https://steamcdn-a.akamaihd.net/apps/730/icons/econ/default_generated/weapon_g3sg1_am_ancient_wine_light_large.dfea71dc9fa6d9ee7aa528f0086e216336057c7e.png","type":"skin","rarity":1,"price":77,"minPrice":6},"R8 Revolver | Night (Factory New)":{"quality":5,"skin":"Night","weapon":"R8 Revolver","short":"R8 Revolver | Night","name":"R8 Revolver | Night (Factory New)","src":"https://steamcdn-a.akamaihd.net/apps/730/icons/econ/default_generated/weapon_revolver_so_night_light_large.02c1852bc16e1c3bcdb2daa681fdfe043d31293b.png","type":"skin","rarity":0,"price":151},"R8 Revolver | Night (Minimal Wear)":{"quality":4,"skin":"Night","weapon":"R8 Revolver","short":"R8 Revolver | Night","name":"R8 Revolver | Night (Minimal Wear)","src":"https://steamcdn-a.akamaihd.net/apps/730/icons/econ/default_generated/weapon_revolver_so_night_light_large.02c1852bc16e1c3bcdb2daa681fdfe043d31293b.png","type":"skin","rarity":0,"price":9},"R8 Revolver | Night (Field-Tested)":{"quality":3,"skin":"Night","weapon":"R8 Revolver","short":"R8 Revolver | Night","name":"R8 Revolver | Night (Field-Tested)","src":"https://steamcdn-a.akamaihd.net/apps/730/icons/econ/default_generated/weapon_revolver_so_night_light_large.02c1852bc16e1c3bcdb2daa681fdfe043d31293b.png","type":"skin","rarity":0,"price":7},"R8 Revolver | Night (Well-Worn)":{"quality":2,"skin":"Night","weapon":"R8 Revolver","short":"R8 Revolver | Night","name":"R8 Revolver | Night (Well-Worn)","src":"https://steamcdn-a.akamaihd.net/apps/730/icons/econ/default_generated/weapon_revolver_so_night_light_large.02c1852bc16e1c3bcdb2daa681fdfe043d31293b.png","type":"skin","rarity":0,"price":8},"R8 Revolver | Night (Battle-Scarred)":{"quality":1,"skin":"Night","weapon":"R8 Revolver","short":"R8 Revolver | Night","name":"R8 Revolver | Night (Battle-Scarred)","src":"https://steamcdn-a.akamaihd.net/apps/730/icons/econ/default_generated/weapon_revolver_so_night_light_large.02c1852bc16e1c3bcdb2daa681fdfe043d31293b.png","type":"skin","rarity":0,"price":8},"Souvenir R8 Revolver | Night (Factory New)":{"souvenir":true,"quality":5,"skin":"Night","weapon":"R8 Revolver","short":"R8 Revolver | Night","name":"Souvenir R8 Revolver | Night (Factory New)","src":"https://steamcdn-a.akamaihd.net/apps/730/icons/econ/default_generated/weapon_revolver_so_night_light_large.02c1852bc16e1c3bcdb2daa681fdfe043d31293b.png","type":"skin","rarity":0,"price":264},"Souvenir R8 Revolver | Night (Minimal Wear)":{"souvenir":true,"quality":4,"skin":"Night","weapon":"R8 Revolver","short":"R8 Revolver | Night","name":"Souvenir R8 Revolver | Night (Minimal Wear)","src":"https://steamcdn-a.akamaihd.net/apps/730/icons/econ/default_generated/weapon_revolver_so_night_light_large.02c1852bc16e1c3bcdb2daa681fdfe043d31293b.png","type":"skin","rarity":0,"price":7},"Souvenir R8 Revolver | Night (Field-Tested)":{"souvenir":true,"quality":3,"skin":"Night","weapon":"R8 Revolver","short":"R8 Revolver | Night","name":"Souvenir R8 Revolver | Night (Field-Tested)","src":"https://steamcdn-a.akamaihd.net/apps/730/icons/econ/default_generated/weapon_revolver_so_night_light_large.02c1852bc16e1c3bcdb2daa681fdfe043d31293b.png","type":"skin","rarity":0,"price":4},"Souvenir R8 Revolver | Night (Well-Worn)":{"souvenir":true,"quality":2,"skin":"Night","weapon":"R8 Revolver","short":"R8 Revolver | Night","name":"Souvenir R8 Revolver | Night (Well-Worn)","src":"https://steamcdn-a.akamaihd.net/apps/730/icons/econ/default_generated/weapon_revolver_so_night_light_large.02c1852bc16e1c3bcdb2daa681fdfe043d31293b.png","type":"skin","rarity":0,"price":4},"Souvenir R8 Revolver | Night (Battle-Scarred)":{"souvenir":true,"quality":1,"skin":"Night","weapon":"R8 Revolver","short":"R8 Revolver | Night","name":"Souvenir R8 Revolver | Night (Battle-Scarred)","src":"https://steamcdn-a.akamaihd.net/apps/730/icons/econ/default_generated/weapon_revolver_so_night_light_large.02c1852bc16e1c3bcdb2daa681fdfe043d31293b.png","type":"skin","rarity":0,"price":4},"R8 Revolver | Night":{"souvenirAvailable":true,"masterItem":true,"qualities":[5,4,3,2,1],"skin":"Night","weapon":"R8 Revolver","short":"R8 Revolver | Night","name":"R8 Revolver | Night","src":"https://steamcdn-a.akamaihd.net/apps/730/icons/econ/default_generated/weapon_revolver_so_night_light_large.02c1852bc16e1c3bcdb2daa681fdfe043d31293b.png","type":"skin","rarity":0,"price":264,"minPrice":4},"P90 | Run and Hide (Factory New)":{"quality":5,"skin":"Run and Hide","weapon":"P90","short":"P90 | Run and Hide","name":"P90 | Run and Hide (Factory New)","src":"https://steamcdn-a.akamaihd.net/apps/730/icons/econ/default_generated/weapon_p90_cu_jaguar_p90_light_large.7d9fe21106b83cbf10ea8cc7f8b4f6aea72af268.png","type":"skin","rarity":4,"price":29670},"P90 | Run and Hide (Minimal Wear)":{"quality":4,"skin":"Run and Hide","weapon":"P90","short":"P90 | Run and Hide","name":"P90 | Run and Hide (Minimal Wear)","src":"https://steamcdn-a.akamaihd.net/apps/730/icons/econ/default_generated/weapon_p90_cu_jaguar_p90_light_large.7d9fe21106b83cbf10ea8cc7f8b4f6aea72af268.png","type":"skin","rarity":4,"price":27367},"P90 | Run and Hide (Field-Tested)":{"quality":3,"skin":"Run and Hide","weapon":"P90","short":"P90 | Run and Hide","name":"P90 | Run and Hide (Field-Tested)","src":"https://steamcdn-a.akamaihd.net/apps/730/icons/econ/default_generated/weapon_p90_cu_jaguar_p90_light_large.7d9fe21106b83cbf10ea8cc7f8b4f6aea72af268.png","type":"skin","rarity":4,"price":15015},"P90 | Run and Hide (Well-Worn)":{"quality":2,"skin":"Run and Hide","weapon":"P90","short":"P90 | Run and Hide","name":"P90 | Run and Hide (Well-Worn)","src":"https://steamcdn-a.akamaihd.net/apps/730/icons/econ/default_generated/weapon_p90_cu_jaguar_p90_light_large.7d9fe21106b83cbf10ea8cc7f8b4f6aea72af268.png","type":"skin","rarity":4,"price":13899},"P90 | Run and Hide (Battle-Scarred)":{"quality":1,"skin":"Run and Hide","weapon":"P90","short":"P90 | Run and Hide","name":"P90 | Run and Hide (Battle-Scarred)","src":"https://steamcdn-a.akamaihd.net/apps/730/icons/econ/default_generated/weapon_p90_cu_jaguar_p90_light_large.7d9fe21106b83cbf10ea8cc7f8b4f6aea72af268.png","type":"skin","rarity":4,"price":11059},"Souvenir P90 | Run and Hide (Factory New)":{"souvenir":true,"quality":5,"skin":"Run and Hide","weapon":"P90","short":"P90 | Run and Hide","name":"Souvenir P90 | Run and Hide (Factory New)","src":"https://steamcdn-a.akamaihd.net/apps/730/icons/econ/default_generated/weapon_p90_cu_jaguar_p90_light_large.7d9fe21106b83cbf10ea8cc7f8b4f6aea72af268.png","type":"skin","rarity":4,"price":49980},"Souvenir P90 | Run and Hide (Minimal Wear)":{"souvenir":true,"quality":4,"skin":"Run and Hide","weapon":"P90","short":"P90 | Run and Hide","name":"Souvenir P90 | Run and Hide (Minimal Wear)","src":"https://steamcdn-a.akamaihd.net/apps/730/icons/econ/default_generated/weapon_p90_cu_jaguar_p90_light_large.7d9fe21106b83cbf10ea8cc7f8b4f6aea72af268.png","type":"skin","rarity":4,"price":3632},"Souvenir P90 | Run and Hide (Field-Tested)":{"souvenir":true,"quality":3,"skin":"Run and Hide","weapon":"P90","short":"P90 | Run and Hide","name":"Souvenir P90 | Run and Hide (Field-Tested)","src":"https://steamcdn-a.akamaihd.net/apps/730/icons/econ/default_generated/weapon_p90_cu_jaguar_p90_light_large.7d9fe21106b83cbf10ea8cc7f8b4f6aea72af268.png","type":"skin","rarity":4,"price":2281},"Souvenir P90 | Run and Hide (Well-Worn)":{"souvenir":true,"quality":2,"skin":"Run and Hide","weapon":"P90","short":"P90 | Run and Hide","name":"Souvenir P90 | Run and Hide (Well-Worn)","src":"https://steamcdn-a.akamaihd.net/apps/730/icons/econ/default_generated/weapon_p90_cu_jaguar_p90_light_large.7d9fe21106b83cbf10ea8cc7f8b4f6aea72af268.png","type":"skin","rarity":4,"price":1662},"Souvenir P90 | Run and Hide (Battle-Scarred)":{"souvenir":true,"quality":1,"skin":"Run and Hide","weapon":"P90","short":"P90 | Run and Hide","name":"Souvenir P90 | Run and Hide (Battle-Scarred)","src":"https://steamcdn-a.akamaihd.net/apps/730/icons/econ/default_generated/weapon_p90_cu_jaguar_p90_light_large.7d9fe21106b83cbf10ea8cc7f8b4f6aea72af268.png","type":"skin","rarity":4,"price":1452},"P90 | Run and Hide":{"souvenirAvailable":true,"masterItem":true,"qualities":[5,4,3,2,1],"skin":"Run and Hide","weapon":"P90","short":"P90 | Run and Hide","name":"P90 | Run and Hide","src":"https://steamcdn-a.akamaihd.net/apps/730/icons/econ/default_generated/weapon_p90_cu_jaguar_p90_light_large.7d9fe21106b83cbf10ea8cc7f8b4f6aea72af268.png","type":"skin","rarity":4,"price":49980,"minPrice":1452},"USP-S | Ancient Visions (Factory New)":{"quality":5,"skin":"Ancient Visions","weapon":"USP-S","short":"USP-S | Ancient Visions","name":"USP-S | Ancient Visions (Factory New)","src":"https://steamcdn-a.akamaihd.net/apps/730/icons/econ/default_generated/weapon_usp_silencer_sp_ancient_bright_light_large.794efdc565345a758d9a6fd673db4a42e01d59c8.png","type":"skin","rarity":3,"price":3235},"USP-S | Ancient Visions (Minimal Wear)":{"quality":4,"skin":"Ancient Visions","weapon":"USP-S","short":"USP-S | Ancient Visions","name":"USP-S | Ancient Visions (Minimal Wear)","src":"https://steamcdn-a.akamaihd.net/apps/730/icons/econ/default_generated/weapon_usp_silencer_sp_ancient_bright_light_large.794efdc565345a758d9a6fd673db4a42e01d59c8.png","type":"skin","rarity":3,"price":2893},"USP-S | Ancient Visions (Field-Tested)":{"quality":3,"skin":"Ancient Visions","weapon":"USP-S","short":"USP-S | Ancient Visions","name":"USP-S | Ancient Visions (Field-Tested)","src":"https://steamcdn-a.akamaihd.net/apps/730/icons/econ/default_generated/weapon_usp_silencer_sp_ancient_bright_light_large.794efdc565345a758d9a6fd673db4a42e01d59c8.png","type":"skin","rarity":3,"price":2718},"USP-S | Ancient Visions (Well-Worn)":{"quality":2,"skin":"Ancient Visions","weapon":"USP-S","short":"USP-S | Ancient Visions","name":"USP-S | Ancient Visions (Well-Worn)","src":"https://steamcdn-a.akamaihd.net/apps/730/icons/econ/default_generated/weapon_usp_silencer_sp_ancient_bright_light_large.794efdc565345a758d9a6fd673db4a42e01d59c8.png","type":"skin","rarity":3,"price":2779},"Souvenir USP-S | Ancient Visions (Factory New)":{"souvenir":true,"quality":5,"skin":"Ancient Visions","weapon":"USP-S","short":"USP-S | Ancient Visions","name":"Souvenir USP-S | Ancient Visions (Factory New)","src":"https://steamcdn-a.akamaihd.net/apps/730/icons/econ/default_generated/weapon_usp_silencer_sp_ancient_bright_light_large.794efdc565345a758d9a6fd673db4a42e01d59c8.png","type":"skin","rarity":3,"price":2077},"Souvenir USP-S | Ancient Visions (Minimal Wear)":{"souvenir":true,"quality":4,"skin":"Ancient Visions","weapon":"USP-S","short":"USP-S | Ancient Visions","name":"Souvenir USP-S | Ancient Visions (Minimal Wear)","src":"https://steamcdn-a.akamaihd.net/apps/730/icons/econ/default_generated/weapon_usp_silencer_sp_ancient_bright_light_large.794efdc565345a758d9a6fd673db4a42e01d59c8.png","type":"skin","rarity":3,"price":1010},"Souvenir USP-S | Ancient Visions (Field-Tested)":{"souvenir":true,"quality":3,"skin":"Ancient Visions","weapon":"USP-S","short":"USP-S | Ancient Visions","name":"Souvenir USP-S | Ancient Visions (Field-Tested)","src":"https://steamcdn-a.akamaihd.net/apps/730/icons/econ/default_generated/weapon_usp_silencer_sp_ancient_bright_light_large.794efdc565345a758d9a6fd673db4a42e01d59c8.png","type":"skin","rarity":3,"price":540},"Souvenir USP-S | Ancient Visions (Well-Worn)":{"souvenir":true,"quality":2,"skin":"Ancient Visions","weapon":"USP-S","short":"USP-S | Ancient Visions","name":"Souvenir USP-S | Ancient Visions (Well-Worn)","src":"https://steamcdn-a.akamaihd.net/apps/730/icons/econ/default_generated/weapon_usp_silencer_sp_ancient_bright_light_large.794efdc565345a758d9a6fd673db4a42e01d59c8.png","type":"skin","rarity":3,"price":532},"USP-S | Ancient Visions":{"souvenirAvailable":true,"masterItem":true,"qualities":[5,4,3,2],"skin":"Ancient Visions","weapon":"USP-S","short":"USP-S | Ancient Visions","name":"USP-S | Ancient Visions","src":"https://steamcdn-a.akamaihd.net/apps/730/icons/econ/default_generated/weapon_usp_silencer_sp_ancient_bright_light_large.794efdc565345a758d9a6fd673db4a42e01d59c8.png","type":"skin","rarity":3,"price":3235,"minPrice":532},"MP7 | Tall Grass (Factory New)":{"quality":5,"skin":"Tall Grass","weapon":"MP7","short":"MP7 | Tall Grass","name":"MP7 | Tall Grass (Factory New)","src":"https://steamcdn-a.akamaihd.net/apps/730/icons/econ/default_generated/weapon_mp7_hy_drywood_green_light_large.a2a57b124a5e8a3ad61912649f472f2b477bdad9.png","type":"skin","rarity":1,"price":77},"MP7 | Tall Grass (Minimal Wear)":{"quality":4,"skin":"Tall Grass","weapon":"MP7","short":"MP7 | Tall Grass","name":"MP7 | Tall Grass (Minimal Wear)","src":"https://steamcdn-a.akamaihd.net/apps/730/icons/econ/default_generated/weapon_mp7_hy_drywood_green_light_large.a2a57b124a5e8a3ad61912649f472f2b477bdad9.png","type":"skin","rarity":1,"price":73},"MP7 | Tall Grass (Field-Tested)":{"quality":3,"skin":"Tall Grass","weapon":"MP7","short":"MP7 | Tall Grass","name":"MP7 | Tall Grass (Field-Tested)","src":"https://steamcdn-a.akamaihd.net/apps/730/icons/econ/default_generated/weapon_mp7_hy_drywood_green_light_large.a2a57b124a5e8a3ad61912649f472f2b477bdad9.png","type":"skin","rarity":1,"price":67},"MP7 | Tall Grass (Well-Worn)":{"quality":2,"skin":"Tall Grass","weapon":"MP7","short":"MP7 | Tall Grass","name":"MP7 | Tall Grass (Well-Worn)","src":"https://steamcdn-a.akamaihd.net/apps/730/icons/econ/default_generated/weapon_mp7_hy_drywood_green_light_large.a2a57b124a5e8a3ad61912649f472f2b477bdad9.png","type":"skin","rarity":1,"price":63},"MP7 | Tall Grass (Battle-Scarred)":{"quality":1,"skin":"Tall Grass","weapon":"MP7","short":"MP7 | Tall Grass","name":"MP7 | Tall Grass (Battle-Scarred)","src":"https://steamcdn-a.akamaihd.net/apps/730/icons/econ/default_generated/weapon_mp7_hy_drywood_green_light_large.a2a57b124a5e8a3ad61912649f472f2b477bdad9.png","type":"skin","rarity":1,"price":65},"Souvenir MP7 | Tall Grass (Factory New)":{"souvenir":true,"quality":5,"skin":"Tall Grass","weapon":"MP7","short":"MP7 | Tall Grass","name":"Souvenir MP7 | Tall Grass (Factory New)","src":"https://steamcdn-a.akamaihd.net/apps/730/icons/econ/default_generated/weapon_mp7_hy_drywood_green_light_large.a2a57b124a5e8a3ad61912649f472f2b477bdad9.png","type":"skin","rarity":1,"price":43},"Souvenir MP7 | Tall Grass (Minimal Wear)":{"souvenir":true,"quality":4,"skin":"Tall Grass","weapon":"MP7","short":"MP7 | Tall Grass","name":"Souvenir MP7 | Tall Grass (Minimal Wear)","src":"https://steamcdn-a.akamaihd.net/apps/730/icons/econ/default_generated/weapon_mp7_hy_drywood_green_light_large.a2a57b124a5e8a3ad61912649f472f2b477bdad9.png","type":"skin","rarity":1,"price":16},"Souvenir MP7 | Tall Grass (Field-Tested)":{"souvenir":true,"quality":3,"skin":"Tall Grass","weapon":"MP7","short":"MP7 | Tall Grass","name":"Souvenir MP7 | Tall Grass (Field-Tested)","src":"https://steamcdn-a.akamaihd.net/apps/730/icons/econ/default_generated/weapon_mp7_hy_drywood_green_light_large.a2a57b124a5e8a3ad61912649f472f2b477bdad9.png","type":"skin","rarity":1,"price":7},"Souvenir MP7 | Tall Grass (Well-Worn)":{"souvenir":true,"quality":2,"skin":"Tall Grass","weapon":"MP7","short":"MP7 | Tall Grass","name":"Souvenir MP7 | Tall Grass (Well-Worn)","src":"https://steamcdn-a.akamaihd.net/apps/730/icons/econ/default_generated/weapon_mp7_hy_drywood_green_light_large.a2a57b124a5e8a3ad61912649f472f2b477bdad9.png","type":"skin","rarity":1,"price":13},"Souvenir MP7 | Tall Grass (Battle-Scarred)":{"souvenir":true,"quality":1,"skin":"Tall Grass","weapon":"MP7","short":"MP7 | Tall Grass","name":"Souvenir MP7 | Tall Grass (Battle-Scarred)","src":"https://steamcdn-a.akamaihd.net/apps/730/icons/econ/default_generated/weapon_mp7_hy_drywood_green_light_large.a2a57b124a5e8a3ad61912649f472f2b477bdad9.png","type":"skin","rarity":1,"price":8},"MP7 | Tall Grass":{"souvenirAvailable":true,"masterItem":true,"qualities":[5,4,3,2,1],"skin":"Tall Grass","weapon":"MP7","short":"MP7 | Tall Grass","name":"MP7 | Tall Grass","src":"https://steamcdn-a.akamaihd.net/apps/730/icons/econ/default_generated/weapon_mp7_hy_drywood_green_light_large.a2a57b124a5e8a3ad61912649f472f2b477bdad9.png","type":"skin","rarity":1,"price":77,"minPrice":7},"CZ75-Auto | Silver (Factory New)":{"quality":5,"skin":"Silver","weapon":"CZ75-Auto","short":"CZ75-Auto | Silver","name":"CZ75-Auto | Silver (Factory New)","src":"https://steamcdn-a.akamaihd.net/apps/730/icons/econ/default_generated/weapon_cz75a_an_silver_light_large.d966656a4fc5b18b33ad34bcd8a5f8cc50b1f88e.png","type":"skin","rarity":1,"price":77},"CZ75-Auto | Silver (Minimal Wear)":{"quality":4,"skin":"Silver","weapon":"CZ75-Auto","short":"CZ75-Auto | Silver","name":"CZ75-Auto | Silver (Minimal Wear)","src":"https://steamcdn-a.akamaihd.net/apps/730/icons/econ/default_generated/weapon_cz75a_an_silver_light_large.d966656a4fc5b18b33ad34bcd8a5f8cc50b1f88e.png","type":"skin","rarity":1,"price":78},"Souvenir CZ75-Auto | Silver (Factory New)":{"souvenir":true,"quality":5,"skin":"Silver","weapon":"CZ75-Auto","short":"CZ75-Auto | Silver","name":"Souvenir CZ75-Auto | Silver (Factory New)","src":"https://steamcdn-a.akamaihd.net/apps/730/icons/econ/default_generated/weapon_cz75a_an_silver_light_large.d966656a4fc5b18b33ad34bcd8a5f8cc50b1f88e.png","type":"skin","rarity":1,"price":36},"Souvenir CZ75-Auto | Silver (Minimal Wear)":{"souvenir":true,"quality":4,"skin":"Silver","weapon":"CZ75-Auto","short":"CZ75-Auto | Silver","name":"Souvenir CZ75-Auto | Silver (Minimal Wear)","src":"https://steamcdn-a.akamaihd.net/apps/730/icons/econ/default_generated/weapon_cz75a_an_silver_light_large.d966656a4fc5b18b33ad34bcd8a5f8cc50b1f88e.png","type":"skin","rarity":1,"price":84},"CZ75-Auto | Silver":{"souvenirAvailable":true,"masterItem":true,"qualities":[5,4],"skin":"Silver","weapon":"CZ75-Auto","short":"CZ75-Auto | Silver","name":"CZ75-Auto | Silver","src":"https://steamcdn-a.akamaihd.net/apps/730/icons/econ/default_generated/weapon_cz75a_an_silver_light_large.d966656a4fc5b18b33ad34bcd8a5f8cc50b1f88e.png","type":"skin","rarity":1,"price":84,"minPrice":36},"P90 | Ancient Earth (Factory New)":{"quality":5,"skin":"Ancient Earth","weapon":"P90","short":"P90 | Ancient Earth","name":"P90 | Ancient Earth (Factory New)","src":"https://steamcdn-a.akamaihd.net/apps/730/icons/econ/default_generated/weapon_p90_aa_ancient_brown_light_large.69bcf9d19ae3f5b22e3382dbf07da0900f017967.png","type":"skin","rarity":0,"price":14},"P90 | Ancient Earth (Minimal Wear)":{"quality":4,"skin":"Ancient Earth","weapon":"P90","short":"P90 | Ancient Earth","name":"P90 | Ancient Earth (Minimal Wear)","src":"https://steamcdn-a.akamaihd.net/apps/730/icons/econ/default_generated/weapon_p90_aa_ancient_brown_light_large.69bcf9d19ae3f5b22e3382dbf07da0900f017967.png","type":"skin","rarity":0,"price":9},"P90 | Ancient Earth (Field-Tested)":{"quality":3,"skin":"Ancient Earth","weapon":"P90","short":"P90 | Ancient Earth","name":"P90 | Ancient Earth (Field-Tested)","src":"https://steamcdn-a.akamaihd.net/apps/730/icons/econ/default_generated/weapon_p90_aa_ancient_brown_light_large.69bcf9d19ae3f5b22e3382dbf07da0900f017967.png","type":"skin","rarity":0,"price":8},"P90 | Ancient Earth (Well-Worn)":{"quality":2,"skin":"Ancient Earth","weapon":"P90","short":"P90 | Ancient Earth","name":"P90 | Ancient Earth (Well-Worn)","src":"https://steamcdn-a.akamaihd.net/apps/730/icons/econ/default_generated/weapon_p90_aa_ancient_brown_light_large.69bcf9d19ae3f5b22e3382dbf07da0900f017967.png","type":"skin","rarity":0,"price":11},"P90 | Ancient Earth (Battle-Scarred)":{"quality":1,"skin":"Ancient Earth","weapon":"P90","short":"P90 | Ancient Earth","name":"P90 | Ancient Earth (Battle-Scarred)","src":"https://steamcdn-a.akamaihd.net/apps/730/icons/econ/default_generated/weapon_p90_aa_ancient_brown_light_large.69bcf9d19ae3f5b22e3382dbf07da0900f017967.png","type":"skin","rarity":0,"price":11},"Souvenir P90 | Ancient Earth (Factory New)":{"souvenir":true,"quality":5,"skin":"Ancient Earth","weapon":"P90","short":"P90 | Ancient Earth","name":"Souvenir P90 | Ancient Earth (Factory New)","src":"https://steamcdn-a.akamaihd.net/apps/730/icons/econ/default_generated/weapon_p90_aa_ancient_brown_light_large.69bcf9d19ae3f5b22e3382dbf07da0900f017967.png","type":"skin","rarity":0,"price":8},"Souvenir P90 | Ancient Earth (Minimal Wear)":{"souvenir":true,"quality":4,"skin":"Ancient Earth","weapon":"P90","short":"P90 | Ancient Earth","name":"Souvenir P90 | Ancient Earth (Minimal Wear)","src":"https://steamcdn-a.akamaihd.net/apps/730/icons/econ/default_generated/weapon_p90_aa_ancient_brown_light_large.69bcf9d19ae3f5b22e3382dbf07da0900f017967.png","type":"skin","rarity":0,"price":5},"Souvenir P90 | Ancient Earth (Field-Tested)":{"souvenir":true,"quality":3,"skin":"Ancient Earth","weapon":"P90","short":"P90 | Ancient Earth","name":"Souvenir P90 | Ancient Earth (Field-Tested)","src":"https://steamcdn-a.akamaihd.net/apps/730/icons/econ/default_generated/weapon_p90_aa_ancient_brown_light_large.69bcf9d19ae3f5b22e3382dbf07da0900f017967.png","type":"skin","rarity":0,"price":3},"Souvenir P90 | Ancient Earth (Well-Worn)":{"souvenir":true,"quality":2,"skin":"Ancient Earth","weapon":"P90","short":"P90 | Ancient Earth","name":"Souvenir P90 | Ancient Earth (Well-Worn)","src":"https://steamcdn-a.akamaihd.net/apps/730/icons/econ/default_generated/weapon_p90_aa_ancient_brown_light_large.69bcf9d19ae3f5b22e3382dbf07da0900f017967.png","type":"skin","rarity":0,"price":5},"Souvenir P90 | Ancient Earth (Battle-Scarred)":{"souvenir":true,"quality":1,"skin":"Ancient Earth","weapon":"P90","short":"P90 | Ancient Earth","name":"Souvenir P90 | Ancient Earth (Battle-Scarred)","src":"https://steamcdn-a.akamaihd.net/apps/730/icons/econ/default_generated/weapon_p90_aa_ancient_brown_light_large.69bcf9d19ae3f5b22e3382dbf07da0900f017967.png","type":"skin","rarity":0,"price":4},"P90 | Ancient Earth":{"souvenirAvailable":true,"masterItem":true,"qualities":[5,4,3,2,1],"skin":"Ancient Earth","weapon":"P90","short":"P90 | Ancient Earth","name":"P90 | Ancient Earth","src":"https://steamcdn-a.akamaihd.net/apps/730/icons/econ/default_generated/weapon_p90_aa_ancient_brown_light_large.69bcf9d19ae3f5b22e3382dbf07da0900f017967.png","type":"skin","rarity":0,"price":14,"minPrice":3},"AK-47 | Panthera onca (Factory New)":{"quality":5,"skin":"Panthera onca","weapon":"AK-47","short":"AK-47 | Panthera onca","name":"AK-47 | Panthera onca (Factory New)","src":"https://steamcdn-a.akamaihd.net/apps/730/icons/econ/default_generated/weapon_ak47_cu_ak_jaguar_light_large.92dd85d59d2615eab90bf86d7e4df6ee9e095132.png","type":"skin","rarity":4,"price":31488},"AK-47 | Panthera onca (Minimal Wear)":{"quality":4,"skin":"Panthera onca","weapon":"AK-47","short":"AK-47 | Panthera onca","name":"AK-47 | Panthera onca (Minimal Wear)","src":"https://steamcdn-a.akamaihd.net/apps/730/icons/econ/default_generated/weapon_ak47_cu_ak_jaguar_light_large.92dd85d59d2615eab90bf86d7e4df6ee9e095132.png","type":"skin","rarity":4,"price":23824},"AK-47 | Panthera onca (Field-Tested)":{"quality":3,"skin":"Panthera onca","weapon":"AK-47","short":"AK-47 | Panthera onca","name":"AK-47 | Panthera onca (Field-Tested)","src":"https://steamcdn-a.akamaihd.net/apps/730/icons/econ/default_generated/weapon_ak47_cu_ak_jaguar_light_large.92dd85d59d2615eab90bf86d7e4df6ee9e095132.png","type":"skin","rarity":4,"price":15743},"AK-47 | Panthera onca (Well-Worn)":{"quality":2,"skin":"Panthera onca","weapon":"AK-47","short":"AK-47 | Panthera onca","name":"AK-47 | Panthera onca (Well-Worn)","src":"https://steamcdn-a.akamaihd.net/apps/730/icons/econ/default_generated/weapon_ak47_cu_ak_jaguar_light_large.92dd85d59d2615eab90bf86d7e4df6ee9e095132.png","type":"skin","rarity":4,"price":12534},"AK-47 | Panthera onca (Battle-Scarred)":{"quality":1,"skin":"Panthera onca","weapon":"AK-47","short":"AK-47 | Panthera onca","name":"AK-47 | Panthera onca (Battle-Scarred)","src":"https://steamcdn-a.akamaihd.net/apps/730/icons/econ/default_generated/weapon_ak47_cu_ak_jaguar_light_large.92dd85d59d2615eab90bf86d7e4df6ee9e095132.png","type":"skin","rarity":4,"price":11612},"Souvenir AK-47 | Panthera onca (Factory New)":{"souvenir":true,"quality":5,"skin":"Panthera onca","weapon":"AK-47","short":"AK-47 | Panthera onca","name":"Souvenir AK-47 | Panthera onca (Factory New)","src":"https://steamcdn-a.akamaihd.net/apps/730/icons/econ/default_generated/weapon_ak47_cu_ak_jaguar_light_large.92dd85d59d2615eab90bf86d7e4df6ee9e095132.png","type":"skin","rarity":4,"price":3292},"Souvenir AK-47 | Panthera onca (Minimal Wear)":{"souvenir":true,"quality":4,"skin":"Panthera onca","weapon":"AK-47","short":"AK-47 | Panthera onca","name":"Souvenir AK-47 | Panthera onca (Minimal Wear)","src":"https://steamcdn-a.akamaihd.net/apps/730/icons/econ/default_generated/weapon_ak47_cu_ak_jaguar_light_large.92dd85d59d2615eab90bf86d7e4df6ee9e095132.png","type":"skin","rarity":4,"price":42385},"Souvenir AK-47 | Panthera onca (Field-Tested)":{"souvenir":true,"quality":3,"skin":"Panthera onca","weapon":"AK-47","short":"AK-47 | Panthera onca","name":"Souvenir AK-47 | Panthera onca (Field-Tested)","src":"https://steamcdn-a.akamaihd.net/apps/730/icons/econ/default_generated/weapon_ak47_cu_ak_jaguar_light_large.92dd85d59d2615eab90bf86d7e4df6ee9e095132.png","type":"skin","rarity":4,"price":20307},"Souvenir AK-47 | Panthera onca (Well-Worn)":{"souvenir":true,"quality":2,"skin":"Panthera onca","weapon":"AK-47","short":"AK-47 | Panthera onca","name":"Souvenir AK-47 | Panthera onca (Well-Worn)","src":"https://steamcdn-a.akamaihd.net/apps/730/icons/econ/default_generated/weapon_ak47_cu_ak_jaguar_light_large.92dd85d59d2615eab90bf86d7e4df6ee9e095132.png","type":"skin","rarity":4,"price":11425},"Souvenir AK-47 | Panthera onca (Battle-Scarred)":{"souvenir":true,"quality":1,"skin":"Panthera onca","weapon":"AK-47","short":"AK-47 | Panthera onca","name":"Souvenir AK-47 | Panthera onca (Battle-Scarred)","src":"https://steamcdn-a.akamaihd.net/apps/730/icons/econ/default_generated/weapon_ak47_cu_ak_jaguar_light_large.92dd85d59d2615eab90bf86d7e4df6ee9e095132.png","type":"skin","rarity":4,"price":14290},"AK-47 | Panthera onca":{"souvenirAvailable":true,"masterItem":true,"qualities":[5,4,3,2,1],"skin":"Panthera onca","weapon":"AK-47","short":"AK-47 | Panthera onca","name":"AK-47 | Panthera onca","src":"https://steamcdn-a.akamaihd.net/apps/730/icons/econ/default_generated/weapon_ak47_cu_ak_jaguar_light_large.92dd85d59d2615eab90bf86d7e4df6ee9e095132.png","type":"skin","rarity":4,"price":42385,"minPrice":3292},"XM1014 | Ancient Lore (Factory New)":{"quality":5,"skin":"Ancient Lore","weapon":"XM1014","short":"XM1014 | Ancient Lore","name":"XM1014 | Ancient Lore (Factory New)","src":"https://steamcdn-a.akamaihd.net/apps/730/icons/econ/default_generated/weapon_xm1014_am_ancient_warm_light_large.9a53c1b2db897b005c56b8f5e4a5b9f40730c85b.png","type":"skin","rarity":3,"price":3164},"XM1014 | Ancient Lore (Minimal Wear)":{"quality":4,"skin":"Ancient Lore","weapon":"XM1014","short":"XM1014 | Ancient Lore","name":"XM1014 | Ancient Lore (Minimal Wear)","src":"https://steamcdn-a.akamaihd.net/apps/730/icons/econ/default_generated/weapon_xm1014_am_ancient_warm_light_large.9a53c1b2db897b005c56b8f5e4a5b9f40730c85b.png","type":"skin","rarity":3,"price":3044},"XM1014 | Ancient Lore (Field-Tested)":{"quality":3,"skin":"Ancient Lore","weapon":"XM1014","short":"XM1014 | Ancient Lore","name":"XM1014 | Ancient Lore (Field-Tested)","src":"https://steamcdn-a.akamaihd.net/apps/730/icons/econ/default_generated/weapon_xm1014_am_ancient_warm_light_large.9a53c1b2db897b005c56b8f5e4a5b9f40730c85b.png","type":"skin","rarity":3,"price":2750},"XM1014 | Ancient Lore (Well-Worn)":{"quality":2,"skin":"Ancient Lore","weapon":"XM1014","short":"XM1014 | Ancient Lore","name":"XM1014 | Ancient Lore (Well-Worn)","src":"https://steamcdn-a.akamaihd.net/apps/730/icons/econ/default_generated/weapon_xm1014_am_ancient_warm_light_large.9a53c1b2db897b005c56b8f5e4a5b9f40730c85b.png","type":"skin","rarity":3,"price":3217},"XM1014 | Ancient Lore (Battle-Scarred)":{"quality":1,"skin":"Ancient Lore","weapon":"XM1014","short":"XM1014 | Ancient Lore","name":"XM1014 | Ancient Lore (Battle-Scarred)","src":"https://steamcdn-a.akamaihd.net/apps/730/icons/econ/default_generated/weapon_xm1014_am_ancient_warm_light_large.9a53c1b2db897b005c56b8f5e4a5b9f40730c85b.png","type":"skin","rarity":3,"price":5085},"Souvenir XM1014 | Ancient Lore (Factory New)":{"souvenir":true,"quality":5,"skin":"Ancient Lore","weapon":"XM1014","short":"XM1014 | Ancient Lore","name":"Souvenir XM1014 | Ancient Lore (Factory New)","src":"https://steamcdn-a.akamaihd.net/apps/730/icons/econ/default_generated/weapon_xm1014_am_ancient_warm_light_large.9a53c1b2db897b005c56b8f5e4a5b9f40730c85b.png","type":"skin","rarity":3,"price":495},"Souvenir XM1014 | Ancient Lore (Minimal Wear)":{"souvenir":true,"quality":4,"skin":"Ancient Lore","weapon":"XM1014","short":"XM1014 | Ancient Lore","name":"Souvenir XM1014 | Ancient Lore (Minimal Wear)","src":"https://steamcdn-a.akamaihd.net/apps/730/icons/econ/default_generated/weapon_xm1014_am_ancient_warm_light_large.9a53c1b2db897b005c56b8f5e4a5b9f40730c85b.png","type":"skin","rarity":3,"price":206},"Souvenir XM1014 | Ancient Lore (Field-Tested)":{"souvenir":true,"quality":3,"skin":"Ancient Lore","weapon":"XM1014","short":"XM1014 | Ancient Lore","name":"Souvenir XM1014 | Ancient Lore (Field-Tested)","src":"https://steamcdn-a.akamaihd.net/apps/730/icons/econ/default_generated/weapon_xm1014_am_ancient_warm_light_large.9a53c1b2db897b005c56b8f5e4a5b9f40730c85b.png","type":"skin","rarity":3,"price":151},"Souvenir XM1014 | Ancient Lore (Well-Worn)":{"souvenir":true,"quality":2,"skin":"Ancient Lore","weapon":"XM1014","short":"XM1014 | Ancient Lore","name":"Souvenir XM1014 | Ancient Lore (Well-Worn)","src":"https://steamcdn-a.akamaihd.net/apps/730/icons/econ/default_generated/weapon_xm1014_am_ancient_warm_light_large.9a53c1b2db897b005c56b8f5e4a5b9f40730c85b.png","type":"skin","rarity":3,"price":166},"Souvenir XM1014 | Ancient Lore (Battle-Scarred)":{"souvenir":true,"quality":1,"skin":"Ancient Lore","weapon":"XM1014","short":"XM1014 | Ancient Lore","name":"Souvenir XM1014 | Ancient Lore (Battle-Scarred)","src":"https://steamcdn-a.akamaihd.net/apps/730/icons/econ/default_generated/weapon_xm1014_am_ancient_warm_light_large.9a53c1b2db897b005c56b8f5e4a5b9f40730c85b.png","type":"skin","rarity":3,"price":602},"XM1014 | Ancient Lore":{"souvenirAvailable":true,"masterItem":true,"qualities":[5,4,3,2,1],"skin":"Ancient Lore","weapon":"XM1014","short":"XM1014 | Ancient Lore","name":"XM1014 | Ancient Lore","src":"https://steamcdn-a.akamaihd.net/apps/730/icons/econ/default_generated/weapon_xm1014_am_ancient_warm_light_large.9a53c1b2db897b005c56b8f5e4a5b9f40730c85b.png","type":"skin","rarity":3,"price":5085,"minPrice":151},"SG 553 | Lush Ruins (Factory New)":{"quality":5,"skin":"Lush Ruins","weapon":"SG 553","short":"SG 553 | Lush Ruins","name":"SG 553 | Lush Ruins (Factory New)","src":"https://steamcdn-a.akamaihd.net/apps/730/icons/econ/default_generated/weapon_sg556_aa_ruins_green_light_large.47e5a2fdd296f5dbdcf3e14ec2a09be699bab8b8.png","type":"skin","rarity":0,"price":17},"SG 553 | Lush Ruins (Minimal Wear)":{"quality":4,"skin":"Lush Ruins","weapon":"SG 553","short":"SG 553 | Lush Ruins","name":"SG 553 | Lush Ruins (Minimal Wear)","src":"https://steamcdn-a.akamaihd.net/apps/730/icons/econ/default_generated/weapon_sg556_aa_ruins_green_light_large.47e5a2fdd296f5dbdcf3e14ec2a09be699bab8b8.png","type":"skin","rarity":0,"price":9},"SG 553 | Lush Ruins (Field-Tested)":{"quality":3,"skin":"Lush Ruins","weapon":"SG 553","short":"SG 553 | Lush Ruins","name":"SG 553 | Lush Ruins (Field-Tested)","src":"https://steamcdn-a.akamaihd.net/apps/730/icons/econ/default_generated/weapon_sg556_aa_ruins_green_light_large.47e5a2fdd296f5dbdcf3e14ec2a09be699bab8b8.png","type":"skin","rarity":0,"price":8},"SG 553 | Lush Ruins (Well-Worn)":{"quality":2,"skin":"Lush Ruins","weapon":"SG 553","short":"SG 553 | Lush Ruins","name":"SG 553 | Lush Ruins (Well-Worn)","src":"https://steamcdn-a.akamaihd.net/apps/730/icons/econ/default_generated/weapon_sg556_aa_ruins_green_light_large.47e5a2fdd296f5dbdcf3e14ec2a09be699bab8b8.png","type":"skin","rarity":0,"price":22},"SG 553 | Lush Ruins (Battle-Scarred)":{"quality":1,"skin":"Lush Ruins","weapon":"SG 553","short":"SG 553 | Lush Ruins","name":"SG 553 | Lush Ruins (Battle-Scarred)","src":"https://steamcdn-a.akamaihd.net/apps/730/icons/econ/default_generated/weapon_sg556_aa_ruins_green_light_large.47e5a2fdd296f5dbdcf3e14ec2a09be699bab8b8.png","type":"skin","rarity":0,"price":8},"Souvenir SG 553 | Lush Ruins (Factory New)":{"souvenir":true,"quality":5,"skin":"Lush Ruins","weapon":"SG 553","short":"SG 553 | Lush Ruins","name":"Souvenir SG 553 | Lush Ruins (Factory New)","src":"https://steamcdn-a.akamaihd.net/apps/730/icons/econ/default_generated/weapon_sg556_aa_ruins_green_light_large.47e5a2fdd296f5dbdcf3e14ec2a09be699bab8b8.png","type":"skin","rarity":0,"price":31},"Souvenir SG 553 | Lush Ruins (Minimal Wear)":{"souvenir":true,"quality":4,"skin":"Lush Ruins","weapon":"SG 553","short":"SG 553 | Lush Ruins","name":"Souvenir SG 553 | Lush Ruins (Minimal Wear)","src":"https://steamcdn-a.akamaihd.net/apps/730/icons/econ/default_generated/weapon_sg556_aa_ruins_green_light_large.47e5a2fdd296f5dbdcf3e14ec2a09be699bab8b8.png","type":"skin","rarity":0,"price":7},"Souvenir SG 553 | Lush Ruins (Field-Tested)":{"souvenir":true,"quality":3,"skin":"Lush Ruins","weapon":"SG 553","short":"SG 553 | Lush Ruins","name":"Souvenir SG 553 | Lush Ruins (Field-Tested)","src":"https://steamcdn-a.akamaihd.net/apps/730/icons/econ/default_generated/weapon_sg556_aa_ruins_green_light_large.47e5a2fdd296f5dbdcf3e14ec2a09be699bab8b8.png","type":"skin","rarity":0,"price":4},"Souvenir SG 553 | Lush Ruins (Well-Worn)":{"souvenir":true,"quality":2,"skin":"Lush Ruins","weapon":"SG 553","short":"SG 553 | Lush Ruins","name":"Souvenir SG 553 | Lush Ruins (Well-Worn)","src":"https://steamcdn-a.akamaihd.net/apps/730/icons/econ/default_generated/weapon_sg556_aa_ruins_green_light_large.47e5a2fdd296f5dbdcf3e14ec2a09be699bab8b8.png","type":"skin","rarity":0,"price":5},"Souvenir SG 553 | Lush Ruins (Battle-Scarred)":{"souvenir":true,"quality":1,"skin":"Lush Ruins","weapon":"SG 553","short":"SG 553 | Lush Ruins","name":"Souvenir SG 553 | Lush Ruins (Battle-Scarred)","src":"https://steamcdn-a.akamaihd.net/apps/730/icons/econ/default_generated/weapon_sg556_aa_ruins_green_light_large.47e5a2fdd296f5dbdcf3e14ec2a09be699bab8b8.png","type":"skin","rarity":0,"price":5},"SG 553 | Lush Ruins":{"souvenirAvailable":true,"masterItem":true,"qualities":[5,4,3,2,1],"skin":"Lush Ruins","weapon":"SG 553","short":"SG 553 | Lush Ruins","name":"SG 553 | Lush Ruins","src":"https://steamcdn-a.akamaihd.net/apps/730/icons/econ/default_generated/weapon_sg556_aa_ruins_green_light_large.47e5a2fdd296f5dbdcf3e14ec2a09be699bab8b8.png","type":"skin","rarity":0,"price":31,"minPrice":4},"AUG | Carved Jade (Factory New)":{"quality":5,"skin":"Carved Jade","weapon":"AUG","short":"AUG | Carved Jade","name":"AUG | Carved Jade (Factory New)","src":"https://steamcdn-a.akamaihd.net/apps/730/icons/econ/default_generated/weapon_aug_am_jade_light_large.e7c37922ef1bc669b9bd16d5bee5d309d97aa0e2.png","type":"skin","rarity":2,"price":557},"AUG | Carved Jade (Minimal Wear)":{"quality":4,"skin":"Carved Jade","weapon":"AUG","short":"AUG | Carved Jade","name":"AUG | Carved Jade (Minimal Wear)","src":"https://steamcdn-a.akamaihd.net/apps/730/icons/econ/default_generated/weapon_aug_am_jade_light_large.e7c37922ef1bc669b9bd16d5bee5d309d97aa0e2.png","type":"skin","rarity":2,"price":467},"AUG | Carved Jade (Field-Tested)":{"quality":3,"skin":"Carved Jade","weapon":"AUG","short":"AUG | Carved Jade","name":"AUG | Carved Jade (Field-Tested)","src":"https://steamcdn-a.akamaihd.net/apps/730/icons/econ/default_generated/weapon_aug_am_jade_light_large.e7c37922ef1bc669b9bd16d5bee5d309d97aa0e2.png","type":"skin","rarity":2,"price":522},"Souvenir AUG | Carved Jade (Factory New)":{"souvenir":true,"quality":5,"skin":"Carved Jade","weapon":"AUG","short":"AUG | Carved Jade","name":"Souvenir AUG | Carved Jade (Factory New)","src":"https://steamcdn-a.akamaihd.net/apps/730/icons/econ/default_generated/weapon_aug_am_jade_light_large.e7c37922ef1bc669b9bd16d5bee5d309d97aa0e2.png","type":"skin","rarity":2,"price":461},"Souvenir AUG | Carved Jade (Minimal Wear)":{"souvenir":true,"quality":4,"skin":"Carved Jade","weapon":"AUG","short":"AUG | Carved Jade","name":"Souvenir AUG | Carved Jade (Minimal Wear)","src":"https://steamcdn-a.akamaihd.net/apps/730/icons/econ/default_generated/weapon_aug_am_jade_light_large.e7c37922ef1bc669b9bd16d5bee5d309d97aa0e2.png","type":"skin","rarity":2,"price":264},"Souvenir AUG | Carved Jade (Field-Tested)":{"souvenir":true,"quality":3,"skin":"Carved Jade","weapon":"AUG","short":"AUG | Carved Jade","name":"Souvenir AUG | Carved Jade (Field-Tested)","src":"https://steamcdn-a.akamaihd.net/apps/730/icons/econ/default_generated/weapon_aug_am_jade_light_large.e7c37922ef1bc669b9bd16d5bee5d309d97aa0e2.png","type":"skin","rarity":2,"price":174},"AUG | Carved Jade":{"souvenirAvailable":true,"masterItem":true,"qualities":[5,4,3],"skin":"Carved Jade","weapon":"AUG","short":"AUG | Carved Jade","name":"AUG | Carved Jade","src":"https://steamcdn-a.akamaihd.net/apps/730/icons/econ/default_generated/weapon_aug_am_jade_light_large.e7c37922ef1bc669b9bd16d5bee5d309d97aa0e2.png","type":"skin","rarity":2,"price":557,"minPrice":174},"Nova | Army Sheen (Factory New)":{"quality":5,"skin":"Army Sheen","weapon":"Nova","short":"Nova | Army Sheen","name":"Nova | Army Sheen (Factory New)","src":"https://steamcdn-a.akamaihd.net/apps/730/icons/econ/default_generated/weapon_nova_am_army_shine_light_large.cbdf89414f6dd35c2de30d0cda9a6d84fbd32289.png","type":"skin","rarity":0,"price":14},"Nova | Army Sheen (Minimal Wear)":{"quality":4,"skin":"Army Sheen","weapon":"Nova","short":"Nova | Army Sheen","name":"Nova | Army Sheen (Minimal Wear)","src":"https://steamcdn-a.akamaihd.net/apps/730/icons/econ/default_generated/weapon_nova_am_army_shine_light_large.cbdf89414f6dd35c2de30d0cda9a6d84fbd32289.png","type":"skin","rarity":0,"price":9},"Nova | Army Sheen (Field-Tested)":{"quality":3,"skin":"Army Sheen","weapon":"Nova","short":"Nova | Army Sheen","name":"Nova | Army Sheen (Field-Tested)","src":"https://steamcdn-a.akamaihd.net/apps/730/icons/econ/default_generated/weapon_nova_am_army_shine_light_large.cbdf89414f6dd35c2de30d0cda9a6d84fbd32289.png","type":"skin","rarity":0,"price":9},"Souvenir Nova | Army Sheen (Factory New)":{"souvenir":true,"quality":5,"skin":"Army Sheen","weapon":"Nova","short":"Nova | Army Sheen","name":"Souvenir Nova | Army Sheen (Factory New)","src":"https://steamcdn-a.akamaihd.net/apps/730/icons/econ/default_generated/weapon_nova_am_army_shine_light_large.cbdf89414f6dd35c2de30d0cda9a6d84fbd32289.png","type":"skin","rarity":0,"price":5},"Souvenir Nova | Army Sheen (Minimal Wear)":{"souvenir":true,"quality":4,"skin":"Army Sheen","weapon":"Nova","short":"Nova | Army Sheen","name":"Souvenir Nova | Army Sheen (Minimal Wear)","src":"https://steamcdn-a.akamaihd.net/apps/730/icons/econ/default_generated/weapon_nova_am_army_shine_light_large.cbdf89414f6dd35c2de30d0cda9a6d84fbd32289.png","type":"skin","rarity":0,"price":3},"Souvenir Nova | Army Sheen (Field-Tested)":{"souvenir":true,"quality":3,"skin":"Army Sheen","weapon":"Nova","short":"Nova | Army Sheen","name":"Souvenir Nova | Army Sheen (Field-Tested)","src":"https://steamcdn-a.akamaihd.net/apps/730/icons/econ/default_generated/weapon_nova_am_army_shine_light_large.cbdf89414f6dd35c2de30d0cda9a6d84fbd32289.png","type":"skin","rarity":0,"price":3},"Nova | Army Sheen":{"souvenirAvailable":true,"masterItem":true,"qualities":[5,4,3],"skin":"Army Sheen","weapon":"Nova","short":"Nova | Army Sheen","name":"Nova | Army Sheen","src":"https://steamcdn-a.akamaihd.net/apps/730/icons/econ/default_generated/weapon_nova_am_army_shine_light_large.cbdf89414f6dd35c2de30d0cda9a6d84fbd32289.png","type":"skin","rarity":0,"price":14,"minPrice":3},"M4A1-S | Welcome to the Jungle (Factory New)":{"quality":5,"skin":"Welcome to the Jungle","weapon":"M4A1-S","short":"M4A1-S | Welcome to the Jungle","name":"M4A1-S | Welcome to the Jungle (Factory New)","src":"https://steamcdn-a.akamaihd.net/apps/730/icons/econ/default_generated/weapon_m4a1_silencer_cu_m4a1_snake_light_large.fcdef378938398a506d3e173e766322579867e74.png","type":"skin","rarity":5,"price":9186},"M4A1-S | Welcome to the Jungle (Minimal Wear)":{"quality":4,"skin":"Welcome to the Jungle","weapon":"M4A1-S","short":"M4A1-S | Welcome to the Jungle","name":"M4A1-S | Welcome to the Jungle (Minimal Wear)","src":"https://steamcdn-a.akamaihd.net/apps/730/icons/econ/default_generated/weapon_m4a1_silencer_cu_m4a1_snake_light_large.fcdef378938398a506d3e173e766322579867e74.png","type":"skin","rarity":5,"price":6375},"M4A1-S | Welcome to the Jungle (Field-Tested)":{"quality":3,"skin":"Welcome to the Jungle","weapon":"M4A1-S","short":"M4A1-S | Welcome to the Jungle","name":"M4A1-S | Welcome to the Jungle (Field-Tested)","src":"https://steamcdn-a.akamaihd.net/apps/730/icons/econ/default_generated/weapon_m4a1_silencer_cu_m4a1_snake_light_large.fcdef378938398a506d3e173e766322579867e74.png","type":"skin","rarity":5,"price":136877},"M4A1-S | Welcome to the Jungle (Well-Worn)":{"quality":2,"skin":"Welcome to the Jungle","weapon":"M4A1-S","short":"M4A1-S | Welcome to the Jungle","name":"M4A1-S | Welcome to the Jungle (Well-Worn)","src":"https://steamcdn-a.akamaihd.net/apps/730/icons/econ/default_generated/weapon_m4a1_silencer_cu_m4a1_snake_light_large.fcdef378938398a506d3e173e766322579867e74.png","type":"skin","rarity":5,"price":75140},"M4A1-S | Welcome to the Jungle (Battle-Scarred)":{"quality":1,"skin":"Welcome to the Jungle","weapon":"M4A1-S","short":"M4A1-S | Welcome to the Jungle","name":"M4A1-S | Welcome to the Jungle (Battle-Scarred)","src":"https://steamcdn-a.akamaihd.net/apps/730/icons/econ/default_generated/weapon_m4a1_silencer_cu_m4a1_snake_light_large.fcdef378938398a506d3e173e766322579867e74.png","type":"skin","rarity":5,"price":73997},"Souvenir M4A1-S | Welcome to the Jungle (Factory New)":{"souvenir":true,"quality":5,"skin":"Welcome to the Jungle","weapon":"M4A1-S","short":"M4A1-S | Welcome to the Jungle","name":"Souvenir M4A1-S | Welcome to the Jungle (Factory New)","src":"https://steamcdn-a.akamaihd.net/apps/730/icons/econ/default_generated/weapon_m4a1_silencer_cu_m4a1_snake_light_large.fcdef378938398a506d3e173e766322579867e74.png","type":"skin","rarity":5,"price":9262},"Souvenir M4A1-S | Welcome to the Jungle (Minimal Wear)":{"souvenir":true,"quality":4,"skin":"Welcome to the Jungle","weapon":"M4A1-S","short":"M4A1-S | Welcome to the Jungle","name":"Souvenir M4A1-S | Welcome to the Jungle (Minimal Wear)","src":"https://steamcdn-a.akamaihd.net/apps/730/icons/econ/default_generated/weapon_m4a1_silencer_cu_m4a1_snake_light_large.fcdef378938398a506d3e173e766322579867e74.png","type":"skin","rarity":5,"price":5706},"Souvenir M4A1-S | Welcome to the Jungle (Field-Tested)":{"souvenir":true,"quality":3,"skin":"Welcome to the Jungle","weapon":"M4A1-S","short":"M4A1-S | Welcome to the Jungle","name":"Souvenir M4A1-S | Welcome to the Jungle (Field-Tested)","src":"https://steamcdn-a.akamaihd.net/apps/730/icons/econ/default_generated/weapon_m4a1_silencer_cu_m4a1_snake_light_large.fcdef378938398a506d3e173e766322579867e74.png","type":"skin","rarity":5,"price":6828},"Souvenir M4A1-S | Welcome to the Jungle (Well-Worn)":{"souvenir":true,"quality":2,"skin":"Welcome to the Jungle","weapon":"M4A1-S","short":"M4A1-S | Welcome to the Jungle","name":"Souvenir M4A1-S | Welcome to the Jungle (Well-Worn)","src":"https://steamcdn-a.akamaihd.net/apps/730/icons/econ/default_generated/weapon_m4a1_silencer_cu_m4a1_snake_light_large.fcdef378938398a506d3e173e766322579867e74.png","type":"skin","rarity":5,"price":4881},"Souvenir M4A1-S | Welcome to the Jungle (Battle-Scarred)":{"souvenir":true,"quality":1,"skin":"Welcome to the Jungle","weapon":"M4A1-S","short":"M4A1-S | Welcome to the Jungle","name":"Souvenir M4A1-S | Welcome to the Jungle (Battle-Scarred)","src":"https://steamcdn-a.akamaihd.net/apps/730/icons/econ/default_generated/weapon_m4a1_silencer_cu_m4a1_snake_light_large.fcdef378938398a506d3e173e766322579867e74.png","type":"skin","rarity":5,"price":4487},"M4A1-S | Welcome to the Jungle":{"souvenirAvailable":true,"masterItem":true,"qualities":[5,4,3,2,1],"skin":"Welcome to the Jungle","weapon":"M4A1-S","short":"M4A1-S | Welcome to the Jungle","name":"M4A1-S | Welcome to the Jungle","src":"https://steamcdn-a.akamaihd.net/apps/730/icons/econ/default_generated/weapon_m4a1_silencer_cu_m4a1_snake_light_large.fcdef378938398a506d3e173e766322579867e74.png","type":"skin","rarity":5,"price":136877,"minPrice":4487},"P2000 | Panther Camo (Factory New)":{"quality":5,"skin":"Panther Camo","weapon":"P2000","short":"P2000 | Panther Camo","name":"P2000 | Panther Camo (Factory New)","src":"https://steamcdn-a.akamaihd.net/apps/730/icons/econ/default_generated/weapon_hkp2000_am_black_panther_light_large.6b1ddf6071adab6685bff33fb5b586267ee0f907.png","type":"skin","rarity":1,"price":75},"P2000 | Panther Camo (Minimal Wear)":{"quality":4,"skin":"Panther Camo","weapon":"P2000","short":"P2000 | Panther Camo","name":"P2000 | Panther Camo (Minimal Wear)","src":"https://steamcdn-a.akamaihd.net/apps/730/icons/econ/default_generated/weapon_hkp2000_am_black_panther_light_large.6b1ddf6071adab6685bff33fb5b586267ee0f907.png","type":"skin","rarity":1,"price":72},"P2000 | Panther Camo (Field-Tested)":{"quality":3,"skin":"Panther Camo","weapon":"P2000","short":"P2000 | Panther Camo","name":"P2000 | Panther Camo (Field-Tested)","src":"https://steamcdn-a.akamaihd.net/apps/730/icons/econ/default_generated/weapon_hkp2000_am_black_panther_light_large.6b1ddf6071adab6685bff33fb5b586267ee0f907.png","type":"skin","rarity":1,"price":67},"P2000 | Panther Camo (Well-Worn)":{"quality":2,"skin":"Panther Camo","weapon":"P2000","short":"P2000 | Panther Camo","name":"P2000 | Panther Camo (Well-Worn)","src":"https://steamcdn-a.akamaihd.net/apps/730/icons/econ/default_generated/weapon_hkp2000_am_black_panther_light_large.6b1ddf6071adab6685bff33fb5b586267ee0f907.png","type":"skin","rarity":1,"price":85},"P2000 | Panther Camo (Battle-Scarred)":{"quality":1,"skin":"Panther Camo","weapon":"P2000","short":"P2000 | Panther Camo","name":"P2000 | Panther Camo (Battle-Scarred)","src":"https://steamcdn-a.akamaihd.net/apps/730/icons/econ/default_generated/weapon_hkp2000_am_black_panther_light_large.6b1ddf6071adab6685bff33fb5b586267ee0f907.png","type":"skin","rarity":1,"price":63},"Souvenir P2000 | Panther Camo (Factory New)":{"souvenir":true,"quality":5,"skin":"Panther Camo","weapon":"P2000","short":"P2000 | Panther Camo","name":"Souvenir P2000 | Panther Camo (Factory New)","src":"https://steamcdn-a.akamaihd.net/apps/730/icons/econ/default_generated/weapon_hkp2000_am_black_panther_light_large.6b1ddf6071adab6685bff33fb5b586267ee0f907.png","type":"skin","rarity":1,"price":34},"Souvenir P2000 | Panther Camo (Minimal Wear)":{"souvenir":true,"quality":4,"skin":"Panther Camo","weapon":"P2000","short":"P2000 | Panther Camo","name":"Souvenir P2000 | Panther Camo (Minimal Wear)","src":"https://steamcdn-a.akamaihd.net/apps/730/icons/econ/default_generated/weapon_hkp2000_am_black_panther_light_large.6b1ddf6071adab6685bff33fb5b586267ee0f907.png","type":"skin","rarity":1,"price":18},"Souvenir P2000 | Panther Camo (Field-Tested)":{"souvenir":true,"quality":3,"skin":"Panther Camo","weapon":"P2000","short":"P2000 | Panther Camo","name":"Souvenir P2000 | Panther Camo (Field-Tested)","src":"https://steamcdn-a.akamaihd.net/apps/730/icons/econ/default_generated/weapon_hkp2000_am_black_panther_light_large.6b1ddf6071adab6685bff33fb5b586267ee0f907.png","type":"skin","rarity":1,"price":8},"Souvenir P2000 | Panther Camo (Well-Worn)":{"souvenir":true,"quality":2,"skin":"Panther Camo","weapon":"P2000","short":"P2000 | Panther Camo","name":"Souvenir P2000 | Panther Camo (Well-Worn)","src":"https://steamcdn-a.akamaihd.net/apps/730/icons/econ/default_generated/weapon_hkp2000_am_black_panther_light_large.6b1ddf6071adab6685bff33fb5b586267ee0f907.png","type":"skin","rarity":1,"price":12},"Souvenir P2000 | Panther Camo (Battle-Scarred)":{"souvenir":true,"quality":1,"skin":"Panther Camo","weapon":"P2000","short":"P2000 | Panther Camo","name":"Souvenir P2000 | Panther Camo (Battle-Scarred)","src":"https://steamcdn-a.akamaihd.net/apps/730/icons/econ/default_generated/weapon_hkp2000_am_black_panther_light_large.6b1ddf6071adab6685bff33fb5b586267ee0f907.png","type":"skin","rarity":1,"price":10},"P2000 | Panther Camo":{"souvenirAvailable":true,"masterItem":true,"qualities":[5,4,3,2,1],"skin":"Panther Camo","weapon":"P2000","short":"P2000 | Panther Camo","name":"P2000 | Panther Camo","src":"https://steamcdn-a.akamaihd.net/apps/730/icons/econ/default_generated/weapon_hkp2000_am_black_panther_light_large.6b1ddf6071adab6685bff33fb5b586267ee0f907.png","type":"skin","rarity":1,"price":85,"minPrice":8},"Tec-9 | Blast From the Past (Factory New)":{"quality":5,"skin":"Blast From the Past","weapon":"Tec-9","short":"Tec-9 | Blast From the Past","name":"Tec-9 | Blast From the Past (Factory New)","src":"https://steamcdn-a.akamaihd.net/apps/730/icons/econ/default_generated/weapon_tec9_hy_ancient_tiles_peach_light_large.9ad93bd41f7436005b4fd4d4bbf6815e4dae39c9.png","type":"skin","rarity":2,"price":562},"Tec-9 | Blast From the Past (Minimal Wear)":{"quality":4,"skin":"Blast From the Past","weapon":"Tec-9","short":"Tec-9 | Blast From the Past","name":"Tec-9 | Blast From the Past (Minimal Wear)","src":"https://steamcdn-a.akamaihd.net/apps/730/icons/econ/default_generated/weapon_tec9_hy_ancient_tiles_peach_light_large.9ad93bd41f7436005b4fd4d4bbf6815e4dae39c9.png","type":"skin","rarity":2,"price":495},"Tec-9 | Blast From the Past (Field-Tested)":{"quality":3,"skin":"Blast From the Past","weapon":"Tec-9","short":"Tec-9 | Blast From the Past","name":"Tec-9 | Blast From the Past (Field-Tested)","src":"https://steamcdn-a.akamaihd.net/apps/730/icons/econ/default_generated/weapon_tec9_hy_ancient_tiles_peach_light_large.9ad93bd41f7436005b4fd4d4bbf6815e4dae39c9.png","type":"skin","rarity":2,"price":461},"Tec-9 | Blast From the Past (Well-Worn)":{"quality":2,"skin":"Blast From the Past","weapon":"Tec-9","short":"Tec-9 | Blast From the Past","name":"Tec-9 | Blast From the Past (Well-Worn)","src":"https://steamcdn-a.akamaihd.net/apps/730/icons/econ/default_generated/weapon_tec9_hy_ancient_tiles_peach_light_large.9ad93bd41f7436005b4fd4d4bbf6815e4dae39c9.png","type":"skin","rarity":2,"price":800},"Tec-9 | Blast From the Past (Battle-Scarred)":{"quality":1,"skin":"Blast From the Past","weapon":"Tec-9","short":"Tec-9 | Blast From the Past","name":"Tec-9 | Blast From the Past (Battle-Scarred)","src":"https://steamcdn-a.akamaihd.net/apps/730/icons/econ/default_generated/weapon_tec9_hy_ancient_tiles_peach_light_large.9ad93bd41f7436005b4fd4d4bbf6815e4dae39c9.png","type":"skin","rarity":2,"price":464},"Souvenir Tec-9 | Blast From the Past (Factory New)":{"souvenir":true,"quality":5,"skin":"Blast From the Past","weapon":"Tec-9","short":"Tec-9 | Blast From the Past","name":"Souvenir Tec-9 | Blast From the Past (Factory New)","src":"https://steamcdn-a.akamaihd.net/apps/730/icons/econ/default_generated/weapon_tec9_hy_ancient_tiles_peach_light_large.9ad93bd41f7436005b4fd4d4bbf6815e4dae39c9.png","type":"skin","rarity":2,"price":222},"Souvenir Tec-9 | Blast From the Past (Minimal Wear)":{"souvenir":true,"quality":4,"skin":"Blast From the Past","weapon":"Tec-9","short":"Tec-9 | Blast From the Past","name":"Souvenir Tec-9 | Blast From the Past (Minimal Wear)","src":"https://steamcdn-a.akamaihd.net/apps/730/icons/econ/default_generated/weapon_tec9_hy_ancient_tiles_peach_light_large.9ad93bd41f7436005b4fd4d4bbf6815e4dae39c9.png","type":"skin","rarity":2,"price":81},"Souvenir Tec-9 | Blast From the Past (Field-Tested)":{"souvenir":true,"quality":3,"skin":"Blast From the Past","weapon":"Tec-9","short":"Tec-9 | Blast From the Past","name":"Souvenir Tec-9 | Blast From the Past (Field-Tested)","src":"https://steamcdn-a.akamaihd.net/apps/730/icons/econ/default_generated/weapon_tec9_hy_ancient_tiles_peach_light_large.9ad93bd41f7436005b4fd4d4bbf6815e4dae39c9.png","type":"skin","rarity":2,"price":48},"Souvenir Tec-9 | Blast From the Past (Well-Worn)":{"souvenir":true,"quality":2,"skin":"Blast From the Past","weapon":"Tec-9","short":"Tec-9 | Blast From the Past","name":"Souvenir Tec-9 | Blast From the Past (Well-Worn)","src":"https://steamcdn-a.akamaihd.net/apps/730/icons/econ/default_generated/weapon_tec9_hy_ancient_tiles_peach_light_large.9ad93bd41f7436005b4fd4d4bbf6815e4dae39c9.png","type":"skin","rarity":2,"price":81},"Souvenir Tec-9 | Blast From the Past (Battle-Scarred)":{"souvenir":true,"quality":1,"skin":"Blast From the Past","weapon":"Tec-9","short":"Tec-9 | Blast From the Past","name":"Souvenir Tec-9 | Blast From the Past (Battle-Scarred)","src":"https://steamcdn-a.akamaihd.net/apps/730/icons/econ/default_generated/weapon_tec9_hy_ancient_tiles_peach_light_large.9ad93bd41f7436005b4fd4d4bbf6815e4dae39c9.png","type":"skin","rarity":2,"price":53},"Tec-9 | Blast From the Past":{"souvenirAvailable":true,"masterItem":true,"qualities":[5,4,3,2,1],"skin":"Blast From the Past","weapon":"Tec-9","short":"Tec-9 | Blast From the Past","name":"Tec-9 | Blast From the Past","src":"https://steamcdn-a.akamaihd.net/apps/730/icons/econ/default_generated/weapon_tec9_hy_ancient_tiles_peach_light_large.9ad93bd41f7436005b4fd4d4bbf6815e4dae39c9.png","type":"skin","rarity":2,"price":800,"minPrice":48},"SSG 08 | Jungle Dashed (Factory New)":{"quality":5,"skin":"Jungle Dashed","weapon":"SSG 08","short":"SSG 08 | Jungle Dashed","name":"SSG 08 | Jungle Dashed (Factory New)","src":"https://steamcdn-a.akamaihd.net/apps/730/icons/econ/default_generated/weapon_ssg08_sp_tape_short_jungle_light_large.4623c92c91eaa0ef45e9c09d828bbeb926dcb1c6.png","type":"skin","rarity":0,"price":102},"SSG 08 | Jungle Dashed (Minimal Wear)":{"quality":4,"skin":"Jungle Dashed","weapon":"SSG 08","short":"SSG 08 | Jungle Dashed","name":"SSG 08 | Jungle Dashed (Minimal Wear)","src":"https://steamcdn-a.akamaihd.net/apps/730/icons/econ/default_generated/weapon_ssg08_sp_tape_short_jungle_light_large.4623c92c91eaa0ef45e9c09d828bbeb926dcb1c6.png","type":"skin","rarity":0,"price":8},"SSG 08 | Jungle Dashed (Field-Tested)":{"quality":3,"skin":"Jungle Dashed","weapon":"SSG 08","short":"SSG 08 | Jungle Dashed","name":"SSG 08 | Jungle Dashed (Field-Tested)","src":"https://steamcdn-a.akamaihd.net/apps/730/icons/econ/default_generated/weapon_ssg08_sp_tape_short_jungle_light_large.4623c92c91eaa0ef45e9c09d828bbeb926dcb1c6.png","type":"skin","rarity":0,"price":7},"SSG 08 | Jungle Dashed (Well-Worn)":{"quality":2,"skin":"Jungle Dashed","weapon":"SSG 08","short":"SSG 08 | Jungle Dashed","name":"SSG 08 | Jungle Dashed (Well-Worn)","src":"https://steamcdn-a.akamaihd.net/apps/730/icons/econ/default_generated/weapon_ssg08_sp_tape_short_jungle_light_large.4623c92c91eaa0ef45e9c09d828bbeb926dcb1c6.png","type":"skin","rarity":0,"price":11},"SSG 08 | Jungle Dashed (Battle-Scarred)":{"quality":1,"skin":"Jungle Dashed","weapon":"SSG 08","short":"SSG 08 | Jungle Dashed","name":"SSG 08 | Jungle Dashed (Battle-Scarred)","src":"https://steamcdn-a.akamaihd.net/apps/730/icons/econ/default_generated/weapon_ssg08_sp_tape_short_jungle_light_large.4623c92c91eaa0ef45e9c09d828bbeb926dcb1c6.png","type":"skin","rarity":0,"price":7},"Souvenir SSG 08 | Jungle Dashed (Factory New)":{"souvenir":true,"quality":5,"skin":"Jungle Dashed","weapon":"SSG 08","short":"SSG 08 | Jungle Dashed","name":"Souvenir SSG 08 | Jungle Dashed (Factory New)","src":"https://steamcdn-a.akamaihd.net/apps/730/icons/econ/default_generated/weapon_ssg08_sp_tape_short_jungle_light_large.4623c92c91eaa0ef45e9c09d828bbeb926dcb1c6.png","type":"skin","rarity":0,"price":122},"Souvenir SSG 08 | Jungle Dashed (Minimal Wear)":{"souvenir":true,"quality":4,"skin":"Jungle Dashed","weapon":"SSG 08","short":"SSG 08 | Jungle Dashed","name":"Souvenir SSG 08 | Jungle Dashed (Minimal Wear)","src":"https://steamcdn-a.akamaihd.net/apps/730/icons/econ/default_generated/weapon_ssg08_sp_tape_short_jungle_light_large.4623c92c91eaa0ef45e9c09d828bbeb926dcb1c6.png","type":"skin","rarity":0,"price":7},"Souvenir SSG 08 | Jungle Dashed (Field-Tested)":{"souvenir":true,"quality":3,"skin":"Jungle Dashed","weapon":"SSG 08","short":"SSG 08 | Jungle Dashed","name":"Souvenir SSG 08 | Jungle Dashed (Field-Tested)","src":"https://steamcdn-a.akamaihd.net/apps/730/icons/econ/default_generated/weapon_ssg08_sp_tape_short_jungle_light_large.4623c92c91eaa0ef45e9c09d828bbeb926dcb1c6.png","type":"skin","rarity":0,"price":3},"Souvenir SSG 08 | Jungle Dashed (Well-Worn)":{"souvenir":true,"quality":2,"skin":"Jungle Dashed","weapon":"SSG 08","short":"SSG 08 | Jungle Dashed","name":"Souvenir SSG 08 | Jungle Dashed (Well-Worn)","src":"https://steamcdn-a.akamaihd.net/apps/730/icons/econ/default_generated/weapon_ssg08_sp_tape_short_jungle_light_large.4623c92c91eaa0ef45e9c09d828bbeb926dcb1c6.png","type":"skin","rarity":0,"price":5},"Souvenir SSG 08 | Jungle Dashed (Battle-Scarred)":{"souvenir":true,"quality":1,"skin":"Jungle Dashed","weapon":"SSG 08","short":"SSG 08 | Jungle Dashed","name":"Souvenir SSG 08 | Jungle Dashed (Battle-Scarred)","src":"https://steamcdn-a.akamaihd.net/apps/730/icons/econ/default_generated/weapon_ssg08_sp_tape_short_jungle_light_large.4623c92c91eaa0ef45e9c09d828bbeb926dcb1c6.png","type":"skin","rarity":0,"price":3},"SSG 08 | Jungle Dashed":{"souvenirAvailable":true,"masterItem":true,"qualities":[5,4,3,2,1],"skin":"Jungle Dashed","weapon":"SSG 08","short":"SSG 08 | Jungle Dashed","name":"SSG 08 | Jungle Dashed","src":"https://steamcdn-a.akamaihd.net/apps/730/icons/econ/default_generated/weapon_ssg08_sp_tape_short_jungle_light_large.4623c92c91eaa0ef45e9c09d828bbeb926dcb1c6.png","type":"skin","rarity":0,"price":122,"minPrice":3}}