{
  "The Assault Collection": {
    "name": "The Assault Collection",
    "src": "images/items/collections/assault.webp",
    "price": 30366,
    "type": "case",
    "rarity": 0,
    "content": {
      "items": [
        "Five-SeveN | Candy Apple (Factory New)", "Five-SeveN | Candy Apple (Minimal Wear)",
        "Five-SeveN | Candy Apple (Field-Tested)", "AUG | Hot Rod (Factory New)", "AUG | Hot Rod (Minimal Wear)",
        "Negev | Anodized Navy (Factory New)", "Negev | Anodized Navy (Minimal Wear)", "UMP-45 | Caramel (Factory New)",
        "UMP-45 | Caramel (Minimal Wear)", "UMP-45 | Caramel (Field-Tested)", "UMP-45 | Caramel (Well-Worn)",
        "UMP-45 | Caramel (Battle-Scarred)", "Glock-18 | Fade (Factory New)", "Glock-18 | Fade (Minimal Wear)",
        "MP9 | Bulldozer (Factory New)", "MP9 | Bulldozer (Minimal Wear)", "MP9 | Bulldozer (Field-Tested)",
        "MP9 | Bulldozer (Well-Worn)", "MP9 | Bulldozer (Battle-Scarred)", "SG 553 | Tornado (Factory New)",
        "SG 553 | Tornado (Minimal Wear)", "SG 553 | Tornado (Field-Tested)", "SG 553 | Tornado (Well-Worn)",
        "SG 553 | Tornado (Battle-Scarred)"
      ]
    }
  },
  "Five-SeveN | Candy Apple (Factory New)": {
    "quality": 5,
    "weight": 0.01,
    "skin": "Candy Apple",
    "weapon": "Five-SeveN",
    "short": "Five-SeveN | Candy Apple",
    "name": "Five-SeveN | Candy Apple (Factory New)",
    "src": "https://steamcdn-a.akamaihd.net/apps/730/icons/econ/default_generated/weapon_fiveseven_so_red_light_large.29ae7b2264bd2a390ecf51a51293d2c2202fdea9.png",
    "type": "skin",
    "rarity": 1,
    "price": 5980
  },
  "Five-SeveN | Candy Apple (Minimal Wear)": {
    "quality": 4,
    "weight": 0.01,
    "skin": "Candy Apple",
    "weapon": "Five-SeveN",
    "short": "Five-SeveN | Candy Apple",
    "name": "Five-SeveN | Candy Apple (Minimal Wear)",
    "src": "https://steamcdn-a.akamaihd.net/apps/730/icons/econ/default_generated/weapon_fiveseven_so_red_light_large.29ae7b2264bd2a390ecf51a51293d2c2202fdea9.png",
    "type": "skin",
    "rarity": 1,
    "price": 6812
  },
  "Five-SeveN | Candy Apple (Field-Tested)": {
    "quality": 3,
    "weight": 0.01,
    "skin": "Candy Apple",
    "weapon": "Five-SeveN",
    "short": "Five-SeveN | Candy Apple",
    "name": "Five-SeveN | Candy Apple (Field-Tested)",
    "src": "https://steamcdn-a.akamaihd.net/apps/730/icons/econ/default_generated/weapon_fiveseven_so_red_light_large.29ae7b2264bd2a390ecf51a51293d2c2202fdea9.png",
    "type": "skin",
    "rarity": 1,
    "price": 5804
  },
  "Five-SeveN | Candy Apple": {
    "masterItem": true,
    "qualities": [5, 4, 3],
    "skin": "Candy Apple",
    "weapon": "Five-SeveN",
    "short": "Five-SeveN | Candy Apple",
    "name": "Five-SeveN | Candy Apple",
    "src": "https://steamcdn-a.akamaihd.net/apps/730/icons/econ/default_generated/weapon_fiveseven_so_red_light_large.29ae7b2264bd2a390ecf51a51293d2c2202fdea9.png",
    "type": "skin",
    "rarity": 1,
    "price": 6812,
    "minPrice": 5804
  },
  "AUG | Hot Rod (Factory New)": {
    "quality": 5,
    "weight": 0.01,
    "skin": "Hot Rod",
    "weapon": "AUG",
    "short": "AUG | Hot Rod",
    "name": "AUG | Hot Rod (Factory New)",
    "src": "https://steamcdn-a.akamaihd.net/apps/730/icons/econ/default_generated/weapon_aug_an_red_light_large.9adb894f02aff778fff9188a24eea1f0c8b66685.png",
    "type": "skin",
    "rarity": 2,
    "price": 35022
  },
  "AUG | Hot Rod (Minimal Wear)": {
    "quality": 4,
    "weight": 0.01,
    "skin": "Hot Rod",
    "weapon": "AUG",
    "short": "AUG | Hot Rod",
    "name": "AUG | Hot Rod (Minimal Wear)",
    "src": "https://steamcdn-a.akamaihd.net/apps/730/icons/econ/default_generated/weapon_aug_an_red_light_large.9adb894f02aff778fff9188a24eea1f0c8b66685.png",
    "type": "skin",
    "rarity": 2,
    "price": 288
  },
  "AUG | Hot Rod": {
    "masterItem": true,
    "qualities": [5, 4],
    "skin": "Hot Rod",
    "weapon": "AUG",
    "short": "AUG | Hot Rod",
    "name": "AUG | Hot Rod",
    "src": "https://steamcdn-a.akamaihd.net/apps/730/icons/econ/default_generated/weapon_aug_an_red_light_large.9adb894f02aff778fff9188a24eea1f0c8b66685.png",
    "type": "skin",
    "rarity": 2,
    "price": 35022,
    "minPrice": 288
  },
  "Negev | Anodized Navy (Factory New)": {
    "quality": 5,
    "weight": 0.01,
    "skin": "Anodized Navy",
    "weapon": "Negev",
    "short": "Negev | Anodized Navy",
    "name": "Negev | Anodized Navy (Factory New)",
    "src": "https://steamcdn-a.akamaihd.net/apps/730/icons/econ/default_generated/weapon_negev_an_navy_light_large.5dafc320a35bc04e03bbe0c4e4b1b293398d1bda.png",
    "type": "skin",
    "rarity": 2,
    "price": 45315
  },
  "Negev | Anodized Navy (Minimal Wear)": {
    "quality": 4,
    "weight": 0.01,
    "skin": "Anodized Navy",
    "weapon": "Negev",
    "short": "Negev | Anodized Navy",
    "name": "Negev | Anodized Navy (Minimal Wear)",
    "src": "https://steamcdn-a.akamaihd.net/apps/730/icons/econ/default_generated/weapon_negev_an_navy_light_large.5dafc320a35bc04e03bbe0c4e4b1b293398d1bda.png",
    "type": "skin",
    "rarity": 2,
    "price": 35022
  },
  "Negev | Anodized Navy": {
    "masterItem": true,
    "qualities": [5, 4],
    "skin": "Anodized Navy",
    "weapon": "Negev",
    "short": "Negev | Anodized Navy",
    "name": "Negev | Anodized Navy",
    "src": "https://steamcdn-a.akamaihd.net/apps/730/icons/econ/default_generated/weapon_negev_an_navy_light_large.5dafc320a35bc04e03bbe0c4e4b1b293398d1bda.png",
    "type": "skin",
    "rarity": 2,
    "price": 45315,
    "minPrice": 35022
  },
  "UMP-45 | Caramel (Factory New)": {
    "quality": 5,
    "weight": 0.01,
    "skin": "Caramel",
    "weapon": "UMP-45",
    "short": "UMP-45 | Caramel",
    "name": "UMP-45 | Caramel (Factory New)",
    "src": "https://steamcdn-a.akamaihd.net/apps/730/icons/econ/default_generated/weapon_ump45_so_caramel_light_large.4883dbae989e9c61805aa53ca5a02983f74657b9.png",
    "type": "skin",
    "rarity": 0,
    "price": 2396
  },
  "UMP-45 | Caramel (Minimal Wear)": {
    "quality": 4,
    "weight": 0.01,
    "skin": "Caramel",
    "weapon": "UMP-45",
    "short": "UMP-45 | Caramel",
    "name": "UMP-45 | Caramel (Minimal Wear)",
    "src": "https://steamcdn-a.akamaihd.net/apps/730/icons/econ/default_generated/weapon_ump45_so_caramel_light_large.4883dbae989e9c61805aa53ca5a02983f74657b9.png",
    "type": "skin",
    "rarity": 0,
    "price": 649
  },
  "UMP-45 | Caramel (Field-Tested)": {
    "quality": 3,
    "weight": 0.01,
    "skin": "Caramel",
    "weapon": "UMP-45",
    "short": "UMP-45 | Caramel",
    "name": "UMP-45 | Caramel (Field-Tested)",
    "src": "https://steamcdn-a.akamaihd.net/apps/730/icons/econ/default_generated/weapon_ump45_so_caramel_light_large.4883dbae989e9c61805aa53ca5a02983f74657b9.png",
    "type": "skin",
    "rarity": 0,
    "price": 537
  },
  "UMP-45 | Caramel (Well-Worn)": {
    "quality": 2,
    "weight": 0.01,
    "skin": "Caramel",
    "weapon": "UMP-45",
    "short": "UMP-45 | Caramel",
    "name": "UMP-45 | Caramel (Well-Worn)",
    "src": "https://steamcdn-a.akamaihd.net/apps/730/icons/econ/default_generated/weapon_ump45_so_caramel_light_large.4883dbae989e9c61805aa53ca5a02983f74657b9.png",
    "type": "skin",
    "rarity": 0,
    "price": 616
  },
  "UMP-45 | Caramel (Battle-Scarred)": {
    "quality": 1,
    "weight": 0.01,
    "skin": "Caramel",
    "weapon": "UMP-45",
    "short": "UMP-45 | Caramel",
    "name": "UMP-45 | Caramel (Battle-Scarred)",
    "src": "https://steamcdn-a.akamaihd.net/apps/730/icons/econ/default_generated/weapon_ump45_so_caramel_light_large.4883dbae989e9c61805aa53ca5a02983f74657b9.png",
    "type": "skin",
    "rarity": 0,
    "price": 540
  },
  "UMP-45 | Caramel": {
    "masterItem": true,
    "qualities": [5, 4, 3, 2, 1],
    "skin": "Caramel",
    "weapon": "UMP-45",
    "short": "UMP-45 | Caramel",
    "name": "UMP-45 | Caramel",
    "src": "https://steamcdn-a.akamaihd.net/apps/730/icons/econ/default_generated/weapon_ump45_so_caramel_light_large.4883dbae989e9c61805aa53ca5a02983f74657b9.png",
    "type": "skin",
    "rarity": 0,
    "price": 2396,
    "minPrice": 537
  },
  "Glock-18 | Fade (Factory New)": {
    "quality": 5,
    "weight": 0.01,
    "skin": "Fade",
    "weapon": "Glock-18",
    "short": "Glock-18 | Fade",
    "name": "Glock-18 | Fade (Factory New)",
    "src": "https://steamcdn-a.akamaihd.net/apps/730/icons/econ/default_generated/weapon_glock_aa_fade_light_large.61edcc69ff252d537a4dd14b016cbe826c26ae5b.png",
    "type": "skin",
    "rarity": 3,
    "price": 132284
  },
  "Glock-18 | Fade (Minimal Wear)": {
    "quality": 4,
    "weight": 0.01,
    "skin": "Fade",
    "weapon": "Glock-18",
    "short": "Glock-18 | Fade",
    "name": "Glock-18 | Fade (Minimal Wear)",
    "src": "https://steamcdn-a.akamaihd.net/apps/730/icons/econ/default_generated/weapon_glock_aa_fade_light_large.61edcc69ff252d537a4dd14b016cbe826c26ae5b.png",
    "type": "skin",
    "rarity": 3,
    "price": 1086
  },
  "Glock-18 | Fade": {
    "masterItem": true,
    "qualities": [5, 4],
    "skin": "Fade",
    "weapon": "Glock-18",
    "short": "Glock-18 | Fade",
    "name": "Glock-18 | Fade",
    "src": "https://steamcdn-a.akamaihd.net/apps/730/icons/econ/default_generated/weapon_glock_aa_fade_light_large.61edcc69ff252d537a4dd14b016cbe826c26ae5b.png",
    "type": "skin",
    "rarity": 3,
    "price": 132284,
    "minPrice": 1086
  },
  "MP9 | Bulldozer (Factory New)": {
    "quality": 5,
    "weight": 0.01,
    "skin": "Bulldozer",
    "weapon": "MP9",
    "short": "MP9 | Bulldozer",
    "name": "MP9 | Bulldozer (Factory New)",
    "src": "https://steamcdn-a.akamaihd.net/apps/730/icons/econ/default_generated/weapon_mp9_so_yellow_light_large.dfa50bdf02bccb9002d09c891d41ba65b1ce2d9c.png",
    "type": "skin",
    "rarity": 3,
    "price": 64322
  },
  "MP9 | Bulldozer (Minimal Wear)": {
    "quality": 4,
    "weight": 0.01,
    "skin": "Bulldozer",
    "weapon": "MP9",
    "short": "MP9 | Bulldozer",
    "name": "MP9 | Bulldozer (Minimal Wear)",
    "src": "https://steamcdn-a.akamaihd.net/apps/730/icons/econ/default_generated/weapon_mp9_so_yellow_light_large.dfa50bdf02bccb9002d09c891d41ba65b1ce2d9c.png",
    "type": "skin",
    "rarity": 3,
    "price": 8449
  },
  "MP9 | Bulldozer (Field-Tested)": {
    "quality": 3,
    "weight": 0.01,
    "skin": "Bulldozer",
    "weapon": "MP9",
    "short": "MP9 | Bulldozer",
    "name": "MP9 | Bulldozer (Field-Tested)",
    "src": "https://steamcdn-a.akamaihd.net/apps/730/icons/econ/default_generated/weapon_mp9_so_yellow_light_large.dfa50bdf02bccb9002d09c891d41ba65b1ce2d9c.png",
    "type": "skin",
    "rarity": 3,
    "price": 2657
  },
  "MP9 | Bulldozer (Well-Worn)": {
    "quality": 2,
    "weight": 0.01,
    "skin": "Bulldozer",
    "weapon": "MP9",
    "short": "MP9 | Bulldozer",
    "name": "MP9 | Bulldozer (Well-Worn)",
    "src": "https://steamcdn-a.akamaihd.net/apps/730/icons/econ/default_generated/weapon_mp9_so_yellow_light_large.dfa50bdf02bccb9002d09c891d41ba65b1ce2d9c.png",
    "type": "skin",
    "rarity": 3,
    "price": 2699
  },
  "MP9 | Bulldozer (Battle-Scarred)": {
    "quality": 1,
    "weight": 0.01,
    "skin": "Bulldozer",
    "weapon": "MP9",
    "short": "MP9 | Bulldozer",
    "name": "MP9 | Bulldozer (Battle-Scarred)",
    "src": "https://steamcdn-a.akamaihd.net/apps/730/icons/econ/default_generated/weapon_mp9_so_yellow_light_large.dfa50bdf02bccb9002d09c891d41ba65b1ce2d9c.png",
    "type": "skin",
    "rarity": 3,
    "price": 2067
  },
  "MP9 | Bulldozer": {
    "masterItem": true,
    "qualities": [5, 4, 3, 2, 1],
    "skin": "Bulldozer",
    "weapon": "MP9",
    "short": "MP9 | Bulldozer",
    "name": "MP9 | Bulldozer",
    "src": "https://steamcdn-a.akamaihd.net/apps/730/icons/econ/default_generated/weapon_mp9_so_yellow_light_large.dfa50bdf02bccb9002d09c891d41ba65b1ce2d9c.png",
    "type": "skin",
    "rarity": 3,
    "price": 64322,
    "minPrice": 2067
  },
  "SG 553 | Tornado (Factory New)": {
    "quality": 5,
    "weight": 0.01,
    "skin": "Tornado",
    "weapon": "SG 553",
    "short": "SG 553 | Tornado",
    "name": "SG 553 | Tornado (Factory New)",
    "src": "https://steamcdn-a.akamaihd.net/apps/730/icons/econ/default_generated/weapon_sg556_so_tornado_light_large.32d15282560b205fb387cf876fc19da381951986.png",
    "type": "skin",
    "rarity": 0,
    "price": 1826
  },
  "SG 553 | Tornado (Minimal Wear)": {
    "quality": 4,
    "weight": 0.01,
    "skin": "Tornado",
    "weapon": "SG 553",
    "short": "SG 553 | Tornado",
    "name": "SG 553 | Tornado (Minimal Wear)",
    "src": "https://steamcdn-a.akamaihd.net/apps/730/icons/econ/default_generated/weapon_sg556_so_tornado_light_large.32d15282560b205fb387cf876fc19da381951986.png",
    "type": "skin",
    "rarity": 0,
    "price": 721
  },
  "SG 553 | Tornado (Field-Tested)": {
    "quality": 3,
    "weight": 0.01,
    "skin": "Tornado",
    "weapon": "SG 553",
    "short": "SG 553 | Tornado",
    "name": "SG 553 | Tornado (Field-Tested)",
    "src": "https://steamcdn-a.akamaihd.net/apps/730/icons/econ/default_generated/weapon_sg556_so_tornado_light_large.32d15282560b205fb387cf876fc19da381951986.png",
    "type": "skin",
    "rarity": 0,
    "price": 574
  },
  "SG 553 | Tornado (Well-Worn)": {
    "quality": 2,
    "weight": 0.01,
    "skin": "Tornado",
    "weapon": "SG 553",
    "short": "SG 553 | Tornado",
    "name": "SG 553 | Tornado (Well-Worn)",
    "src": "https://steamcdn-a.akamaihd.net/apps/730/icons/econ/default_generated/weapon_sg556_so_tornado_light_large.32d15282560b205fb387cf876fc19da381951986.png",
    "type": "skin",
    "rarity": 0,
    "price": 630
  },
  "SG 553 | Tornado (Battle-Scarred)": {
    "quality": 1,
    "weight": 0.01,
    "skin": "Tornado",
    "weapon": "SG 553",
    "short": "SG 553 | Tornado",
    "name": "SG 553 | Tornado (Battle-Scarred)",
    "src": "https://steamcdn-a.akamaihd.net/apps/730/icons/econ/default_generated/weapon_sg556_so_tornado_light_large.32d15282560b205fb387cf876fc19da381951986.png",
    "type": "skin",
    "rarity": 0,
    "price": 541
  },
  "SG 553 | Tornado": {
    "masterItem": true,
    "qualities": [5, 4, 3, 2, 1],
    "skin": "Tornado",
    "weapon": "SG 553",
    "short": "SG 553 | Tornado",
    "name": "SG 553 | Tornado",
    "src": "https://steamcdn-a.akamaihd.net/apps/730/icons/econ/default_generated/weapon_sg556_so_tornado_light_large.32d15282560b205fb387cf876fc19da381951986.png",
    "type": "skin",
    "rarity": 0,
    "price": 1826,
    "minPrice": 541
  }
}