{
  "The Aztec Collection": {
    "name": "The Aztec Collection",
    "src": "images/items/collections/aztec.png",
    "price": 1322,
    "type": "case",
    "rarity": 0,
    "content": {
      "items": [
        "Five-SeveN | Jungle (Factory New)", "Five-SeveN | Jungle (Minimal Wear)", "Five-SeveN | Jungle (Field-Tested)",
        "Five-SeveN | Jungle (Well-Worn)", "Five-SeveN | Jungle (Battle-Scarred)", "Nova | Forest Leaves (Factory New)",
        "Nova | Forest Leaves (Minimal Wear)", "Nova | Forest Leaves (Field-Tested)",
        "Nova | Forest Leaves (Well-Worn)", "Nova | Forest Leaves (Battle-Scarred)", "Tec-9 | Ossified (Factory New)",
        "Tec-9 | Ossified (Minimal Wear)", "AK-47 | Jungle Spray (Factory New)", "AK-47 | Jungle Spray (Minimal Wear)",
        "AK-47 | Jungle Spray (Field-Tested)", "AK-47 | Jungle Spray (Well-Worn)",
        "AK-47 | Jungle Spray (Battle-Scarred)", "SSG 08 | Lichen Dashed (Factory New)",
        "SSG 08 | Lichen Dashed (Minimal Wear)", "SSG 08 | Lichen Dashed (Field-Tested)",
        "SSG 08 | Lichen Dashed (Well-Worn)", "SSG 08 | Lichen Dashed (Battle-Scarred)",
        "M4A4 | Jungle Tiger (Factory New)", "M4A4 | Jungle Tiger (Minimal Wear)", "M4A4 | Jungle Tiger (Field-Tested)",
        "M4A4 | Jungle Tiger (Well-Worn)", "M4A4 | Jungle Tiger (Battle-Scarred)"
      ]
    }
  },
  "Five-SeveN | Jungle (Factory New)": {
    "quality": 5,
    "weight": 0.01,
    "skin": "Jungle",
    "weapon": "Five-SeveN",
    "short": "Five-SeveN | Jungle",
    "name": "Five-SeveN | Jungle (Factory New)",
    "src": "https://steamcdn-a.akamaihd.net/apps/730/icons/econ/default_generated/weapon_fiveseven_so_jungle_light_large.d98e255283a8cfd09aacb25405a26e580e3d129f.png",
    "type": "skin",
    "rarity": 0,
    "price": 632
  },
  "Five-SeveN | Jungle (Minimal Wear)": {
    "quality": 4,
    "weight": 0.01,
    "skin": "Jungle",
    "weapon": "Five-SeveN",
    "short": "Five-SeveN | Jungle",
    "name": "Five-SeveN | Jungle (Minimal Wear)",
    "src": "https://steamcdn-a.akamaihd.net/apps/730/icons/econ/default_generated/weapon_fiveseven_so_jungle_light_large.d98e255283a8cfd09aacb25405a26e580e3d129f.png",
    "type": "skin",
    "rarity": 0,
    "price": 145
  },
  "Five-SeveN | Jungle (Field-Tested)": {
    "quality": 3,
    "weight": 0.01,
    "skin": "Jungle",
    "weapon": "Five-SeveN",
    "short": "Five-SeveN | Jungle",
    "name": "Five-SeveN | Jungle (Field-Tested)",
    "src": "https://steamcdn-a.akamaihd.net/apps/730/icons/econ/default_generated/weapon_fiveseven_so_jungle_light_large.d98e255283a8cfd09aacb25405a26e580e3d129f.png",
    "type": "skin",
    "rarity": 0,
    "price": 75
  },
  "Five-SeveN | Jungle (Well-Worn)": {
    "quality": 2,
    "weight": 0.01,
    "skin": "Jungle",
    "weapon": "Five-SeveN",
    "short": "Five-SeveN | Jungle",
    "name": "Five-SeveN | Jungle (Well-Worn)",
    "src": "https://steamcdn-a.akamaihd.net/apps/730/icons/econ/default_generated/weapon_fiveseven_so_jungle_light_large.d98e255283a8cfd09aacb25405a26e580e3d129f.png",
    "type": "skin",
    "rarity": 0,
    "price": 79
  },
  "Five-SeveN | Jungle (Battle-Scarred)": {
    "quality": 1,
    "weight": 0.01,
    "skin": "Jungle",
    "weapon": "Five-SeveN",
    "short": "Five-SeveN | Jungle",
    "name": "Five-SeveN | Jungle (Battle-Scarred)",
    "src": "https://steamcdn-a.akamaihd.net/apps/730/icons/econ/default_generated/weapon_fiveseven_so_jungle_light_large.d98e255283a8cfd09aacb25405a26e580e3d129f.png",
    "type": "skin",
    "rarity": 0,
    "price": 77
  },
  "Five-SeveN | Jungle": {
    "masterItem": true,
    "qualities": [5, 4, 3, 2, 1],
    "skin": "Jungle",
    "weapon": "Five-SeveN",
    "short": "Five-SeveN | Jungle",
    "name": "Five-SeveN | Jungle",
    "src": "https://steamcdn-a.akamaihd.net/apps/730/icons/econ/default_generated/weapon_fiveseven_so_jungle_light_large.d98e255283a8cfd09aacb25405a26e580e3d129f.png",
    "type": "skin",
    "rarity": 0,
    "price": 632,
    "minPrice": 75
  },
  "Nova | Forest Leaves (Factory New)": {
    "quality": 5,
    "weight": 0.01,
    "skin": "Forest Leaves",
    "weapon": "Nova",
    "short": "Nova | Forest Leaves",
    "name": "Nova | Forest Leaves (Factory New)",
    "src": "https://steamcdn-a.akamaihd.net/apps/730/icons/econ/default_generated/weapon_nova_sp_leaves_light_large.b75cb0c1b82c4c1a559f0b1de3113cf967029176.png",
    "type": "skin",
    "rarity": 0,
    "price": 1022
  },
  "Nova | Forest Leaves (Minimal Wear)": {
    "quality": 4,
    "weight": 0.01,
    "skin": "Forest Leaves",
    "weapon": "Nova",
    "short": "Nova | Forest Leaves",
    "name": "Nova | Forest Leaves (Minimal Wear)",
    "src": "https://steamcdn-a.akamaihd.net/apps/730/icons/econ/default_generated/weapon_nova_sp_leaves_light_large.b75cb0c1b82c4c1a559f0b1de3113cf967029176.png",
    "type": "skin",
    "rarity": 0,
    "price": 150
  },
  "Nova | Forest Leaves (Field-Tested)": {
    "quality": 3,
    "weight": 0.01,
    "skin": "Forest Leaves",
    "weapon": "Nova",
    "short": "Nova | Forest Leaves",
    "name": "Nova | Forest Leaves (Field-Tested)",
    "src": "https://steamcdn-a.akamaihd.net/apps/730/icons/econ/default_generated/weapon_nova_sp_leaves_light_large.b75cb0c1b82c4c1a559f0b1de3113cf967029176.png",
    "type": "skin",
    "rarity": 0,
    "price": 79
  },
  "Nova | Forest Leaves (Well-Worn)": {
    "quality": 2,
    "weight": 0.01,
    "skin": "Forest Leaves",
    "weapon": "Nova",
    "short": "Nova | Forest Leaves",
    "name": "Nova | Forest Leaves (Well-Worn)",
    "src": "https://steamcdn-a.akamaihd.net/apps/730/icons/econ/default_generated/weapon_nova_sp_leaves_light_large.b75cb0c1b82c4c1a559f0b1de3113cf967029176.png",
    "type": "skin",
    "rarity": 0,
    "price": 79
  },
  "Nova | Forest Leaves (Battle-Scarred)": {
    "quality": 1,
    "weight": 0.01,
    "skin": "Forest Leaves",
    "weapon": "Nova",
    "short": "Nova | Forest Leaves",
    "name": "Nova | Forest Leaves (Battle-Scarred)",
    "src": "https://steamcdn-a.akamaihd.net/apps/730/icons/econ/default_generated/weapon_nova_sp_leaves_light_large.b75cb0c1b82c4c1a559f0b1de3113cf967029176.png",
    "type": "skin",
    "rarity": 0,
    "price": 89
  },
  "Nova | Forest Leaves": {
    "masterItem": true,
    "qualities": [5, 4, 3, 2, 1],
    "skin": "Forest Leaves",
    "weapon": "Nova",
    "short": "Nova | Forest Leaves",
    "name": "Nova | Forest Leaves",
    "src": "https://steamcdn-a.akamaihd.net/apps/730/icons/econ/default_generated/weapon_nova_sp_leaves_light_large.b75cb0c1b82c4c1a559f0b1de3113cf967029176.png",
    "type": "skin",
    "rarity": 0,
    "price": 1022,
    "minPrice": 79
  },
  "Tec-9 | Ossified (Factory New)": {
    "quality": 5,
    "weight": 0.01,
    "skin": "Ossified",
    "weapon": "Tec-9",
    "short": "Tec-9 | Ossified",
    "name": "Tec-9 | Ossified (Factory New)",
    "src": "https://steamcdn-a.akamaihd.net/apps/730/icons/econ/default_generated/weapon_tec9_am_ossify_light_large.29b1e40ecb5781ee6f47b460d3372b5c6601d768.png",
    "type": "skin",
    "rarity": 2,
    "price": 49
  },
  "Tec-9 | Ossified (Minimal Wear)": {
    "quality": 4,
    "weight": 0.01,
    "skin": "Ossified",
    "weapon": "Tec-9",
    "short": "Tec-9 | Ossified",
    "name": "Tec-9 | Ossified (Minimal Wear)",
    "src": "https://steamcdn-a.akamaihd.net/apps/730/icons/econ/default_generated/weapon_tec9_am_ossify_light_large.29b1e40ecb5781ee6f47b460d3372b5c6601d768.png",
    "type": "skin",
    "rarity": 2,
    "price": 189
  },
  "Tec-9 | Ossified": {
    "masterItem": true,
    "qualities": [5, 4],
    "skin": "Ossified",
    "weapon": "Tec-9",
    "short": "Tec-9 | Ossified",
    "name": "Tec-9 | Ossified",
    "src": "https://steamcdn-a.akamaihd.net/apps/730/icons/econ/default_generated/weapon_tec9_am_ossify_light_large.29b1e40ecb5781ee6f47b460d3372b5c6601d768.png",
    "type": "skin",
    "rarity": 2,
    "price": 189,
    "minPrice": 49
  },
  "AK-47 | Jungle Spray (Factory New)": {
    "quality": 5,
    "weight": 0.01,
    "skin": "Jungle Spray",
    "weapon": "AK-47",
    "short": "AK-47 | Jungle Spray",
    "name": "AK-47 | Jungle Spray (Factory New)",
    "src": "https://steamcdn-a.akamaihd.net/apps/730/icons/econ/default_generated/weapon_ak47_sp_spray_jungle_light_large.af524ea61be29ab81dfb321277b98a211338de37.png",
    "type": "skin",
    "rarity": 1,
    "price": 7112
  },
  "AK-47 | Jungle Spray (Minimal Wear)": {
    "quality": 4,
    "weight": 0.01,
    "skin": "Jungle Spray",
    "weapon": "AK-47",
    "short": "AK-47 | Jungle Spray",
    "name": "AK-47 | Jungle Spray (Minimal Wear)",
    "src": "https://steamcdn-a.akamaihd.net/apps/730/icons/econ/default_generated/weapon_ak47_sp_spray_jungle_light_large.af524ea61be29ab81dfb321277b98a211338de37.png",
    "type": "skin",
    "rarity": 1,
    "price": 838
  },
  "AK-47 | Jungle Spray (Field-Tested)": {
    "quality": 3,
    "weight": 0.01,
    "skin": "Jungle Spray",
    "weapon": "AK-47",
    "short": "AK-47 | Jungle Spray",
    "name": "AK-47 | Jungle Spray (Field-Tested)",
    "src": "https://steamcdn-a.akamaihd.net/apps/730/icons/econ/default_generated/weapon_ak47_sp_spray_jungle_light_large.af524ea61be29ab81dfb321277b98a211338de37.png",
    "type": "skin",
    "rarity": 1,
    "price": 344
  },
  "AK-47 | Jungle Spray (Well-Worn)": {
    "quality": 2,
    "weight": 0.01,
    "skin": "Jungle Spray",
    "weapon": "AK-47",
    "short": "AK-47 | Jungle Spray",
    "name": "AK-47 | Jungle Spray (Well-Worn)",
    "src": "https://steamcdn-a.akamaihd.net/apps/730/icons/econ/default_generated/weapon_ak47_sp_spray_jungle_light_large.af524ea61be29ab81dfb321277b98a211338de37.png",
    "type": "skin",
    "rarity": 1,
    "price": 338
  },
  "AK-47 | Jungle Spray (Battle-Scarred)": {
    "quality": 1,
    "weight": 0.01,
    "skin": "Jungle Spray",
    "weapon": "AK-47",
    "short": "AK-47 | Jungle Spray",
    "name": "AK-47 | Jungle Spray (Battle-Scarred)",
    "src": "https://steamcdn-a.akamaihd.net/apps/730/icons/econ/default_generated/weapon_ak47_sp_spray_jungle_light_large.af524ea61be29ab81dfb321277b98a211338de37.png",
    "type": "skin",
    "rarity": 1,
    "price": 314
  },
  "AK-47 | Jungle Spray": {
    "masterItem": true,
    "qualities": [5, 4, 3, 2, 1],
    "skin": "Jungle Spray",
    "weapon": "AK-47",
    "short": "AK-47 | Jungle Spray",
    "name": "AK-47 | Jungle Spray",
    "src": "https://steamcdn-a.akamaihd.net/apps/730/icons/econ/default_generated/weapon_ak47_sp_spray_jungle_light_large.af524ea61be29ab81dfb321277b98a211338de37.png",
    "type": "skin",
    "rarity": 1,
    "price": 7112,
    "minPrice": 314
  },
  "SSG 08 | Lichen Dashed (Factory New)": {
    "quality": 5,
    "weight": 0.01,
    "skin": "Lichen Dashed",
    "weapon": "SSG 08",
    "short": "SSG 08 | Lichen Dashed",
    "name": "SSG 08 | Lichen Dashed (Factory New)",
    "src": "https://steamcdn-a.akamaihd.net/apps/730/icons/econ/default_generated/weapon_ssg08_sp_short_tape_light_large.f2f54766f72c881bc020b924be5ae026dcf065da.png",
    "type": "skin",
    "rarity": 0,
    "price": 713
  },
  "SSG 08 | Lichen Dashed (Minimal Wear)": {
    "quality": 4,
    "weight": 0.01,
    "skin": "Lichen Dashed",
    "weapon": "SSG 08",
    "short": "SSG 08 | Lichen Dashed",
    "name": "SSG 08 | Lichen Dashed (Minimal Wear)",
    "src": "https://steamcdn-a.akamaihd.net/apps/730/icons/econ/default_generated/weapon_ssg08_sp_short_tape_light_large.f2f54766f72c881bc020b924be5ae026dcf065da.png",
    "type": "skin",
    "rarity": 0,
    "price": 133
  },
  "SSG 08 | Lichen Dashed (Field-Tested)": {
    "quality": 3,
    "weight": 0.01,
    "skin": "Lichen Dashed",
    "weapon": "SSG 08",
    "short": "SSG 08 | Lichen Dashed",
    "name": "SSG 08 | Lichen Dashed (Field-Tested)",
    "src": "https://steamcdn-a.akamaihd.net/apps/730/icons/econ/default_generated/weapon_ssg08_sp_short_tape_light_large.f2f54766f72c881bc020b924be5ae026dcf065da.png",
    "type": "skin",
    "rarity": 0,
    "price": 83
  },
  "SSG 08 | Lichen Dashed (Well-Worn)": {
    "quality": 2,
    "weight": 0.01,
    "skin": "Lichen Dashed",
    "weapon": "SSG 08",
    "short": "SSG 08 | Lichen Dashed",
    "name": "SSG 08 | Lichen Dashed (Well-Worn)",
    "src": "https://steamcdn-a.akamaihd.net/apps/730/icons/econ/default_generated/weapon_ssg08_sp_short_tape_light_large.f2f54766f72c881bc020b924be5ae026dcf065da.png",
    "type": "skin",
    "rarity": 0,
    "price": 71
  },
  "SSG 08 | Lichen Dashed (Battle-Scarred)": {
    "quality": 1,
    "weight": 0.01,
    "skin": "Lichen Dashed",
    "weapon": "SSG 08",
    "short": "SSG 08 | Lichen Dashed",
    "name": "SSG 08 | Lichen Dashed (Battle-Scarred)",
    "src": "https://steamcdn-a.akamaihd.net/apps/730/icons/econ/default_generated/weapon_ssg08_sp_short_tape_light_large.f2f54766f72c881bc020b924be5ae026dcf065da.png",
    "type": "skin",
    "rarity": 0,
    "price": 132
  },
  "SSG 08 | Lichen Dashed": {
    "masterItem": true,
    "qualities": [5, 4, 3, 2, 1],
    "skin": "Lichen Dashed",
    "weapon": "SSG 08",
    "short": "SSG 08 | Lichen Dashed",
    "name": "SSG 08 | Lichen Dashed",
    "src": "https://steamcdn-a.akamaihd.net/apps/730/icons/econ/default_generated/weapon_ssg08_sp_short_tape_light_large.f2f54766f72c881bc020b924be5ae026dcf065da.png",
    "type": "skin",
    "rarity": 0,
    "price": 713,
    "minPrice": 71
  },
  "M4A4 | Jungle Tiger (Factory New)": {
    "quality": 5,
    "weight": 0.01,
    "skin": "Jungle Tiger",
    "weapon": "M4A4",
    "short": "M4A4 | Jungle Tiger",
    "name": "M4A4 | Jungle Tiger (Factory New)",
    "src": "https://steamcdn-a.akamaihd.net/apps/730/icons/econ/default_generated/weapon_m4a1_hy_v_tiger_light_large.cdf3f8e434ea36842fa520cabec812eaba3f2fa5.png",
    "type": "skin",
    "rarity": 1,
    "price": 3839
  },
  "M4A4 | Jungle Tiger (Minimal Wear)": {
    "quality": 4,
    "weight": 0.01,
    "skin": "Jungle Tiger",
    "weapon": "M4A4",
    "short": "M4A4 | Jungle Tiger",
    "name": "M4A4 | Jungle Tiger (Minimal Wear)",
    "src": "https://steamcdn-a.akamaihd.net/apps/730/icons/econ/default_generated/weapon_m4a1_hy_v_tiger_light_large.cdf3f8e434ea36842fa520cabec812eaba3f2fa5.png",
    "type": "skin",
    "rarity": 1,
    "price": 475
  },
  "M4A4 | Jungle Tiger (Field-Tested)": {
    "quality": 3,
    "weight": 0.01,
    "skin": "Jungle Tiger",
    "weapon": "M4A4",
    "short": "M4A4 | Jungle Tiger",
    "name": "M4A4 | Jungle Tiger (Field-Tested)",
    "src": "https://steamcdn-a.akamaihd.net/apps/730/icons/econ/default_generated/weapon_m4a1_hy_v_tiger_light_large.cdf3f8e434ea36842fa520cabec812eaba3f2fa5.png",
    "type": "skin",
    "rarity": 1,
    "price": 294
  },
  "M4A4 | Jungle Tiger (Well-Worn)": {
    "quality": 2,
    "weight": 0.01,
    "skin": "Jungle Tiger",
    "weapon": "M4A4",
    "short": "M4A4 | Jungle Tiger",
    "name": "M4A4 | Jungle Tiger (Well-Worn)",
    "src": "https://steamcdn-a.akamaihd.net/apps/730/icons/econ/default_generated/weapon_m4a1_hy_v_tiger_light_large.cdf3f8e434ea36842fa520cabec812eaba3f2fa5.png",
    "type": "skin",
    "rarity": 1,
    "price": 262
  },
  "M4A4 | Jungle Tiger (Battle-Scarred)": {
    "quality": 1,
    "weight": 0.01,
    "skin": "Jungle Tiger",
    "weapon": "M4A4",
    "short": "M4A4 | Jungle Tiger",
    "name": "M4A4 | Jungle Tiger (Battle-Scarred)",
    "src": "https://steamcdn-a.akamaihd.net/apps/730/icons/econ/default_generated/weapon_m4a1_hy_v_tiger_light_large.cdf3f8e434ea36842fa520cabec812eaba3f2fa5.png",
    "type": "skin",
    "rarity": 1,
    "price": 272
  },
  "M4A4 | Jungle Tiger": {
    "masterItem": true,
    "qualities": [5, 4, 3, 2, 1],
    "skin": "Jungle Tiger",
    "weapon": "M4A4",
    "short": "M4A4 | Jungle Tiger",
    "name": "M4A4 | Jungle Tiger",
    "src": "https://steamcdn-a.akamaihd.net/apps/730/icons/econ/default_generated/weapon_m4a1_hy_v_tiger_light_large.cdf3f8e434ea36842fa520cabec812eaba3f2fa5.png",
    "type": "skin",
    "rarity": 1,
    "price": 3839,
    "minPrice": 262
  }
}