{"The Baggage Collection":{"name":"The Baggage Collection","src":"images/items/collections/baggage.png","price":2761,"type":"case","rarity":0,"content":{"items":["USP-S | Business Class (Factory New)","USP-S | Business Class (Minimal Wear)","USP-S | Business Class (Field-Tested)","USP-S | Business Class (Well-Worn)","USP-S | Business Class (Battle-Scarred)","MAC-10 | Commuter (Factory New)","MAC-10 | Commuter (Minimal Wear)","MAC-10 | Commuter (Field-Tested)","MAC-10 | Commuter (Well-Worn)","MAC-10 | Commuter (Battle-Scarred)","G3SG1 | Contractor (Factory New)","G3SG1 | Contractor (Minimal Wear)","G3SG1 | Contractor (Field-Tested)","G3SG1 | Contractor (Well-Worn)","G3SG1 | Contractor (Battle-Scarred)","Sawed-Off | First Class (Factory New)","Sawed-Off | First Class (Minimal Wear)","Sawed-Off | First Class (Field-Tested)","Sawed-Off | First Class (Well-Worn)","Sawed-Off | First Class (Battle-Scarred)","MP7 | Olive Plaid (Factory New)","MP7 | Olive Plaid (Minimal Wear)","MP7 | Olive Plaid (Field-Tested)","MP7 | Olive Plaid (Well-Worn)","MP7 | Olive Plaid (Battle-Scarred)","SSG 08 | Sand Dune (Factory New)","SSG 08 | Sand Dune (Minimal Wear)","SSG 08 | Sand Dune (Field-Tested)","SSG 08 | Sand Dune (Well-Worn)","SSG 08 | Sand Dune (Battle-Scarred)","MP9 | Green Plaid (Factory New)","MP9 | Green Plaid (Minimal Wear)","MP9 | Green Plaid (Field-Tested)","MP9 | Green Plaid (Well-Worn)","MP9 | Green Plaid (Battle-Scarred)","CZ75-Auto | Green Plaid (Factory New)","CZ75-Auto | Green Plaid (Minimal Wear)","CZ75-Auto | Green Plaid (Field-Tested)","CZ75-Auto | Green Plaid (Well-Worn)","CZ75-Auto | Green Plaid (Battle-Scarred)","Desert Eagle | Pilot (Factory New)","Desert Eagle | Pilot (Minimal Wear)","Desert Eagle | Pilot (Field-Tested)","Desert Eagle | Pilot (Well-Worn)","Desert Eagle | Pilot (Battle-Scarred)","P90 | Leather (Factory New)","P90 | Leather (Minimal Wear)","P90 | Leather (Field-Tested)","P90 | Leather (Well-Worn)","P90 | Leather (Battle-Scarred)","P2000 | Coach Class (Factory New)","P2000 | Coach Class (Minimal Wear)","P2000 | Coach Class (Field-Tested)","P2000 | Coach Class (Well-Worn)","P2000 | Coach Class (Battle-Scarred)","AK-47 | First Class (Factory New)","AK-47 | First Class (Minimal Wear)","AK-47 | First Class (Field-Tested)","AK-47 | First Class (Well-Worn)","AK-47 | First Class (Battle-Scarred)","AK-47 | Jet Set (Factory New)","AK-47 | Jet Set (Minimal Wear)","AK-47 | Jet Set (Field-Tested)","AK-47 | Jet Set (Well-Worn)","AK-47 | Jet Set (Battle-Scarred)","XM1014 | Red Leather (Factory New)","XM1014 | Red Leather (Minimal Wear)","XM1014 | Red Leather (Field-Tested)","XM1014 | Red Leather (Well-Worn)","XM1014 | Red Leather (Battle-Scarred)","SG 553 | Traveler (Factory New)","SG 553 | Traveler (Minimal Wear)","SG 553 | Traveler (Field-Tested)","SG 553 | Traveler (Well-Worn)","SG 553 | Traveler (Battle-Scarred)"]}},"USP-S | Business Class (Factory New)":{"quality":5,"skin":"Business Class","weapon":"USP-S","short":"USP-S | Business Class","name":"USP-S | Business Class (Factory New)","src":"https://steamcdn-a.akamaihd.net/apps/730/icons/econ/default_generated/weapon_usp_silencer_cu_luggage_usp-s_light_large.3adca3c85f5ae2b083489a1059e1254417ff73c8.png","type":"skin","rarity":2,"price":2898},"USP-S | Business Class (Minimal Wear)":{"quality":4,"skin":"Business Class","weapon":"USP-S","short":"USP-S | Business Class","name":"USP-S | Business Class (Minimal Wear)","src":"https://steamcdn-a.akamaihd.net/apps/730/icons/econ/default_generated/weapon_usp_silencer_cu_luggage_usp-s_light_large.3adca3c85f5ae2b083489a1059e1254417ff73c8.png","type":"skin","rarity":2,"price":1568},"USP-S | Business Class (Field-Tested)":{"quality":3,"skin":"Business Class","weapon":"USP-S","short":"USP-S | Business Class","name":"USP-S | Business Class (Field-Tested)","src":"https://steamcdn-a.akamaihd.net/apps/730/icons/econ/default_generated/weapon_usp_silencer_cu_luggage_usp-s_light_large.3adca3c85f5ae2b083489a1059e1254417ff73c8.png","type":"skin","rarity":2,"price":1241},"USP-S | Business Class (Well-Worn)":{"quality":2,"skin":"Business Class","weapon":"USP-S","short":"USP-S | Business Class","name":"USP-S | Business Class (Well-Worn)","src":"https://steamcdn-a.akamaihd.net/apps/730/icons/econ/default_generated/weapon_usp_silencer_cu_luggage_usp-s_light_large.3adca3c85f5ae2b083489a1059e1254417ff73c8.png","type":"skin","rarity":2,"price":1205},"USP-S | Business Class (Battle-Scarred)":{"quality":1,"skin":"Business Class","weapon":"USP-S","short":"USP-S | Business Class","name":"USP-S | Business Class (Battle-Scarred)","src":"https://steamcdn-a.akamaihd.net/apps/730/icons/econ/default_generated/weapon_usp_silencer_cu_luggage_usp-s_light_large.3adca3c85f5ae2b083489a1059e1254417ff73c8.png","type":"skin","rarity":2,"price":1202},"USP-S | Business Class":{"masterItem":true,"qualities":[5,4,3,2,1],"skin":"Business Class","weapon":"USP-S","short":"USP-S | Business Class","name":"USP-S | Business Class","src":"https://steamcdn-a.akamaihd.net/apps/730/icons/econ/default_generated/weapon_usp_silencer_cu_luggage_usp-s_light_large.3adca3c85f5ae2b083489a1059e1254417ff73c8.png","type":"skin","rarity":2,"price":2898,"minPrice":1202},"MAC-10 | Commuter (Factory New)":{"quality":5,"skin":"Commuter","weapon":"MAC-10","short":"MAC-10 | Commuter","name":"MAC-10 | Commuter (Factory New)","src":"https://steamcdn-a.akamaihd.net/apps/730/icons/econ/default_generated/weapon_mac10_cu_luggage_mac10_light_large.d05e658d3d11de252d21a82f6c26a7b6c47ac1df.png","type":"skin","rarity":1,"price":695},"MAC-10 | Commuter (Minimal Wear)":{"quality":4,"skin":"Commuter","weapon":"MAC-10","short":"MAC-10 | Commuter","name":"MAC-10 | Commuter (Minimal Wear)","src":"https://steamcdn-a.akamaihd.net/apps/730/icons/econ/default_generated/weapon_mac10_cu_luggage_mac10_light_large.d05e658d3d11de252d21a82f6c26a7b6c47ac1df.png","type":"skin","rarity":1,"price":377},"MAC-10 | Commuter (Field-Tested)":{"quality":3,"skin":"Commuter","weapon":"MAC-10","short":"MAC-10 | Commuter","name":"MAC-10 | Commuter (Field-Tested)","src":"https://steamcdn-a.akamaihd.net/apps/730/icons/econ/default_generated/weapon_mac10_cu_luggage_mac10_light_large.d05e658d3d11de252d21a82f6c26a7b6c47ac1df.png","type":"skin","rarity":1,"price":344},"MAC-10 | Commuter (Well-Worn)":{"quality":2,"skin":"Commuter","weapon":"MAC-10","short":"MAC-10 | Commuter","name":"MAC-10 | Commuter (Well-Worn)","src":"https://steamcdn-a.akamaihd.net/apps/730/icons/econ/default_generated/weapon_mac10_cu_luggage_mac10_light_large.d05e658d3d11de252d21a82f6c26a7b6c47ac1df.png","type":"skin","rarity":1,"price":284},"MAC-10 | Commuter (Battle-Scarred)":{"quality":1,"skin":"Commuter","weapon":"MAC-10","short":"MAC-10 | Commuter","name":"MAC-10 | Commuter (Battle-Scarred)","src":"https://steamcdn-a.akamaihd.net/apps/730/icons/econ/default_generated/weapon_mac10_cu_luggage_mac10_light_large.d05e658d3d11de252d21a82f6c26a7b6c47ac1df.png","type":"skin","rarity":1,"price":338},"MAC-10 | Commuter":{"masterItem":true,"qualities":[5,4,3,2,1],"skin":"Commuter","weapon":"MAC-10","short":"MAC-10 | Commuter","name":"MAC-10 | Commuter","src":"https://steamcdn-a.akamaihd.net/apps/730/icons/econ/default_generated/weapon_mac10_cu_luggage_mac10_light_large.d05e658d3d11de252d21a82f6c26a7b6c47ac1df.png","type":"skin","rarity":1,"price":695,"minPrice":284},"G3SG1 | Contractor (Factory New)":{"quality":5,"skin":"Contractor","weapon":"G3SG1","short":"G3SG1 | Contractor","name":"G3SG1 | Contractor (Factory New)","src":"https://steamcdn-a.akamaihd.net/apps/730/icons/econ/default_generated/weapon_g3sg1_so_pmc_light_large.563d94315a5a6f57039ccdf5b672bf65d608c819.png","type":"skin","rarity":0,"price":586},"G3SG1 | Contractor (Minimal Wear)":{"quality":4,"skin":"Contractor","weapon":"G3SG1","short":"G3SG1 | Contractor","name":"G3SG1 | Contractor (Minimal Wear)","src":"https://steamcdn-a.akamaihd.net/apps/730/icons/econ/default_generated/weapon_g3sg1_so_pmc_light_large.563d94315a5a6f57039ccdf5b672bf65d608c819.png","type":"skin","rarity":0,"price":77},"G3SG1 | Contractor (Field-Tested)":{"quality":3,"skin":"Contractor","weapon":"G3SG1","short":"G3SG1 | Contractor","name":"G3SG1 | Contractor (Field-Tested)","src":"https://steamcdn-a.akamaihd.net/apps/730/icons/econ/default_generated/weapon_g3sg1_so_pmc_light_large.563d94315a5a6f57039ccdf5b672bf65d608c819.png","type":"skin","rarity":0,"price":81},"G3SG1 | Contractor (Well-Worn)":{"quality":2,"skin":"Contractor","weapon":"G3SG1","short":"G3SG1 | Contractor","name":"G3SG1 | Contractor (Well-Worn)","src":"https://steamcdn-a.akamaihd.net/apps/730/icons/econ/default_generated/weapon_g3sg1_so_pmc_light_large.563d94315a5a6f57039ccdf5b672bf65d608c819.png","type":"skin","rarity":0,"price":83},"G3SG1 | Contractor (Battle-Scarred)":{"quality":1,"skin":"Contractor","weapon":"G3SG1","short":"G3SG1 | Contractor","name":"G3SG1 | Contractor (Battle-Scarred)","src":"https://steamcdn-a.akamaihd.net/apps/730/icons/econ/default_generated/weapon_g3sg1_so_pmc_light_large.563d94315a5a6f57039ccdf5b672bf65d608c819.png","type":"skin","rarity":0,"price":85},"G3SG1 | Contractor":{"masterItem":true,"qualities":[5,4,3,2,1],"skin":"Contractor","weapon":"G3SG1","short":"G3SG1 | Contractor","name":"G3SG1 | Contractor","src":"https://steamcdn-a.akamaihd.net/apps/730/icons/econ/default_generated/weapon_g3sg1_so_pmc_light_large.563d94315a5a6f57039ccdf5b672bf65d608c819.png","type":"skin","rarity":0,"price":586,"minPrice":77},"Sawed-Off | First Class (Factory New)":{"quality":5,"skin":"First Class","weapon":"Sawed-Off","short":"Sawed-Off | First Class","name":"Sawed-Off | First Class (Factory New)","src":"https://steamcdn-a.akamaihd.net/apps/730/icons/econ/default_generated/weapon_sawedoff_cu_green_leather_sawedoff_light_large.16c853410a5696858a4dc383f04c3d5e42b08631.png","type":"skin","rarity":2,"price":1896},"Sawed-Off | First Class (Minimal Wear)":{"quality":4,"skin":"First Class","weapon":"Sawed-Off","short":"Sawed-Off | First Class","name":"Sawed-Off | First Class (Minimal Wear)","src":"https://steamcdn-a.akamaihd.net/apps/730/icons/econ/default_generated/weapon_sawedoff_cu_green_leather_sawedoff_light_large.16c853410a5696858a4dc383f04c3d5e42b08631.png","type":"skin","rarity":2,"price":1670},"Sawed-Off | First Class (Field-Tested)":{"quality":3,"skin":"First Class","weapon":"Sawed-Off","short":"Sawed-Off | First Class","name":"Sawed-Off | First Class (Field-Tested)","src":"https://steamcdn-a.akamaihd.net/apps/730/icons/econ/default_generated/weapon_sawedoff_cu_green_leather_sawedoff_light_large.16c853410a5696858a4dc383f04c3d5e42b08631.png","type":"skin","rarity":2,"price":1749},"Sawed-Off | First Class (Well-Worn)":{"quality":2,"skin":"First Class","weapon":"Sawed-Off","short":"Sawed-Off | First Class","name":"Sawed-Off | First Class (Well-Worn)","src":"https://steamcdn-a.akamaihd.net/apps/730/icons/econ/default_generated/weapon_sawedoff_cu_green_leather_sawedoff_light_large.16c853410a5696858a4dc383f04c3d5e42b08631.png","type":"skin","rarity":2,"price":2587},"Sawed-Off | First Class (Battle-Scarred)":{"quality":1,"skin":"First Class","weapon":"Sawed-Off","short":"Sawed-Off | First Class","name":"Sawed-Off | First Class (Battle-Scarred)","src":"https://steamcdn-a.akamaihd.net/apps/730/icons/econ/default_generated/weapon_sawedoff_cu_green_leather_sawedoff_light_large.16c853410a5696858a4dc383f04c3d5e42b08631.png","type":"skin","rarity":2,"price":3509},"Sawed-Off | First Class":{"masterItem":true,"qualities":[5,4,3,2,1],"skin":"First Class","weapon":"Sawed-Off","short":"Sawed-Off | First Class","name":"Sawed-Off | First Class","src":"https://steamcdn-a.akamaihd.net/apps/730/icons/econ/default_generated/weapon_sawedoff_cu_green_leather_sawedoff_light_large.16c853410a5696858a4dc383f04c3d5e42b08631.png","type":"skin","rarity":2,"price":3509,"minPrice":1670},"MP7 | Olive Plaid (Factory New)":{"quality":5,"skin":"Olive Plaid","weapon":"MP7","short":"MP7 | Olive Plaid","name":"MP7 | Olive Plaid (Factory New)","src":"https://steamcdn-a.akamaihd.net/apps/730/icons/econ/default_generated/weapon_mp7_hy_plaid1_light_large.56b2f9cbc6d9a7aae3c1eca41151a2067a1427e8.png","type":"skin","rarity":0,"price":131},"MP7 | Olive Plaid (Minimal Wear)":{"quality":4,"skin":"Olive Plaid","weapon":"MP7","short":"MP7 | Olive Plaid","name":"MP7 | Olive Plaid (Minimal Wear)","src":"https://steamcdn-a.akamaihd.net/apps/730/icons/econ/default_generated/weapon_mp7_hy_plaid1_light_large.56b2f9cbc6d9a7aae3c1eca41151a2067a1427e8.png","type":"skin","rarity":0,"price":87},"MP7 | Olive Plaid (Field-Tested)":{"quality":3,"skin":"Olive Plaid","weapon":"MP7","short":"MP7 | Olive Plaid","name":"MP7 | Olive Plaid (Field-Tested)","src":"https://steamcdn-a.akamaihd.net/apps/730/icons/econ/default_generated/weapon_mp7_hy_plaid1_light_large.56b2f9cbc6d9a7aae3c1eca41151a2067a1427e8.png","type":"skin","rarity":0,"price":78},"MP7 | Olive Plaid (Well-Worn)":{"quality":2,"skin":"Olive Plaid","weapon":"MP7","short":"MP7 | Olive Plaid","name":"MP7 | Olive Plaid (Well-Worn)","src":"https://steamcdn-a.akamaihd.net/apps/730/icons/econ/default_generated/weapon_mp7_hy_plaid1_light_large.56b2f9cbc6d9a7aae3c1eca41151a2067a1427e8.png","type":"skin","rarity":0,"price":114},"MP7 | Olive Plaid (Battle-Scarred)":{"quality":1,"skin":"Olive Plaid","weapon":"MP7","short":"MP7 | Olive Plaid","name":"MP7 | Olive Plaid (Battle-Scarred)","src":"https://steamcdn-a.akamaihd.net/apps/730/icons/econ/default_generated/weapon_mp7_hy_plaid1_light_large.56b2f9cbc6d9a7aae3c1eca41151a2067a1427e8.png","type":"skin","rarity":0,"price":94},"MP7 | Olive Plaid":{"masterItem":true,"qualities":[5,4,3,2,1],"skin":"Olive Plaid","weapon":"MP7","short":"MP7 | Olive Plaid","name":"MP7 | Olive Plaid","src":"https://steamcdn-a.akamaihd.net/apps/730/icons/econ/default_generated/weapon_mp7_hy_plaid1_light_large.56b2f9cbc6d9a7aae3c1eca41151a2067a1427e8.png","type":"skin","rarity":0,"price":131,"minPrice":78},"SSG 08 | Sand Dune (Factory New)":{"quality":5,"skin":"Sand Dune","weapon":"SSG 08","short":"SSG 08 | Sand Dune","name":"SSG 08 | Sand Dune (Factory New)","src":"https://steamcdn-a.akamaihd.net/apps/730/icons/econ/default_generated/weapon_ssg08_so_sand_light_large.71cb57b99ee95a92310b4f55d7709bc5f5cc255e.png","type":"skin","rarity":0,"price":2551},"SSG 08 | Sand Dune (Minimal Wear)":{"quality":4,"skin":"Sand Dune","weapon":"SSG 08","short":"SSG 08 | Sand Dune","name":"SSG 08 | Sand Dune (Minimal Wear)","src":"https://steamcdn-a.akamaihd.net/apps/730/icons/econ/default_generated/weapon_ssg08_so_sand_light_large.71cb57b99ee95a92310b4f55d7709bc5f5cc255e.png","type":"skin","rarity":0,"price":230},"SSG 08 | Sand Dune (Field-Tested)":{"quality":3,"skin":"Sand Dune","weapon":"SSG 08","short":"SSG 08 | Sand Dune","name":"SSG 08 | Sand Dune (Field-Tested)","src":"https://steamcdn-a.akamaihd.net/apps/730/icons/econ/default_generated/weapon_ssg08_so_sand_light_large.71cb57b99ee95a92310b4f55d7709bc5f5cc255e.png","type":"skin","rarity":0,"price":78},"SSG 08 | Sand Dune (Well-Worn)":{"quality":2,"skin":"Sand Dune","weapon":"SSG 08","short":"SSG 08 | Sand Dune","name":"SSG 08 | Sand Dune (Well-Worn)","src":"https://steamcdn-a.akamaihd.net/apps/730/icons/econ/default_generated/weapon_ssg08_so_sand_light_large.71cb57b99ee95a92310b4f55d7709bc5f5cc255e.png","type":"skin","rarity":0,"price":115},"SSG 08 | Sand Dune (Battle-Scarred)":{"quality":1,"skin":"Sand Dune","weapon":"SSG 08","short":"SSG 08 | Sand Dune","name":"SSG 08 | Sand Dune (Battle-Scarred)","src":"https://steamcdn-a.akamaihd.net/apps/730/icons/econ/default_generated/weapon_ssg08_so_sand_light_large.71cb57b99ee95a92310b4f55d7709bc5f5cc255e.png","type":"skin","rarity":0,"price":154},"SSG 08 | Sand Dune":{"masterItem":true,"qualities":[5,4,3,2,1],"skin":"Sand Dune","weapon":"SSG 08","short":"SSG 08 | Sand Dune","name":"SSG 08 | Sand Dune","src":"https://steamcdn-a.akamaihd.net/apps/730/icons/econ/default_generated/weapon_ssg08_so_sand_light_large.71cb57b99ee95a92310b4f55d7709bc5f5cc255e.png","type":"skin","rarity":0,"price":2551,"minPrice":78},"MP9 | Green Plaid (Factory New)":{"quality":5,"skin":"Green Plaid","weapon":"MP9","short":"MP9 | Green Plaid","name":"MP9 | Green Plaid (Factory New)","src":"https://steamcdn-a.akamaihd.net/apps/730/icons/econ/default_generated/weapon_mp9_hy_plaid2_light_large.05b87c77e5f3c91c317f92fad7078891f44a4538.png","type":"skin","rarity":0,"price":151},"MP9 | Green Plaid (Minimal Wear)":{"quality":4,"skin":"Green Plaid","weapon":"MP9","short":"MP9 | Green Plaid","name":"MP9 | Green Plaid (Minimal Wear)","src":"https://steamcdn-a.akamaihd.net/apps/730/icons/econ/default_generated/weapon_mp9_hy_plaid2_light_large.05b87c77e5f3c91c317f92fad7078891f44a4538.png","type":"skin","rarity":0,"price":92},"MP9 | Green Plaid (Field-Tested)":{"quality":3,"skin":"Green Plaid","weapon":"MP9","short":"MP9 | Green Plaid","name":"MP9 | Green Plaid (Field-Tested)","src":"https://steamcdn-a.akamaihd.net/apps/730/icons/econ/default_generated/weapon_mp9_hy_plaid2_light_large.05b87c77e5f3c91c317f92fad7078891f44a4538.png","type":"skin","rarity":0,"price":81},"MP9 | Green Plaid (Well-Worn)":{"quality":2,"skin":"Green Plaid","weapon":"MP9","short":"MP9 | Green Plaid","name":"MP9 | Green Plaid (Well-Worn)","src":"https://steamcdn-a.akamaihd.net/apps/730/icons/econ/default_generated/weapon_mp9_hy_plaid2_light_large.05b87c77e5f3c91c317f92fad7078891f44a4538.png","type":"skin","rarity":0,"price":98},"MP9 | Green Plaid (Battle-Scarred)":{"quality":1,"skin":"Green Plaid","weapon":"MP9","short":"MP9 | Green Plaid","name":"MP9 | Green Plaid (Battle-Scarred)","src":"https://steamcdn-a.akamaihd.net/apps/730/icons/econ/default_generated/weapon_mp9_hy_plaid2_light_large.05b87c77e5f3c91c317f92fad7078891f44a4538.png","type":"skin","rarity":0,"price":101},"MP9 | Green Plaid":{"masterItem":true,"qualities":[5,4,3,2,1],"skin":"Green Plaid","weapon":"MP9","short":"MP9 | Green Plaid","name":"MP9 | Green Plaid","src":"https://steamcdn-a.akamaihd.net/apps/730/icons/econ/default_generated/weapon_mp9_hy_plaid2_light_large.05b87c77e5f3c91c317f92fad7078891f44a4538.png","type":"skin","rarity":0,"price":151,"minPrice":81},"CZ75-Auto | Green Plaid (Factory New)":{"quality":5,"skin":"Green Plaid","weapon":"CZ75-Auto","short":"CZ75-Auto | Green Plaid","name":"CZ75-Auto | Green Plaid (Factory New)","src":"https://steamcdn-a.akamaihd.net/apps/730/icons/econ/default_generated/weapon_cz75a_hy_plaid2_light_large.82e391ba61c092ece265e3bde16237ab5a510130.png","type":"skin","rarity":0,"price":149},"CZ75-Auto | Green Plaid (Minimal Wear)":{"quality":4,"skin":"Green Plaid","weapon":"CZ75-Auto","short":"CZ75-Auto | Green Plaid","name":"CZ75-Auto | Green Plaid (Minimal Wear)","src":"https://steamcdn-a.akamaihd.net/apps/730/icons/econ/default_generated/weapon_cz75a_hy_plaid2_light_large.82e391ba61c092ece265e3bde16237ab5a510130.png","type":"skin","rarity":0,"price":103},"CZ75-Auto | Green Plaid (Field-Tested)":{"quality":3,"skin":"Green Plaid","weapon":"CZ75-Auto","short":"CZ75-Auto | Green Plaid","name":"CZ75-Auto | Green Plaid (Field-Tested)","src":"https://steamcdn-a.akamaihd.net/apps/730/icons/econ/default_generated/weapon_cz75a_hy_plaid2_light_large.82e391ba61c092ece265e3bde16237ab5a510130.png","type":"skin","rarity":0,"price":84},"CZ75-Auto | Green Plaid (Well-Worn)":{"quality":2,"skin":"Green Plaid","weapon":"CZ75-Auto","short":"CZ75-Auto | Green Plaid","name":"CZ75-Auto | Green Plaid (Well-Worn)","src":"https://steamcdn-a.akamaihd.net/apps/730/icons/econ/default_generated/weapon_cz75a_hy_plaid2_light_large.82e391ba61c092ece265e3bde16237ab5a510130.png","type":"skin","rarity":0,"price":84},"CZ75-Auto | Green Plaid (Battle-Scarred)":{"quality":1,"skin":"Green Plaid","weapon":"CZ75-Auto","short":"CZ75-Auto | Green Plaid","name":"CZ75-Auto | Green Plaid (Battle-Scarred)","src":"https://steamcdn-a.akamaihd.net/apps/730/icons/econ/default_generated/weapon_cz75a_hy_plaid2_light_large.82e391ba61c092ece265e3bde16237ab5a510130.png","type":"skin","rarity":0,"price":84},"CZ75-Auto | Green Plaid":{"masterItem":true,"qualities":[5,4,3,2,1],"skin":"Green Plaid","weapon":"CZ75-Auto","short":"CZ75-Auto | Green Plaid","name":"CZ75-Auto | Green Plaid","src":"https://steamcdn-a.akamaihd.net/apps/730/icons/econ/default_generated/weapon_cz75a_hy_plaid2_light_large.82e391ba61c092ece265e3bde16237ab5a510130.png","type":"skin","rarity":0,"price":149,"minPrice":84},"Desert Eagle | Pilot (Factory New)":{"quality":5,"skin":"Pilot","weapon":"Desert Eagle","short":"Desert Eagle | Pilot","name":"Desert Eagle | Pilot (Factory New)","src":"https://steamcdn-a.akamaihd.net/apps/730/icons/econ/default_generated/weapon_deagle_aq_pilot_deagle_light_large.60b0e755ef14311a82f5f35928ad18dbb6ae2a86.png","type":"skin","rarity":3,"price":10403},"Desert Eagle | Pilot (Minimal Wear)":{"quality":4,"skin":"Pilot","weapon":"Desert Eagle","short":"Desert Eagle | Pilot","name":"Desert Eagle | Pilot (Minimal Wear)","src":"https://steamcdn-a.akamaihd.net/apps/730/icons/econ/default_generated/weapon_deagle_aq_pilot_deagle_light_large.60b0e755ef14311a82f5f35928ad18dbb6ae2a86.png","type":"skin","rarity":3,"price":5449},"Desert Eagle | Pilot (Field-Tested)":{"quality":3,"skin":"Pilot","weapon":"Desert Eagle","short":"Desert Eagle | Pilot","name":"Desert Eagle | Pilot (Field-Tested)","src":"https://steamcdn-a.akamaihd.net/apps/730/icons/econ/default_generated/weapon_deagle_aq_pilot_deagle_light_large.60b0e755ef14311a82f5f35928ad18dbb6ae2a86.png","type":"skin","rarity":3,"price":4144},"Desert Eagle | Pilot (Well-Worn)":{"quality":2,"skin":"Pilot","weapon":"Desert Eagle","short":"Desert Eagle | Pilot","name":"Desert Eagle | Pilot (Well-Worn)","src":"https://steamcdn-a.akamaihd.net/apps/730/icons/econ/default_generated/weapon_deagle_aq_pilot_deagle_light_large.60b0e755ef14311a82f5f35928ad18dbb6ae2a86.png","type":"skin","rarity":3,"price":3108},"Desert Eagle | Pilot (Battle-Scarred)":{"quality":1,"skin":"Pilot","weapon":"Desert Eagle","short":"Desert Eagle | Pilot","name":"Desert Eagle | Pilot (Battle-Scarred)","src":"https://steamcdn-a.akamaihd.net/apps/730/icons/econ/default_generated/weapon_deagle_aq_pilot_deagle_light_large.60b0e755ef14311a82f5f35928ad18dbb6ae2a86.png","type":"skin","rarity":3,"price":3136},"Desert Eagle | Pilot":{"masterItem":true,"qualities":[5,4,3,2,1],"skin":"Pilot","weapon":"Desert Eagle","short":"Desert Eagle | Pilot","name":"Desert Eagle | Pilot","src":"https://steamcdn-a.akamaihd.net/apps/730/icons/econ/default_generated/weapon_deagle_aq_pilot_deagle_light_large.60b0e755ef14311a82f5f35928ad18dbb6ae2a86.png","type":"skin","rarity":3,"price":10403,"minPrice":3108},"P90 | Leather (Factory New)":{"quality":5,"skin":"Leather","weapon":"P90","short":"P90 | Leather","name":"P90 | Leather (Factory New)","src":"https://steamcdn-a.akamaihd.net/apps/730/icons/econ/default_generated/weapon_p90_cu_brown_leather_p90_light_large.6943b782f1c00dd933ca3ee3c19749ea2494899c.png","type":"skin","rarity":1,"price":632},"P90 | Leather (Minimal Wear)":{"quality":4,"skin":"Leather","weapon":"P90","short":"P90 | Leather","name":"P90 | Leather (Minimal Wear)","src":"https://steamcdn-a.akamaihd.net/apps/730/icons/econ/default_generated/weapon_p90_cu_brown_leather_p90_light_large.6943b782f1c00dd933ca3ee3c19749ea2494899c.png","type":"skin","rarity":1,"price":357},"P90 | Leather (Field-Tested)":{"quality":3,"skin":"Leather","weapon":"P90","short":"P90 | Leather","name":"P90 | Leather (Field-Tested)","src":"https://steamcdn-a.akamaihd.net/apps/730/icons/econ/default_generated/weapon_p90_cu_brown_leather_p90_light_large.6943b782f1c00dd933ca3ee3c19749ea2494899c.png","type":"skin","rarity":1,"price":298},"P90 | Leather (Well-Worn)":{"quality":2,"skin":"Leather","weapon":"P90","short":"P90 | Leather","name":"P90 | Leather (Well-Worn)","src":"https://steamcdn-a.akamaihd.net/apps/730/icons/econ/default_generated/weapon_p90_cu_brown_leather_p90_light_large.6943b782f1c00dd933ca3ee3c19749ea2494899c.png","type":"skin","rarity":1,"price":276},"P90 | Leather (Battle-Scarred)":{"quality":1,"skin":"Leather","weapon":"P90","short":"P90 | Leather","name":"P90 | Leather (Battle-Scarred)","src":"https://steamcdn-a.akamaihd.net/apps/730/icons/econ/default_generated/weapon_p90_cu_brown_leather_p90_light_large.6943b782f1c00dd933ca3ee3c19749ea2494899c.png","type":"skin","rarity":1,"price":277},"P90 | Leather":{"masterItem":true,"qualities":[5,4,3,2,1],"skin":"Leather","weapon":"P90","short":"P90 | Leather","name":"P90 | Leather","src":"https://steamcdn-a.akamaihd.net/apps/730/icons/econ/default_generated/weapon_p90_cu_brown_leather_p90_light_large.6943b782f1c00dd933ca3ee3c19749ea2494899c.png","type":"skin","rarity":1,"price":632,"minPrice":276},"P2000 | Coach Class (Factory New)":{"quality":5,"skin":"Coach Class","weapon":"P2000","short":"P2000 | Coach Class","name":"P2000 | Coach Class (Factory New)","src":"https://steamcdn-a.akamaihd.net/apps/730/icons/econ/default_generated/weapon_hkp2000_cu_luggage_p2000_light_large.6dfcea73af8a3cf42042fb75be69345cf5525347.png","type":"skin","rarity":1,"price":505},"P2000 | Coach Class (Minimal Wear)":{"quality":4,"skin":"Coach Class","weapon":"P2000","short":"P2000 | Coach Class","name":"P2000 | Coach Class (Minimal Wear)","src":"https://steamcdn-a.akamaihd.net/apps/730/icons/econ/default_generated/weapon_hkp2000_cu_luggage_p2000_light_large.6dfcea73af8a3cf42042fb75be69345cf5525347.png","type":"skin","rarity":1,"price":415},"P2000 | Coach Class (Field-Tested)":{"quality":3,"skin":"Coach Class","weapon":"P2000","short":"P2000 | Coach Class","name":"P2000 | Coach Class (Field-Tested)","src":"https://steamcdn-a.akamaihd.net/apps/730/icons/econ/default_generated/weapon_hkp2000_cu_luggage_p2000_light_large.6dfcea73af8a3cf42042fb75be69345cf5525347.png","type":"skin","rarity":1,"price":317},"P2000 | Coach Class (Well-Worn)":{"quality":2,"skin":"Coach Class","weapon":"P2000","short":"P2000 | Coach Class","name":"P2000 | Coach Class (Well-Worn)","src":"https://steamcdn-a.akamaihd.net/apps/730/icons/econ/default_generated/weapon_hkp2000_cu_luggage_p2000_light_large.6dfcea73af8a3cf42042fb75be69345cf5525347.png","type":"skin","rarity":1,"price":275},"P2000 | Coach Class (Battle-Scarred)":{"quality":1,"skin":"Coach Class","weapon":"P2000","short":"P2000 | Coach Class","name":"P2000 | Coach Class (Battle-Scarred)","src":"https://steamcdn-a.akamaihd.net/apps/730/icons/econ/default_generated/weapon_hkp2000_cu_luggage_p2000_light_large.6dfcea73af8a3cf42042fb75be69345cf5525347.png","type":"skin","rarity":1,"price":277},"P2000 | Coach Class":{"masterItem":true,"qualities":[5,4,3,2,1],"skin":"Coach Class","weapon":"P2000","short":"P2000 | Coach Class","name":"P2000 | Coach Class","src":"https://steamcdn-a.akamaihd.net/apps/730/icons/econ/default_generated/weapon_hkp2000_cu_luggage_p2000_light_large.6dfcea73af8a3cf42042fb75be69345cf5525347.png","type":"skin","rarity":1,"price":505,"minPrice":275},"AK-47 | First Class (Factory New)":{"quality":5,"skin":"First Class","weapon":"AK-47","short":"AK-47 | First Class","name":"AK-47 | First Class (Factory New)","src":"https://steamcdn-a.akamaihd.net/apps/730/icons/econ/default_generated/weapon_ak47_cu_green_leather_ak47_light_large.9622f0d289d98aa50238c0c956631b73bc3171ed.png","type":"skin","rarity":3,"price":6064},"AK-47 | First Class (Minimal Wear)":{"quality":4,"skin":"First Class","weapon":"AK-47","short":"AK-47 | First Class","name":"AK-47 | First Class (Minimal Wear)","src":"https://steamcdn-a.akamaihd.net/apps/730/icons/econ/default_generated/weapon_ak47_cu_green_leather_ak47_light_large.9622f0d289d98aa50238c0c956631b73bc3171ed.png","type":"skin","rarity":3,"price":4030},"AK-47 | First Class (Field-Tested)":{"quality":3,"skin":"First Class","weapon":"AK-47","short":"AK-47 | First Class","name":"AK-47 | First Class (Field-Tested)","src":"https://steamcdn-a.akamaihd.net/apps/730/icons/econ/default_generated/weapon_ak47_cu_green_leather_ak47_light_large.9622f0d289d98aa50238c0c956631b73bc3171ed.png","type":"skin","rarity":3,"price":3158},"AK-47 | First Class (Well-Worn)":{"quality":2,"skin":"First Class","weapon":"AK-47","short":"AK-47 | First Class","name":"AK-47 | First Class (Well-Worn)","src":"https://steamcdn-a.akamaihd.net/apps/730/icons/econ/default_generated/weapon_ak47_cu_green_leather_ak47_light_large.9622f0d289d98aa50238c0c956631b73bc3171ed.png","type":"skin","rarity":3,"price":2863},"AK-47 | First Class (Battle-Scarred)":{"quality":1,"skin":"First Class","weapon":"AK-47","short":"AK-47 | First Class","name":"AK-47 | First Class (Battle-Scarred)","src":"https://steamcdn-a.akamaihd.net/apps/730/icons/econ/default_generated/weapon_ak47_cu_green_leather_ak47_light_large.9622f0d289d98aa50238c0c956631b73bc3171ed.png","type":"skin","rarity":3,"price":2772},"AK-47 | First Class":{"masterItem":true,"qualities":[5,4,3,2,1],"skin":"First Class","weapon":"AK-47","short":"AK-47 | First Class","name":"AK-47 | First Class","src":"https://steamcdn-a.akamaihd.net/apps/730/icons/econ/default_generated/weapon_ak47_cu_green_leather_ak47_light_large.9622f0d289d98aa50238c0c956631b73bc3171ed.png","type":"skin","rarity":3,"price":6064,"minPrice":2772},"AK-47 | Jet Set (Factory New)":{"quality":5,"skin":"Jet Set","weapon":"AK-47","short":"AK-47 | Jet Set","name":"AK-47 | Jet Set (Factory New)","src":"https://steamcdn-a.akamaihd.net/apps/730/icons/econ/default_generated/weapon_ak47_cu_well_traveled_ak47_light_large.708a53ac473d7cd02037876a82b6b4c004bf9a31.png","type":"skin","rarity":4,"price":48259},"AK-47 | Jet Set (Minimal Wear)":{"quality":4,"skin":"Jet Set","weapon":"AK-47","short":"AK-47 | Jet Set","name":"AK-47 | Jet Set (Minimal Wear)","src":"https://steamcdn-a.akamaihd.net/apps/730/icons/econ/default_generated/weapon_ak47_cu_well_traveled_ak47_light_large.708a53ac473d7cd02037876a82b6b4c004bf9a31.png","type":"skin","rarity":4,"price":15581},"AK-47 | Jet Set (Field-Tested)":{"quality":3,"skin":"Jet Set","weapon":"AK-47","short":"AK-47 | Jet Set","name":"AK-47 | Jet Set (Field-Tested)","src":"https://steamcdn-a.akamaihd.net/apps/730/icons/econ/default_generated/weapon_ak47_cu_well_traveled_ak47_light_large.708a53ac473d7cd02037876a82b6b4c004bf9a31.png","type":"skin","rarity":4,"price":11358},"AK-47 | Jet Set (Well-Worn)":{"quality":2,"skin":"Jet Set","weapon":"AK-47","short":"AK-47 | Jet Set","name":"AK-47 | Jet Set (Well-Worn)","src":"https://steamcdn-a.akamaihd.net/apps/730/icons/econ/default_generated/weapon_ak47_cu_well_traveled_ak47_light_large.708a53ac473d7cd02037876a82b6b4c004bf9a31.png","type":"skin","rarity":4,"price":10555},"AK-47 | Jet Set (Battle-Scarred)":{"quality":1,"skin":"Jet Set","weapon":"AK-47","short":"AK-47 | Jet Set","name":"AK-47 | Jet Set (Battle-Scarred)","src":"https://steamcdn-a.akamaihd.net/apps/730/icons/econ/default_generated/weapon_ak47_cu_well_traveled_ak47_light_large.708a53ac473d7cd02037876a82b6b4c004bf9a31.png","type":"skin","rarity":4,"price":10053},"AK-47 | Jet Set":{"masterItem":true,"qualities":[5,4,3,2,1],"skin":"Jet Set","weapon":"AK-47","short":"AK-47 | Jet Set","name":"AK-47 | Jet Set","src":"https://steamcdn-a.akamaihd.net/apps/730/icons/econ/default_generated/weapon_ak47_cu_well_traveled_ak47_light_large.708a53ac473d7cd02037876a82b6b4c004bf9a31.png","type":"skin","rarity":4,"price":48259,"minPrice":10053},"XM1014 | Red Leather (Factory New)":{"quality":5,"skin":"Red Leather","weapon":"XM1014","short":"XM1014 | Red Leather","name":"XM1014 | Red Leather (Factory New)","src":"https://steamcdn-a.akamaihd.net/apps/730/icons/econ/default_generated/weapon_xm1014_cu_leather_xm1014_light_large.4b2f6f7df7d03f0bfb271d1d06c948bb8cdcb0c0.png","type":"skin","rarity":2,"price":2021},"XM1014 | Red Leather (Minimal Wear)":{"quality":4,"skin":"Red Leather","weapon":"XM1014","short":"XM1014 | Red Leather","name":"XM1014 | Red Leather (Minimal Wear)","src":"https://steamcdn-a.akamaihd.net/apps/730/icons/econ/default_generated/weapon_xm1014_cu_leather_xm1014_light_large.4b2f6f7df7d03f0bfb271d1d06c948bb8cdcb0c0.png","type":"skin","rarity":2,"price":1508},"XM1014 | Red Leather (Field-Tested)":{"quality":3,"skin":"Red Leather","weapon":"XM1014","short":"XM1014 | Red Leather","name":"XM1014 | Red Leather (Field-Tested)","src":"https://steamcdn-a.akamaihd.net/apps/730/icons/econ/default_generated/weapon_xm1014_cu_leather_xm1014_light_large.4b2f6f7df7d03f0bfb271d1d06c948bb8cdcb0c0.png","type":"skin","rarity":2,"price":1399},"XM1014 | Red Leather (Well-Worn)":{"quality":2,"skin":"Red Leather","weapon":"XM1014","short":"XM1014 | Red Leather","name":"XM1014 | Red Leather (Well-Worn)","src":"https://steamcdn-a.akamaihd.net/apps/730/icons/econ/default_generated/weapon_xm1014_cu_leather_xm1014_light_large.4b2f6f7df7d03f0bfb271d1d06c948bb8cdcb0c0.png","type":"skin","rarity":2,"price":1694},"XM1014 | Red Leather (Battle-Scarred)":{"quality":1,"skin":"Red Leather","weapon":"XM1014","short":"XM1014 | Red Leather","name":"XM1014 | Red Leather (Battle-Scarred)","src":"https://steamcdn-a.akamaihd.net/apps/730/icons/econ/default_generated/weapon_xm1014_cu_leather_xm1014_light_large.4b2f6f7df7d03f0bfb271d1d06c948bb8cdcb0c0.png","type":"skin","rarity":2,"price":1815},"XM1014 | Red Leather":{"masterItem":true,"qualities":[5,4,3,2,1],"skin":"Red Leather","weapon":"XM1014","short":"XM1014 | Red Leather","name":"XM1014 | Red Leather","src":"https://steamcdn-a.akamaihd.net/apps/730/icons/econ/default_generated/weapon_xm1014_cu_leather_xm1014_light_large.4b2f6f7df7d03f0bfb271d1d06c948bb8cdcb0c0.png","type":"skin","rarity":2,"price":2021,"minPrice":1399},"SG 553 | Traveler (Factory New)":{"quality":5,"skin":"Traveler","weapon":"SG 553","short":"SG 553 | Traveler","name":"SG 553 | Traveler (Factory New)","src":"https://steamcdn-a.akamaihd.net/apps/730/icons/econ/default_generated/weapon_sg556_cu_luggage_sg553_light_large.374b9493843853afc913a1735b154fcbbdbb6f89.png","type":"skin","rarity":1,"price":707},"SG 553 | Traveler (Minimal Wear)":{"quality":4,"skin":"Traveler","weapon":"SG 553","short":"SG 553 | Traveler","name":"SG 553 | Traveler (Minimal Wear)","src":"https://steamcdn-a.akamaihd.net/apps/730/icons/econ/default_generated/weapon_sg556_cu_luggage_sg553_light_large.374b9493843853afc913a1735b154fcbbdbb6f89.png","type":"skin","rarity":1,"price":377},"SG 553 | Traveler (Field-Tested)":{"quality":3,"skin":"Traveler","weapon":"SG 553","short":"SG 553 | Traveler","name":"SG 553 | Traveler (Field-Tested)","src":"https://steamcdn-a.akamaihd.net/apps/730/icons/econ/default_generated/weapon_sg556_cu_luggage_sg553_light_large.374b9493843853afc913a1735b154fcbbdbb6f89.png","type":"skin","rarity":1,"price":306},"SG 553 | Traveler (Well-Worn)":{"quality":2,"skin":"Traveler","weapon":"SG 553","short":"SG 553 | Traveler","name":"SG 553 | Traveler (Well-Worn)","src":"https://steamcdn-a.akamaihd.net/apps/730/icons/econ/default_generated/weapon_sg556_cu_luggage_sg553_light_large.374b9493843853afc913a1735b154fcbbdbb6f89.png","type":"skin","rarity":1,"price":265},"SG 553 | Traveler (Battle-Scarred)":{"quality":1,"skin":"Traveler","weapon":"SG 553","short":"SG 553 | Traveler","name":"SG 553 | Traveler (Battle-Scarred)","src":"https://steamcdn-a.akamaihd.net/apps/730/icons/econ/default_generated/weapon_sg556_cu_luggage_sg553_light_large.374b9493843853afc913a1735b154fcbbdbb6f89.png","type":"skin","rarity":1,"price":298},"SG 553 | Traveler":{"masterItem":true,"qualities":[5,4,3,2,1],"skin":"Traveler","weapon":"SG 553","short":"SG 553 | Traveler","name":"SG 553 | Traveler","src":"https://steamcdn-a.akamaihd.net/apps/730/icons/econ/default_generated/weapon_sg556_cu_luggage_sg553_light_large.374b9493843853afc913a1735b154fcbbdbb6f89.png","type":"skin","rarity":1,"price":707,"minPrice":265}}