{"The Bank Collection":{"name":"The Bank Collection","src":"images/items/collections/bank.png","price":236,"type":"case","rarity":0,"content":{"items":["CZ75-Auto | Tuxedo (Factory New)","CZ75-Auto | Tuxedo (Minimal Wear)","CZ75-Auto | Tuxedo (Field-Tested)","CZ75-Auto | Tuxedo (Well-Worn)","CZ75-Auto | Tuxedo (Battle-Scarred)","Desert Eagle | Meteorite (Factory New)","Desert Eagle | Meteorite (Minimal Wear)","Desert Eagle | Meteorite (Field-Tested)","R8 Revolver | Bone Mask (Factory New)","R8 Revolver | Bone Mask (Minimal Wear)","R8 Revolver | Bone Mask (Field-Tested)","R8 Revolver | Bone Mask (Well-Worn)","R8 Revolver | Bone Mask (Battle-Scarred)","Souvenir R8 Revolver | Bone Mask (Factory New)","Souvenir R8 Revolver | Bone Mask (Minimal Wear)","Souvenir R8 Revolver | Bone Mask (Field-Tested)","Souvenir R8 Revolver | Bone Mask (Well-Worn)","Souvenir R8 Revolver | Bone Mask (Battle-Scarred)","P250 | Franklin (Factory New)","P250 | Franklin (Minimal Wear)","P250 | Franklin (Field-Tested)","P250 | Franklin (Well-Worn)","UMP-45 | Carbon Fiber (Factory New)","UMP-45 | Carbon Fiber (Minimal Wear)","AK-47 | Emerald Pinstripe (Factory New)","AK-47 | Emerald Pinstripe (Minimal Wear)","AK-47 | Emerald Pinstripe (Field-Tested)","AK-47 | Emerald Pinstripe (Well-Worn)","AK-47 | Emerald Pinstripe (Battle-Scarred)","G3SG1 | Green Apple (Factory New)","G3SG1 | Green Apple (Minimal Wear)","G3SG1 | Green Apple (Field-Tested)","MP7 | Forest DDPAT (Factory New)","MP7 | Forest DDPAT (Minimal Wear)","MP7 | Forest DDPAT (Field-Tested)","MP7 | Forest DDPAT (Well-Worn)","MP7 | Forest DDPAT (Battle-Scarred)","Sawed-Off | Forest DDPAT (Factory New)","Sawed-Off | Forest DDPAT (Minimal Wear)","Sawed-Off | Forest DDPAT (Field-Tested)","Sawed-Off | Forest DDPAT (Well-Worn)","Sawed-Off | Forest DDPAT (Battle-Scarred)","MAC-10 | Silver (Factory New)","MAC-10 | Silver (Minimal Wear)","Negev | Army Sheen (Factory New)","Negev | Army Sheen (Minimal Wear)","Negev | Army Sheen (Field-Tested)","Tec-9 | Urban DDPAT (Factory New)","Tec-9 | Urban DDPAT (Minimal Wear)","Tec-9 | Urban DDPAT (Field-Tested)","Tec-9 | Urban DDPAT (Well-Worn)","Tec-9 | Urban DDPAT (Battle-Scarred)","Nova | Caged Steel (Factory New)","Nova | Caged Steel (Minimal Wear)","Nova | Caged Steel (Field-Tested)","Glock-18 | Death Rattle (Minimal Wear)","Glock-18 | Death Rattle (Field-Tested)","Glock-18 | Death Rattle (Well-Worn)","Glock-18 | Death Rattle (Battle-Scarred)","Galil AR | Tuxedo (Factory New)","Galil AR | Tuxedo (Minimal Wear)","Galil AR | Tuxedo (Field-Tested)","Galil AR | Tuxedo (Well-Worn)","Galil AR | Tuxedo (Battle-Scarred)","SG 553 | Army Sheen (Factory New)","SG 553 | Army Sheen (Minimal Wear)","SG 553 | Army Sheen (Field-Tested)"]}},"CZ75-Auto | Tuxedo (Factory New)":{"quality":5,"skin":"Tuxedo","weapon":"CZ75-Auto","short":"CZ75-Auto | Tuxedo","name":"CZ75-Auto | Tuxedo (Factory New)","src":"https://steamcdn-a.akamaihd.net/apps/730/icons/econ/default_generated/weapon_cz75a_so_orca_light_large.8490865eba36c09ccd75a9b1f93445ff2e9f2b8f.png","type":"skin","rarity":2,"price":169},"CZ75-Auto | Tuxedo (Minimal Wear)":{"quality":4,"skin":"Tuxedo","weapon":"CZ75-Auto","short":"CZ75-Auto | Tuxedo","name":"CZ75-Auto | Tuxedo (Minimal Wear)","src":"https://steamcdn-a.akamaihd.net/apps/730/icons/econ/default_generated/weapon_cz75a_so_orca_light_large.8490865eba36c09ccd75a9b1f93445ff2e9f2b8f.png","type":"skin","rarity":2,"price":128},"CZ75-Auto | Tuxedo (Field-Tested)":{"quality":3,"skin":"Tuxedo","weapon":"CZ75-Auto","short":"CZ75-Auto | Tuxedo","name":"CZ75-Auto | Tuxedo (Field-Tested)","src":"https://steamcdn-a.akamaihd.net/apps/730/icons/econ/default_generated/weapon_cz75a_so_orca_light_large.8490865eba36c09ccd75a9b1f93445ff2e9f2b8f.png","type":"skin","rarity":2,"price":95},"CZ75-Auto | Tuxedo (Well-Worn)":{"quality":2,"skin":"Tuxedo","weapon":"CZ75-Auto","short":"CZ75-Auto | Tuxedo","name":"CZ75-Auto | Tuxedo (Well-Worn)","src":"https://steamcdn-a.akamaihd.net/apps/730/icons/econ/default_generated/weapon_cz75a_so_orca_light_large.8490865eba36c09ccd75a9b1f93445ff2e9f2b8f.png","type":"skin","rarity":2,"price":78},"CZ75-Auto | Tuxedo (Battle-Scarred)":{"quality":1,"skin":"Tuxedo","weapon":"CZ75-Auto","short":"CZ75-Auto | Tuxedo","name":"CZ75-Auto | Tuxedo (Battle-Scarred)","src":"https://steamcdn-a.akamaihd.net/apps/730/icons/econ/default_generated/weapon_cz75a_so_orca_light_large.8490865eba36c09ccd75a9b1f93445ff2e9f2b8f.png","type":"skin","rarity":2,"price":72},"CZ75-Auto | Tuxedo":{"masterItem":true,"qualities":[5,4,3,2,1],"skin":"Tuxedo","weapon":"CZ75-Auto","short":"CZ75-Auto | Tuxedo","name":"CZ75-Auto | Tuxedo","src":"https://steamcdn-a.akamaihd.net/apps/730/icons/econ/default_generated/weapon_cz75a_so_orca_light_large.8490865eba36c09ccd75a9b1f93445ff2e9f2b8f.png","type":"skin","rarity":2,"price":169,"minPrice":72},"Desert Eagle | Meteorite (Factory New)":{"quality":5,"skin":"Meteorite","weapon":"Desert Eagle","short":"Desert Eagle | Meteorite","name":"Desert Eagle | Meteorite (Factory New)","src":"https://steamcdn-a.akamaihd.net/apps/730/icons/econ/default_generated/weapon_deagle_am_crystallized_dark_light_large.2d7d753a893ec3f0a470af9690aa64dcecd7146f.png","type":"skin","rarity":2,"price":161},"Desert Eagle | Meteorite (Minimal Wear)":{"quality":4,"skin":"Meteorite","weapon":"Desert Eagle","short":"Desert Eagle | Meteorite","name":"Desert Eagle | Meteorite (Minimal Wear)","src":"https://steamcdn-a.akamaihd.net/apps/730/icons/econ/default_generated/weapon_deagle_am_crystallized_dark_light_large.2d7d753a893ec3f0a470af9690aa64dcecd7146f.png","type":"skin","rarity":2,"price":130},"Desert Eagle | Meteorite (Field-Tested)":{"quality":3,"skin":"Meteorite","weapon":"Desert Eagle","short":"Desert Eagle | Meteorite","name":"Desert Eagle | Meteorite (Field-Tested)","src":"https://steamcdn-a.akamaihd.net/apps/730/icons/econ/default_generated/weapon_deagle_am_crystallized_dark_light_large.2d7d753a893ec3f0a470af9690aa64dcecd7146f.png","type":"skin","rarity":2,"price":105},"Desert Eagle | Meteorite":{"masterItem":true,"qualities":[5,4,3],"skin":"Meteorite","weapon":"Desert Eagle","short":"Desert Eagle | Meteorite","name":"Desert Eagle | Meteorite","src":"https://steamcdn-a.akamaihd.net/apps/730/icons/econ/default_generated/weapon_deagle_am_crystallized_dark_light_large.2d7d753a893ec3f0a470af9690aa64dcecd7146f.png","type":"skin","rarity":2,"price":161,"minPrice":105},"R8 Revolver | Bone Mask (Factory New)":{"quality":5,"skin":"Bone Mask","weapon":"R8 Revolver","short":"R8 Revolver | Bone Mask","name":"R8 Revolver | Bone Mask (Factory New)","src":"https://steamcdn-a.akamaihd.net/apps/730/icons/econ/default_generated/weapon_revolver_sp_tape_light_large.c8f9124ff70ca2a6e8867920cd39e4fb7308ac87.png","type":"skin","rarity":0,"price":10},"R8 Revolver | Bone Mask (Minimal Wear)":{"quality":4,"skin":"Bone Mask","weapon":"R8 Revolver","short":"R8 Revolver | Bone Mask","name":"R8 Revolver | Bone Mask (Minimal Wear)","src":"https://steamcdn-a.akamaihd.net/apps/730/icons/econ/default_generated/weapon_revolver_sp_tape_light_large.c8f9124ff70ca2a6e8867920cd39e4fb7308ac87.png","type":"skin","rarity":0,"price":3},"R8 Revolver | Bone Mask (Field-Tested)":{"quality":3,"skin":"Bone Mask","weapon":"R8 Revolver","short":"R8 Revolver | Bone Mask","name":"R8 Revolver | Bone Mask (Field-Tested)","src":"https://steamcdn-a.akamaihd.net/apps/730/icons/econ/default_generated/weapon_revolver_sp_tape_light_large.c8f9124ff70ca2a6e8867920cd39e4fb7308ac87.png","type":"skin","rarity":0,"price":3},"R8 Revolver | Bone Mask (Well-Worn)":{"quality":2,"skin":"Bone Mask","weapon":"R8 Revolver","short":"R8 Revolver | Bone Mask","name":"R8 Revolver | Bone Mask (Well-Worn)","src":"https://steamcdn-a.akamaihd.net/apps/730/icons/econ/default_generated/weapon_revolver_sp_tape_light_large.c8f9124ff70ca2a6e8867920cd39e4fb7308ac87.png","type":"skin","rarity":0,"price":3},"R8 Revolver | Bone Mask (Battle-Scarred)":{"quality":1,"skin":"Bone Mask","weapon":"R8 Revolver","short":"R8 Revolver | Bone Mask","name":"R8 Revolver | Bone Mask (Battle-Scarred)","src":"https://steamcdn-a.akamaihd.net/apps/730/icons/econ/default_generated/weapon_revolver_sp_tape_light_large.c8f9124ff70ca2a6e8867920cd39e4fb7308ac87.png","type":"skin","rarity":0,"price":3},"Souvenir R8 Revolver | Bone Mask (Factory New)":{"souvenir":true,"quality":5,"skin":"Bone Mask","weapon":"R8 Revolver","short":"R8 Revolver | Bone Mask","name":"Souvenir R8 Revolver | Bone Mask (Factory New)","src":"https://steamcdn-a.akamaihd.net/apps/730/icons/econ/default_generated/weapon_revolver_sp_tape_light_large.c8f9124ff70ca2a6e8867920cd39e4fb7308ac87.png","type":"skin","rarity":0,"price":59},"Souvenir R8 Revolver | Bone Mask (Minimal Wear)":{"souvenir":true,"quality":4,"skin":"Bone Mask","weapon":"R8 Revolver","short":"R8 Revolver | Bone Mask","name":"Souvenir R8 Revolver | Bone Mask (Minimal Wear)","src":"https://steamcdn-a.akamaihd.net/apps/730/icons/econ/default_generated/weapon_revolver_sp_tape_light_large.c8f9124ff70ca2a6e8867920cd39e4fb7308ac87.png","type":"skin","rarity":0,"price":50},"Souvenir R8 Revolver | Bone Mask (Field-Tested)":{"souvenir":true,"quality":3,"skin":"Bone Mask","weapon":"R8 Revolver","short":"R8 Revolver | Bone Mask","name":"Souvenir R8 Revolver | Bone Mask (Field-Tested)","src":"https://steamcdn-a.akamaihd.net/apps/730/icons/econ/default_generated/weapon_revolver_sp_tape_light_large.c8f9124ff70ca2a6e8867920cd39e4fb7308ac87.png","type":"skin","rarity":0,"price":58},"Souvenir R8 Revolver | Bone Mask (Well-Worn)":{"souvenir":true,"quality":2,"skin":"Bone Mask","weapon":"R8 Revolver","short":"R8 Revolver | Bone Mask","name":"Souvenir R8 Revolver | Bone Mask (Well-Worn)","src":"https://steamcdn-a.akamaihd.net/apps/730/icons/econ/default_generated/weapon_revolver_sp_tape_light_large.c8f9124ff70ca2a6e8867920cd39e4fb7308ac87.png","type":"skin","rarity":0,"price":39},"Souvenir R8 Revolver | Bone Mask (Battle-Scarred)":{"souvenir":true,"quality":1,"skin":"Bone Mask","weapon":"R8 Revolver","short":"R8 Revolver | Bone Mask","name":"Souvenir R8 Revolver | Bone Mask (Battle-Scarred)","src":"https://steamcdn-a.akamaihd.net/apps/730/icons/econ/default_generated/weapon_revolver_sp_tape_light_large.c8f9124ff70ca2a6e8867920cd39e4fb7308ac87.png","type":"skin","rarity":0,"price":31},"R8 Revolver | Bone Mask":{"souvenirAvailable":true,"masterItem":true,"qualities":[5,4,3,2,1],"skin":"Bone Mask","weapon":"R8 Revolver","short":"R8 Revolver | Bone Mask","name":"R8 Revolver | Bone Mask","src":"https://steamcdn-a.akamaihd.net/apps/730/icons/econ/default_generated/weapon_revolver_sp_tape_light_large.c8f9124ff70ca2a6e8867920cd39e4fb7308ac87.png","type":"skin","rarity":0,"price":59,"minPrice":3},"P250 | Franklin (Factory New)":{"quality":5,"skin":"Franklin","weapon":"P250","short":"P250 | Franklin","name":"P250 | Franklin (Factory New)","src":"https://steamcdn-a.akamaihd.net/apps/730/icons/econ/default_generated/weapon_p250_cu_money_light_large.a8632edd5846b8c9de09c711ada47f7decc739b7.png","type":"skin","rarity":4,"price":167},"P250 | Franklin (Minimal Wear)":{"quality":4,"skin":"Franklin","weapon":"P250","short":"P250 | Franklin","name":"P250 | Franklin (Minimal Wear)","src":"https://steamcdn-a.akamaihd.net/apps/730/icons/econ/default_generated/weapon_p250_cu_money_light_large.a8632edd5846b8c9de09c711ada47f7decc739b7.png","type":"skin","rarity":4,"price":102},"P250 | Franklin (Field-Tested)":{"quality":3,"skin":"Franklin","weapon":"P250","short":"P250 | Franklin","name":"P250 | Franklin (Field-Tested)","src":"https://steamcdn-a.akamaihd.net/apps/730/icons/econ/default_generated/weapon_p250_cu_money_light_large.a8632edd5846b8c9de09c711ada47f7decc739b7.png","type":"skin","rarity":4,"price":77},"P250 | Franklin (Well-Worn)":{"quality":2,"skin":"Franklin","weapon":"P250","short":"P250 | Franklin","name":"P250 | Franklin (Well-Worn)","src":"https://steamcdn-a.akamaihd.net/apps/730/icons/econ/default_generated/weapon_p250_cu_money_light_large.a8632edd5846b8c9de09c711ada47f7decc739b7.png","type":"skin","rarity":4,"price":145},"P250 | Franklin":{"masterItem":true,"qualities":[5,4,3,2],"skin":"Franklin","weapon":"P250","short":"P250 | Franklin","name":"P250 | Franklin","src":"https://steamcdn-a.akamaihd.net/apps/730/icons/econ/default_generated/weapon_p250_cu_money_light_large.a8632edd5846b8c9de09c711ada47f7decc739b7.png","type":"skin","rarity":4,"price":167,"minPrice":77},"UMP-45 | Carbon Fiber (Factory New)":{"quality":5,"skin":"Carbon Fiber","weapon":"UMP-45","short":"UMP-45 | Carbon Fiber","name":"UMP-45 | Carbon Fiber (Factory New)","src":"https://steamcdn-a.akamaihd.net/apps/730/icons/econ/default_generated/weapon_ump45_am_carbon_fiber_light_large.b250b860bbe6f7a689448cc47b6ac25427e3d848.png","type":"skin","rarity":1,"price":16},"UMP-45 | Carbon Fiber (Minimal Wear)":{"quality":4,"skin":"Carbon Fiber","weapon":"UMP-45","short":"UMP-45 | Carbon Fiber","name":"UMP-45 | Carbon Fiber (Minimal Wear)","src":"https://steamcdn-a.akamaihd.net/apps/730/icons/econ/default_generated/weapon_ump45_am_carbon_fiber_light_large.b250b860bbe6f7a689448cc47b6ac25427e3d848.png","type":"skin","rarity":1,"price":14},"UMP-45 | Carbon Fiber":{"masterItem":true,"qualities":[5,4],"skin":"Carbon Fiber","weapon":"UMP-45","short":"UMP-45 | Carbon Fiber","name":"UMP-45 | Carbon Fiber","src":"https://steamcdn-a.akamaihd.net/apps/730/icons/econ/default_generated/weapon_ump45_am_carbon_fiber_light_large.b250b860bbe6f7a689448cc47b6ac25427e3d848.png","type":"skin","rarity":1,"price":16,"minPrice":14},"AK-47 | Emerald Pinstripe (Factory New)":{"quality":5,"skin":"Emerald Pinstripe","weapon":"AK-47","short":"AK-47 | Emerald Pinstripe","name":"AK-47 | Emerald Pinstripe (Factory New)","src":"https://steamcdn-a.akamaihd.net/apps/730/icons/econ/default_generated/weapon_ak47_cu_pinstripe_ak47_light_large.2123421a26fbe673eea7c0238c7441a83b97aa17.png","type":"skin","rarity":3,"price":1212},"AK-47 | Emerald Pinstripe (Minimal Wear)":{"quality":4,"skin":"Emerald Pinstripe","weapon":"AK-47","short":"AK-47 | Emerald Pinstripe","name":"AK-47 | Emerald Pinstripe (Minimal Wear)","src":"https://steamcdn-a.akamaihd.net/apps/730/icons/econ/default_generated/weapon_ak47_cu_pinstripe_ak47_light_large.2123421a26fbe673eea7c0238c7441a83b97aa17.png","type":"skin","rarity":3,"price":840},"AK-47 | Emerald Pinstripe (Field-Tested)":{"quality":3,"skin":"Emerald Pinstripe","weapon":"AK-47","short":"AK-47 | Emerald Pinstripe","name":"AK-47 | Emerald Pinstripe (Field-Tested)","src":"https://steamcdn-a.akamaihd.net/apps/730/icons/econ/default_generated/weapon_ak47_cu_pinstripe_ak47_light_large.2123421a26fbe673eea7c0238c7441a83b97aa17.png","type":"skin","rarity":3,"price":530},"AK-47 | Emerald Pinstripe (Well-Worn)":{"quality":2,"skin":"Emerald Pinstripe","weapon":"AK-47","short":"AK-47 | Emerald Pinstripe","name":"AK-47 | Emerald Pinstripe (Well-Worn)","src":"https://steamcdn-a.akamaihd.net/apps/730/icons/econ/default_generated/weapon_ak47_cu_pinstripe_ak47_light_large.2123421a26fbe673eea7c0238c7441a83b97aa17.png","type":"skin","rarity":3,"price":502},"AK-47 | Emerald Pinstripe (Battle-Scarred)":{"quality":1,"skin":"Emerald Pinstripe","weapon":"AK-47","short":"AK-47 | Emerald Pinstripe","name":"AK-47 | Emerald Pinstripe (Battle-Scarred)","src":"https://steamcdn-a.akamaihd.net/apps/730/icons/econ/default_generated/weapon_ak47_cu_pinstripe_ak47_light_large.2123421a26fbe673eea7c0238c7441a83b97aa17.png","type":"skin","rarity":3,"price":460},"AK-47 | Emerald Pinstripe":{"masterItem":true,"qualities":[5,4,3,2,1],"skin":"Emerald Pinstripe","weapon":"AK-47","short":"AK-47 | Emerald Pinstripe","name":"AK-47 | Emerald Pinstripe","src":"https://steamcdn-a.akamaihd.net/apps/730/icons/econ/default_generated/weapon_ak47_cu_pinstripe_ak47_light_large.2123421a26fbe673eea7c0238c7441a83b97aa17.png","type":"skin","rarity":3,"price":1212,"minPrice":460},"G3SG1 | Green Apple (Factory New)":{"quality":5,"skin":"Green Apple","weapon":"G3SG1","short":"G3SG1 | Green Apple","name":"G3SG1 | Green Apple (Factory New)","src":"https://steamcdn-a.akamaihd.net/apps/730/icons/econ/default_generated/weapon_g3sg1_so_green_light_large.28c4e72757be64775c1111ac0e7142a147cacb9c.png","type":"skin","rarity":1,"price":17},"G3SG1 | Green Apple (Minimal Wear)":{"quality":4,"skin":"Green Apple","weapon":"G3SG1","short":"G3SG1 | Green Apple","name":"G3SG1 | Green Apple (Minimal Wear)","src":"https://steamcdn-a.akamaihd.net/apps/730/icons/econ/default_generated/weapon_g3sg1_so_green_light_large.28c4e72757be64775c1111ac0e7142a147cacb9c.png","type":"skin","rarity":1,"price":14},"G3SG1 | Green Apple (Field-Tested)":{"quality":3,"skin":"Green Apple","weapon":"G3SG1","short":"G3SG1 | Green Apple","name":"G3SG1 | Green Apple (Field-Tested)","src":"https://steamcdn-a.akamaihd.net/apps/730/icons/econ/default_generated/weapon_g3sg1_so_green_light_large.28c4e72757be64775c1111ac0e7142a147cacb9c.png","type":"skin","rarity":1,"price":11},"G3SG1 | Green Apple":{"masterItem":true,"qualities":[5,4,3],"skin":"Green Apple","weapon":"G3SG1","short":"G3SG1 | Green Apple","name":"G3SG1 | Green Apple","src":"https://steamcdn-a.akamaihd.net/apps/730/icons/econ/default_generated/weapon_g3sg1_so_green_light_large.28c4e72757be64775c1111ac0e7142a147cacb9c.png","type":"skin","rarity":1,"price":17,"minPrice":11},"MP7 | Forest DDPAT (Factory New)":{"quality":5,"skin":"Forest DDPAT","weapon":"MP7","short":"MP7 | Forest DDPAT","name":"MP7 | Forest DDPAT (Factory New)","src":"https://steamcdn-a.akamaihd.net/apps/730/icons/econ/default_generated/weapon_mp7_hy_ddpat_light_large.0207fb5fe0a1e21cdda28e005f7960f2dc4728b9.png","type":"skin","rarity":0,"price":9},"MP7 | Forest DDPAT (Minimal Wear)":{"quality":4,"skin":"Forest DDPAT","weapon":"MP7","short":"MP7 | Forest DDPAT","name":"MP7 | Forest DDPAT (Minimal Wear)","src":"https://steamcdn-a.akamaihd.net/apps/730/icons/econ/default_generated/weapon_mp7_hy_ddpat_light_large.0207fb5fe0a1e21cdda28e005f7960f2dc4728b9.png","type":"skin","rarity":0,"price":3},"MP7 | Forest DDPAT (Field-Tested)":{"quality":3,"skin":"Forest DDPAT","weapon":"MP7","short":"MP7 | Forest DDPAT","name":"MP7 | Forest DDPAT (Field-Tested)","src":"https://steamcdn-a.akamaihd.net/apps/730/icons/econ/default_generated/weapon_mp7_hy_ddpat_light_large.0207fb5fe0a1e21cdda28e005f7960f2dc4728b9.png","type":"skin","rarity":0,"price":3},"MP7 | Forest DDPAT (Well-Worn)":{"quality":2,"skin":"Forest DDPAT","weapon":"MP7","short":"MP7 | Forest DDPAT","name":"MP7 | Forest DDPAT (Well-Worn)","src":"https://steamcdn-a.akamaihd.net/apps/730/icons/econ/default_generated/weapon_mp7_hy_ddpat_light_large.0207fb5fe0a1e21cdda28e005f7960f2dc4728b9.png","type":"skin","rarity":0,"price":3},"MP7 | Forest DDPAT (Battle-Scarred)":{"quality":1,"skin":"Forest DDPAT","weapon":"MP7","short":"MP7 | Forest DDPAT","name":"MP7 | Forest DDPAT (Battle-Scarred)","src":"https://steamcdn-a.akamaihd.net/apps/730/icons/econ/default_generated/weapon_mp7_hy_ddpat_light_large.0207fb5fe0a1e21cdda28e005f7960f2dc4728b9.png","type":"skin","rarity":0,"price":3},"MP7 | Forest DDPAT":{"masterItem":true,"qualities":[5,4,3,2,1],"skin":"Forest DDPAT","weapon":"MP7","short":"MP7 | Forest DDPAT","name":"MP7 | Forest DDPAT","src":"https://steamcdn-a.akamaihd.net/apps/730/icons/econ/default_generated/weapon_mp7_hy_ddpat_light_large.0207fb5fe0a1e21cdda28e005f7960f2dc4728b9.png","type":"skin","rarity":0,"price":9,"minPrice":3},"Sawed-Off | Forest DDPAT (Factory New)":{"quality":5,"skin":"Forest DDPAT","weapon":"Sawed-Off","short":"Sawed-Off | Forest DDPAT","name":"Sawed-Off | Forest DDPAT (Factory New)","src":"https://steamcdn-a.akamaihd.net/apps/730/icons/econ/default_generated/weapon_sawedoff_hy_ddpat_light_large.e3f476b768693a046994a90e2aca045d329e6957.png","type":"skin","rarity":0,"price":9},"Sawed-Off | Forest DDPAT (Minimal Wear)":{"quality":4,"skin":"Forest DDPAT","weapon":"Sawed-Off","short":"Sawed-Off | Forest DDPAT","name":"Sawed-Off | Forest DDPAT (Minimal Wear)","src":"https://steamcdn-a.akamaihd.net/apps/730/icons/econ/default_generated/weapon_sawedoff_hy_ddpat_light_large.e3f476b768693a046994a90e2aca045d329e6957.png","type":"skin","rarity":0,"price":3},"Sawed-Off | Forest DDPAT (Field-Tested)":{"quality":3,"skin":"Forest DDPAT","weapon":"Sawed-Off","short":"Sawed-Off | Forest DDPAT","name":"Sawed-Off | Forest DDPAT (Field-Tested)","src":"https://steamcdn-a.akamaihd.net/apps/730/icons/econ/default_generated/weapon_sawedoff_hy_ddpat_light_large.e3f476b768693a046994a90e2aca045d329e6957.png","type":"skin","rarity":0,"price":3},"Sawed-Off | Forest DDPAT (Well-Worn)":{"quality":2,"skin":"Forest DDPAT","weapon":"Sawed-Off","short":"Sawed-Off | Forest DDPAT","name":"Sawed-Off | Forest DDPAT (Well-Worn)","src":"https://steamcdn-a.akamaihd.net/apps/730/icons/econ/default_generated/weapon_sawedoff_hy_ddpat_light_large.e3f476b768693a046994a90e2aca045d329e6957.png","type":"skin","rarity":0,"price":3},"Sawed-Off | Forest DDPAT (Battle-Scarred)":{"quality":1,"skin":"Forest DDPAT","weapon":"Sawed-Off","short":"Sawed-Off | Forest DDPAT","name":"Sawed-Off | Forest DDPAT (Battle-Scarred)","src":"https://steamcdn-a.akamaihd.net/apps/730/icons/econ/default_generated/weapon_sawedoff_hy_ddpat_light_large.e3f476b768693a046994a90e2aca045d329e6957.png","type":"skin","rarity":0,"price":3},"Sawed-Off | Forest DDPAT":{"masterItem":true,"qualities":[5,4,3,2,1],"skin":"Forest DDPAT","weapon":"Sawed-Off","short":"Sawed-Off | Forest DDPAT","name":"Sawed-Off | Forest DDPAT","src":"https://steamcdn-a.akamaihd.net/apps/730/icons/econ/default_generated/weapon_sawedoff_hy_ddpat_light_large.e3f476b768693a046994a90e2aca045d329e6957.png","type":"skin","rarity":0,"price":9,"minPrice":3},"MAC-10 | Silver (Factory New)":{"quality":5,"skin":"Silver","weapon":"MAC-10","short":"MAC-10 | Silver","name":"MAC-10 | Silver (Factory New)","src":"https://steamcdn-a.akamaihd.net/apps/730/icons/econ/default_generated/weapon_mac10_an_silver_light_large.3082e91b9fddbddc9b72da44382fe1def00fa5fa.png","type":"skin","rarity":1,"price":17},"MAC-10 | Silver (Minimal Wear)":{"quality":4,"skin":"Silver","weapon":"MAC-10","short":"MAC-10 | Silver","name":"MAC-10 | Silver (Minimal Wear)","src":"https://steamcdn-a.akamaihd.net/apps/730/icons/econ/default_generated/weapon_mac10_an_silver_light_large.3082e91b9fddbddc9b72da44382fe1def00fa5fa.png","type":"skin","rarity":1,"price":16},"MAC-10 | Silver":{"masterItem":true,"qualities":[5,4],"skin":"Silver","weapon":"MAC-10","short":"MAC-10 | Silver","name":"MAC-10 | Silver","src":"https://steamcdn-a.akamaihd.net/apps/730/icons/econ/default_generated/weapon_mac10_an_silver_light_large.3082e91b9fddbddc9b72da44382fe1def00fa5fa.png","type":"skin","rarity":1,"price":17,"minPrice":16},"Negev | Army Sheen (Factory New)":{"quality":5,"skin":"Army Sheen","weapon":"Negev","short":"Negev | Army Sheen","name":"Negev | Army Sheen (Factory New)","src":"https://steamcdn-a.akamaihd.net/apps/730/icons/econ/default_generated/weapon_negev_am_army_shine_light_large.884085f4a13b786f0ac7234d616ff01a848f28d5.png","type":"skin","rarity":0,"price":5},"Negev | Army Sheen (Minimal Wear)":{"quality":4,"skin":"Army Sheen","weapon":"Negev","short":"Negev | Army Sheen","name":"Negev | Army Sheen (Minimal Wear)","src":"https://steamcdn-a.akamaihd.net/apps/730/icons/econ/default_generated/weapon_negev_am_army_shine_light_large.884085f4a13b786f0ac7234d616ff01a848f28d5.png","type":"skin","rarity":0,"price":3},"Negev | Army Sheen (Field-Tested)":{"quality":3,"skin":"Army Sheen","weapon":"Negev","short":"Negev | Army Sheen","name":"Negev | Army Sheen (Field-Tested)","src":"https://steamcdn-a.akamaihd.net/apps/730/icons/econ/default_generated/weapon_negev_am_army_shine_light_large.884085f4a13b786f0ac7234d616ff01a848f28d5.png","type":"skin","rarity":0,"price":3},"Negev | Army Sheen":{"masterItem":true,"qualities":[5,4,3],"skin":"Army Sheen","weapon":"Negev","short":"Negev | Army Sheen","name":"Negev | Army Sheen","src":"https://steamcdn-a.akamaihd.net/apps/730/icons/econ/default_generated/weapon_negev_am_army_shine_light_large.884085f4a13b786f0ac7234d616ff01a848f28d5.png","type":"skin","rarity":0,"price":5,"minPrice":3},"Tec-9 | Urban DDPAT (Factory New)":{"quality":5,"skin":"Urban DDPAT","weapon":"Tec-9","short":"Tec-9 | Urban DDPAT","name":"Tec-9 | Urban DDPAT (Factory New)","src":"https://steamcdn-a.akamaihd.net/apps/730/icons/econ/default_generated/weapon_tec9_hy_ddpat_urb_light_large.bd44491d7de854c08e2951e14f9066afdb340dd6.png","type":"skin","rarity":0,"price":14},"Tec-9 | Urban DDPAT (Minimal Wear)":{"quality":4,"skin":"Urban DDPAT","weapon":"Tec-9","short":"Tec-9 | Urban DDPAT","name":"Tec-9 | Urban DDPAT (Minimal Wear)","src":"https://steamcdn-a.akamaihd.net/apps/730/icons/econ/default_generated/weapon_tec9_hy_ddpat_urb_light_large.bd44491d7de854c08e2951e14f9066afdb340dd6.png","type":"skin","rarity":0,"price":3},"Tec-9 | Urban DDPAT (Field-Tested)":{"quality":3,"skin":"Urban DDPAT","weapon":"Tec-9","short":"Tec-9 | Urban DDPAT","name":"Tec-9 | Urban DDPAT (Field-Tested)","src":"https://steamcdn-a.akamaihd.net/apps/730/icons/econ/default_generated/weapon_tec9_hy_ddpat_urb_light_large.bd44491d7de854c08e2951e14f9066afdb340dd6.png","type":"skin","rarity":0,"price":3},"Tec-9 | Urban DDPAT (Well-Worn)":{"quality":2,"skin":"Urban DDPAT","weapon":"Tec-9","short":"Tec-9 | Urban DDPAT","name":"Tec-9 | Urban DDPAT (Well-Worn)","src":"https://steamcdn-a.akamaihd.net/apps/730/icons/econ/default_generated/weapon_tec9_hy_ddpat_urb_light_large.bd44491d7de854c08e2951e14f9066afdb340dd6.png","type":"skin","rarity":0,"price":3},"Tec-9 | Urban DDPAT (Battle-Scarred)":{"quality":1,"skin":"Urban DDPAT","weapon":"Tec-9","short":"Tec-9 | Urban DDPAT","name":"Tec-9 | Urban DDPAT (Battle-Scarred)","src":"https://steamcdn-a.akamaihd.net/apps/730/icons/econ/default_generated/weapon_tec9_hy_ddpat_urb_light_large.bd44491d7de854c08e2951e14f9066afdb340dd6.png","type":"skin","rarity":0,"price":3},"Tec-9 | Urban DDPAT":{"masterItem":true,"qualities":[5,4,3,2,1],"skin":"Urban DDPAT","weapon":"Tec-9","short":"Tec-9 | Urban DDPAT","name":"Tec-9 | Urban DDPAT","src":"https://steamcdn-a.akamaihd.net/apps/730/icons/econ/default_generated/weapon_tec9_hy_ddpat_urb_light_large.bd44491d7de854c08e2951e14f9066afdb340dd6.png","type":"skin","rarity":0,"price":14,"minPrice":3},"Nova | Caged Steel (Factory New)":{"quality":5,"skin":"Caged Steel","weapon":"Nova","short":"Nova | Caged Steel","name":"Nova | Caged Steel (Factory New)","src":"https://steamcdn-a.akamaihd.net/apps/730/icons/econ/default_generated/weapon_nova_am_oval_hex_light_large.766118990b3726617ed6203e95abc71417dbd057.png","type":"skin","rarity":1,"price":17},"Nova | Caged Steel (Minimal Wear)":{"quality":4,"skin":"Caged Steel","weapon":"Nova","short":"Nova | Caged Steel","name":"Nova | Caged Steel (Minimal Wear)","src":"https://steamcdn-a.akamaihd.net/apps/730/icons/econ/default_generated/weapon_nova_am_oval_hex_light_large.766118990b3726617ed6203e95abc71417dbd057.png","type":"skin","rarity":1,"price":14},"Nova | Caged Steel (Field-Tested)":{"quality":3,"skin":"Caged Steel","weapon":"Nova","short":"Nova | Caged Steel","name":"Nova | Caged Steel (Field-Tested)","src":"https://steamcdn-a.akamaihd.net/apps/730/icons/econ/default_generated/weapon_nova_am_oval_hex_light_large.766118990b3726617ed6203e95abc71417dbd057.png","type":"skin","rarity":1,"price":13},"Nova | Caged Steel":{"masterItem":true,"qualities":[5,4,3],"skin":"Caged Steel","weapon":"Nova","short":"Nova | Caged Steel","name":"Nova | Caged Steel","src":"https://steamcdn-a.akamaihd.net/apps/730/icons/econ/default_generated/weapon_nova_am_oval_hex_light_large.766118990b3726617ed6203e95abc71417dbd057.png","type":"skin","rarity":1,"price":17,"minPrice":13},"Glock-18 | Death Rattle (Minimal Wear)":{"quality":4,"skin":"Death Rattle","weapon":"Glock-18","short":"Glock-18 | Death Rattle","name":"Glock-18 | Death Rattle (Minimal Wear)","src":"https://steamcdn-a.akamaihd.net/apps/730/icons/econ/default_generated/weapon_glock_hy_nerodia_light_large.540067f703bf7b020d8fedfcc6322523ab449d68.png","type":"skin","rarity":1,"price":14},"Glock-18 | Death Rattle (Field-Tested)":{"quality":3,"skin":"Death Rattle","weapon":"Glock-18","short":"Glock-18 | Death Rattle","name":"Glock-18 | Death Rattle (Field-Tested)","src":"https://steamcdn-a.akamaihd.net/apps/730/icons/econ/default_generated/weapon_glock_hy_nerodia_light_large.540067f703bf7b020d8fedfcc6322523ab449d68.png","type":"skin","rarity":1,"price":11},"Glock-18 | Death Rattle (Well-Worn)":{"quality":2,"skin":"Death Rattle","weapon":"Glock-18","short":"Glock-18 | Death Rattle","name":"Glock-18 | Death Rattle (Well-Worn)","src":"https://steamcdn-a.akamaihd.net/apps/730/icons/econ/default_generated/weapon_glock_hy_nerodia_light_large.540067f703bf7b020d8fedfcc6322523ab449d68.png","type":"skin","rarity":1,"price":11},"Glock-18 | Death Rattle (Battle-Scarred)":{"quality":1,"skin":"Death Rattle","weapon":"Glock-18","short":"Glock-18 | Death Rattle","name":"Glock-18 | Death Rattle (Battle-Scarred)","src":"https://steamcdn-a.akamaihd.net/apps/730/icons/econ/default_generated/weapon_glock_hy_nerodia_light_large.540067f703bf7b020d8fedfcc6322523ab449d68.png","type":"skin","rarity":1,"price":10},"Glock-18 | Death Rattle":{"masterItem":true,"qualities":[4,3,2,1],"skin":"Death Rattle","weapon":"Glock-18","short":"Glock-18 | Death Rattle","name":"Glock-18 | Death Rattle","src":"https://steamcdn-a.akamaihd.net/apps/730/icons/econ/default_generated/weapon_glock_hy_nerodia_light_large.540067f703bf7b020d8fedfcc6322523ab449d68.png","type":"skin","rarity":1,"price":14,"minPrice":10},"Galil AR | Tuxedo (Factory New)":{"quality":5,"skin":"Tuxedo","weapon":"Galil AR","short":"Galil AR | Tuxedo","name":"Galil AR | Tuxedo (Factory New)","src":"https://steamcdn-a.akamaihd.net/apps/730/icons/econ/default_generated/weapon_galilar_so_orca_light_large.5db78708464e031c686ae2e730e997e01526a7ea.png","type":"skin","rarity":2,"price":175},"Galil AR | Tuxedo (Minimal Wear)":{"quality":4,"skin":"Tuxedo","weapon":"Galil AR","short":"Galil AR | Tuxedo","name":"Galil AR | Tuxedo (Minimal Wear)","src":"https://steamcdn-a.akamaihd.net/apps/730/icons/econ/default_generated/weapon_galilar_so_orca_light_large.5db78708464e031c686ae2e730e997e01526a7ea.png","type":"skin","rarity":2,"price":131},"Galil AR | Tuxedo (Field-Tested)":{"quality":3,"skin":"Tuxedo","weapon":"Galil AR","short":"Galil AR | Tuxedo","name":"Galil AR | Tuxedo (Field-Tested)","src":"https://steamcdn-a.akamaihd.net/apps/730/icons/econ/default_generated/weapon_galilar_so_orca_light_large.5db78708464e031c686ae2e730e997e01526a7ea.png","type":"skin","rarity":2,"price":93},"Galil AR | Tuxedo (Well-Worn)":{"quality":2,"skin":"Tuxedo","weapon":"Galil AR","short":"Galil AR | Tuxedo","name":"Galil AR | Tuxedo (Well-Worn)","src":"https://steamcdn-a.akamaihd.net/apps/730/icons/econ/default_generated/weapon_galilar_so_orca_light_large.5db78708464e031c686ae2e730e997e01526a7ea.png","type":"skin","rarity":2,"price":73},"Galil AR | Tuxedo (Battle-Scarred)":{"quality":1,"skin":"Tuxedo","weapon":"Galil AR","short":"Galil AR | Tuxedo","name":"Galil AR | Tuxedo (Battle-Scarred)","src":"https://steamcdn-a.akamaihd.net/apps/730/icons/econ/default_generated/weapon_galilar_so_orca_light_large.5db78708464e031c686ae2e730e997e01526a7ea.png","type":"skin","rarity":2,"price":70},"Galil AR | Tuxedo":{"masterItem":true,"qualities":[5,4,3,2,1],"skin":"Tuxedo","weapon":"Galil AR","short":"Galil AR | Tuxedo","name":"Galil AR | Tuxedo","src":"https://steamcdn-a.akamaihd.net/apps/730/icons/econ/default_generated/weapon_galilar_so_orca_light_large.5db78708464e031c686ae2e730e997e01526a7ea.png","type":"skin","rarity":2,"price":175,"minPrice":70},"SG 553 | Army Sheen (Factory New)":{"quality":5,"skin":"Army Sheen","weapon":"SG 553","short":"SG 553 | Army Sheen","name":"SG 553 | Army Sheen (Factory New)","src":"https://steamcdn-a.akamaihd.net/apps/730/icons/econ/default_generated/weapon_sg556_am_army_shine_light_large.a07a97d5fba73aeecfc5cc9364e0d43d47892373.png","type":"skin","rarity":0,"price":6},"SG 553 | Army Sheen (Minimal Wear)":{"quality":4,"skin":"Army Sheen","weapon":"SG 553","short":"SG 553 | Army Sheen","name":"SG 553 | Army Sheen (Minimal Wear)","src":"https://steamcdn-a.akamaihd.net/apps/730/icons/econ/default_generated/weapon_sg556_am_army_shine_light_large.a07a97d5fba73aeecfc5cc9364e0d43d47892373.png","type":"skin","rarity":0,"price":3},"SG 553 | Army Sheen (Field-Tested)":{"quality":3,"skin":"Army Sheen","weapon":"SG 553","short":"SG 553 | Army Sheen","name":"SG 553 | Army Sheen (Field-Tested)","src":"https://steamcdn-a.akamaihd.net/apps/730/icons/econ/default_generated/weapon_sg556_am_army_shine_light_large.a07a97d5fba73aeecfc5cc9364e0d43d47892373.png","type":"skin","rarity":0,"price":3},"SG 553 | Army Sheen":{"masterItem":true,"qualities":[5,4,3],"skin":"Army Sheen","weapon":"SG 553","short":"SG 553 | Army Sheen","name":"SG 553 | Army Sheen","src":"https://steamcdn-a.akamaihd.net/apps/730/icons/econ/default_generated/weapon_sg556_am_army_shine_light_large.a07a97d5fba73aeecfc5cc9364e0d43d47892373.png","type":"skin","rarity":0,"price":6,"minPrice":3}}