{"The Cache Collection":{"name":"The Cache Collection","src":"images/items/collections/cache.png","price":1134,"type":"case","rarity":0,"content":{"items":["MAC-10 | Nuclear Garden (Factory New)","MAC-10 | Nuclear Garden (Minimal Wear)","MAC-10 | Nuclear Garden (Field-Tested)","MAC-10 | Nuclear Garden (Well-Worn)","MAC-10 | Nuclear Garden (Battle-Scarred)","Souvenir MAC-10 | Nuclear Garden (Factory New)","Souvenir MAC-10 | Nuclear Garden (Minimal Wear)","Souvenir MAC-10 | Nuclear Garden (Field-Tested)","Souvenir MAC-10 | Nuclear Garden (Well-Worn)","Souvenir MAC-10 | Nuclear Garden (Battle-Scarred)","FAMAS | Styx (Factory New)","FAMAS | Styx (Minimal Wear)","FAMAS | Styx (Field-Tested)","FAMAS | Styx (Well-Worn)","FAMAS | Styx (Battle-Scarred)","Souvenir FAMAS | Styx (Factory New)","Souvenir FAMAS | Styx (Minimal Wear)","Souvenir FAMAS | Styx (Field-Tested)","Souvenir FAMAS | Styx (Well-Worn)","Souvenir FAMAS | Styx (Battle-Scarred)","MP9 | Setting Sun (Factory New)","MP9 | Setting Sun (Minimal Wear)","MP9 | Setting Sun (Field-Tested)","MP9 | Setting Sun (Well-Worn)","MP9 | Setting Sun (Battle-Scarred)","Souvenir MP9 | Setting Sun (Factory New)","Souvenir MP9 | Setting Sun (Minimal Wear)","Souvenir MP9 | Setting Sun (Field-Tested)","Souvenir MP9 | Setting Sun (Well-Worn)","Souvenir MP9 | Setting Sun (Battle-Scarred)","SG 553 | Fallout Warning (Factory New)","SG 553 | Fallout Warning (Minimal Wear)","SG 553 | Fallout Warning (Field-Tested)","SG 553 | Fallout Warning (Well-Worn)","SG 553 | Fallout Warning (Battle-Scarred)","Souvenir SG 553 | Fallout Warning (Factory New)","Souvenir SG 553 | Fallout Warning (Minimal Wear)","Souvenir SG 553 | Fallout Warning (Field-Tested)","Souvenir SG 553 | Fallout Warning (Well-Worn)","Souvenir SG 553 | Fallout Warning (Battle-Scarred)","Tec-9 | Toxic (Factory New)","Tec-9 | Toxic (Minimal Wear)","Tec-9 | Toxic (Field-Tested)","Tec-9 | Toxic (Well-Worn)","Tec-9 | Toxic (Battle-Scarred)","Souvenir Tec-9 | Toxic (Factory New)","Souvenir Tec-9 | Toxic (Minimal Wear)","Souvenir Tec-9 | Toxic (Field-Tested)","Souvenir Tec-9 | Toxic (Well-Worn)","Souvenir Tec-9 | Toxic (Battle-Scarred)","Glock-18 | Reactor (Factory New)","Glock-18 | Reactor (Minimal Wear)","Glock-18 | Reactor (Field-Tested)","Glock-18 | Reactor (Well-Worn)","Glock-18 | Reactor (Battle-Scarred)","Souvenir Glock-18 | Reactor (Factory New)","Souvenir Glock-18 | Reactor (Minimal Wear)","Souvenir Glock-18 | Reactor (Field-Tested)","Souvenir Glock-18 | Reactor (Well-Worn)","Souvenir Glock-18 | Reactor (Battle-Scarred)","Negev | Nuclear Waste (Factory New)","Negev | Nuclear Waste (Minimal Wear)","Negev | Nuclear Waste (Field-Tested)","Negev | Nuclear Waste (Well-Worn)","Souvenir Negev | Nuclear Waste (Factory New)","Souvenir Negev | Nuclear Waste (Minimal Wear)","Souvenir Negev | Nuclear Waste (Field-Tested)","Souvenir Negev | Nuclear Waste (Well-Worn)","Galil AR | Cerberus (Factory New)","Galil AR | Cerberus (Minimal Wear)","Galil AR | Cerberus (Field-Tested)","Galil AR | Cerberus (Well-Worn)","Galil AR | Cerberus (Battle-Scarred)","Souvenir Galil AR | Cerberus (Factory New)","Souvenir Galil AR | Cerberus (Minimal Wear)","Souvenir Galil AR | Cerberus (Field-Tested)","Souvenir Galil AR | Cerberus (Well-Worn)","Souvenir Galil AR | Cerberus (Battle-Scarred)","P250 | Contamination (Factory New)","P250 | Contamination (Minimal Wear)","P250 | Contamination (Field-Tested)","P250 | Contamination (Well-Worn)","P250 | Contamination (Battle-Scarred)","Souvenir P250 | Contamination (Factory New)","Souvenir P250 | Contamination (Minimal Wear)","Souvenir P250 | Contamination (Field-Tested)","Souvenir P250 | Contamination (Well-Worn)","Souvenir P250 | Contamination (Battle-Scarred)","AUG | Radiation Hazard (Factory New)","AUG | Radiation Hazard (Minimal Wear)","AUG | Radiation Hazard (Field-Tested)","AUG | Radiation Hazard (Well-Worn)","AUG | Radiation Hazard (Battle-Scarred)","Souvenir AUG | Radiation Hazard (Factory New)","Souvenir AUG | Radiation Hazard (Minimal Wear)","Souvenir AUG | Radiation Hazard (Field-Tested)","Souvenir AUG | Radiation Hazard (Well-Worn)","Souvenir AUG | Radiation Hazard (Battle-Scarred)","XM1014 | Bone Machine (Factory New)","XM1014 | Bone Machine (Minimal Wear)","XM1014 | Bone Machine (Field-Tested)","XM1014 | Bone Machine (Well-Worn)","XM1014 | Bone Machine (Battle-Scarred)","Souvenir XM1014 | Bone Machine (Factory New)","Souvenir XM1014 | Bone Machine (Minimal Wear)","Souvenir XM1014 | Bone Machine (Field-Tested)","Souvenir XM1014 | Bone Machine (Well-Worn)","Souvenir XM1014 | Bone Machine (Battle-Scarred)","Five-SeveN | Hot Shot (Factory New)","Five-SeveN | Hot Shot (Minimal Wear)","Five-SeveN | Hot Shot (Field-Tested)","Five-SeveN | Hot Shot (Well-Worn)","Five-SeveN | Hot Shot (Battle-Scarred)","Souvenir Five-SeveN | Hot Shot (Factory New)","Souvenir Five-SeveN | Hot Shot (Minimal Wear)","Souvenir Five-SeveN | Hot Shot (Field-Tested)","Souvenir Five-SeveN | Hot Shot (Well-Worn)","Souvenir Five-SeveN | Hot Shot (Battle-Scarred)","PP-Bizon | Chemical Green (Factory New)","PP-Bizon | Chemical Green (Minimal Wear)","PP-Bizon | Chemical Green (Field-Tested)","PP-Bizon | Chemical Green (Well-Worn)","PP-Bizon | Chemical Green (Battle-Scarred)","Souvenir PP-Bizon | Chemical Green (Factory New)","Souvenir PP-Bizon | Chemical Green (Minimal Wear)","Souvenir PP-Bizon | Chemical Green (Field-Tested)","Souvenir PP-Bizon | Chemical Green (Well-Worn)","Souvenir PP-Bizon | Chemical Green (Battle-Scarred)"]}},"MAC-10 | Nuclear Garden (Factory New)":{"quality":5,"skin":"Nuclear Garden","weapon":"MAC-10","short":"MAC-10 | Nuclear Garden","name":"MAC-10 | Nuclear Garden (Factory New)","src":"https://steamcdn-a.akamaihd.net/apps/730/icons/econ/default_generated/weapon_mac10_am_nuclear_skulls3_mac10_light_large.467b325065522e5248247cf125bec257cdb66902.png","type":"skin","rarity":2,"price":553},"MAC-10 | Nuclear Garden (Minimal Wear)":{"quality":4,"skin":"Nuclear Garden","weapon":"MAC-10","short":"MAC-10 | Nuclear Garden","name":"MAC-10 | Nuclear Garden (Minimal Wear)","src":"https://steamcdn-a.akamaihd.net/apps/730/icons/econ/default_generated/weapon_mac10_am_nuclear_skulls3_mac10_light_large.467b325065522e5248247cf125bec257cdb66902.png","type":"skin","rarity":2,"price":353},"MAC-10 | Nuclear Garden (Field-Tested)":{"quality":3,"skin":"Nuclear Garden","weapon":"MAC-10","short":"MAC-10 | Nuclear Garden","name":"MAC-10 | Nuclear Garden (Field-Tested)","src":"https://steamcdn-a.akamaihd.net/apps/730/icons/econ/default_generated/weapon_mac10_am_nuclear_skulls3_mac10_light_large.467b325065522e5248247cf125bec257cdb66902.png","type":"skin","rarity":2,"price":263},"MAC-10 | Nuclear Garden (Well-Worn)":{"quality":2,"skin":"Nuclear Garden","weapon":"MAC-10","short":"MAC-10 | Nuclear Garden","name":"MAC-10 | Nuclear Garden (Well-Worn)","src":"https://steamcdn-a.akamaihd.net/apps/730/icons/econ/default_generated/weapon_mac10_am_nuclear_skulls3_mac10_light_large.467b325065522e5248247cf125bec257cdb66902.png","type":"skin","rarity":2,"price":242},"MAC-10 | Nuclear Garden (Battle-Scarred)":{"quality":1,"skin":"Nuclear Garden","weapon":"MAC-10","short":"MAC-10 | Nuclear Garden","name":"MAC-10 | Nuclear Garden (Battle-Scarred)","src":"https://steamcdn-a.akamaihd.net/apps/730/icons/econ/default_generated/weapon_mac10_am_nuclear_skulls3_mac10_light_large.467b325065522e5248247cf125bec257cdb66902.png","type":"skin","rarity":2,"price":205},"Souvenir MAC-10 | Nuclear Garden (Factory New)":{"souvenir":true,"quality":5,"skin":"Nuclear Garden","weapon":"MAC-10","short":"MAC-10 | Nuclear Garden","name":"Souvenir MAC-10 | Nuclear Garden (Factory New)","src":"https://steamcdn-a.akamaihd.net/apps/730/icons/econ/default_generated/weapon_mac10_am_nuclear_skulls3_mac10_light_large.467b325065522e5248247cf125bec257cdb66902.png","type":"skin","rarity":2,"price":2532},"Souvenir MAC-10 | Nuclear Garden (Minimal Wear)":{"souvenir":true,"quality":4,"skin":"Nuclear Garden","weapon":"MAC-10","short":"MAC-10 | Nuclear Garden","name":"Souvenir MAC-10 | Nuclear Garden (Minimal Wear)","src":"https://steamcdn-a.akamaihd.net/apps/730/icons/econ/default_generated/weapon_mac10_am_nuclear_skulls3_mac10_light_large.467b325065522e5248247cf125bec257cdb66902.png","type":"skin","rarity":2,"price":745},"Souvenir MAC-10 | Nuclear Garden (Field-Tested)":{"souvenir":true,"quality":3,"skin":"Nuclear Garden","weapon":"MAC-10","short":"MAC-10 | Nuclear Garden","name":"Souvenir MAC-10 | Nuclear Garden (Field-Tested)","src":"https://steamcdn-a.akamaihd.net/apps/730/icons/econ/default_generated/weapon_mac10_am_nuclear_skulls3_mac10_light_large.467b325065522e5248247cf125bec257cdb66902.png","type":"skin","rarity":2,"price":435},"Souvenir MAC-10 | Nuclear Garden (Well-Worn)":{"souvenir":true,"quality":2,"skin":"Nuclear Garden","weapon":"MAC-10","short":"MAC-10 | Nuclear Garden","name":"Souvenir MAC-10 | Nuclear Garden (Well-Worn)","src":"https://steamcdn-a.akamaihd.net/apps/730/icons/econ/default_generated/weapon_mac10_am_nuclear_skulls3_mac10_light_large.467b325065522e5248247cf125bec257cdb66902.png","type":"skin","rarity":2,"price":498},"Souvenir MAC-10 | Nuclear Garden (Battle-Scarred)":{"souvenir":true,"quality":1,"skin":"Nuclear Garden","weapon":"MAC-10","short":"MAC-10 | Nuclear Garden","name":"Souvenir MAC-10 | Nuclear Garden (Battle-Scarred)","src":"https://steamcdn-a.akamaihd.net/apps/730/icons/econ/default_generated/weapon_mac10_am_nuclear_skulls3_mac10_light_large.467b325065522e5248247cf125bec257cdb66902.png","type":"skin","rarity":2,"price":205},"MAC-10 | Nuclear Garden":{"souvenirAvailable":true,"masterItem":true,"qualities":[5,4,3,2,1],"skin":"Nuclear Garden","weapon":"MAC-10","short":"MAC-10 | Nuclear Garden","name":"MAC-10 | Nuclear Garden","src":"https://steamcdn-a.akamaihd.net/apps/730/icons/econ/default_generated/weapon_mac10_am_nuclear_skulls3_mac10_light_large.467b325065522e5248247cf125bec257cdb66902.png","type":"skin","rarity":2,"price":2532,"minPrice":205},"FAMAS | Styx (Factory New)":{"quality":5,"skin":"Styx","weapon":"FAMAS","short":"FAMAS | Styx","name":"FAMAS | Styx (Factory New)","src":"https://steamcdn-a.akamaihd.net/apps/730/icons/econ/default_generated/weapon_famas_am_nuclear_skulls2_famas_light_large.ec9774f3b2a03f5411321dba792b05f19096547c.png","type":"skin","rarity":3,"price":501},"FAMAS | Styx (Minimal Wear)":{"quality":4,"skin":"Styx","weapon":"FAMAS","short":"FAMAS | Styx","name":"FAMAS | Styx (Minimal Wear)","src":"https://steamcdn-a.akamaihd.net/apps/730/icons/econ/default_generated/weapon_famas_am_nuclear_skulls2_famas_light_large.ec9774f3b2a03f5411321dba792b05f19096547c.png","type":"skin","rarity":3,"price":288},"FAMAS | Styx (Field-Tested)":{"quality":3,"skin":"Styx","weapon":"FAMAS","short":"FAMAS | Styx","name":"FAMAS | Styx (Field-Tested)","src":"https://steamcdn-a.akamaihd.net/apps/730/icons/econ/default_generated/weapon_famas_am_nuclear_skulls2_famas_light_large.ec9774f3b2a03f5411321dba792b05f19096547c.png","type":"skin","rarity":3,"price":164},"FAMAS | Styx (Well-Worn)":{"quality":2,"skin":"Styx","weapon":"FAMAS","short":"FAMAS | Styx","name":"FAMAS | Styx (Well-Worn)","src":"https://steamcdn-a.akamaihd.net/apps/730/icons/econ/default_generated/weapon_famas_am_nuclear_skulls2_famas_light_large.ec9774f3b2a03f5411321dba792b05f19096547c.png","type":"skin","rarity":3,"price":246},"FAMAS | Styx (Battle-Scarred)":{"quality":1,"skin":"Styx","weapon":"FAMAS","short":"FAMAS | Styx","name":"FAMAS | Styx (Battle-Scarred)","src":"https://steamcdn-a.akamaihd.net/apps/730/icons/econ/default_generated/weapon_famas_am_nuclear_skulls2_famas_light_large.ec9774f3b2a03f5411321dba792b05f19096547c.png","type":"skin","rarity":3,"price":163},"Souvenir FAMAS | Styx (Factory New)":{"souvenir":true,"quality":5,"skin":"Styx","weapon":"FAMAS","short":"FAMAS | Styx","name":"Souvenir FAMAS | Styx (Factory New)","src":"https://steamcdn-a.akamaihd.net/apps/730/icons/econ/default_generated/weapon_famas_am_nuclear_skulls2_famas_light_large.ec9774f3b2a03f5411321dba792b05f19096547c.png","type":"skin","rarity":3,"price":4903},"Souvenir FAMAS | Styx (Minimal Wear)":{"souvenir":true,"quality":4,"skin":"Styx","weapon":"FAMAS","short":"FAMAS | Styx","name":"Souvenir FAMAS | Styx (Minimal Wear)","src":"https://steamcdn-a.akamaihd.net/apps/730/icons/econ/default_generated/weapon_famas_am_nuclear_skulls2_famas_light_large.ec9774f3b2a03f5411321dba792b05f19096547c.png","type":"skin","rarity":3,"price":2319},"Souvenir FAMAS | Styx (Field-Tested)":{"souvenir":true,"quality":3,"skin":"Styx","weapon":"FAMAS","short":"FAMAS | Styx","name":"Souvenir FAMAS | Styx (Field-Tested)","src":"https://steamcdn-a.akamaihd.net/apps/730/icons/econ/default_generated/weapon_famas_am_nuclear_skulls2_famas_light_large.ec9774f3b2a03f5411321dba792b05f19096547c.png","type":"skin","rarity":3,"price":740},"Souvenir FAMAS | Styx (Well-Worn)":{"souvenir":true,"quality":2,"skin":"Styx","weapon":"FAMAS","short":"FAMAS | Styx","name":"Souvenir FAMAS | Styx (Well-Worn)","src":"https://steamcdn-a.akamaihd.net/apps/730/icons/econ/default_generated/weapon_famas_am_nuclear_skulls2_famas_light_large.ec9774f3b2a03f5411321dba792b05f19096547c.png","type":"skin","rarity":3,"price":1364},"Souvenir FAMAS | Styx (Battle-Scarred)":{"souvenir":true,"quality":1,"skin":"Styx","weapon":"FAMAS","short":"FAMAS | Styx","name":"Souvenir FAMAS | Styx (Battle-Scarred)","src":"https://steamcdn-a.akamaihd.net/apps/730/icons/econ/default_generated/weapon_famas_am_nuclear_skulls2_famas_light_large.ec9774f3b2a03f5411321dba792b05f19096547c.png","type":"skin","rarity":3,"price":915},"FAMAS | Styx":{"souvenirAvailable":true,"masterItem":true,"qualities":[5,4,3,2,1],"skin":"Styx","weapon":"FAMAS","short":"FAMAS | Styx","name":"FAMAS | Styx","src":"https://steamcdn-a.akamaihd.net/apps/730/icons/econ/default_generated/weapon_famas_am_nuclear_skulls2_famas_light_large.ec9774f3b2a03f5411321dba792b05f19096547c.png","type":"skin","rarity":3,"price":4903,"minPrice":163},"MP9 | Setting Sun (Factory New)":{"quality":5,"skin":"Setting Sun","weapon":"MP9","short":"MP9 | Setting Sun","name":"MP9 | Setting Sun (Factory New)","src":"https://steamcdn-a.akamaihd.net/apps/730/icons/econ/default_generated/weapon_mp9_hy_nuclear_pattern2_mp9_light_large.d5f2b29c15286ea4c63cd60061d1073ec7e84087.png","type":"skin","rarity":2,"price":392},"MP9 | Setting Sun (Minimal Wear)":{"quality":4,"skin":"Setting Sun","weapon":"MP9","short":"MP9 | Setting Sun","name":"MP9 | Setting Sun (Minimal Wear)","src":"https://steamcdn-a.akamaihd.net/apps/730/icons/econ/default_generated/weapon_mp9_hy_nuclear_pattern2_mp9_light_large.d5f2b29c15286ea4c63cd60061d1073ec7e84087.png","type":"skin","rarity":2,"price":208},"MP9 | Setting Sun (Field-Tested)":{"quality":3,"skin":"Setting Sun","weapon":"MP9","short":"MP9 | Setting Sun","name":"MP9 | Setting Sun (Field-Tested)","src":"https://steamcdn-a.akamaihd.net/apps/730/icons/econ/default_generated/weapon_mp9_hy_nuclear_pattern2_mp9_light_large.d5f2b29c15286ea4c63cd60061d1073ec7e84087.png","type":"skin","rarity":2,"price":134},"MP9 | Setting Sun (Well-Worn)":{"quality":2,"skin":"Setting Sun","weapon":"MP9","short":"MP9 | Setting Sun","name":"MP9 | Setting Sun (Well-Worn)","src":"https://steamcdn-a.akamaihd.net/apps/730/icons/econ/default_generated/weapon_mp9_hy_nuclear_pattern2_mp9_light_large.d5f2b29c15286ea4c63cd60061d1073ec7e84087.png","type":"skin","rarity":2,"price":91},"MP9 | Setting Sun (Battle-Scarred)":{"quality":1,"skin":"Setting Sun","weapon":"MP9","short":"MP9 | Setting Sun","name":"MP9 | Setting Sun (Battle-Scarred)","src":"https://steamcdn-a.akamaihd.net/apps/730/icons/econ/default_generated/weapon_mp9_hy_nuclear_pattern2_mp9_light_large.d5f2b29c15286ea4c63cd60061d1073ec7e84087.png","type":"skin","rarity":2,"price":90},"Souvenir MP9 | Setting Sun (Factory New)":{"souvenir":true,"quality":5,"skin":"Setting Sun","weapon":"MP9","short":"MP9 | Setting Sun","name":"Souvenir MP9 | Setting Sun (Factory New)","src":"https://steamcdn-a.akamaihd.net/apps/730/icons/econ/default_generated/weapon_mp9_hy_nuclear_pattern2_mp9_light_large.d5f2b29c15286ea4c63cd60061d1073ec7e84087.png","type":"skin","rarity":2,"price":8139},"Souvenir MP9 | Setting Sun (Minimal Wear)":{"souvenir":true,"quality":4,"skin":"Setting Sun","weapon":"MP9","short":"MP9 | Setting Sun","name":"Souvenir MP9 | Setting Sun (Minimal Wear)","src":"https://steamcdn-a.akamaihd.net/apps/730/icons/econ/default_generated/weapon_mp9_hy_nuclear_pattern2_mp9_light_large.d5f2b29c15286ea4c63cd60061d1073ec7e84087.png","type":"skin","rarity":2,"price":808},"Souvenir MP9 | Setting Sun (Field-Tested)":{"souvenir":true,"quality":3,"skin":"Setting Sun","weapon":"MP9","short":"MP9 | Setting Sun","name":"Souvenir MP9 | Setting Sun (Field-Tested)","src":"https://steamcdn-a.akamaihd.net/apps/730/icons/econ/default_generated/weapon_mp9_hy_nuclear_pattern2_mp9_light_large.d5f2b29c15286ea4c63cd60061d1073ec7e84087.png","type":"skin","rarity":2,"price":341},"Souvenir MP9 | Setting Sun (Well-Worn)":{"souvenir":true,"quality":2,"skin":"Setting Sun","weapon":"MP9","short":"MP9 | Setting Sun","name":"Souvenir MP9 | Setting Sun (Well-Worn)","src":"https://steamcdn-a.akamaihd.net/apps/730/icons/econ/default_generated/weapon_mp9_hy_nuclear_pattern2_mp9_light_large.d5f2b29c15286ea4c63cd60061d1073ec7e84087.png","type":"skin","rarity":2,"price":233},"Souvenir MP9 | Setting Sun (Battle-Scarred)":{"souvenir":true,"quality":1,"skin":"Setting Sun","weapon":"MP9","short":"MP9 | Setting Sun","name":"Souvenir MP9 | Setting Sun (Battle-Scarred)","src":"https://steamcdn-a.akamaihd.net/apps/730/icons/econ/default_generated/weapon_mp9_hy_nuclear_pattern2_mp9_light_large.d5f2b29c15286ea4c63cd60061d1073ec7e84087.png","type":"skin","rarity":2,"price":208},"MP9 | Setting Sun":{"souvenirAvailable":true,"masterItem":true,"qualities":[5,4,3,2,1],"skin":"Setting Sun","weapon":"MP9","short":"MP9 | Setting Sun","name":"MP9 | Setting Sun","src":"https://steamcdn-a.akamaihd.net/apps/730/icons/econ/default_generated/weapon_mp9_hy_nuclear_pattern2_mp9_light_large.d5f2b29c15286ea4c63cd60061d1073ec7e84087.png","type":"skin","rarity":2,"price":8139,"minPrice":90},"SG 553 | Fallout Warning (Factory New)":{"quality":5,"skin":"Fallout Warning","weapon":"SG 553","short":"SG 553 | Fallout Warning","name":"SG 553 | Fallout Warning (Factory New)","src":"https://steamcdn-a.akamaihd.net/apps/730/icons/econ/default_generated/weapon_sg556_sp_nukestripe_maroon_sg553_light_large.95996aebdd6d4308d577f481e0c73250d2c82c74.png","type":"skin","rarity":1,"price":133},"SG 553 | Fallout Warning (Minimal Wear)":{"quality":4,"skin":"Fallout Warning","weapon":"SG 553","short":"SG 553 | Fallout Warning","name":"SG 553 | Fallout Warning (Minimal Wear)","src":"https://steamcdn-a.akamaihd.net/apps/730/icons/econ/default_generated/weapon_sg556_sp_nukestripe_maroon_sg553_light_large.95996aebdd6d4308d577f481e0c73250d2c82c74.png","type":"skin","rarity":1,"price":64},"SG 553 | Fallout Warning (Field-Tested)":{"quality":3,"skin":"Fallout Warning","weapon":"SG 553","short":"SG 553 | Fallout Warning","name":"SG 553 | Fallout Warning (Field-Tested)","src":"https://steamcdn-a.akamaihd.net/apps/730/icons/econ/default_generated/weapon_sg556_sp_nukestripe_maroon_sg553_light_large.95996aebdd6d4308d577f481e0c73250d2c82c74.png","type":"skin","rarity":1,"price":32},"SG 553 | Fallout Warning (Well-Worn)":{"quality":2,"skin":"Fallout Warning","weapon":"SG 553","short":"SG 553 | Fallout Warning","name":"SG 553 | Fallout Warning (Well-Worn)","src":"https://steamcdn-a.akamaihd.net/apps/730/icons/econ/default_generated/weapon_sg556_sp_nukestripe_maroon_sg553_light_large.95996aebdd6d4308d577f481e0c73250d2c82c74.png","type":"skin","rarity":1,"price":32},"SG 553 | Fallout Warning (Battle-Scarred)":{"quality":1,"skin":"Fallout Warning","weapon":"SG 553","short":"SG 553 | Fallout Warning","name":"SG 553 | Fallout Warning (Battle-Scarred)","src":"https://steamcdn-a.akamaihd.net/apps/730/icons/econ/default_generated/weapon_sg556_sp_nukestripe_maroon_sg553_light_large.95996aebdd6d4308d577f481e0c73250d2c82c74.png","type":"skin","rarity":1,"price":26},"Souvenir SG 553 | Fallout Warning (Factory New)":{"souvenir":true,"quality":5,"skin":"Fallout Warning","weapon":"SG 553","short":"SG 553 | Fallout Warning","name":"Souvenir SG 553 | Fallout Warning (Factory New)","src":"https://steamcdn-a.akamaihd.net/apps/730/icons/econ/default_generated/weapon_sg556_sp_nukestripe_maroon_sg553_light_large.95996aebdd6d4308d577f481e0c73250d2c82c74.png","type":"skin","rarity":1,"price":622},"Souvenir SG 553 | Fallout Warning (Minimal Wear)":{"souvenir":true,"quality":4,"skin":"Fallout Warning","weapon":"SG 553","short":"SG 553 | Fallout Warning","name":"Souvenir SG 553 | Fallout Warning (Minimal Wear)","src":"https://steamcdn-a.akamaihd.net/apps/730/icons/econ/default_generated/weapon_sg556_sp_nukestripe_maroon_sg553_light_large.95996aebdd6d4308d577f481e0c73250d2c82c74.png","type":"skin","rarity":1,"price":203},"Souvenir SG 553 | Fallout Warning (Field-Tested)":{"souvenir":true,"quality":3,"skin":"Fallout Warning","weapon":"SG 553","short":"SG 553 | Fallout Warning","name":"Souvenir SG 553 | Fallout Warning (Field-Tested)","src":"https://steamcdn-a.akamaihd.net/apps/730/icons/econ/default_generated/weapon_sg556_sp_nukestripe_maroon_sg553_light_large.95996aebdd6d4308d577f481e0c73250d2c82c74.png","type":"skin","rarity":1,"price":75},"Souvenir SG 553 | Fallout Warning (Well-Worn)":{"souvenir":true,"quality":2,"skin":"Fallout Warning","weapon":"SG 553","short":"SG 553 | Fallout Warning","name":"Souvenir SG 553 | Fallout Warning (Well-Worn)","src":"https://steamcdn-a.akamaihd.net/apps/730/icons/econ/default_generated/weapon_sg556_sp_nukestripe_maroon_sg553_light_large.95996aebdd6d4308d577f481e0c73250d2c82c74.png","type":"skin","rarity":1,"price":152},"Souvenir SG 553 | Fallout Warning (Battle-Scarred)":{"souvenir":true,"quality":1,"skin":"Fallout Warning","weapon":"SG 553","short":"SG 553 | Fallout Warning","name":"Souvenir SG 553 | Fallout Warning (Battle-Scarred)","src":"https://steamcdn-a.akamaihd.net/apps/730/icons/econ/default_generated/weapon_sg556_sp_nukestripe_maroon_sg553_light_large.95996aebdd6d4308d577f481e0c73250d2c82c74.png","type":"skin","rarity":1,"price":70},"SG 553 | Fallout Warning":{"souvenirAvailable":true,"masterItem":true,"qualities":[5,4,3,2,1],"skin":"Fallout Warning","weapon":"SG 553","short":"SG 553 | Fallout Warning","name":"SG 553 | Fallout Warning","src":"https://steamcdn-a.akamaihd.net/apps/730/icons/econ/default_generated/weapon_sg556_sp_nukestripe_maroon_sg553_light_large.95996aebdd6d4308d577f481e0c73250d2c82c74.png","type":"skin","rarity":1,"price":622,"minPrice":26},"Tec-9 | Toxic (Factory New)":{"quality":5,"skin":"Toxic","weapon":"Tec-9","short":"Tec-9 | Toxic","name":"Tec-9 | Toxic (Factory New)","src":"https://steamcdn-a.akamaihd.net/apps/730/icons/econ/default_generated/weapon_tec9_hy_nuclear_skulls5_tec9_light_large.d83d7de4c10dbc5fae925a4cb531ca7a8deef3d1.png","type":"skin","rarity":2,"price":428},"Tec-9 | Toxic (Minimal Wear)":{"quality":4,"skin":"Toxic","weapon":"Tec-9","short":"Tec-9 | Toxic","name":"Tec-9 | Toxic (Minimal Wear)","src":"https://steamcdn-a.akamaihd.net/apps/730/icons/econ/default_generated/weapon_tec9_hy_nuclear_skulls5_tec9_light_large.d83d7de4c10dbc5fae925a4cb531ca7a8deef3d1.png","type":"skin","rarity":2,"price":275},"Tec-9 | Toxic (Field-Tested)":{"quality":3,"skin":"Toxic","weapon":"Tec-9","short":"Tec-9 | Toxic","name":"Tec-9 | Toxic (Field-Tested)","src":"https://steamcdn-a.akamaihd.net/apps/730/icons/econ/default_generated/weapon_tec9_hy_nuclear_skulls5_tec9_light_large.d83d7de4c10dbc5fae925a4cb531ca7a8deef3d1.png","type":"skin","rarity":2,"price":149},"Tec-9 | Toxic (Well-Worn)":{"quality":2,"skin":"Toxic","weapon":"Tec-9","short":"Tec-9 | Toxic","name":"Tec-9 | Toxic (Well-Worn)","src":"https://steamcdn-a.akamaihd.net/apps/730/icons/econ/default_generated/weapon_tec9_hy_nuclear_skulls5_tec9_light_large.d83d7de4c10dbc5fae925a4cb531ca7a8deef3d1.png","type":"skin","rarity":2,"price":168},"Tec-9 | Toxic (Battle-Scarred)":{"quality":1,"skin":"Toxic","weapon":"Tec-9","short":"Tec-9 | Toxic","name":"Tec-9 | Toxic (Battle-Scarred)","src":"https://steamcdn-a.akamaihd.net/apps/730/icons/econ/default_generated/weapon_tec9_hy_nuclear_skulls5_tec9_light_large.d83d7de4c10dbc5fae925a4cb531ca7a8deef3d1.png","type":"skin","rarity":2,"price":113},"Souvenir Tec-9 | Toxic (Factory New)":{"souvenir":true,"quality":5,"skin":"Toxic","weapon":"Tec-9","short":"Tec-9 | Toxic","name":"Souvenir Tec-9 | Toxic (Factory New)","src":"https://steamcdn-a.akamaihd.net/apps/730/icons/econ/default_generated/weapon_tec9_hy_nuclear_skulls5_tec9_light_large.d83d7de4c10dbc5fae925a4cb531ca7a8deef3d1.png","type":"skin","rarity":2,"price":3405},"Souvenir Tec-9 | Toxic (Minimal Wear)":{"souvenir":true,"quality":4,"skin":"Toxic","weapon":"Tec-9","short":"Tec-9 | Toxic","name":"Souvenir Tec-9 | Toxic (Minimal Wear)","src":"https://steamcdn-a.akamaihd.net/apps/730/icons/econ/default_generated/weapon_tec9_hy_nuclear_skulls5_tec9_light_large.d83d7de4c10dbc5fae925a4cb531ca7a8deef3d1.png","type":"skin","rarity":2,"price":944},"Souvenir Tec-9 | Toxic (Field-Tested)":{"souvenir":true,"quality":3,"skin":"Toxic","weapon":"Tec-9","short":"Tec-9 | Toxic","name":"Souvenir Tec-9 | Toxic (Field-Tested)","src":"https://steamcdn-a.akamaihd.net/apps/730/icons/econ/default_generated/weapon_tec9_hy_nuclear_skulls5_tec9_light_large.d83d7de4c10dbc5fae925a4cb531ca7a8deef3d1.png","type":"skin","rarity":2,"price":390},"Souvenir Tec-9 | Toxic (Well-Worn)":{"souvenir":true,"quality":2,"skin":"Toxic","weapon":"Tec-9","short":"Tec-9 | Toxic","name":"Souvenir Tec-9 | Toxic (Well-Worn)","src":"https://steamcdn-a.akamaihd.net/apps/730/icons/econ/default_generated/weapon_tec9_hy_nuclear_skulls5_tec9_light_large.d83d7de4c10dbc5fae925a4cb531ca7a8deef3d1.png","type":"skin","rarity":2,"price":513},"Souvenir Tec-9 | Toxic (Battle-Scarred)":{"souvenir":true,"quality":1,"skin":"Toxic","weapon":"Tec-9","short":"Tec-9 | Toxic","name":"Souvenir Tec-9 | Toxic (Battle-Scarred)","src":"https://steamcdn-a.akamaihd.net/apps/730/icons/econ/default_generated/weapon_tec9_hy_nuclear_skulls5_tec9_light_large.d83d7de4c10dbc5fae925a4cb531ca7a8deef3d1.png","type":"skin","rarity":2,"price":404},"Tec-9 | Toxic":{"souvenirAvailable":true,"masterItem":true,"qualities":[5,4,3,2,1],"skin":"Toxic","weapon":"Tec-9","short":"Tec-9 | Toxic","name":"Tec-9 | Toxic","src":"https://steamcdn-a.akamaihd.net/apps/730/icons/econ/default_generated/weapon_tec9_hy_nuclear_skulls5_tec9_light_large.d83d7de4c10dbc5fae925a4cb531ca7a8deef3d1.png","type":"skin","rarity":2,"price":3405,"minPrice":113},"Glock-18 | Reactor (Factory New)":{"quality":5,"skin":"Reactor","weapon":"Glock-18","short":"Glock-18 | Reactor","name":"Glock-18 | Reactor (Factory New)","src":"https://steamcdn-a.akamaihd.net/apps/730/icons/econ/default_generated/weapon_glock_am_nuclear_pattern1_glock_light_large.01e91d2930e04d43215becb90447b2ebec1cb8d9.png","type":"skin","rarity":2,"price":643},"Glock-18 | Reactor (Minimal Wear)":{"quality":4,"skin":"Reactor","weapon":"Glock-18","short":"Glock-18 | Reactor","name":"Glock-18 | Reactor (Minimal Wear)","src":"https://steamcdn-a.akamaihd.net/apps/730/icons/econ/default_generated/weapon_glock_am_nuclear_pattern1_glock_light_large.01e91d2930e04d43215becb90447b2ebec1cb8d9.png","type":"skin","rarity":2,"price":396},"Glock-18 | Reactor (Field-Tested)":{"quality":3,"skin":"Reactor","weapon":"Glock-18","short":"Glock-18 | Reactor","name":"Glock-18 | Reactor (Field-Tested)","src":"https://steamcdn-a.akamaihd.net/apps/730/icons/econ/default_generated/weapon_glock_am_nuclear_pattern1_glock_light_large.01e91d2930e04d43215becb90447b2ebec1cb8d9.png","type":"skin","rarity":2,"price":219},"Glock-18 | Reactor (Well-Worn)":{"quality":2,"skin":"Reactor","weapon":"Glock-18","short":"Glock-18 | Reactor","name":"Glock-18 | Reactor (Well-Worn)","src":"https://steamcdn-a.akamaihd.net/apps/730/icons/econ/default_generated/weapon_glock_am_nuclear_pattern1_glock_light_large.01e91d2930e04d43215becb90447b2ebec1cb8d9.png","type":"skin","rarity":2,"price":202},"Glock-18 | Reactor (Battle-Scarred)":{"quality":1,"skin":"Reactor","weapon":"Glock-18","short":"Glock-18 | Reactor","name":"Glock-18 | Reactor (Battle-Scarred)","src":"https://steamcdn-a.akamaihd.net/apps/730/icons/econ/default_generated/weapon_glock_am_nuclear_pattern1_glock_light_large.01e91d2930e04d43215becb90447b2ebec1cb8d9.png","type":"skin","rarity":2,"price":174},"Souvenir Glock-18 | Reactor (Factory New)":{"souvenir":true,"quality":5,"skin":"Reactor","weapon":"Glock-18","short":"Glock-18 | Reactor","name":"Souvenir Glock-18 | Reactor (Factory New)","src":"https://steamcdn-a.akamaihd.net/apps/730/icons/econ/default_generated/weapon_glock_am_nuclear_pattern1_glock_light_large.01e91d2930e04d43215becb90447b2ebec1cb8d9.png","type":"skin","rarity":2,"price":9248},"Souvenir Glock-18 | Reactor (Minimal Wear)":{"souvenir":true,"quality":4,"skin":"Reactor","weapon":"Glock-18","short":"Glock-18 | Reactor","name":"Souvenir Glock-18 | Reactor (Minimal Wear)","src":"https://steamcdn-a.akamaihd.net/apps/730/icons/econ/default_generated/weapon_glock_am_nuclear_pattern1_glock_light_large.01e91d2930e04d43215becb90447b2ebec1cb8d9.png","type":"skin","rarity":2,"price":2200},"Souvenir Glock-18 | Reactor (Field-Tested)":{"souvenir":true,"quality":3,"skin":"Reactor","weapon":"Glock-18","short":"Glock-18 | Reactor","name":"Souvenir Glock-18 | Reactor (Field-Tested)","src":"https://steamcdn-a.akamaihd.net/apps/730/icons/econ/default_generated/weapon_glock_am_nuclear_pattern1_glock_light_large.01e91d2930e04d43215becb90447b2ebec1cb8d9.png","type":"skin","rarity":2,"price":1248},"Souvenir Glock-18 | Reactor (Well-Worn)":{"souvenir":true,"quality":2,"skin":"Reactor","weapon":"Glock-18","short":"Glock-18 | Reactor","name":"Souvenir Glock-18 | Reactor (Well-Worn)","src":"https://steamcdn-a.akamaihd.net/apps/730/icons/econ/default_generated/weapon_glock_am_nuclear_pattern1_glock_light_large.01e91d2930e04d43215becb90447b2ebec1cb8d9.png","type":"skin","rarity":2,"price":788},"Souvenir Glock-18 | Reactor (Battle-Scarred)":{"souvenir":true,"quality":1,"skin":"Reactor","weapon":"Glock-18","short":"Glock-18 | Reactor","name":"Souvenir Glock-18 | Reactor (Battle-Scarred)","src":"https://steamcdn-a.akamaihd.net/apps/730/icons/econ/default_generated/weapon_glock_am_nuclear_pattern1_glock_light_large.01e91d2930e04d43215becb90447b2ebec1cb8d9.png","type":"skin","rarity":2,"price":688},"Glock-18 | Reactor":{"souvenirAvailable":true,"masterItem":true,"qualities":[5,4,3,2,1],"skin":"Reactor","weapon":"Glock-18","short":"Glock-18 | Reactor","name":"Glock-18 | Reactor","src":"https://steamcdn-a.akamaihd.net/apps/730/icons/econ/default_generated/weapon_glock_am_nuclear_pattern1_glock_light_large.01e91d2930e04d43215becb90447b2ebec1cb8d9.png","type":"skin","rarity":2,"price":9248,"minPrice":174},"Negev | Nuclear Waste (Factory New)":{"quality":5,"skin":"Nuclear Waste","weapon":"Negev","short":"Negev | Nuclear Waste","name":"Negev | Nuclear Waste (Factory New)","src":"https://steamcdn-a.akamaihd.net/apps/730/icons/econ/default_generated/weapon_negev_sp_nuclear_pattern3_negev_light_large.2d4cd96f9a94367d4c22991250eb9350437d8be6.png","type":"skin","rarity":1,"price":75},"Negev | Nuclear Waste (Minimal Wear)":{"quality":4,"skin":"Nuclear Waste","weapon":"Negev","short":"Negev | Nuclear Waste","name":"Negev | Nuclear Waste (Minimal Wear)","src":"https://steamcdn-a.akamaihd.net/apps/730/icons/econ/default_generated/weapon_negev_sp_nuclear_pattern3_negev_light_large.2d4cd96f9a94367d4c22991250eb9350437d8be6.png","type":"skin","rarity":1,"price":60},"Negev | Nuclear Waste (Field-Tested)":{"quality":3,"skin":"Nuclear Waste","weapon":"Negev","short":"Negev | Nuclear Waste","name":"Negev | Nuclear Waste (Field-Tested)","src":"https://steamcdn-a.akamaihd.net/apps/730/icons/econ/default_generated/weapon_negev_sp_nuclear_pattern3_negev_light_large.2d4cd96f9a94367d4c22991250eb9350437d8be6.png","type":"skin","rarity":1,"price":43},"Negev | Nuclear Waste (Well-Worn)":{"quality":2,"skin":"Nuclear Waste","weapon":"Negev","short":"Negev | Nuclear Waste","name":"Negev | Nuclear Waste (Well-Worn)","src":"https://steamcdn-a.akamaihd.net/apps/730/icons/econ/default_generated/weapon_negev_sp_nuclear_pattern3_negev_light_large.2d4cd96f9a94367d4c22991250eb9350437d8be6.png","type":"skin","rarity":1,"price":36},"Souvenir Negev | Nuclear Waste (Factory New)":{"souvenir":true,"quality":5,"skin":"Nuclear Waste","weapon":"Negev","short":"Negev | Nuclear Waste","name":"Souvenir Negev | Nuclear Waste (Factory New)","src":"https://steamcdn-a.akamaihd.net/apps/730/icons/econ/default_generated/weapon_negev_sp_nuclear_pattern3_negev_light_large.2d4cd96f9a94367d4c22991250eb9350437d8be6.png","type":"skin","rarity":1,"price":268},"Souvenir Negev | Nuclear Waste (Minimal Wear)":{"souvenir":true,"quality":4,"skin":"Nuclear Waste","weapon":"Negev","short":"Negev | Nuclear Waste","name":"Souvenir Negev | Nuclear Waste (Minimal Wear)","src":"https://steamcdn-a.akamaihd.net/apps/730/icons/econ/default_generated/weapon_negev_sp_nuclear_pattern3_negev_light_large.2d4cd96f9a94367d4c22991250eb9350437d8be6.png","type":"skin","rarity":1,"price":141},"Souvenir Negev | Nuclear Waste (Field-Tested)":{"souvenir":true,"quality":3,"skin":"Nuclear Waste","weapon":"Negev","short":"Negev | Nuclear Waste","name":"Souvenir Negev | Nuclear Waste (Field-Tested)","src":"https://steamcdn-a.akamaihd.net/apps/730/icons/econ/default_generated/weapon_negev_sp_nuclear_pattern3_negev_light_large.2d4cd96f9a94367d4c22991250eb9350437d8be6.png","type":"skin","rarity":1,"price":95},"Souvenir Negev | Nuclear Waste (Well-Worn)":{"souvenir":true,"quality":2,"skin":"Nuclear Waste","weapon":"Negev","short":"Negev | Nuclear Waste","name":"Souvenir Negev | Nuclear Waste (Well-Worn)","src":"https://steamcdn-a.akamaihd.net/apps/730/icons/econ/default_generated/weapon_negev_sp_nuclear_pattern3_negev_light_large.2d4cd96f9a94367d4c22991250eb9350437d8be6.png","type":"skin","rarity":1,"price":277},"Negev | Nuclear Waste":{"souvenirAvailable":true,"masterItem":true,"qualities":[5,4,3,2],"skin":"Nuclear Waste","weapon":"Negev","short":"Negev | Nuclear Waste","name":"Negev | Nuclear Waste","src":"https://steamcdn-a.akamaihd.net/apps/730/icons/econ/default_generated/weapon_negev_sp_nuclear_pattern3_negev_light_large.2d4cd96f9a94367d4c22991250eb9350437d8be6.png","type":"skin","rarity":1,"price":277,"minPrice":36},"Galil AR | Cerberus (Factory New)":{"quality":5,"skin":"Cerberus","weapon":"Galil AR","short":"Galil AR | Cerberus","name":"Galil AR | Cerberus (Factory New)","src":"https://steamcdn-a.akamaihd.net/apps/730/icons/econ/default_generated/weapon_galilar_cu_cerbrus_galil_light_large.761250f955c66cbb100400e2fc1459ce74320282.png","type":"skin","rarity":3,"price":3517},"Galil AR | Cerberus (Minimal Wear)":{"quality":4,"skin":"Cerberus","weapon":"Galil AR","short":"Galil AR | Cerberus","name":"Galil AR | Cerberus (Minimal Wear)","src":"https://steamcdn-a.akamaihd.net/apps/730/icons/econ/default_generated/weapon_galilar_cu_cerbrus_galil_light_large.761250f955c66cbb100400e2fc1459ce74320282.png","type":"skin","rarity":3,"price":1933},"Galil AR | Cerberus (Field-Tested)":{"quality":3,"skin":"Cerberus","weapon":"Galil AR","short":"Galil AR | Cerberus","name":"Galil AR | Cerberus (Field-Tested)","src":"https://steamcdn-a.akamaihd.net/apps/730/icons/econ/default_generated/weapon_galilar_cu_cerbrus_galil_light_large.761250f955c66cbb100400e2fc1459ce74320282.png","type":"skin","rarity":3,"price":846},"Galil AR | Cerberus (Well-Worn)":{"quality":2,"skin":"Cerberus","weapon":"Galil AR","short":"Galil AR | Cerberus","name":"Galil AR | Cerberus (Well-Worn)","src":"https://steamcdn-a.akamaihd.net/apps/730/icons/econ/default_generated/weapon_galilar_cu_cerbrus_galil_light_large.761250f955c66cbb100400e2fc1459ce74320282.png","type":"skin","rarity":3,"price":619},"Galil AR | Cerberus (Battle-Scarred)":{"quality":1,"skin":"Cerberus","weapon":"Galil AR","short":"Galil AR | Cerberus","name":"Galil AR | Cerberus (Battle-Scarred)","src":"https://steamcdn-a.akamaihd.net/apps/730/icons/econ/default_generated/weapon_galilar_cu_cerbrus_galil_light_large.761250f955c66cbb100400e2fc1459ce74320282.png","type":"skin","rarity":3,"price":393},"Souvenir Galil AR | Cerberus (Factory New)":{"souvenir":true,"quality":5,"skin":"Cerberus","weapon":"Galil AR","short":"Galil AR | Cerberus","name":"Souvenir Galil AR | Cerberus (Factory New)","src":"https://steamcdn-a.akamaihd.net/apps/730/icons/econ/default_generated/weapon_galilar_cu_cerbrus_galil_light_large.761250f955c66cbb100400e2fc1459ce74320282.png","type":"skin","rarity":3,"price":31639},"Souvenir Galil AR | Cerberus (Minimal Wear)":{"souvenir":true,"quality":4,"skin":"Cerberus","weapon":"Galil AR","short":"Galil AR | Cerberus","name":"Souvenir Galil AR | Cerberus (Minimal Wear)","src":"https://steamcdn-a.akamaihd.net/apps/730/icons/econ/default_generated/weapon_galilar_cu_cerbrus_galil_light_large.761250f955c66cbb100400e2fc1459ce74320282.png","type":"skin","rarity":3,"price":7087},"Souvenir Galil AR | Cerberus (Field-Tested)":{"souvenir":true,"quality":3,"skin":"Cerberus","weapon":"Galil AR","short":"Galil AR | Cerberus","name":"Souvenir Galil AR | Cerberus (Field-Tested)","src":"https://steamcdn-a.akamaihd.net/apps/730/icons/econ/default_generated/weapon_galilar_cu_cerbrus_galil_light_large.761250f955c66cbb100400e2fc1459ce74320282.png","type":"skin","rarity":3,"price":1843},"Souvenir Galil AR | Cerberus (Well-Worn)":{"souvenir":true,"quality":2,"skin":"Cerberus","weapon":"Galil AR","short":"Galil AR | Cerberus","name":"Souvenir Galil AR | Cerberus (Well-Worn)","src":"https://steamcdn-a.akamaihd.net/apps/730/icons/econ/default_generated/weapon_galilar_cu_cerbrus_galil_light_large.761250f955c66cbb100400e2fc1459ce74320282.png","type":"skin","rarity":3,"price":1804},"Souvenir Galil AR | Cerberus (Battle-Scarred)":{"souvenir":true,"quality":1,"skin":"Cerberus","weapon":"Galil AR","short":"Galil AR | Cerberus","name":"Souvenir Galil AR | Cerberus (Battle-Scarred)","src":"https://steamcdn-a.akamaihd.net/apps/730/icons/econ/default_generated/weapon_galilar_cu_cerbrus_galil_light_large.761250f955c66cbb100400e2fc1459ce74320282.png","type":"skin","rarity":3,"price":1088},"Galil AR | Cerberus":{"souvenirAvailable":true,"masterItem":true,"qualities":[5,4,3,2,1],"skin":"Cerberus","weapon":"Galil AR","short":"Galil AR | Cerberus","name":"Galil AR | Cerberus","src":"https://steamcdn-a.akamaihd.net/apps/730/icons/econ/default_generated/weapon_galilar_cu_cerbrus_galil_light_large.761250f955c66cbb100400e2fc1459ce74320282.png","type":"skin","rarity":3,"price":31639,"minPrice":393},"P250 | Contamination (Factory New)":{"quality":5,"skin":"Contamination","weapon":"P250","short":"P250 | Contamination","name":"P250 | Contamination (Factory New)","src":"https://steamcdn-a.akamaihd.net/apps/730/icons/econ/default_generated/weapon_p250_hy_nuclear_skulls4_p250_light_large.83b7c2eeff0d6fd0e6d780be0815111d199a46d6.png","type":"skin","rarity":1,"price":74},"P250 | Contamination (Minimal Wear)":{"quality":4,"skin":"Contamination","weapon":"P250","short":"P250 | Contamination","name":"P250 | Contamination (Minimal Wear)","src":"https://steamcdn-a.akamaihd.net/apps/730/icons/econ/default_generated/weapon_p250_hy_nuclear_skulls4_p250_light_large.83b7c2eeff0d6fd0e6d780be0815111d199a46d6.png","type":"skin","rarity":1,"price":65},"P250 | Contamination (Field-Tested)":{"quality":3,"skin":"Contamination","weapon":"P250","short":"P250 | Contamination","name":"P250 | Contamination (Field-Tested)","src":"https://steamcdn-a.akamaihd.net/apps/730/icons/econ/default_generated/weapon_p250_hy_nuclear_skulls4_p250_light_large.83b7c2eeff0d6fd0e6d780be0815111d199a46d6.png","type":"skin","rarity":1,"price":35},"P250 | Contamination (Well-Worn)":{"quality":2,"skin":"Contamination","weapon":"P250","short":"P250 | Contamination","name":"P250 | Contamination (Well-Worn)","src":"https://steamcdn-a.akamaihd.net/apps/730/icons/econ/default_generated/weapon_p250_hy_nuclear_skulls4_p250_light_large.83b7c2eeff0d6fd0e6d780be0815111d199a46d6.png","type":"skin","rarity":1,"price":43},"P250 | Contamination (Battle-Scarred)":{"quality":1,"skin":"Contamination","weapon":"P250","short":"P250 | Contamination","name":"P250 | Contamination (Battle-Scarred)","src":"https://steamcdn-a.akamaihd.net/apps/730/icons/econ/default_generated/weapon_p250_hy_nuclear_skulls4_p250_light_large.83b7c2eeff0d6fd0e6d780be0815111d199a46d6.png","type":"skin","rarity":1,"price":30},"Souvenir P250 | Contamination (Factory New)":{"souvenir":true,"quality":5,"skin":"Contamination","weapon":"P250","short":"P250 | Contamination","name":"Souvenir P250 | Contamination (Factory New)","src":"https://steamcdn-a.akamaihd.net/apps/730/icons/econ/default_generated/weapon_p250_hy_nuclear_skulls4_p250_light_large.83b7c2eeff0d6fd0e6d780be0815111d199a46d6.png","type":"skin","rarity":1,"price":575},"Souvenir P250 | Contamination (Minimal Wear)":{"souvenir":true,"quality":4,"skin":"Contamination","weapon":"P250","short":"P250 | Contamination","name":"Souvenir P250 | Contamination (Minimal Wear)","src":"https://steamcdn-a.akamaihd.net/apps/730/icons/econ/default_generated/weapon_p250_hy_nuclear_skulls4_p250_light_large.83b7c2eeff0d6fd0e6d780be0815111d199a46d6.png","type":"skin","rarity":1,"price":151},"Souvenir P250 | Contamination (Field-Tested)":{"souvenir":true,"quality":3,"skin":"Contamination","weapon":"P250","short":"P250 | Contamination","name":"Souvenir P250 | Contamination (Field-Tested)","src":"https://steamcdn-a.akamaihd.net/apps/730/icons/econ/default_generated/weapon_p250_hy_nuclear_skulls4_p250_light_large.83b7c2eeff0d6fd0e6d780be0815111d199a46d6.png","type":"skin","rarity":1,"price":55},"Souvenir P250 | Contamination (Well-Worn)":{"souvenir":true,"quality":2,"skin":"Contamination","weapon":"P250","short":"P250 | Contamination","name":"Souvenir P250 | Contamination (Well-Worn)","src":"https://steamcdn-a.akamaihd.net/apps/730/icons/econ/default_generated/weapon_p250_hy_nuclear_skulls4_p250_light_large.83b7c2eeff0d6fd0e6d780be0815111d199a46d6.png","type":"skin","rarity":1,"price":132},"Souvenir P250 | Contamination (Battle-Scarred)":{"souvenir":true,"quality":1,"skin":"Contamination","weapon":"P250","short":"P250 | Contamination","name":"Souvenir P250 | Contamination (Battle-Scarred)","src":"https://steamcdn-a.akamaihd.net/apps/730/icons/econ/default_generated/weapon_p250_hy_nuclear_skulls4_p250_light_large.83b7c2eeff0d6fd0e6d780be0815111d199a46d6.png","type":"skin","rarity":1,"price":50},"P250 | Contamination":{"souvenirAvailable":true,"masterItem":true,"qualities":[5,4,3,2,1],"skin":"Contamination","weapon":"P250","short":"P250 | Contamination","name":"P250 | Contamination","src":"https://steamcdn-a.akamaihd.net/apps/730/icons/econ/default_generated/weapon_p250_hy_nuclear_skulls4_p250_light_large.83b7c2eeff0d6fd0e6d780be0815111d199a46d6.png","type":"skin","rarity":1,"price":575,"minPrice":30},"AUG | Radiation Hazard (Factory New)":{"quality":5,"skin":"Radiation Hazard","weapon":"AUG","short":"AUG | Radiation Hazard","name":"AUG | Radiation Hazard (Factory New)","src":"https://steamcdn-a.akamaihd.net/apps/730/icons/econ/default_generated/weapon_aug_sp_nukestripe_orange_aug_light_large.4309138bd5b9e518628d517a275747ec9c2207d3.png","type":"skin","rarity":1,"price":83},"AUG | Radiation Hazard (Minimal Wear)":{"quality":4,"skin":"Radiation Hazard","weapon":"AUG","short":"AUG | Radiation Hazard","name":"AUG | Radiation Hazard (Minimal Wear)","src":"https://steamcdn-a.akamaihd.net/apps/730/icons/econ/default_generated/weapon_aug_sp_nukestripe_orange_aug_light_large.4309138bd5b9e518628d517a275747ec9c2207d3.png","type":"skin","rarity":1,"price":56},"AUG | Radiation Hazard (Field-Tested)":{"quality":3,"skin":"Radiation Hazard","weapon":"AUG","short":"AUG | Radiation Hazard","name":"AUG | Radiation Hazard (Field-Tested)","src":"https://steamcdn-a.akamaihd.net/apps/730/icons/econ/default_generated/weapon_aug_sp_nukestripe_orange_aug_light_large.4309138bd5b9e518628d517a275747ec9c2207d3.png","type":"skin","rarity":1,"price":36},"AUG | Radiation Hazard (Well-Worn)":{"quality":2,"skin":"Radiation Hazard","weapon":"AUG","short":"AUG | Radiation Hazard","name":"AUG | Radiation Hazard (Well-Worn)","src":"https://steamcdn-a.akamaihd.net/apps/730/icons/econ/default_generated/weapon_aug_sp_nukestripe_orange_aug_light_large.4309138bd5b9e518628d517a275747ec9c2207d3.png","type":"skin","rarity":1,"price":42},"AUG | Radiation Hazard (Battle-Scarred)":{"quality":1,"skin":"Radiation Hazard","weapon":"AUG","short":"AUG | Radiation Hazard","name":"AUG | Radiation Hazard (Battle-Scarred)","src":"https://steamcdn-a.akamaihd.net/apps/730/icons/econ/default_generated/weapon_aug_sp_nukestripe_orange_aug_light_large.4309138bd5b9e518628d517a275747ec9c2207d3.png","type":"skin","rarity":1,"price":29},"Souvenir AUG | Radiation Hazard (Factory New)":{"souvenir":true,"quality":5,"skin":"Radiation Hazard","weapon":"AUG","short":"AUG | Radiation Hazard","name":"Souvenir AUG | Radiation Hazard (Factory New)","src":"https://steamcdn-a.akamaihd.net/apps/730/icons/econ/default_generated/weapon_aug_sp_nukestripe_orange_aug_light_large.4309138bd5b9e518628d517a275747ec9c2207d3.png","type":"skin","rarity":1,"price":556},"Souvenir AUG | Radiation Hazard (Minimal Wear)":{"souvenir":true,"quality":4,"skin":"Radiation Hazard","weapon":"AUG","short":"AUG | Radiation Hazard","name":"Souvenir AUG | Radiation Hazard (Minimal Wear)","src":"https://steamcdn-a.akamaihd.net/apps/730/icons/econ/default_generated/weapon_aug_sp_nukestripe_orange_aug_light_large.4309138bd5b9e518628d517a275747ec9c2207d3.png","type":"skin","rarity":1,"price":346},"Souvenir AUG | Radiation Hazard (Field-Tested)":{"souvenir":true,"quality":3,"skin":"Radiation Hazard","weapon":"AUG","short":"AUG | Radiation Hazard","name":"Souvenir AUG | Radiation Hazard (Field-Tested)","src":"https://steamcdn-a.akamaihd.net/apps/730/icons/econ/default_generated/weapon_aug_sp_nukestripe_orange_aug_light_large.4309138bd5b9e518628d517a275747ec9c2207d3.png","type":"skin","rarity":1,"price":162},"Souvenir AUG | Radiation Hazard (Well-Worn)":{"souvenir":true,"quality":2,"skin":"Radiation Hazard","weapon":"AUG","short":"AUG | Radiation Hazard","name":"Souvenir AUG | Radiation Hazard (Well-Worn)","src":"https://steamcdn-a.akamaihd.net/apps/730/icons/econ/default_generated/weapon_aug_sp_nukestripe_orange_aug_light_large.4309138bd5b9e518628d517a275747ec9c2207d3.png","type":"skin","rarity":1,"price":167},"Souvenir AUG | Radiation Hazard (Battle-Scarred)":{"souvenir":true,"quality":1,"skin":"Radiation Hazard","weapon":"AUG","short":"AUG | Radiation Hazard","name":"Souvenir AUG | Radiation Hazard (Battle-Scarred)","src":"https://steamcdn-a.akamaihd.net/apps/730/icons/econ/default_generated/weapon_aug_sp_nukestripe_orange_aug_light_large.4309138bd5b9e518628d517a275747ec9c2207d3.png","type":"skin","rarity":1,"price":148},"AUG | Radiation Hazard":{"souvenirAvailable":true,"masterItem":true,"qualities":[5,4,3,2,1],"skin":"Radiation Hazard","weapon":"AUG","short":"AUG | Radiation Hazard","name":"AUG | Radiation Hazard","src":"https://steamcdn-a.akamaihd.net/apps/730/icons/econ/default_generated/weapon_aug_sp_nukestripe_orange_aug_light_large.4309138bd5b9e518628d517a275747ec9c2207d3.png","type":"skin","rarity":1,"price":556,"minPrice":29},"XM1014 | Bone Machine (Factory New)":{"quality":5,"skin":"Bone Machine","weapon":"XM1014","short":"XM1014 | Bone Machine","name":"XM1014 | Bone Machine (Factory New)","src":"https://steamcdn-a.akamaihd.net/apps/730/icons/econ/default_generated/weapon_xm1014_am_nuclear_skulls1_xm1014_light_large.716e8296c07d3e6d5c9f5f20605c9608bbb78ca1.png","type":"skin","rarity":2,"price":260},"XM1014 | Bone Machine (Minimal Wear)":{"quality":4,"skin":"Bone Machine","weapon":"XM1014","short":"XM1014 | Bone Machine","name":"XM1014 | Bone Machine (Minimal Wear)","src":"https://steamcdn-a.akamaihd.net/apps/730/icons/econ/default_generated/weapon_xm1014_am_nuclear_skulls1_xm1014_light_large.716e8296c07d3e6d5c9f5f20605c9608bbb78ca1.png","type":"skin","rarity":2,"price":214},"XM1014 | Bone Machine (Field-Tested)":{"quality":3,"skin":"Bone Machine","weapon":"XM1014","short":"XM1014 | Bone Machine","name":"XM1014 | Bone Machine (Field-Tested)","src":"https://steamcdn-a.akamaihd.net/apps/730/icons/econ/default_generated/weapon_xm1014_am_nuclear_skulls1_xm1014_light_large.716e8296c07d3e6d5c9f5f20605c9608bbb78ca1.png","type":"skin","rarity":2,"price":130},"XM1014 | Bone Machine (Well-Worn)":{"quality":2,"skin":"Bone Machine","weapon":"XM1014","short":"XM1014 | Bone Machine","name":"XM1014 | Bone Machine (Well-Worn)","src":"https://steamcdn-a.akamaihd.net/apps/730/icons/econ/default_generated/weapon_xm1014_am_nuclear_skulls1_xm1014_light_large.716e8296c07d3e6d5c9f5f20605c9608bbb78ca1.png","type":"skin","rarity":2,"price":179},"XM1014 | Bone Machine (Battle-Scarred)":{"quality":1,"skin":"Bone Machine","weapon":"XM1014","short":"XM1014 | Bone Machine","name":"XM1014 | Bone Machine (Battle-Scarred)","src":"https://steamcdn-a.akamaihd.net/apps/730/icons/econ/default_generated/weapon_xm1014_am_nuclear_skulls1_xm1014_light_large.716e8296c07d3e6d5c9f5f20605c9608bbb78ca1.png","type":"skin","rarity":2,"price":101},"Souvenir XM1014 | Bone Machine (Factory New)":{"souvenir":true,"quality":5,"skin":"Bone Machine","weapon":"XM1014","short":"XM1014 | Bone Machine","name":"Souvenir XM1014 | Bone Machine (Factory New)","src":"https://steamcdn-a.akamaihd.net/apps/730/icons/econ/default_generated/weapon_xm1014_am_nuclear_skulls1_xm1014_light_large.716e8296c07d3e6d5c9f5f20605c9608bbb78ca1.png","type":"skin","rarity":2,"price":1644},"Souvenir XM1014 | Bone Machine (Minimal Wear)":{"souvenir":true,"quality":4,"skin":"Bone Machine","weapon":"XM1014","short":"XM1014 | Bone Machine","name":"Souvenir XM1014 | Bone Machine (Minimal Wear)","src":"https://steamcdn-a.akamaihd.net/apps/730/icons/econ/default_generated/weapon_xm1014_am_nuclear_skulls1_xm1014_light_large.716e8296c07d3e6d5c9f5f20605c9608bbb78ca1.png","type":"skin","rarity":2,"price":684},"Souvenir XM1014 | Bone Machine (Field-Tested)":{"souvenir":true,"quality":3,"skin":"Bone Machine","weapon":"XM1014","short":"XM1014 | Bone Machine","name":"Souvenir XM1014 | Bone Machine (Field-Tested)","src":"https://steamcdn-a.akamaihd.net/apps/730/icons/econ/default_generated/weapon_xm1014_am_nuclear_skulls1_xm1014_light_large.716e8296c07d3e6d5c9f5f20605c9608bbb78ca1.png","type":"skin","rarity":2,"price":297},"Souvenir XM1014 | Bone Machine (Well-Worn)":{"souvenir":true,"quality":2,"skin":"Bone Machine","weapon":"XM1014","short":"XM1014 | Bone Machine","name":"Souvenir XM1014 | Bone Machine (Well-Worn)","src":"https://steamcdn-a.akamaihd.net/apps/730/icons/econ/default_generated/weapon_xm1014_am_nuclear_skulls1_xm1014_light_large.716e8296c07d3e6d5c9f5f20605c9608bbb78ca1.png","type":"skin","rarity":2,"price":532},"Souvenir XM1014 | Bone Machine (Battle-Scarred)":{"souvenir":true,"quality":1,"skin":"Bone Machine","weapon":"XM1014","short":"XM1014 | Bone Machine","name":"Souvenir XM1014 | Bone Machine (Battle-Scarred)","src":"https://steamcdn-a.akamaihd.net/apps/730/icons/econ/default_generated/weapon_xm1014_am_nuclear_skulls1_xm1014_light_large.716e8296c07d3e6d5c9f5f20605c9608bbb78ca1.png","type":"skin","rarity":2,"price":249},"XM1014 | Bone Machine":{"souvenirAvailable":true,"masterItem":true,"qualities":[5,4,3,2,1],"skin":"Bone Machine","weapon":"XM1014","short":"XM1014 | Bone Machine","name":"XM1014 | Bone Machine","src":"https://steamcdn-a.akamaihd.net/apps/730/icons/econ/default_generated/weapon_xm1014_am_nuclear_skulls1_xm1014_light_large.716e8296c07d3e6d5c9f5f20605c9608bbb78ca1.png","type":"skin","rarity":2,"price":1644,"minPrice":101},"Five-SeveN | Hot Shot (Factory New)":{"quality":5,"skin":"Hot Shot","weapon":"Five-SeveN","short":"Five-SeveN | Hot Shot","name":"Five-SeveN | Hot Shot (Factory New)","src":"https://steamcdn-a.akamaihd.net/apps/730/icons/econ/default_generated/weapon_fiveseven_so_grey_nuclear_orange_five_seven_light_large.1f99a49ba11741a36385ef0934d8066624d4d257.png","type":"skin","rarity":1,"price":155},"Five-SeveN | Hot Shot (Minimal Wear)":{"quality":4,"skin":"Hot Shot","weapon":"Five-SeveN","short":"Five-SeveN | Hot Shot","name":"Five-SeveN | Hot Shot (Minimal Wear)","src":"https://steamcdn-a.akamaihd.net/apps/730/icons/econ/default_generated/weapon_fiveseven_so_grey_nuclear_orange_five_seven_light_large.1f99a49ba11741a36385ef0934d8066624d4d257.png","type":"skin","rarity":1,"price":61},"Five-SeveN | Hot Shot (Field-Tested)":{"quality":3,"skin":"Hot Shot","weapon":"Five-SeveN","short":"Five-SeveN | Hot Shot","name":"Five-SeveN | Hot Shot (Field-Tested)","src":"https://steamcdn-a.akamaihd.net/apps/730/icons/econ/default_generated/weapon_fiveseven_so_grey_nuclear_orange_five_seven_light_large.1f99a49ba11741a36385ef0934d8066624d4d257.png","type":"skin","rarity":1,"price":41},"Five-SeveN | Hot Shot (Well-Worn)":{"quality":2,"skin":"Hot Shot","weapon":"Five-SeveN","short":"Five-SeveN | Hot Shot","name":"Five-SeveN | Hot Shot (Well-Worn)","src":"https://steamcdn-a.akamaihd.net/apps/730/icons/econ/default_generated/weapon_fiveseven_so_grey_nuclear_orange_five_seven_light_large.1f99a49ba11741a36385ef0934d8066624d4d257.png","type":"skin","rarity":1,"price":30},"Five-SeveN | Hot Shot (Battle-Scarred)":{"quality":1,"skin":"Hot Shot","weapon":"Five-SeveN","short":"Five-SeveN | Hot Shot","name":"Five-SeveN | Hot Shot (Battle-Scarred)","src":"https://steamcdn-a.akamaihd.net/apps/730/icons/econ/default_generated/weapon_fiveseven_so_grey_nuclear_orange_five_seven_light_large.1f99a49ba11741a36385ef0934d8066624d4d257.png","type":"skin","rarity":1,"price":27},"Souvenir Five-SeveN | Hot Shot (Factory New)":{"souvenir":true,"quality":5,"skin":"Hot Shot","weapon":"Five-SeveN","short":"Five-SeveN | Hot Shot","name":"Souvenir Five-SeveN | Hot Shot (Factory New)","src":"https://steamcdn-a.akamaihd.net/apps/730/icons/econ/default_generated/weapon_fiveseven_so_grey_nuclear_orange_five_seven_light_large.1f99a49ba11741a36385ef0934d8066624d4d257.png","type":"skin","rarity":1,"price":983},"Souvenir Five-SeveN | Hot Shot (Minimal Wear)":{"souvenir":true,"quality":4,"skin":"Hot Shot","weapon":"Five-SeveN","short":"Five-SeveN | Hot Shot","name":"Souvenir Five-SeveN | Hot Shot (Minimal Wear)","src":"https://steamcdn-a.akamaihd.net/apps/730/icons/econ/default_generated/weapon_fiveseven_so_grey_nuclear_orange_five_seven_light_large.1f99a49ba11741a36385ef0934d8066624d4d257.png","type":"skin","rarity":1,"price":174},"Souvenir Five-SeveN | Hot Shot (Field-Tested)":{"souvenir":true,"quality":3,"skin":"Hot Shot","weapon":"Five-SeveN","short":"Five-SeveN | Hot Shot","name":"Souvenir Five-SeveN | Hot Shot (Field-Tested)","src":"https://steamcdn-a.akamaihd.net/apps/730/icons/econ/default_generated/weapon_fiveseven_so_grey_nuclear_orange_five_seven_light_large.1f99a49ba11741a36385ef0934d8066624d4d257.png","type":"skin","rarity":1,"price":44},"Souvenir Five-SeveN | Hot Shot (Well-Worn)":{"souvenir":true,"quality":2,"skin":"Hot Shot","weapon":"Five-SeveN","short":"Five-SeveN | Hot Shot","name":"Souvenir Five-SeveN | Hot Shot (Well-Worn)","src":"https://steamcdn-a.akamaihd.net/apps/730/icons/econ/default_generated/weapon_fiveseven_so_grey_nuclear_orange_five_seven_light_large.1f99a49ba11741a36385ef0934d8066624d4d257.png","type":"skin","rarity":1,"price":42},"Souvenir Five-SeveN | Hot Shot (Battle-Scarred)":{"souvenir":true,"quality":1,"skin":"Hot Shot","weapon":"Five-SeveN","short":"Five-SeveN | Hot Shot","name":"Souvenir Five-SeveN | Hot Shot (Battle-Scarred)","src":"https://steamcdn-a.akamaihd.net/apps/730/icons/econ/default_generated/weapon_fiveseven_so_grey_nuclear_orange_five_seven_light_large.1f99a49ba11741a36385ef0934d8066624d4d257.png","type":"skin","rarity":1,"price":63},"Five-SeveN | Hot Shot":{"souvenirAvailable":true,"masterItem":true,"qualities":[5,4,3,2,1],"skin":"Hot Shot","weapon":"Five-SeveN","short":"Five-SeveN | Hot Shot","name":"Five-SeveN | Hot Shot","src":"https://steamcdn-a.akamaihd.net/apps/730/icons/econ/default_generated/weapon_fiveseven_so_grey_nuclear_orange_five_seven_light_large.1f99a49ba11741a36385ef0934d8066624d4d257.png","type":"skin","rarity":1,"price":983,"minPrice":27},"PP-Bizon | Chemical Green (Factory New)":{"quality":5,"skin":"Chemical Green","weapon":"PP-Bizon","short":"PP-Bizon | Chemical Green","name":"PP-Bizon | Chemical Green (Factory New)","src":"https://steamcdn-a.akamaihd.net/apps/730/icons/econ/default_generated/weapon_bizon_so_grey_nuclear_green_bizon_light_large.072e25b1fa34f50da3850310424b8b96983cf684.png","type":"skin","rarity":1,"price":153},"PP-Bizon | Chemical Green (Minimal Wear)":{"quality":4,"skin":"Chemical Green","weapon":"PP-Bizon","short":"PP-Bizon | Chemical Green","name":"PP-Bizon | Chemical Green (Minimal Wear)","src":"https://steamcdn-a.akamaihd.net/apps/730/icons/econ/default_generated/weapon_bizon_so_grey_nuclear_green_bizon_light_large.072e25b1fa34f50da3850310424b8b96983cf684.png","type":"skin","rarity":1,"price":56},"PP-Bizon | Chemical Green (Field-Tested)":{"quality":3,"skin":"Chemical Green","weapon":"PP-Bizon","short":"PP-Bizon | Chemical Green","name":"PP-Bizon | Chemical Green (Field-Tested)","src":"https://steamcdn-a.akamaihd.net/apps/730/icons/econ/default_generated/weapon_bizon_so_grey_nuclear_green_bizon_light_large.072e25b1fa34f50da3850310424b8b96983cf684.png","type":"skin","rarity":1,"price":33},"PP-Bizon | Chemical Green (Well-Worn)":{"quality":2,"skin":"Chemical Green","weapon":"PP-Bizon","short":"PP-Bizon | Chemical Green","name":"PP-Bizon | Chemical Green (Well-Worn)","src":"https://steamcdn-a.akamaihd.net/apps/730/icons/econ/default_generated/weapon_bizon_so_grey_nuclear_green_bizon_light_large.072e25b1fa34f50da3850310424b8b96983cf684.png","type":"skin","rarity":1,"price":30},"PP-Bizon | Chemical Green (Battle-Scarred)":{"quality":1,"skin":"Chemical Green","weapon":"PP-Bizon","short":"PP-Bizon | Chemical Green","name":"PP-Bizon | Chemical Green (Battle-Scarred)","src":"https://steamcdn-a.akamaihd.net/apps/730/icons/econ/default_generated/weapon_bizon_so_grey_nuclear_green_bizon_light_large.072e25b1fa34f50da3850310424b8b96983cf684.png","type":"skin","rarity":1,"price":26},"Souvenir PP-Bizon | Chemical Green (Factory New)":{"souvenir":true,"quality":5,"skin":"Chemical Green","weapon":"PP-Bizon","short":"PP-Bizon | Chemical Green","name":"Souvenir PP-Bizon | Chemical Green (Factory New)","src":"https://steamcdn-a.akamaihd.net/apps/730/icons/econ/default_generated/weapon_bizon_so_grey_nuclear_green_bizon_light_large.072e25b1fa34f50da3850310424b8b96983cf684.png","type":"skin","rarity":1,"price":965},"Souvenir PP-Bizon | Chemical Green (Minimal Wear)":{"souvenir":true,"quality":4,"skin":"Chemical Green","weapon":"PP-Bizon","short":"PP-Bizon | Chemical Green","name":"Souvenir PP-Bizon | Chemical Green (Minimal Wear)","src":"https://steamcdn-a.akamaihd.net/apps/730/icons/econ/default_generated/weapon_bizon_so_grey_nuclear_green_bizon_light_large.072e25b1fa34f50da3850310424b8b96983cf684.png","type":"skin","rarity":1,"price":137},"Souvenir PP-Bizon | Chemical Green (Field-Tested)":{"souvenir":true,"quality":3,"skin":"Chemical Green","weapon":"PP-Bizon","short":"PP-Bizon | Chemical Green","name":"Souvenir PP-Bizon | Chemical Green (Field-Tested)","src":"https://steamcdn-a.akamaihd.net/apps/730/icons/econ/default_generated/weapon_bizon_so_grey_nuclear_green_bizon_light_large.072e25b1fa34f50da3850310424b8b96983cf684.png","type":"skin","rarity":1,"price":50},"Souvenir PP-Bizon | Chemical Green (Well-Worn)":{"souvenir":true,"quality":2,"skin":"Chemical Green","weapon":"PP-Bizon","short":"PP-Bizon | Chemical Green","name":"Souvenir PP-Bizon | Chemical Green (Well-Worn)","src":"https://steamcdn-a.akamaihd.net/apps/730/icons/econ/default_generated/weapon_bizon_so_grey_nuclear_green_bizon_light_large.072e25b1fa34f50da3850310424b8b96983cf684.png","type":"skin","rarity":1,"price":60},"Souvenir PP-Bizon | Chemical Green (Battle-Scarred)":{"souvenir":true,"quality":1,"skin":"Chemical Green","weapon":"PP-Bizon","short":"PP-Bizon | Chemical Green","name":"Souvenir PP-Bizon | Chemical Green (Battle-Scarred)","src":"https://steamcdn-a.akamaihd.net/apps/730/icons/econ/default_generated/weapon_bizon_so_grey_nuclear_green_bizon_light_large.072e25b1fa34f50da3850310424b8b96983cf684.png","type":"skin","rarity":1,"price":43},"PP-Bizon | Chemical Green":{"souvenirAvailable":true,"masterItem":true,"qualities":[5,4,3,2,1],"skin":"Chemical Green","weapon":"PP-Bizon","short":"PP-Bizon | Chemical Green","name":"PP-Bizon | Chemical Green","src":"https://steamcdn-a.akamaihd.net/apps/730/icons/econ/default_generated/weapon_bizon_so_grey_nuclear_green_bizon_light_large.072e25b1fa34f50da3850310424b8b96983cf684.png","type":"skin","rarity":1,"price":965,"minPrice":26}}