{
  "The Canals Collection": {
    "name": "The Canals Collection",
    "src": "images/items/collections/canals.webp",
    "price": 4094,
    "type": "case",
    "rarity": 0,
    "content": {
      "items": [
        "Nova | Baroque Orange (Factory New)", "Nova | Baroque Orange (Minimal Wear)",
        "Nova | Baroque Orange (Field-Tested)", "Nova | Baroque Orange (Well-Worn)",
        "Nova | Baroque Orange (Battle-Scarred)", "MP9 | Stained Glass (Factory New)",
        "MP9 | Stained Glass (Minimal Wear)", "MP9 | Stained Glass (Field-Tested)", "MP9 | Stained Glass (Well-Worn)",
        "MP9 | Stained Glass (Battle-Scarred)", "MAC-10 | Red Filigree (Factory New)",
        "MAC-10 | Red Filigree (Minimal Wear)", "MAC-10 | Red Filigree (Field-Tested)",
        "MAC-10 | Red Filigree (Well-Worn)", "MAC-10 | Red Filigree (Battle-Scarred)",
        "MAG-7 | Cinquedea (Factory New)", "MAG-7 | Cinquedea (Minimal Wear)", "MAG-7 | Cinquedea (Field-Tested)",
        "MAG-7 | Cinquedea (Well-Worn)", "MAG-7 | Cinquedea (Battle-Scarred)", "SSG 08 | Orange Filigree (Factory New)",
        "SSG 08 | Orange Filigree (Minimal Wear)", "SSG 08 | Orange Filigree (Field-Tested)",
        "SSG 08 | Orange Filigree (Well-Worn)", "SSG 08 | Orange Filigree (Battle-Scarred)",
        "AWP | The Prince (Factory New)", "AWP | The Prince (Minimal Wear)", "AWP | The Prince (Field-Tested)",
        "AWP | The Prince (Well-Worn)", "AWP | The Prince (Battle-Scarred)", "Dual Berettas | Emerald (Factory New)",
        "Dual Berettas | Emerald (Minimal Wear)", "G3SG1 | Violet Murano (Factory New)",
        "G3SG1 | Violet Murano (Minimal Wear)", "G3SG1 | Violet Murano (Field-Tested)",
        "G3SG1 | Violet Murano (Well-Worn)", "G3SG1 | Violet Murano (Battle-Scarred)",
        "SG 553 | Candy Apple (Factory New)", "SG 553 | Candy Apple (Minimal Wear)",
        "SG 553 | Candy Apple (Field-Tested)", "SG 553 | Candy Apple (Well-Worn)",
        "SG 553 | Candy Apple (Battle-Scarred)", "Tec-9 | Orange Murano (Factory New)",
        "Tec-9 | Orange Murano (Minimal Wear)", "Tec-9 | Orange Murano (Field-Tested)",
        "Tec-9 | Orange Murano (Well-Worn)", "Tec-9 | Orange Murano (Battle-Scarred)",
        "AUG | Navy Murano (Factory New)", "AUG | Navy Murano (Minimal Wear)", "AUG | Navy Murano (Field-Tested)",
        "AUG | Navy Murano (Well-Worn)", "AUG | Navy Murano (Battle-Scarred)", "CZ75-Auto | Indigo (Factory New)",
        "CZ75-Auto | Indigo (Minimal Wear)", "CZ75-Auto | Indigo (Field-Tested)", "CZ75-Auto | Indigo (Well-Worn)",
        "CZ75-Auto | Indigo (Battle-Scarred)", "P250 | Dark Filigree (Factory New)",
        "P250 | Dark Filigree (Minimal Wear)", "P250 | Dark Filigree (Field-Tested)",
        "P250 | Dark Filigree (Well-Worn)", "P250 | Dark Filigree (Battle-Scarred)",
        "AK-47 | Baroque Purple (Factory New)", "AK-47 | Baroque Purple (Minimal Wear)",
        "AK-47 | Baroque Purple (Field-Tested)", "AK-47 | Baroque Purple (Well-Worn)",
        "AK-47 | Baroque Purple (Battle-Scarred)", "R8 Revolver | Canal Spray (Factory New)",
        "R8 Revolver | Canal Spray (Minimal Wear)", "R8 Revolver | Canal Spray (Field-Tested)",
        "R8 Revolver | Canal Spray (Well-Worn)", "R8 Revolver | Canal Spray (Battle-Scarred)",
        "P90 | Baroque Red (Factory New)", "P90 | Baroque Red (Minimal Wear)", "P90 | Baroque Red (Field-Tested)",
        "P90 | Baroque Red (Well-Worn)", "P90 | Baroque Red (Battle-Scarred)", "SCAR-20 | Stone Mosaico (Factory New)",
        "SCAR-20 | Stone Mosaico (Minimal Wear)", "SCAR-20 | Stone Mosaico (Field-Tested)",
        "SCAR-20 | Stone Mosaico (Well-Worn)", "SCAR-20 | Stone Mosaico (Battle-Scarred)",
        "Negev | Boroque Sand (Factory New)", "Negev | Boroque Sand (Minimal Wear)",
        "Negev | Boroque Sand (Field-Tested)", "Negev | Boroque Sand (Well-Worn)",
        "Negev | Boroque Sand (Battle-Scarred)"
      ]
    }
  },
  "Nova | Baroque Orange (Factory New)": {
    "quality": 5,
    "skin": "Baroque Orange",
    "weapon": "Nova",
    "short": "Nova | Baroque Orange",
    "name": "Nova | Baroque Orange (Factory New)",
    "src": "https://steamcdn-a.akamaihd.net/apps/730/icons/econ/default_generated/weapon_nova_am_veneto2_light_large.51bfad5db3f49f28c0802f4696f6282e4781f4db.png",
    "type": "skin",
    "rarity": 3,
    "price": 6328
  },
  "Nova | Baroque Orange (Minimal Wear)": {
    "quality": 4,
    "skin": "Baroque Orange",
    "weapon": "Nova",
    "short": "Nova | Baroque Orange",
    "name": "Nova | Baroque Orange (Minimal Wear)",
    "src": "https://steamcdn-a.akamaihd.net/apps/730/icons/econ/default_generated/weapon_nova_am_veneto2_light_large.51bfad5db3f49f28c0802f4696f6282e4781f4db.png",
    "type": "skin",
    "rarity": 3,
    "price": 6935
  },
  "Nova | Baroque Orange (Field-Tested)": {
    "quality": 3,
    "skin": "Baroque Orange",
    "weapon": "Nova",
    "short": "Nova | Baroque Orange",
    "name": "Nova | Baroque Orange (Field-Tested)",
    "src": "https://steamcdn-a.akamaihd.net/apps/730/icons/econ/default_generated/weapon_nova_am_veneto2_light_large.51bfad5db3f49f28c0802f4696f6282e4781f4db.png",
    "type": "skin",
    "rarity": 3,
    "price": 5024
  },
  "Nova | Baroque Orange (Well-Worn)": {
    "quality": 2,
    "skin": "Baroque Orange",
    "weapon": "Nova",
    "short": "Nova | Baroque Orange",
    "name": "Nova | Baroque Orange (Well-Worn)",
    "src": "https://steamcdn-a.akamaihd.net/apps/730/icons/econ/default_generated/weapon_nova_am_veneto2_light_large.51bfad5db3f49f28c0802f4696f6282e4781f4db.png",
    "type": "skin",
    "rarity": 3,
    "price": 5267
  },
  "Nova | Baroque Orange (Battle-Scarred)": {
    "quality": 1,
    "skin": "Baroque Orange",
    "weapon": "Nova",
    "short": "Nova | Baroque Orange",
    "name": "Nova | Baroque Orange (Battle-Scarred)",
    "src": "https://steamcdn-a.akamaihd.net/apps/730/icons/econ/default_generated/weapon_nova_am_veneto2_light_large.51bfad5db3f49f28c0802f4696f6282e4781f4db.png",
    "type": "skin",
    "rarity": 3,
    "price": 17508
  },
  "Nova | Baroque Orange": {
    "masterItem": true,
    "qualities": [5, 4, 3, 2, 1],
    "skin": "Baroque Orange",
    "weapon": "Nova",
    "short": "Nova | Baroque Orange",
    "name": "Nova | Baroque Orange",
    "src": "https://steamcdn-a.akamaihd.net/apps/730/icons/econ/default_generated/weapon_nova_am_veneto2_light_large.51bfad5db3f49f28c0802f4696f6282e4781f4db.png",
    "type": "skin",
    "rarity": 3,
    "price": 17508,
    "minPrice": 5024
  },
  "MP9 | Stained Glass (Factory New)": {
    "quality": 5,
    "skin": "Stained Glass",
    "weapon": "MP9",
    "short": "MP9 | Stained Glass",
    "name": "MP9 | Stained Glass (Factory New)",
    "src": "https://steamcdn-a.akamaihd.net/apps/730/icons/econ/default_generated/weapon_mp9_am_stained_glass_light_large.24d1cb9e7a99e9b0e5663a245d65b56c42f36a0b.png",
    "type": "skin",
    "rarity": 3,
    "price": 5489
  },
  "MP9 | Stained Glass (Minimal Wear)": {
    "quality": 4,
    "skin": "Stained Glass",
    "weapon": "MP9",
    "short": "MP9 | Stained Glass",
    "name": "MP9 | Stained Glass (Minimal Wear)",
    "src": "https://steamcdn-a.akamaihd.net/apps/730/icons/econ/default_generated/weapon_mp9_am_stained_glass_light_large.24d1cb9e7a99e9b0e5663a245d65b56c42f36a0b.png",
    "type": "skin",
    "rarity": 3,
    "price": 5590
  },
  "MP9 | Stained Glass (Field-Tested)": {
    "quality": 3,
    "skin": "Stained Glass",
    "weapon": "MP9",
    "short": "MP9 | Stained Glass",
    "name": "MP9 | Stained Glass (Field-Tested)",
    "src": "https://steamcdn-a.akamaihd.net/apps/730/icons/econ/default_generated/weapon_mp9_am_stained_glass_light_large.24d1cb9e7a99e9b0e5663a245d65b56c42f36a0b.png",
    "type": "skin",
    "rarity": 3,
    "price": 5026
  },
  "MP9 | Stained Glass (Well-Worn)": {
    "quality": 2,
    "skin": "Stained Glass",
    "weapon": "MP9",
    "short": "MP9 | Stained Glass",
    "name": "MP9 | Stained Glass (Well-Worn)",
    "src": "https://steamcdn-a.akamaihd.net/apps/730/icons/econ/default_generated/weapon_mp9_am_stained_glass_light_large.24d1cb9e7a99e9b0e5663a245d65b56c42f36a0b.png",
    "type": "skin",
    "rarity": 3,
    "price": 9082
  },
  "MP9 | Stained Glass (Battle-Scarred)": {
    "quality": 1,
    "skin": "Stained Glass",
    "weapon": "MP9",
    "short": "MP9 | Stained Glass",
    "name": "MP9 | Stained Glass (Battle-Scarred)",
    "src": "https://steamcdn-a.akamaihd.net/apps/730/icons/econ/default_generated/weapon_mp9_am_stained_glass_light_large.24d1cb9e7a99e9b0e5663a245d65b56c42f36a0b.png",
    "type": "skin",
    "rarity": 3,
    "price": 5713
  },
  "MP9 | Stained Glass": {
    "masterItem": true,
    "qualities": [5, 4, 3, 2, 1],
    "skin": "Stained Glass",
    "weapon": "MP9",
    "short": "MP9 | Stained Glass",
    "name": "MP9 | Stained Glass",
    "src": "https://steamcdn-a.akamaihd.net/apps/730/icons/econ/default_generated/weapon_mp9_am_stained_glass_light_large.24d1cb9e7a99e9b0e5663a245d65b56c42f36a0b.png",
    "type": "skin",
    "rarity": 3,
    "price": 9082,
    "minPrice": 5026
  },
  "MAC-10 | Red Filigree (Factory New)": {
    "quality": 5,
    "skin": "Red Filigree",
    "weapon": "MAC-10",
    "short": "MAC-10 | Red Filigree",
    "name": "MAC-10 | Red Filigree (Factory New)",
    "src": "https://steamcdn-a.akamaihd.net/apps/730/icons/econ/default_generated/weapon_mac10_am_ren_red_light_large.985e0a9b70dc43f90bfb6e9ce28398565396d633.png",
    "type": "skin",
    "rarity": 3,
    "price": 6052
  },
  "MAC-10 | Red Filigree (Minimal Wear)": {
    "quality": 4,
    "skin": "Red Filigree",
    "weapon": "MAC-10",
    "short": "MAC-10 | Red Filigree",
    "name": "MAC-10 | Red Filigree (Minimal Wear)",
    "src": "https://steamcdn-a.akamaihd.net/apps/730/icons/econ/default_generated/weapon_mac10_am_ren_red_light_large.985e0a9b70dc43f90bfb6e9ce28398565396d633.png",
    "type": "skin",
    "rarity": 3,
    "price": 5777
  },
  "MAC-10 | Red Filigree (Field-Tested)": {
    "quality": 3,
    "skin": "Red Filigree",
    "weapon": "MAC-10",
    "short": "MAC-10 | Red Filigree",
    "name": "MAC-10 | Red Filigree (Field-Tested)",
    "src": "https://steamcdn-a.akamaihd.net/apps/730/icons/econ/default_generated/weapon_mac10_am_ren_red_light_large.985e0a9b70dc43f90bfb6e9ce28398565396d633.png",
    "type": "skin",
    "rarity": 3,
    "price": 5200
  },
  "MAC-10 | Red Filigree (Well-Worn)": {
    "quality": 2,
    "skin": "Red Filigree",
    "weapon": "MAC-10",
    "short": "MAC-10 | Red Filigree",
    "name": "MAC-10 | Red Filigree (Well-Worn)",
    "src": "https://steamcdn-a.akamaihd.net/apps/730/icons/econ/default_generated/weapon_mac10_am_ren_red_light_large.985e0a9b70dc43f90bfb6e9ce28398565396d633.png",
    "type": "skin",
    "rarity": 3,
    "price": 5201
  },
  "MAC-10 | Red Filigree (Battle-Scarred)": {
    "quality": 1,
    "skin": "Red Filigree",
    "weapon": "MAC-10",
    "short": "MAC-10 | Red Filigree",
    "name": "MAC-10 | Red Filigree (Battle-Scarred)",
    "src": "https://steamcdn-a.akamaihd.net/apps/730/icons/econ/default_generated/weapon_mac10_am_ren_red_light_large.985e0a9b70dc43f90bfb6e9ce28398565396d633.png",
    "type": "skin",
    "rarity": 3,
    "price": 6535
  },
  "MAC-10 | Red Filigree": {
    "masterItem": true,
    "qualities": [5, 4, 3, 2, 1],
    "skin": "Red Filigree",
    "weapon": "MAC-10",
    "short": "MAC-10 | Red Filigree",
    "name": "MAC-10 | Red Filigree",
    "src": "https://steamcdn-a.akamaihd.net/apps/730/icons/econ/default_generated/weapon_mac10_am_ren_red_light_large.985e0a9b70dc43f90bfb6e9ce28398565396d633.png",
    "type": "skin",
    "rarity": 3,
    "price": 6535,
    "minPrice": 5200
  },
  "MAG-7 | Cinquedea (Factory New)": {
    "quality": 5,
    "skin": "Cinquedea",
    "weapon": "MAG-7",
    "short": "MAG-7 | Cinquedea",
    "name": "MAG-7 | Cinquedea (Factory New)",
    "src": "https://steamcdn-a.akamaihd.net/apps/730/icons/econ/default_generated/weapon_mag7_gs_mag7_glass_light_large.beadef0a6bd24e7ba3ed051b2b092c27119ce075.png",
    "type": "skin",
    "rarity": 4,
    "price": 62670
  },
  "MAG-7 | Cinquedea (Minimal Wear)": {
    "quality": 4,
    "skin": "Cinquedea",
    "weapon": "MAG-7",
    "short": "MAG-7 | Cinquedea",
    "name": "MAG-7 | Cinquedea (Minimal Wear)",
    "src": "https://steamcdn-a.akamaihd.net/apps/730/icons/econ/default_generated/weapon_mag7_gs_mag7_glass_light_large.beadef0a6bd24e7ba3ed051b2b092c27119ce075.png",
    "type": "skin",
    "rarity": 4,
    "price": 54971
  },
  "MAG-7 | Cinquedea (Field-Tested)": {
    "quality": 3,
    "skin": "Cinquedea",
    "weapon": "MAG-7",
    "short": "MAG-7 | Cinquedea",
    "name": "MAG-7 | Cinquedea (Field-Tested)",
    "src": "https://steamcdn-a.akamaihd.net/apps/730/icons/econ/default_generated/weapon_mag7_gs_mag7_glass_light_large.beadef0a6bd24e7ba3ed051b2b092c27119ce075.png",
    "type": "skin",
    "rarity": 4,
    "price": 49446
  },
  "MAG-7 | Cinquedea (Well-Worn)": {
    "quality": 2,
    "skin": "Cinquedea",
    "weapon": "MAG-7",
    "short": "MAG-7 | Cinquedea",
    "name": "MAG-7 | Cinquedea (Well-Worn)",
    "src": "https://steamcdn-a.akamaihd.net/apps/730/icons/econ/default_generated/weapon_mag7_gs_mag7_glass_light_large.beadef0a6bd24e7ba3ed051b2b092c27119ce075.png",
    "type": "skin",
    "rarity": 4,
    "price": 60341
  },
  "MAG-7 | Cinquedea (Battle-Scarred)": {
    "quality": 1,
    "skin": "Cinquedea",
    "weapon": "MAG-7",
    "short": "MAG-7 | Cinquedea",
    "name": "MAG-7 | Cinquedea (Battle-Scarred)",
    "src": "https://steamcdn-a.akamaihd.net/apps/730/icons/econ/default_generated/weapon_mag7_gs_mag7_glass_light_large.beadef0a6bd24e7ba3ed051b2b092c27119ce075.png",
    "type": "skin",
    "rarity": 4,
    "price": 43927
  },
  "MAG-7 | Cinquedea": {
    "masterItem": true,
    "qualities": [5, 4, 3, 2, 1],
    "skin": "Cinquedea",
    "weapon": "MAG-7",
    "short": "MAG-7 | Cinquedea",
    "name": "MAG-7 | Cinquedea",
    "src": "https://steamcdn-a.akamaihd.net/apps/730/icons/econ/default_generated/weapon_mag7_gs_mag7_glass_light_large.beadef0a6bd24e7ba3ed051b2b092c27119ce075.png",
    "type": "skin",
    "rarity": 4,
    "price": 62670,
    "minPrice": 43927
  },
  "SSG 08 | Orange Filigree (Factory New)": {
    "quality": 5,
    "skin": "Orange Filigree",
    "weapon": "SSG 08",
    "short": "SSG 08 | Orange Filigree",
    "name": "SSG 08 | Orange Filigree (Factory New)",
    "src": "https://steamcdn-a.akamaihd.net/apps/730/icons/econ/default_generated/weapon_ssg08_hy_ren_orange_light_large.0de8202f23f893173f722278aca762d294371ad8.png",
    "type": "skin",
    "rarity": 2,
    "price": 1277
  },
  "SSG 08 | Orange Filigree (Minimal Wear)": {
    "quality": 4,
    "skin": "Orange Filigree",
    "weapon": "SSG 08",
    "short": "SSG 08 | Orange Filigree",
    "name": "SSG 08 | Orange Filigree (Minimal Wear)",
    "src": "https://steamcdn-a.akamaihd.net/apps/730/icons/econ/default_generated/weapon_ssg08_hy_ren_orange_light_large.0de8202f23f893173f722278aca762d294371ad8.png",
    "type": "skin",
    "rarity": 2,
    "price": 1198
  },
  "SSG 08 | Orange Filigree (Field-Tested)": {
    "quality": 3,
    "skin": "Orange Filigree",
    "weapon": "SSG 08",
    "short": "SSG 08 | Orange Filigree",
    "name": "SSG 08 | Orange Filigree (Field-Tested)",
    "src": "https://steamcdn-a.akamaihd.net/apps/730/icons/econ/default_generated/weapon_ssg08_hy_ren_orange_light_large.0de8202f23f893173f722278aca762d294371ad8.png",
    "type": "skin",
    "rarity": 2,
    "price": 1230
  },
  "SSG 08 | Orange Filigree (Well-Worn)": {
    "quality": 2,
    "skin": "Orange Filigree",
    "weapon": "SSG 08",
    "short": "SSG 08 | Orange Filigree",
    "name": "SSG 08 | Orange Filigree (Well-Worn)",
    "src": "https://steamcdn-a.akamaihd.net/apps/730/icons/econ/default_generated/weapon_ssg08_hy_ren_orange_light_large.0de8202f23f893173f722278aca762d294371ad8.png",
    "type": "skin",
    "rarity": 2,
    "price": 1845
  },
  "SSG 08 | Orange Filigree (Battle-Scarred)": {
    "quality": 1,
    "skin": "Orange Filigree",
    "weapon": "SSG 08",
    "short": "SSG 08 | Orange Filigree",
    "name": "SSG 08 | Orange Filigree (Battle-Scarred)",
    "src": "https://steamcdn-a.akamaihd.net/apps/730/icons/econ/default_generated/weapon_ssg08_hy_ren_orange_light_large.0de8202f23f893173f722278aca762d294371ad8.png",
    "type": "skin",
    "rarity": 2,
    "price": 2015
  },
  "SSG 08 | Orange Filigree": {
    "masterItem": true,
    "qualities": [5, 4, 3, 2, 1],
    "skin": "Orange Filigree",
    "weapon": "SSG 08",
    "short": "SSG 08 | Orange Filigree",
    "name": "SSG 08 | Orange Filigree",
    "src": "https://steamcdn-a.akamaihd.net/apps/730/icons/econ/default_generated/weapon_ssg08_hy_ren_orange_light_large.0de8202f23f893173f722278aca762d294371ad8.png",
    "type": "skin",
    "rarity": 2,
    "price": 2015,
    "minPrice": 1198
  },
  "AWP | The Prince (Factory New)": {
    "quality": 5,
    "skin": "The Prince",
    "weapon": "AWP",
    "short": "AWP | The Prince",
    "name": "AWP | The Prince (Factory New)",
    "src": "https://steamcdn-a.akamaihd.net/apps/730/icons/econ/default_generated/weapon_awp_gs_awp_enamel_light_large.00ae78bca507d3358c7b821dc666e21123162069.png",
    "type": "skin",
    "rarity": 5,
    "price": 371925
  },
  "AWP | The Prince (Minimal Wear)": {
    "quality": 4,
    "skin": "The Prince",
    "weapon": "AWP",
    "short": "AWP | The Prince",
    "name": "AWP | The Prince (Minimal Wear)",
    "src": "https://steamcdn-a.akamaihd.net/apps/730/icons/econ/default_generated/weapon_awp_gs_awp_enamel_light_large.00ae78bca507d3358c7b821dc666e21123162069.png",
    "type": "skin",
    "rarity": 5,
    "price": 153721
  },
  "AWP | The Prince (Field-Tested)": {
    "quality": 3,
    "skin": "The Prince",
    "weapon": "AWP",
    "short": "AWP | The Prince",
    "name": "AWP | The Prince (Field-Tested)",
    "src": "https://steamcdn-a.akamaihd.net/apps/730/icons/econ/default_generated/weapon_awp_gs_awp_enamel_light_large.00ae78bca507d3358c7b821dc666e21123162069.png",
    "type": "skin",
    "rarity": 5,
    "price": 151882
  },
  "AWP | The Prince (Well-Worn)": {
    "quality": 2,
    "skin": "The Prince",
    "weapon": "AWP",
    "short": "AWP | The Prince",
    "name": "AWP | The Prince (Well-Worn)",
    "src": "https://steamcdn-a.akamaihd.net/apps/730/icons/econ/default_generated/weapon_awp_gs_awp_enamel_light_large.00ae78bca507d3358c7b821dc666e21123162069.png",
    "type": "skin",
    "rarity": 5,
    "price": 130508
  },
  "AWP | The Prince (Battle-Scarred)": {
    "quality": 1,
    "skin": "The Prince",
    "weapon": "AWP",
    "short": "AWP | The Prince",
    "name": "AWP | The Prince (Battle-Scarred)",
    "src": "https://steamcdn-a.akamaihd.net/apps/730/icons/econ/default_generated/weapon_awp_gs_awp_enamel_light_large.00ae78bca507d3358c7b821dc666e21123162069.png",
    "type": "skin",
    "rarity": 5,
    "price": 153049
  },
  "AWP | The Prince": {
    "masterItem": true,
    "qualities": [5, 4, 3, 2, 1],
    "skin": "The Prince",
    "weapon": "AWP",
    "short": "AWP | The Prince",
    "name": "AWP | The Prince",
    "src": "https://steamcdn-a.akamaihd.net/apps/730/icons/econ/default_generated/weapon_awp_gs_awp_enamel_light_large.00ae78bca507d3358c7b821dc666e21123162069.png",
    "type": "skin",
    "rarity": 5,
    "price": 371925,
    "minPrice": 130508
  },
  "Dual Berettas | Emerald (Factory New)": {
    "quality": 5,
    "skin": "Emerald",
    "weapon": "Dual Berettas",
    "short": "Dual Berettas | Emerald",
    "name": "Dual Berettas | Emerald (Factory New)",
    "src": "https://steamcdn-a.akamaihd.net/apps/730/icons/econ/default_generated/weapon_elite_an_emerald_light_large.242c719bcbe22fa3eb64b7ba15f48989cc9200d8.png",
    "type": "skin",
    "rarity": 2,
    "price": 1305
  },
  "Dual Berettas | Emerald (Minimal Wear)": {
    "quality": 4,
    "skin": "Emerald",
    "weapon": "Dual Berettas",
    "short": "Dual Berettas | Emerald",
    "name": "Dual Berettas | Emerald (Minimal Wear)",
    "src": "https://steamcdn-a.akamaihd.net/apps/730/icons/econ/default_generated/weapon_elite_an_emerald_light_large.242c719bcbe22fa3eb64b7ba15f48989cc9200d8.png",
    "type": "skin",
    "rarity": 2,
    "price": 1407
  },
  "Dual Berettas | Emerald": {
    "masterItem": true,
    "qualities": [5, 4],
    "skin": "Emerald",
    "weapon": "Dual Berettas",
    "short": "Dual Berettas | Emerald",
    "name": "Dual Berettas | Emerald",
    "src": "https://steamcdn-a.akamaihd.net/apps/730/icons/econ/default_generated/weapon_elite_an_emerald_light_large.242c719bcbe22fa3eb64b7ba15f48989cc9200d8.png",
    "type": "skin",
    "rarity": 2,
    "price": 1407,
    "minPrice": 1305
  },
  "G3SG1 | Violet Murano (Factory New)": {
    "quality": 5,
    "skin": "Violet Murano",
    "weapon": "G3SG1",
    "short": "G3SG1 | Violet Murano",
    "name": "G3SG1 | Violet Murano (Factory New)",
    "src": "https://steamcdn-a.akamaihd.net/apps/730/icons/econ/default_generated/weapon_g3sg1_am_murano_violet_light_large.7a4ee0fb0e265881283e9282f5d79e8cea2635c8.png",
    "type": "skin",
    "rarity": 2,
    "price": 1278
  },
  "G3SG1 | Violet Murano (Minimal Wear)": {
    "quality": 4,
    "skin": "Violet Murano",
    "weapon": "G3SG1",
    "short": "G3SG1 | Violet Murano",
    "name": "G3SG1 | Violet Murano (Minimal Wear)",
    "src": "https://steamcdn-a.akamaihd.net/apps/730/icons/econ/default_generated/weapon_g3sg1_am_murano_violet_light_large.7a4ee0fb0e265881283e9282f5d79e8cea2635c8.png",
    "type": "skin",
    "rarity": 2,
    "price": 1126
  },
  "G3SG1 | Violet Murano (Field-Tested)": {
    "quality": 3,
    "skin": "Violet Murano",
    "weapon": "G3SG1",
    "short": "G3SG1 | Violet Murano",
    "name": "G3SG1 | Violet Murano (Field-Tested)",
    "src": "https://steamcdn-a.akamaihd.net/apps/730/icons/econ/default_generated/weapon_g3sg1_am_murano_violet_light_large.7a4ee0fb0e265881283e9282f5d79e8cea2635c8.png",
    "type": "skin",
    "rarity": 2,
    "price": 1205
  },
  "G3SG1 | Violet Murano (Well-Worn)": {
    "quality": 2,
    "skin": "Violet Murano",
    "weapon": "G3SG1",
    "short": "G3SG1 | Violet Murano",
    "name": "G3SG1 | Violet Murano (Well-Worn)",
    "src": "https://steamcdn-a.akamaihd.net/apps/730/icons/econ/default_generated/weapon_g3sg1_am_murano_violet_light_large.7a4ee0fb0e265881283e9282f5d79e8cea2635c8.png",
    "type": "skin",
    "rarity": 2,
    "price": 1748
  },
  "G3SG1 | Violet Murano (Battle-Scarred)": {
    "quality": 1,
    "skin": "Violet Murano",
    "weapon": "G3SG1",
    "short": "G3SG1 | Violet Murano",
    "name": "G3SG1 | Violet Murano (Battle-Scarred)",
    "src": "https://steamcdn-a.akamaihd.net/apps/730/icons/econ/default_generated/weapon_g3sg1_am_murano_violet_light_large.7a4ee0fb0e265881283e9282f5d79e8cea2635c8.png",
    "type": "skin",
    "rarity": 2,
    "price": 4016
  },
  "G3SG1 | Violet Murano": {
    "masterItem": true,
    "qualities": [5, 4, 3, 2, 1],
    "skin": "Violet Murano",
    "weapon": "G3SG1",
    "short": "G3SG1 | Violet Murano",
    "name": "G3SG1 | Violet Murano",
    "src": "https://steamcdn-a.akamaihd.net/apps/730/icons/econ/default_generated/weapon_g3sg1_am_murano_violet_light_large.7a4ee0fb0e265881283e9282f5d79e8cea2635c8.png",
    "type": "skin",
    "rarity": 2,
    "price": 4016,
    "minPrice": 1126
  },
  "SG 553 | Candy Apple (Factory New)": {
    "quality": 5,
    "skin": "Candy Apple",
    "weapon": "SG 553",
    "short": "SG 553 | Candy Apple",
    "name": "SG 553 | Candy Apple (Factory New)",
    "src": "https://steamcdn-a.akamaihd.net/apps/730/icons/econ/default_generated/weapon_sg556_so_red_sg553_light_large.aa8a1ed5302193cf02c2814a772517ec2aec8115.png",
    "type": "skin",
    "rarity": 1,
    "price": 264
  },
  "SG 553 | Candy Apple (Minimal Wear)": {
    "quality": 4,
    "skin": "Candy Apple",
    "weapon": "SG 553",
    "short": "SG 553 | Candy Apple",
    "name": "SG 553 | Candy Apple (Minimal Wear)",
    "src": "https://steamcdn-a.akamaihd.net/apps/730/icons/econ/default_generated/weapon_sg556_so_red_sg553_light_large.aa8a1ed5302193cf02c2814a772517ec2aec8115.png",
    "type": "skin",
    "rarity": 1,
    "price": 216
  },
  "SG 553 | Candy Apple (Field-Tested)": {
    "quality": 3,
    "skin": "Candy Apple",
    "weapon": "SG 553",
    "short": "SG 553 | Candy Apple",
    "name": "SG 553 | Candy Apple (Field-Tested)",
    "src": "https://steamcdn-a.akamaihd.net/apps/730/icons/econ/default_generated/weapon_sg556_so_red_sg553_light_large.aa8a1ed5302193cf02c2814a772517ec2aec8115.png",
    "type": "skin",
    "rarity": 1,
    "price": 199
  },
  "SG 553 | Candy Apple (Well-Worn)": {
    "quality": 2,
    "skin": "Candy Apple",
    "weapon": "SG 553",
    "short": "SG 553 | Candy Apple",
    "name": "SG 553 | Candy Apple (Well-Worn)",
    "src": "https://steamcdn-a.akamaihd.net/apps/730/icons/econ/default_generated/weapon_sg556_so_red_sg553_light_large.aa8a1ed5302193cf02c2814a772517ec2aec8115.png",
    "type": "skin",
    "rarity": 1,
    "price": 195
  },
  "SG 553 | Candy Apple (Battle-Scarred)": {
    "quality": 1,
    "skin": "Candy Apple",
    "weapon": "SG 553",
    "short": "SG 553 | Candy Apple",
    "name": "SG 553 | Candy Apple (Battle-Scarred)",
    "src": "https://steamcdn-a.akamaihd.net/apps/730/icons/econ/default_generated/weapon_sg556_so_red_sg553_light_large.aa8a1ed5302193cf02c2814a772517ec2aec8115.png",
    "type": "skin",
    "rarity": 1,
    "price": 195
  },
  "SG 553 | Candy Apple": {
    "masterItem": true,
    "qualities": [5, 4, 3, 2, 1],
    "skin": "Candy Apple",
    "weapon": "SG 553",
    "short": "SG 553 | Candy Apple",
    "name": "SG 553 | Candy Apple",
    "src": "https://steamcdn-a.akamaihd.net/apps/730/icons/econ/default_generated/weapon_sg556_so_red_sg553_light_large.aa8a1ed5302193cf02c2814a772517ec2aec8115.png",
    "type": "skin",
    "rarity": 1,
    "price": 264,
    "minPrice": 195
  },
  "Tec-9 | Orange Murano (Factory New)": {
    "quality": 5,
    "skin": "Orange Murano",
    "weapon": "Tec-9",
    "short": "Tec-9 | Orange Murano",
    "name": "Tec-9 | Orange Murano (Factory New)",
    "src": "https://steamcdn-a.akamaihd.net/apps/730/icons/econ/default_generated/weapon_tec9_hy_murano_orange_light_large.cc6ae2c1c3aca79fe0f65be7f0f40f493eba55cf.png",
    "type": "skin",
    "rarity": 1,
    "price": 262
  },
  "Tec-9 | Orange Murano (Minimal Wear)": {
    "quality": 4,
    "skin": "Orange Murano",
    "weapon": "Tec-9",
    "short": "Tec-9 | Orange Murano",
    "name": "Tec-9 | Orange Murano (Minimal Wear)",
    "src": "https://steamcdn-a.akamaihd.net/apps/730/icons/econ/default_generated/weapon_tec9_hy_murano_orange_light_large.cc6ae2c1c3aca79fe0f65be7f0f40f493eba55cf.png",
    "type": "skin",
    "rarity": 1,
    "price": 202
  },
  "Tec-9 | Orange Murano (Field-Tested)": {
    "quality": 3,
    "skin": "Orange Murano",
    "weapon": "Tec-9",
    "short": "Tec-9 | Orange Murano",
    "name": "Tec-9 | Orange Murano (Field-Tested)",
    "src": "https://steamcdn-a.akamaihd.net/apps/730/icons/econ/default_generated/weapon_tec9_hy_murano_orange_light_large.cc6ae2c1c3aca79fe0f65be7f0f40f493eba55cf.png",
    "type": "skin",
    "rarity": 1,
    "price": 204
  },
  "Tec-9 | Orange Murano (Well-Worn)": {
    "quality": 2,
    "skin": "Orange Murano",
    "weapon": "Tec-9",
    "short": "Tec-9 | Orange Murano",
    "name": "Tec-9 | Orange Murano (Well-Worn)",
    "src": "https://steamcdn-a.akamaihd.net/apps/730/icons/econ/default_generated/weapon_tec9_hy_murano_orange_light_large.cc6ae2c1c3aca79fe0f65be7f0f40f493eba55cf.png",
    "type": "skin",
    "rarity": 1,
    "price": 192
  },
  "Tec-9 | Orange Murano (Battle-Scarred)": {
    "quality": 1,
    "skin": "Orange Murano",
    "weapon": "Tec-9",
    "short": "Tec-9 | Orange Murano",
    "name": "Tec-9 | Orange Murano (Battle-Scarred)",
    "src": "https://steamcdn-a.akamaihd.net/apps/730/icons/econ/default_generated/weapon_tec9_hy_murano_orange_light_large.cc6ae2c1c3aca79fe0f65be7f0f40f493eba55cf.png",
    "type": "skin",
    "rarity": 1,
    "price": 189
  },
  "Tec-9 | Orange Murano": {
    "masterItem": true,
    "qualities": [5, 4, 3, 2, 1],
    "skin": "Orange Murano",
    "weapon": "Tec-9",
    "short": "Tec-9 | Orange Murano",
    "name": "Tec-9 | Orange Murano",
    "src": "https://steamcdn-a.akamaihd.net/apps/730/icons/econ/default_generated/weapon_tec9_hy_murano_orange_light_large.cc6ae2c1c3aca79fe0f65be7f0f40f493eba55cf.png",
    "type": "skin",
    "rarity": 1,
    "price": 262,
    "minPrice": 189
  },
  "AUG | Navy Murano (Factory New)": {
    "quality": 5,
    "skin": "Navy Murano",
    "weapon": "AUG",
    "short": "AUG | Navy Murano",
    "name": "AUG | Navy Murano (Factory New)",
    "src": "https://steamcdn-a.akamaihd.net/apps/730/icons/econ/default_generated/weapon_aug_hy_murano_blue_light_large.b294cab668b3229243676838e2542b893b5dcbfa.png",
    "type": "skin",
    "rarity": 0,
    "price": 142
  },
  "AUG | Navy Murano (Minimal Wear)": {
    "quality": 4,
    "skin": "Navy Murano",
    "weapon": "AUG",
    "short": "AUG | Navy Murano",
    "name": "AUG | Navy Murano (Minimal Wear)",
    "src": "https://steamcdn-a.akamaihd.net/apps/730/icons/econ/default_generated/weapon_aug_hy_murano_blue_light_large.b294cab668b3229243676838e2542b893b5dcbfa.png",
    "type": "skin",
    "rarity": 0,
    "price": 40
  },
  "AUG | Navy Murano (Field-Tested)": {
    "quality": 3,
    "skin": "Navy Murano",
    "weapon": "AUG",
    "short": "AUG | Navy Murano",
    "name": "AUG | Navy Murano (Field-Tested)",
    "src": "https://steamcdn-a.akamaihd.net/apps/730/icons/econ/default_generated/weapon_aug_hy_murano_blue_light_large.b294cab668b3229243676838e2542b893b5dcbfa.png",
    "type": "skin",
    "rarity": 0,
    "price": 31
  },
  "AUG | Navy Murano (Well-Worn)": {
    "quality": 2,
    "skin": "Navy Murano",
    "weapon": "AUG",
    "short": "AUG | Navy Murano",
    "name": "AUG | Navy Murano (Well-Worn)",
    "src": "https://steamcdn-a.akamaihd.net/apps/730/icons/econ/default_generated/weapon_aug_hy_murano_blue_light_large.b294cab668b3229243676838e2542b893b5dcbfa.png",
    "type": "skin",
    "rarity": 0,
    "price": 27
  },
  "AUG | Navy Murano (Battle-Scarred)": {
    "quality": 1,
    "skin": "Navy Murano",
    "weapon": "AUG",
    "short": "AUG | Navy Murano",
    "name": "AUG | Navy Murano (Battle-Scarred)",
    "src": "https://steamcdn-a.akamaihd.net/apps/730/icons/econ/default_generated/weapon_aug_hy_murano_blue_light_large.b294cab668b3229243676838e2542b893b5dcbfa.png",
    "type": "skin",
    "rarity": 0,
    "price": 27
  },
  "AUG | Navy Murano": {
    "masterItem": true,
    "qualities": [5, 4, 3, 2, 1],
    "skin": "Navy Murano",
    "weapon": "AUG",
    "short": "AUG | Navy Murano",
    "name": "AUG | Navy Murano",
    "src": "https://steamcdn-a.akamaihd.net/apps/730/icons/econ/default_generated/weapon_aug_hy_murano_blue_light_large.b294cab668b3229243676838e2542b893b5dcbfa.png",
    "type": "skin",
    "rarity": 0,
    "price": 142,
    "minPrice": 27
  },
  "CZ75-Auto | Indigo (Factory New)": {
    "quality": 5,
    "skin": "Indigo",
    "weapon": "CZ75-Auto",
    "short": "CZ75-Auto | Indigo",
    "name": "CZ75-Auto | Indigo (Factory New)",
    "src": "https://steamcdn-a.akamaihd.net/apps/730/icons/econ/default_generated/weapon_cz75a_so_indigo_and_grey_light_large.2d4d90e760b199522064e9635d1efdb11cdab34f.png",
    "type": "skin",
    "rarity": 0,
    "price": 159
  },
  "CZ75-Auto | Indigo (Minimal Wear)": {
    "quality": 4,
    "skin": "Indigo",
    "weapon": "CZ75-Auto",
    "short": "CZ75-Auto | Indigo",
    "name": "CZ75-Auto | Indigo (Minimal Wear)",
    "src": "https://steamcdn-a.akamaihd.net/apps/730/icons/econ/default_generated/weapon_cz75a_so_indigo_and_grey_light_large.2d4d90e760b199522064e9635d1efdb11cdab34f.png",
    "type": "skin",
    "rarity": 0,
    "price": 36
  },
  "CZ75-Auto | Indigo (Field-Tested)": {
    "quality": 3,
    "skin": "Indigo",
    "weapon": "CZ75-Auto",
    "short": "CZ75-Auto | Indigo",
    "name": "CZ75-Auto | Indigo (Field-Tested)",
    "src": "https://steamcdn-a.akamaihd.net/apps/730/icons/econ/default_generated/weapon_cz75a_so_indigo_and_grey_light_large.2d4d90e760b199522064e9635d1efdb11cdab34f.png",
    "type": "skin",
    "rarity": 0,
    "price": 30
  },
  "CZ75-Auto | Indigo (Well-Worn)": {
    "quality": 2,
    "skin": "Indigo",
    "weapon": "CZ75-Auto",
    "short": "CZ75-Auto | Indigo",
    "name": "CZ75-Auto | Indigo (Well-Worn)",
    "src": "https://steamcdn-a.akamaihd.net/apps/730/icons/econ/default_generated/weapon_cz75a_so_indigo_and_grey_light_large.2d4d90e760b199522064e9635d1efdb11cdab34f.png",
    "type": "skin",
    "rarity": 0,
    "price": 34
  },
  "CZ75-Auto | Indigo (Battle-Scarred)": {
    "quality": 1,
    "skin": "Indigo",
    "weapon": "CZ75-Auto",
    "short": "CZ75-Auto | Indigo",
    "name": "CZ75-Auto | Indigo (Battle-Scarred)",
    "src": "https://steamcdn-a.akamaihd.net/apps/730/icons/econ/default_generated/weapon_cz75a_so_indigo_and_grey_light_large.2d4d90e760b199522064e9635d1efdb11cdab34f.png",
    "type": "skin",
    "rarity": 0,
    "price": 27
  },
  "CZ75-Auto | Indigo": {
    "masterItem": true,
    "qualities": [5, 4, 3, 2, 1],
    "skin": "Indigo",
    "weapon": "CZ75-Auto",
    "short": "CZ75-Auto | Indigo",
    "name": "CZ75-Auto | Indigo",
    "src": "https://steamcdn-a.akamaihd.net/apps/730/icons/econ/default_generated/weapon_cz75a_so_indigo_and_grey_light_large.2d4d90e760b199522064e9635d1efdb11cdab34f.png",
    "type": "skin",
    "rarity": 0,
    "price": 159,
    "minPrice": 27
  },
  "P250 | Dark Filigree (Factory New)": {
    "quality": 5,
    "skin": "Dark Filigree",
    "weapon": "P250",
    "short": "P250 | Dark Filigree",
    "name": "P250 | Dark Filigree (Factory New)",
    "src": "https://steamcdn-a.akamaihd.net/apps/730/icons/econ/default_generated/weapon_p250_am_ren_dark_light_large.ce4d6a4807c1a3c78ed3853f0fb7900b181db0d3.png",
    "type": "skin",
    "rarity": 1,
    "price": 244
  },
  "P250 | Dark Filigree (Minimal Wear)": {
    "quality": 4,
    "skin": "Dark Filigree",
    "weapon": "P250",
    "short": "P250 | Dark Filigree",
    "name": "P250 | Dark Filigree (Minimal Wear)",
    "src": "https://steamcdn-a.akamaihd.net/apps/730/icons/econ/default_generated/weapon_p250_am_ren_dark_light_large.ce4d6a4807c1a3c78ed3853f0fb7900b181db0d3.png",
    "type": "skin",
    "rarity": 1,
    "price": 204
  },
  "P250 | Dark Filigree (Field-Tested)": {
    "quality": 3,
    "skin": "Dark Filigree",
    "weapon": "P250",
    "short": "P250 | Dark Filigree",
    "name": "P250 | Dark Filigree (Field-Tested)",
    "src": "https://steamcdn-a.akamaihd.net/apps/730/icons/econ/default_generated/weapon_p250_am_ren_dark_light_large.ce4d6a4807c1a3c78ed3853f0fb7900b181db0d3.png",
    "type": "skin",
    "rarity": 1,
    "price": 205
  },
  "P250 | Dark Filigree (Well-Worn)": {
    "quality": 2,
    "skin": "Dark Filigree",
    "weapon": "P250",
    "short": "P250 | Dark Filigree",
    "name": "P250 | Dark Filigree (Well-Worn)",
    "src": "https://steamcdn-a.akamaihd.net/apps/730/icons/econ/default_generated/weapon_p250_am_ren_dark_light_large.ce4d6a4807c1a3c78ed3853f0fb7900b181db0d3.png",
    "type": "skin",
    "rarity": 1,
    "price": 208
  },
  "P250 | Dark Filigree (Battle-Scarred)": {
    "quality": 1,
    "skin": "Dark Filigree",
    "weapon": "P250",
    "short": "P250 | Dark Filigree",
    "name": "P250 | Dark Filigree (Battle-Scarred)",
    "src": "https://steamcdn-a.akamaihd.net/apps/730/icons/econ/default_generated/weapon_p250_am_ren_dark_light_large.ce4d6a4807c1a3c78ed3853f0fb7900b181db0d3.png",
    "type": "skin",
    "rarity": 1,
    "price": 195
  },
  "P250 | Dark Filigree": {
    "masterItem": true,
    "qualities": [5, 4, 3, 2, 1],
    "skin": "Dark Filigree",
    "weapon": "P250",
    "short": "P250 | Dark Filigree",
    "name": "P250 | Dark Filigree",
    "src": "https://steamcdn-a.akamaihd.net/apps/730/icons/econ/default_generated/weapon_p250_am_ren_dark_light_large.ce4d6a4807c1a3c78ed3853f0fb7900b181db0d3.png",
    "type": "skin",
    "rarity": 1,
    "price": 244,
    "minPrice": 195
  },
  "AK-47 | Baroque Purple (Factory New)": {
    "quality": 5,
    "skin": "Baroque Purple",
    "weapon": "AK-47",
    "short": "AK-47 | Baroque Purple",
    "name": "AK-47 | Baroque Purple (Factory New)",
    "src": "https://steamcdn-a.akamaihd.net/apps/730/icons/econ/default_generated/weapon_ak47_hy_veneto_purple_light_large.4d9f7f4ed3034ce7d712c68640eb33f9f66f5daf.png",
    "type": "skin",
    "rarity": 1,
    "price": 759
  },
  "AK-47 | Baroque Purple (Minimal Wear)": {
    "quality": 4,
    "skin": "Baroque Purple",
    "weapon": "AK-47",
    "short": "AK-47 | Baroque Purple",
    "name": "AK-47 | Baroque Purple (Minimal Wear)",
    "src": "https://steamcdn-a.akamaihd.net/apps/730/icons/econ/default_generated/weapon_ak47_hy_veneto_purple_light_large.4d9f7f4ed3034ce7d712c68640eb33f9f66f5daf.png",
    "type": "skin",
    "rarity": 1,
    "price": 310
  },
  "AK-47 | Baroque Purple (Field-Tested)": {
    "quality": 3,
    "skin": "Baroque Purple",
    "weapon": "AK-47",
    "short": "AK-47 | Baroque Purple",
    "name": "AK-47 | Baroque Purple (Field-Tested)",
    "src": "https://steamcdn-a.akamaihd.net/apps/730/icons/econ/default_generated/weapon_ak47_hy_veneto_purple_light_large.4d9f7f4ed3034ce7d712c68640eb33f9f66f5daf.png",
    "type": "skin",
    "rarity": 1,
    "price": 209
  },
  "AK-47 | Baroque Purple (Well-Worn)": {
    "quality": 2,
    "skin": "Baroque Purple",
    "weapon": "AK-47",
    "short": "AK-47 | Baroque Purple",
    "name": "AK-47 | Baroque Purple (Well-Worn)",
    "src": "https://steamcdn-a.akamaihd.net/apps/730/icons/econ/default_generated/weapon_ak47_hy_veneto_purple_light_large.4d9f7f4ed3034ce7d712c68640eb33f9f66f5daf.png",
    "type": "skin",
    "rarity": 1,
    "price": 203
  },
  "AK-47 | Baroque Purple (Battle-Scarred)": {
    "quality": 1,
    "skin": "Baroque Purple",
    "weapon": "AK-47",
    "short": "AK-47 | Baroque Purple",
    "name": "AK-47 | Baroque Purple (Battle-Scarred)",
    "src": "https://steamcdn-a.akamaihd.net/apps/730/icons/econ/default_generated/weapon_ak47_hy_veneto_purple_light_large.4d9f7f4ed3034ce7d712c68640eb33f9f66f5daf.png",
    "type": "skin",
    "rarity": 1,
    "price": 199
  },
  "AK-47 | Baroque Purple": {
    "masterItem": true,
    "qualities": [5, 4, 3, 2, 1],
    "skin": "Baroque Purple",
    "weapon": "AK-47",
    "short": "AK-47 | Baroque Purple",
    "name": "AK-47 | Baroque Purple",
    "src": "https://steamcdn-a.akamaihd.net/apps/730/icons/econ/default_generated/weapon_ak47_hy_veneto_purple_light_large.4d9f7f4ed3034ce7d712c68640eb33f9f66f5daf.png",
    "type": "skin",
    "rarity": 1,
    "price": 759,
    "minPrice": 199
  },
  "R8 Revolver | Canal Spray (Factory New)": {
    "quality": 5,
    "skin": "Canal Spray",
    "weapon": "R8 Revolver",
    "short": "R8 Revolver | Canal Spray",
    "name": "R8 Revolver | Canal Spray (Factory New)",
    "src": "https://steamcdn-a.akamaihd.net/apps/730/icons/econ/default_generated/weapon_revolver_sp_spray_water_light_large.0f7d074b7c53419d9475b0eb68e7215d7f9dcc66.png",
    "type": "skin",
    "rarity": 0,
    "price": 174
  },
  "R8 Revolver | Canal Spray (Minimal Wear)": {
    "quality": 4,
    "skin": "Canal Spray",
    "weapon": "R8 Revolver",
    "short": "R8 Revolver | Canal Spray",
    "name": "R8 Revolver | Canal Spray (Minimal Wear)",
    "src": "https://steamcdn-a.akamaihd.net/apps/730/icons/econ/default_generated/weapon_revolver_sp_spray_water_light_large.0f7d074b7c53419d9475b0eb68e7215d7f9dcc66.png",
    "type": "skin",
    "rarity": 0,
    "price": 40
  },
  "R8 Revolver | Canal Spray (Field-Tested)": {
    "quality": 3,
    "skin": "Canal Spray",
    "weapon": "R8 Revolver",
    "short": "R8 Revolver | Canal Spray",
    "name": "R8 Revolver | Canal Spray (Field-Tested)",
    "src": "https://steamcdn-a.akamaihd.net/apps/730/icons/econ/default_generated/weapon_revolver_sp_spray_water_light_large.0f7d074b7c53419d9475b0eb68e7215d7f9dcc66.png",
    "type": "skin",
    "rarity": 0,
    "price": 30
  },
  "R8 Revolver | Canal Spray (Well-Worn)": {
    "quality": 2,
    "skin": "Canal Spray",
    "weapon": "R8 Revolver",
    "short": "R8 Revolver | Canal Spray",
    "name": "R8 Revolver | Canal Spray (Well-Worn)",
    "src": "https://steamcdn-a.akamaihd.net/apps/730/icons/econ/default_generated/weapon_revolver_sp_spray_water_light_large.0f7d074b7c53419d9475b0eb68e7215d7f9dcc66.png",
    "type": "skin",
    "rarity": 0,
    "price": 37
  },
  "R8 Revolver | Canal Spray (Battle-Scarred)": {
    "quality": 1,
    "skin": "Canal Spray",
    "weapon": "R8 Revolver",
    "short": "R8 Revolver | Canal Spray",
    "name": "R8 Revolver | Canal Spray (Battle-Scarred)",
    "src": "https://steamcdn-a.akamaihd.net/apps/730/icons/econ/default_generated/weapon_revolver_sp_spray_water_light_large.0f7d074b7c53419d9475b0eb68e7215d7f9dcc66.png",
    "type": "skin",
    "rarity": 0,
    "price": 27
  },
  "R8 Revolver | Canal Spray": {
    "masterItem": true,
    "qualities": [5, 4, 3, 2, 1],
    "skin": "Canal Spray",
    "weapon": "R8 Revolver",
    "short": "R8 Revolver | Canal Spray",
    "name": "R8 Revolver | Canal Spray",
    "src": "https://steamcdn-a.akamaihd.net/apps/730/icons/econ/default_generated/weapon_revolver_sp_spray_water_light_large.0f7d074b7c53419d9475b0eb68e7215d7f9dcc66.png",
    "type": "skin",
    "rarity": 0,
    "price": 174,
    "minPrice": 27
  },
  "P90 | Baroque Red (Factory New)": {
    "quality": 5,
    "skin": "Baroque Red",
    "weapon": "P90",
    "short": "P90 | Baroque Red",
    "name": "P90 | Baroque Red (Factory New)",
    "src": "https://steamcdn-a.akamaihd.net/apps/730/icons/econ/default_generated/weapon_p90_am_veneto_red_light_large.3bfb2641e0b8e40c0c797a44bb448ec06eabe6b8.png",
    "type": "skin",
    "rarity": 2,
    "price": 1331
  },
  "P90 | Baroque Red (Minimal Wear)": {
    "quality": 4,
    "skin": "Baroque Red",
    "weapon": "P90",
    "short": "P90 | Baroque Red",
    "name": "P90 | Baroque Red (Minimal Wear)",
    "src": "https://steamcdn-a.akamaihd.net/apps/730/icons/econ/default_generated/weapon_p90_am_veneto_red_light_large.3bfb2641e0b8e40c0c797a44bb448ec06eabe6b8.png",
    "type": "skin",
    "rarity": 2,
    "price": 1206
  },
  "P90 | Baroque Red (Field-Tested)": {
    "quality": 3,
    "skin": "Baroque Red",
    "weapon": "P90",
    "short": "P90 | Baroque Red",
    "name": "P90 | Baroque Red (Field-Tested)",
    "src": "https://steamcdn-a.akamaihd.net/apps/730/icons/econ/default_generated/weapon_p90_am_veneto_red_light_large.3bfb2641e0b8e40c0c797a44bb448ec06eabe6b8.png",
    "type": "skin",
    "rarity": 2,
    "price": 1187
  },
  "P90 | Baroque Red (Well-Worn)": {
    "quality": 2,
    "skin": "Baroque Red",
    "weapon": "P90",
    "short": "P90 | Baroque Red",
    "name": "P90 | Baroque Red (Well-Worn)",
    "src": "https://steamcdn-a.akamaihd.net/apps/730/icons/econ/default_generated/weapon_p90_am_veneto_red_light_large.3bfb2641e0b8e40c0c797a44bb448ec06eabe6b8.png",
    "type": "skin",
    "rarity": 2,
    "price": 1532
  },
  "P90 | Baroque Red (Battle-Scarred)": {
    "quality": 1,
    "skin": "Baroque Red",
    "weapon": "P90",
    "short": "P90 | Baroque Red",
    "name": "P90 | Baroque Red (Battle-Scarred)",
    "src": "https://steamcdn-a.akamaihd.net/apps/730/icons/econ/default_generated/weapon_p90_am_veneto_red_light_large.3bfb2641e0b8e40c0c797a44bb448ec06eabe6b8.png",
    "type": "skin",
    "rarity": 2,
    "price": 1215
  },
  "P90 | Baroque Red": {
    "masterItem": true,
    "qualities": [5, 4, 3, 2, 1],
    "skin": "Baroque Red",
    "weapon": "P90",
    "short": "P90 | Baroque Red",
    "name": "P90 | Baroque Red",
    "src": "https://steamcdn-a.akamaihd.net/apps/730/icons/econ/default_generated/weapon_p90_am_veneto_red_light_large.3bfb2641e0b8e40c0c797a44bb448ec06eabe6b8.png",
    "type": "skin",
    "rarity": 2,
    "price": 1532,
    "minPrice": 1187
  },
  "SCAR-20 | Stone Mosaico (Factory New)": {
    "quality": 5,
    "skin": "Stone Mosaico",
    "weapon": "SCAR-20",
    "short": "SCAR-20 | Stone Mosaico",
    "name": "SCAR-20 | Stone Mosaico (Factory New)",
    "src": "https://steamcdn-a.akamaihd.net/apps/730/icons/econ/default_generated/weapon_scar20_hy_canals_tile_light_large.75a40e82efbdfa0691e32eb98301f1b441a00f46.png",
    "type": "skin",
    "rarity": 0,
    "price": 132
  },
  "SCAR-20 | Stone Mosaico (Minimal Wear)": {
    "quality": 4,
    "skin": "Stone Mosaico",
    "weapon": "SCAR-20",
    "short": "SCAR-20 | Stone Mosaico",
    "name": "SCAR-20 | Stone Mosaico (Minimal Wear)",
    "src": "https://steamcdn-a.akamaihd.net/apps/730/icons/econ/default_generated/weapon_scar20_hy_canals_tile_light_large.75a40e82efbdfa0691e32eb98301f1b441a00f46.png",
    "type": "skin",
    "rarity": 0,
    "price": 40
  },
  "SCAR-20 | Stone Mosaico (Field-Tested)": {
    "quality": 3,
    "skin": "Stone Mosaico",
    "weapon": "SCAR-20",
    "short": "SCAR-20 | Stone Mosaico",
    "name": "SCAR-20 | Stone Mosaico (Field-Tested)",
    "src": "https://steamcdn-a.akamaihd.net/apps/730/icons/econ/default_generated/weapon_scar20_hy_canals_tile_light_large.75a40e82efbdfa0691e32eb98301f1b441a00f46.png",
    "type": "skin",
    "rarity": 0,
    "price": 36
  },
  "SCAR-20 | Stone Mosaico (Well-Worn)": {
    "quality": 2,
    "skin": "Stone Mosaico",
    "weapon": "SCAR-20",
    "short": "SCAR-20 | Stone Mosaico",
    "name": "SCAR-20 | Stone Mosaico (Well-Worn)",
    "src": "https://steamcdn-a.akamaihd.net/apps/730/icons/econ/default_generated/weapon_scar20_hy_canals_tile_light_large.75a40e82efbdfa0691e32eb98301f1b441a00f46.png",
    "type": "skin",
    "rarity": 0,
    "price": 26
  },
  "SCAR-20 | Stone Mosaico (Battle-Scarred)": {
    "quality": 1,
    "skin": "Stone Mosaico",
    "weapon": "SCAR-20",
    "short": "SCAR-20 | Stone Mosaico",
    "name": "SCAR-20 | Stone Mosaico (Battle-Scarred)",
    "src": "https://steamcdn-a.akamaihd.net/apps/730/icons/econ/default_generated/weapon_scar20_hy_canals_tile_light_large.75a40e82efbdfa0691e32eb98301f1b441a00f46.png",
    "type": "skin",
    "rarity": 0,
    "price": 27
  },
  "SCAR-20 | Stone Mosaico": {
    "masterItem": true,
    "qualities": [5, 4, 3, 2, 1],
    "skin": "Stone Mosaico",
    "weapon": "SCAR-20",
    "short": "SCAR-20 | Stone Mosaico",
    "name": "SCAR-20 | Stone Mosaico",
    "src": "https://steamcdn-a.akamaihd.net/apps/730/icons/econ/default_generated/weapon_scar20_hy_canals_tile_light_large.75a40e82efbdfa0691e32eb98301f1b441a00f46.png",
    "type": "skin",
    "rarity": 0,
    "price": 132,
    "minPrice": 26
  },
  "Negev | Boroque Sand (Factory New)": {
    "quality": 5,
    "skin": "Boroque Sand",
    "weapon": "Negev",
    "short": "Negev | Boroque Sand",
    "name": "Negev | Boroque Sand (Factory New)",
    "src": "https://steamcdn-a.akamaihd.net/apps/730/icons/econ/default_generated/weapon_negev_hy_veneto_tan_light_large.f8a6e484f7ebc5dbf1f52e0ef9b0c4d7c5054a0d.png",
    "type": "skin",
    "rarity": 0,
    "price": 129
  },
  "Negev | Boroque Sand (Minimal Wear)": {
    "quality": 4,
    "skin": "Boroque Sand",
    "weapon": "Negev",
    "short": "Negev | Boroque Sand",
    "name": "Negev | Boroque Sand (Minimal Wear)",
    "src": "https://steamcdn-a.akamaihd.net/apps/730/icons/econ/default_generated/weapon_negev_hy_veneto_tan_light_large.f8a6e484f7ebc5dbf1f52e0ef9b0c4d7c5054a0d.png",
    "type": "skin",
    "rarity": 0,
    "price": 40
  },
  "Negev | Boroque Sand (Field-Tested)": {
    "quality": 3,
    "skin": "Boroque Sand",
    "weapon": "Negev",
    "short": "Negev | Boroque Sand",
    "name": "Negev | Boroque Sand (Field-Tested)",
    "src": "https://steamcdn-a.akamaihd.net/apps/730/icons/econ/default_generated/weapon_negev_hy_veneto_tan_light_large.f8a6e484f7ebc5dbf1f52e0ef9b0c4d7c5054a0d.png",
    "type": "skin",
    "rarity": 0,
    "price": 29
  },
  "Negev | Boroque Sand (Well-Worn)": {
    "quality": 2,
    "skin": "Boroque Sand",
    "weapon": "Negev",
    "short": "Negev | Boroque Sand",
    "name": "Negev | Boroque Sand (Well-Worn)",
    "src": "https://steamcdn-a.akamaihd.net/apps/730/icons/econ/default_generated/weapon_negev_hy_veneto_tan_light_large.f8a6e484f7ebc5dbf1f52e0ef9b0c4d7c5054a0d.png",
    "type": "skin",
    "rarity": 0,
    "price": 28
  },
  "Negev | Boroque Sand (Battle-Scarred)": {
    "quality": 1,
    "skin": "Boroque Sand",
    "weapon": "Negev",
    "short": "Negev | Boroque Sand",
    "name": "Negev | Boroque Sand (Battle-Scarred)",
    "src": "https://steamcdn-a.akamaihd.net/apps/730/icons/econ/default_generated/weapon_negev_hy_veneto_tan_light_large.f8a6e484f7ebc5dbf1f52e0ef9b0c4d7c5054a0d.png",
    "type": "skin",
    "rarity": 0,
    "price": 31
  },
  "Negev | Boroque Sand": {
    "masterItem": true,
    "qualities": [5, 4, 3, 2, 1],
    "skin": "Boroque Sand",
    "weapon": "Negev",
    "short": "Negev | Boroque Sand",
    "name": "Negev | Boroque Sand",
    "src": "https://steamcdn-a.akamaihd.net/apps/730/icons/econ/default_generated/weapon_negev_hy_veneto_tan_light_large.f8a6e484f7ebc5dbf1f52e0ef9b0c4d7c5054a0d.png",
    "type": "skin",
    "rarity": 0,
    "price": 129,
    "minPrice": 28
  }
}