{"The Chop Shop Collection":{"name":"The Chop Shop Collection","src":"images/items/collections/chopshop.png","price":2034,"type":"case","rarity":0,"content":{"items":["SCAR-20 | Army Sheen (Factory New)","SCAR-20 | Army Sheen (Minimal Wear)","SCAR-20 | Army Sheen (Field-Tested)","MP7 | Full Stop (Factory New)","MP7 | Full Stop (Minimal Wear)","MP7 | Full Stop (Field-Tested)","MP7 | Full Stop (Well-Worn)","MP7 | Full Stop (Battle-Scarred)","Glock-18 | Twilight Galaxy (Factory New)","Glock-18 | Twilight Galaxy (Minimal Wear)","Glock-18 | Twilight Galaxy (Field-Tested)","Dual Berettas | Duelist (Factory New)","Dual Berettas | Duelist (Minimal Wear)","Dual Berettas | Duelist (Field-Tested)","Dual Berettas | Duelist (Well-Worn)","Dual Berettas | Duelist (Battle-Scarred)","Desert Eagle | Night (Factory New)","Desert Eagle | Night (Minimal Wear)","Desert Eagle | Night (Field-Tested)","Desert Eagle | Night (Well-Worn)","Desert Eagle | Night (Battle-Scarred)","CZ75-Auto | Emerald (Factory New)","CZ75-Auto | Emerald (Minimal Wear)","P250 | Whiteout (Factory New)","P250 | Whiteout (Minimal Wear)","P250 | Whiteout (Field-Tested)","P250 | Whiteout (Well-Worn)","P250 | Whiteout (Battle-Scarred)","USP-S | Para Green (Factory New)","USP-S | Para Green (Minimal Wear)","USP-S | Para Green (Field-Tested)","USP-S | Para Green (Well-Worn)","USP-S | Para Green (Battle-Scarred)","CZ75-Auto | Army Sheen (Factory New)","CZ75-Auto | Army Sheen (Minimal Wear)","CZ75-Auto | Army Sheen (Field-Tested)","M4A1-S | Hot Rod (Factory New)","M4A1-S | Hot Rod (Minimal Wear)","M249 | Impact Drill (Factory New)","M249 | Impact Drill (Minimal Wear)","M249 | Impact Drill (Field-Tested)","M249 | Impact Drill (Well-Worn)","M249 | Impact Drill (Battle-Scarred)","Five-SeveN | Nitro (Factory New)","Five-SeveN | Nitro (Minimal Wear)","Five-SeveN | Nitro (Field-Tested)","Five-SeveN | Nitro (Well-Worn)","Five-SeveN | Nitro (Battle-Scarred)","Galil AR | Urban Rubble (Factory New)","Galil AR | Urban Rubble (Minimal Wear)","Galil AR | Urban Rubble (Field-Tested)","Galil AR | Urban Rubble (Well-Worn)","Galil AR | Urban Rubble (Battle-Scarred)","SG 553 | Bulldozer (Factory New)","SG 553 | Bulldozer (Minimal Wear)","SG 553 | Bulldozer (Field-Tested)","SG 553 | Bulldozer (Well-Worn)","SG 553 | Bulldozer (Battle-Scarred)","MAG-7 | Seabird (Factory New)","MAG-7 | Seabird (Minimal Wear)","MAG-7 | Seabird (Field-Tested)","MAG-7 | Seabird (Well-Worn)","MAG-7 | Seabird (Battle-Scarred)","MAC-10 | Fade (Factory New)","MAC-10 | Fade (Minimal Wear)"]}},"SCAR-20 | Army Sheen (Factory New)":{"quality":5,"skin":"Army Sheen","weapon":"SCAR-20","short":"SCAR-20 | Army Sheen","name":"SCAR-20 | Army Sheen (Factory New)","src":"https://steamcdn-a.akamaihd.net/apps/730/icons/econ/default_generated/weapon_scar20_am_army_shine_light_large.2d2f8b7c0d1a6f9541956d1bef018261ddd80542.png","type":"skin","rarity":0,"price":178},"SCAR-20 | Army Sheen (Minimal Wear)":{"quality":4,"skin":"Army Sheen","weapon":"SCAR-20","short":"SCAR-20 | Army Sheen","name":"SCAR-20 | Army Sheen (Minimal Wear)","src":"https://steamcdn-a.akamaihd.net/apps/730/icons/econ/default_generated/weapon_scar20_am_army_shine_light_large.2d2f8b7c0d1a6f9541956d1bef018261ddd80542.png","type":"skin","rarity":0,"price":65},"SCAR-20 | Army Sheen (Field-Tested)":{"quality":3,"skin":"Army Sheen","weapon":"SCAR-20","short":"SCAR-20 | Army Sheen","name":"SCAR-20 | Army Sheen (Field-Tested)","src":"https://steamcdn-a.akamaihd.net/apps/730/icons/econ/default_generated/weapon_scar20_am_army_shine_light_large.2d2f8b7c0d1a6f9541956d1bef018261ddd80542.png","type":"skin","rarity":0,"price":51},"SCAR-20 | Army Sheen":{"masterItem":true,"qualities":[5,4,3],"skin":"Army Sheen","weapon":"SCAR-20","short":"SCAR-20 | Army Sheen","name":"SCAR-20 | Army Sheen","src":"https://steamcdn-a.akamaihd.net/apps/730/icons/econ/default_generated/weapon_scar20_am_army_shine_light_large.2d2f8b7c0d1a6f9541956d1bef018261ddd80542.png","type":"skin","rarity":0,"price":178,"minPrice":51},"MP7 | Full Stop (Factory New)":{"quality":5,"skin":"Full Stop","weapon":"MP7","short":"MP7 | Full Stop","name":"MP7 | Full Stop (Factory New)","src":"https://steamcdn-a.akamaihd.net/apps/730/icons/econ/default_generated/weapon_mp7_hy_varicamo_red_light_large.7110895d0ad1626929f361598b7f201a5ef3701a.png","type":"skin","rarity":2,"price":505},"MP7 | Full Stop (Minimal Wear)":{"quality":4,"skin":"Full Stop","weapon":"MP7","short":"MP7 | Full Stop","name":"MP7 | Full Stop (Minimal Wear)","src":"https://steamcdn-a.akamaihd.net/apps/730/icons/econ/default_generated/weapon_mp7_hy_varicamo_red_light_large.7110895d0ad1626929f361598b7f201a5ef3701a.png","type":"skin","rarity":2,"price":478},"MP7 | Full Stop (Field-Tested)":{"quality":3,"skin":"Full Stop","weapon":"MP7","short":"MP7 | Full Stop","name":"MP7 | Full Stop (Field-Tested)","src":"https://steamcdn-a.akamaihd.net/apps/730/icons/econ/default_generated/weapon_mp7_hy_varicamo_red_light_large.7110895d0ad1626929f361598b7f201a5ef3701a.png","type":"skin","rarity":2,"price":472},"MP7 | Full Stop (Well-Worn)":{"quality":2,"skin":"Full Stop","weapon":"MP7","short":"MP7 | Full Stop","name":"MP7 | Full Stop (Well-Worn)","src":"https://steamcdn-a.akamaihd.net/apps/730/icons/econ/default_generated/weapon_mp7_hy_varicamo_red_light_large.7110895d0ad1626929f361598b7f201a5ef3701a.png","type":"skin","rarity":2,"price":396},"MP7 | Full Stop (Battle-Scarred)":{"quality":1,"skin":"Full Stop","weapon":"MP7","short":"MP7 | Full Stop","name":"MP7 | Full Stop (Battle-Scarred)","src":"https://steamcdn-a.akamaihd.net/apps/730/icons/econ/default_generated/weapon_mp7_hy_varicamo_red_light_large.7110895d0ad1626929f361598b7f201a5ef3701a.png","type":"skin","rarity":2,"price":450},"MP7 | Full Stop":{"masterItem":true,"qualities":[5,4,3,2,1],"skin":"Full Stop","weapon":"MP7","short":"MP7 | Full Stop","name":"MP7 | Full Stop","src":"https://steamcdn-a.akamaihd.net/apps/730/icons/econ/default_generated/weapon_mp7_hy_varicamo_red_light_large.7110895d0ad1626929f361598b7f201a5ef3701a.png","type":"skin","rarity":2,"price":505,"minPrice":396},"Glock-18 | Twilight Galaxy (Factory New)":{"quality":5,"skin":"Twilight Galaxy","weapon":"Glock-18","short":"Glock-18 | Twilight Galaxy","name":"Glock-18 | Twilight Galaxy (Factory New)","src":"https://steamcdn-a.akamaihd.net/apps/730/icons/econ/default_generated/weapon_glock_am_aqua_flecks_light_large.e7d41ce4dbf0cd29f1eb3daa5ce0bb753abd1903.png","type":"skin","rarity":4,"price":4043},"Glock-18 | Twilight Galaxy (Minimal Wear)":{"quality":4,"skin":"Twilight Galaxy","weapon":"Glock-18","short":"Glock-18 | Twilight Galaxy","name":"Glock-18 | Twilight Galaxy (Minimal Wear)","src":"https://steamcdn-a.akamaihd.net/apps/730/icons/econ/default_generated/weapon_glock_am_aqua_flecks_light_large.e7d41ce4dbf0cd29f1eb3daa5ce0bb753abd1903.png","type":"skin","rarity":4,"price":2830},"Glock-18 | Twilight Galaxy (Field-Tested)":{"quality":3,"skin":"Twilight Galaxy","weapon":"Glock-18","short":"Glock-18 | Twilight Galaxy","name":"Glock-18 | Twilight Galaxy (Field-Tested)","src":"https://steamcdn-a.akamaihd.net/apps/730/icons/econ/default_generated/weapon_glock_am_aqua_flecks_light_large.e7d41ce4dbf0cd29f1eb3daa5ce0bb753abd1903.png","type":"skin","rarity":4,"price":2645},"Glock-18 | Twilight Galaxy":{"masterItem":true,"qualities":[5,4,3],"skin":"Twilight Galaxy","weapon":"Glock-18","short":"Glock-18 | Twilight Galaxy","name":"Glock-18 | Twilight Galaxy","src":"https://steamcdn-a.akamaihd.net/apps/730/icons/econ/default_generated/weapon_glock_am_aqua_flecks_light_large.e7d41ce4dbf0cd29f1eb3daa5ce0bb753abd1903.png","type":"skin","rarity":4,"price":4043,"minPrice":2645},"Dual Berettas | Duelist (Factory New)":{"quality":5,"skin":"Duelist","weapon":"Dual Berettas","short":"Dual Berettas | Duelist","name":"Dual Berettas | Duelist (Factory New)","src":"https://steamcdn-a.akamaihd.net/apps/730/icons/econ/default_generated/weapon_elite_gs_mother_of_pearl_elite_light_large.2023e44b16f064c32962b691bcdb5d45051744bc.png","type":"skin","rarity":3,"price":4045},"Dual Berettas | Duelist (Minimal Wear)":{"quality":4,"skin":"Duelist","weapon":"Dual Berettas","short":"Dual Berettas | Duelist","name":"Dual Berettas | Duelist (Minimal Wear)","src":"https://steamcdn-a.akamaihd.net/apps/730/icons/econ/default_generated/weapon_elite_gs_mother_of_pearl_elite_light_large.2023e44b16f064c32962b691bcdb5d45051744bc.png","type":"skin","rarity":3,"price":3774},"Dual Berettas | Duelist (Field-Tested)":{"quality":3,"skin":"Duelist","weapon":"Dual Berettas","short":"Dual Berettas | Duelist","name":"Dual Berettas | Duelist (Field-Tested)","src":"https://steamcdn-a.akamaihd.net/apps/730/icons/econ/default_generated/weapon_elite_gs_mother_of_pearl_elite_light_large.2023e44b16f064c32962b691bcdb5d45051744bc.png","type":"skin","rarity":3,"price":3740},"Dual Berettas | Duelist (Well-Worn)":{"quality":2,"skin":"Duelist","weapon":"Dual Berettas","short":"Dual Berettas | Duelist","name":"Dual Berettas | Duelist (Well-Worn)","src":"https://steamcdn-a.akamaihd.net/apps/730/icons/econ/default_generated/weapon_elite_gs_mother_of_pearl_elite_light_large.2023e44b16f064c32962b691bcdb5d45051744bc.png","type":"skin","rarity":3,"price":3631},"Dual Berettas | Duelist (Battle-Scarred)":{"quality":1,"skin":"Duelist","weapon":"Dual Berettas","short":"Dual Berettas | Duelist","name":"Dual Berettas | Duelist (Battle-Scarred)","src":"https://steamcdn-a.akamaihd.net/apps/730/icons/econ/default_generated/weapon_elite_gs_mother_of_pearl_elite_light_large.2023e44b16f064c32962b691bcdb5d45051744bc.png","type":"skin","rarity":3,"price":3929},"Dual Berettas | Duelist":{"masterItem":true,"qualities":[5,4,3,2,1],"skin":"Duelist","weapon":"Dual Berettas","short":"Dual Berettas | Duelist","name":"Dual Berettas | Duelist","src":"https://steamcdn-a.akamaihd.net/apps/730/icons/econ/default_generated/weapon_elite_gs_mother_of_pearl_elite_light_large.2023e44b16f064c32962b691bcdb5d45051744bc.png","type":"skin","rarity":3,"price":4045,"minPrice":3631},"Desert Eagle | Night (Factory New)":{"quality":5,"skin":"Night","weapon":"Desert Eagle","short":"Desert Eagle | Night","name":"Desert Eagle | Night (Factory New)","src":"https://steamcdn-a.akamaihd.net/apps/730/icons/econ/default_generated/weapon_deagle_so_night_light_large.64e315553578f3c8bd08c96622fc2c34d5a789ba.png","type":"skin","rarity":1,"price":2898},"Desert Eagle | Night (Minimal Wear)":{"quality":4,"skin":"Night","weapon":"Desert Eagle","short":"Desert Eagle | Night","name":"Desert Eagle | Night (Minimal Wear)","src":"https://steamcdn-a.akamaihd.net/apps/730/icons/econ/default_generated/weapon_deagle_so_night_light_large.64e315553578f3c8bd08c96622fc2c34d5a789ba.png","type":"skin","rarity":1,"price":311},"Desert Eagle | Night (Field-Tested)":{"quality":3,"skin":"Night","weapon":"Desert Eagle","short":"Desert Eagle | Night","name":"Desert Eagle | Night (Field-Tested)","src":"https://steamcdn-a.akamaihd.net/apps/730/icons/econ/default_generated/weapon_deagle_so_night_light_large.64e315553578f3c8bd08c96622fc2c34d5a789ba.png","type":"skin","rarity":1,"price":142},"Desert Eagle | Night (Well-Worn)":{"quality":2,"skin":"Night","weapon":"Desert Eagle","short":"Desert Eagle | Night","name":"Desert Eagle | Night (Well-Worn)","src":"https://steamcdn-a.akamaihd.net/apps/730/icons/econ/default_generated/weapon_deagle_so_night_light_large.64e315553578f3c8bd08c96622fc2c34d5a789ba.png","type":"skin","rarity":1,"price":155},"Desert Eagle | Night (Battle-Scarred)":{"quality":1,"skin":"Night","weapon":"Desert Eagle","short":"Desert Eagle | Night","name":"Desert Eagle | Night (Battle-Scarred)","src":"https://steamcdn-a.akamaihd.net/apps/730/icons/econ/default_generated/weapon_deagle_so_night_light_large.64e315553578f3c8bd08c96622fc2c34d5a789ba.png","type":"skin","rarity":1,"price":169},"Desert Eagle | Night":{"masterItem":true,"qualities":[5,4,3,2,1],"skin":"Night","weapon":"Desert Eagle","short":"Desert Eagle | Night","name":"Desert Eagle | Night","src":"https://steamcdn-a.akamaihd.net/apps/730/icons/econ/default_generated/weapon_deagle_so_night_light_large.64e315553578f3c8bd08c96622fc2c34d5a789ba.png","type":"skin","rarity":1,"price":2898,"minPrice":142},"CZ75-Auto | Emerald (Factory New)":{"quality":5,"skin":"Emerald","weapon":"CZ75-Auto","short":"CZ75-Auto | Emerald","name":"CZ75-Auto | Emerald (Factory New)","src":"https://steamcdn-a.akamaihd.net/apps/730/icons/econ/default_generated/weapon_cz75a_an_emerald_light_large.5c4734111477a884851cae6998871cbf7c870cc6.png","type":"skin","rarity":2,"price":806},"CZ75-Auto | Emerald (Minimal Wear)":{"quality":4,"skin":"Emerald","weapon":"CZ75-Auto","short":"CZ75-Auto | Emerald","name":"CZ75-Auto | Emerald (Minimal Wear)","src":"https://steamcdn-a.akamaihd.net/apps/730/icons/econ/default_generated/weapon_cz75a_an_emerald_light_large.5c4734111477a884851cae6998871cbf7c870cc6.png","type":"skin","rarity":2,"price":755},"CZ75-Auto | Emerald":{"masterItem":true,"qualities":[5,4],"skin":"Emerald","weapon":"CZ75-Auto","short":"CZ75-Auto | Emerald","name":"CZ75-Auto | Emerald","src":"https://steamcdn-a.akamaihd.net/apps/730/icons/econ/default_generated/weapon_cz75a_an_emerald_light_large.5c4734111477a884851cae6998871cbf7c870cc6.png","type":"skin","rarity":2,"price":806,"minPrice":755},"P250 | Whiteout (Factory New)":{"quality":5,"skin":"Whiteout","weapon":"P250","short":"P250 | Whiteout","name":"P250 | Whiteout (Factory New)","src":"https://steamcdn-a.akamaihd.net/apps/730/icons/econ/default_generated/weapon_p250_so_whiteout_light_large.ffd6e614b63d3af24a04a9f7710b55210a7d0296.png","type":"skin","rarity":2,"price":9017},"P250 | Whiteout (Minimal Wear)":{"quality":4,"skin":"Whiteout","weapon":"P250","short":"P250 | Whiteout","name":"P250 | Whiteout (Minimal Wear)","src":"https://steamcdn-a.akamaihd.net/apps/730/icons/econ/default_generated/weapon_p250_so_whiteout_light_large.ffd6e614b63d3af24a04a9f7710b55210a7d0296.png","type":"skin","rarity":2,"price":1233},"P250 | Whiteout (Field-Tested)":{"quality":3,"skin":"Whiteout","weapon":"P250","short":"P250 | Whiteout","name":"P250 | Whiteout (Field-Tested)","src":"https://steamcdn-a.akamaihd.net/apps/730/icons/econ/default_generated/weapon_p250_so_whiteout_light_large.ffd6e614b63d3af24a04a9f7710b55210a7d0296.png","type":"skin","rarity":2,"price":468},"P250 | Whiteout (Well-Worn)":{"quality":2,"skin":"Whiteout","weapon":"P250","short":"P250 | Whiteout","name":"P250 | Whiteout (Well-Worn)","src":"https://steamcdn-a.akamaihd.net/apps/730/icons/econ/default_generated/weapon_p250_so_whiteout_light_large.ffd6e614b63d3af24a04a9f7710b55210a7d0296.png","type":"skin","rarity":2,"price":400},"P250 | Whiteout (Battle-Scarred)":{"quality":1,"skin":"Whiteout","weapon":"P250","short":"P250 | Whiteout","name":"P250 | Whiteout (Battle-Scarred)","src":"https://steamcdn-a.akamaihd.net/apps/730/icons/econ/default_generated/weapon_p250_so_whiteout_light_large.ffd6e614b63d3af24a04a9f7710b55210a7d0296.png","type":"skin","rarity":2,"price":399},"P250 | Whiteout":{"masterItem":true,"qualities":[5,4,3,2,1],"skin":"Whiteout","weapon":"P250","short":"P250 | Whiteout","name":"P250 | Whiteout","src":"https://steamcdn-a.akamaihd.net/apps/730/icons/econ/default_generated/weapon_p250_so_whiteout_light_large.ffd6e614b63d3af24a04a9f7710b55210a7d0296.png","type":"skin","rarity":2,"price":9017,"minPrice":399},"USP-S | Para Green (Factory New)":{"quality":5,"skin":"Para Green","weapon":"USP-S","short":"USP-S | Para Green","name":"USP-S | Para Green (Factory New)","src":"https://steamcdn-a.akamaihd.net/apps/730/icons/econ/default_generated/weapon_usp_silencer_so_khaki_green_light_large.546b3eb856bbf2aeece29e2852688ddae13531b7.png","type":"skin","rarity":1,"price":573},"USP-S | Para Green (Minimal Wear)":{"quality":4,"skin":"Para Green","weapon":"USP-S","short":"USP-S | Para Green","name":"USP-S | Para Green (Minimal Wear)","src":"https://steamcdn-a.akamaihd.net/apps/730/icons/econ/default_generated/weapon_usp_silencer_so_khaki_green_light_large.546b3eb856bbf2aeece29e2852688ddae13531b7.png","type":"skin","rarity":1,"price":246},"USP-S | Para Green (Field-Tested)":{"quality":3,"skin":"Para Green","weapon":"USP-S","short":"USP-S | Para Green","name":"USP-S | Para Green (Field-Tested)","src":"https://steamcdn-a.akamaihd.net/apps/730/icons/econ/default_generated/weapon_usp_silencer_so_khaki_green_light_large.546b3eb856bbf2aeece29e2852688ddae13531b7.png","type":"skin","rarity":1,"price":165},"USP-S | Para Green (Well-Worn)":{"quality":2,"skin":"Para Green","weapon":"USP-S","short":"USP-S | Para Green","name":"USP-S | Para Green (Well-Worn)","src":"https://steamcdn-a.akamaihd.net/apps/730/icons/econ/default_generated/weapon_usp_silencer_so_khaki_green_light_large.546b3eb856bbf2aeece29e2852688ddae13531b7.png","type":"skin","rarity":1,"price":137},"USP-S | Para Green (Battle-Scarred)":{"quality":1,"skin":"Para Green","weapon":"USP-S","short":"USP-S | Para Green","name":"USP-S | Para Green (Battle-Scarred)","src":"https://steamcdn-a.akamaihd.net/apps/730/icons/econ/default_generated/weapon_usp_silencer_so_khaki_green_light_large.546b3eb856bbf2aeece29e2852688ddae13531b7.png","type":"skin","rarity":1,"price":134},"USP-S | Para Green":{"masterItem":true,"qualities":[5,4,3,2,1],"skin":"Para Green","weapon":"USP-S","short":"USP-S | Para Green","name":"USP-S | Para Green","src":"https://steamcdn-a.akamaihd.net/apps/730/icons/econ/default_generated/weapon_usp_silencer_so_khaki_green_light_large.546b3eb856bbf2aeece29e2852688ddae13531b7.png","type":"skin","rarity":1,"price":573,"minPrice":134},"CZ75-Auto | Army Sheen (Factory New)":{"quality":5,"skin":"Army Sheen","weapon":"CZ75-Auto","short":"CZ75-Auto | Army Sheen","name":"CZ75-Auto | Army Sheen (Factory New)","src":"https://steamcdn-a.akamaihd.net/apps/730/icons/econ/default_generated/weapon_cz75a_am_army_shine_light_large.26736d48ea09a5284aeb1cf11292bc3e87a56251.png","type":"skin","rarity":0,"price":186},"CZ75-Auto | Army Sheen (Minimal Wear)":{"quality":4,"skin":"Army Sheen","weapon":"CZ75-Auto","short":"CZ75-Auto | Army Sheen","name":"CZ75-Auto | Army Sheen (Minimal Wear)","src":"https://steamcdn-a.akamaihd.net/apps/730/icons/econ/default_generated/weapon_cz75a_am_army_shine_light_large.26736d48ea09a5284aeb1cf11292bc3e87a56251.png","type":"skin","rarity":0,"price":63},"CZ75-Auto | Army Sheen (Field-Tested)":{"quality":3,"skin":"Army Sheen","weapon":"CZ75-Auto","short":"CZ75-Auto | Army Sheen","name":"CZ75-Auto | Army Sheen (Field-Tested)","src":"https://steamcdn-a.akamaihd.net/apps/730/icons/econ/default_generated/weapon_cz75a_am_army_shine_light_large.26736d48ea09a5284aeb1cf11292bc3e87a56251.png","type":"skin","rarity":0,"price":46},"CZ75-Auto | Army Sheen":{"masterItem":true,"qualities":[5,4,3],"skin":"Army Sheen","weapon":"CZ75-Auto","short":"CZ75-Auto | Army Sheen","name":"CZ75-Auto | Army Sheen","src":"https://steamcdn-a.akamaihd.net/apps/730/icons/econ/default_generated/weapon_cz75a_am_army_shine_light_large.26736d48ea09a5284aeb1cf11292bc3e87a56251.png","type":"skin","rarity":0,"price":186,"minPrice":46},"M4A1-S | Hot Rod (Factory New)":{"quality":5,"skin":"Hot Rod","weapon":"M4A1-S","short":"M4A1-S | Hot Rod","name":"M4A1-S | Hot Rod (Factory New)","src":"https://steamcdn-a.akamaihd.net/apps/730/icons/econ/default_generated/weapon_m4a1_silencer_an_red_m4a1s_light_large.ec59e9b09e1e9f46af18dea65ee90e5bdfe9ebb1.png","type":"skin","rarity":4,"price":29853},"M4A1-S | Hot Rod (Minimal Wear)":{"quality":4,"skin":"Hot Rod","weapon":"M4A1-S","short":"M4A1-S | Hot Rod","name":"M4A1-S | Hot Rod (Minimal Wear)","src":"https://steamcdn-a.akamaihd.net/apps/730/icons/econ/default_generated/weapon_m4a1_silencer_an_red_m4a1s_light_large.ec59e9b09e1e9f46af18dea65ee90e5bdfe9ebb1.png","type":"skin","rarity":4,"price":30657},"M4A1-S | Hot Rod":{"masterItem":true,"qualities":[5,4],"skin":"Hot Rod","weapon":"M4A1-S","short":"M4A1-S | Hot Rod","name":"M4A1-S | Hot Rod","src":"https://steamcdn-a.akamaihd.net/apps/730/icons/econ/default_generated/weapon_m4a1_silencer_an_red_m4a1s_light_large.ec59e9b09e1e9f46af18dea65ee90e5bdfe9ebb1.png","type":"skin","rarity":4,"price":30657,"minPrice":29853},"M249 | Impact Drill (Factory New)":{"quality":5,"skin":"Impact Drill","weapon":"M249","short":"M249 | Impact Drill","name":"M249 | Impact Drill (Factory New)","src":"https://steamcdn-a.akamaihd.net/apps/730/icons/econ/default_generated/weapon_m249_so_keycolors_light_large.bf0fe2b5d5b5c65358519ebaeeed6da72032bf4b.png","type":"skin","rarity":0,"price":203},"M249 | Impact Drill (Minimal Wear)":{"quality":4,"skin":"Impact Drill","weapon":"M249","short":"M249 | Impact Drill","name":"M249 | Impact Drill (Minimal Wear)","src":"https://steamcdn-a.akamaihd.net/apps/730/icons/econ/default_generated/weapon_m249_so_keycolors_light_large.bf0fe2b5d5b5c65358519ebaeeed6da72032bf4b.png","type":"skin","rarity":0,"price":60},"M249 | Impact Drill (Field-Tested)":{"quality":3,"skin":"Impact Drill","weapon":"M249","short":"M249 | Impact Drill","name":"M249 | Impact Drill (Field-Tested)","src":"https://steamcdn-a.akamaihd.net/apps/730/icons/econ/default_generated/weapon_m249_so_keycolors_light_large.bf0fe2b5d5b5c65358519ebaeeed6da72032bf4b.png","type":"skin","rarity":0,"price":42},"M249 | Impact Drill (Well-Worn)":{"quality":2,"skin":"Impact Drill","weapon":"M249","short":"M249 | Impact Drill","name":"M249 | Impact Drill (Well-Worn)","src":"https://steamcdn-a.akamaihd.net/apps/730/icons/econ/default_generated/weapon_m249_so_keycolors_light_large.bf0fe2b5d5b5c65358519ebaeeed6da72032bf4b.png","type":"skin","rarity":0,"price":32},"M249 | Impact Drill (Battle-Scarred)":{"quality":1,"skin":"Impact Drill","weapon":"M249","short":"M249 | Impact Drill","name":"M249 | Impact Drill (Battle-Scarred)","src":"https://steamcdn-a.akamaihd.net/apps/730/icons/econ/default_generated/weapon_m249_so_keycolors_light_large.bf0fe2b5d5b5c65358519ebaeeed6da72032bf4b.png","type":"skin","rarity":0,"price":32},"M249 | Impact Drill":{"masterItem":true,"qualities":[5,4,3,2,1],"skin":"Impact Drill","weapon":"M249","short":"M249 | Impact Drill","name":"M249 | Impact Drill","src":"https://steamcdn-a.akamaihd.net/apps/730/icons/econ/default_generated/weapon_m249_so_keycolors_light_large.bf0fe2b5d5b5c65358519ebaeeed6da72032bf4b.png","type":"skin","rarity":0,"price":203,"minPrice":32},"Five-SeveN | Nitro (Factory New)":{"quality":5,"skin":"Nitro","weapon":"Five-SeveN","short":"Five-SeveN | Nitro","name":"Five-SeveN | Nitro (Factory New)","src":"https://steamcdn-a.akamaihd.net/apps/730/icons/econ/default_generated/weapon_fiveseven_so_orange_accents_light_large.b5ab3af11de68b90ca8b18e359ac0338d1a2d7f4.png","type":"skin","rarity":2,"price":777},"Five-SeveN | Nitro (Minimal Wear)":{"quality":4,"skin":"Nitro","weapon":"Five-SeveN","short":"Five-SeveN | Nitro","name":"Five-SeveN | Nitro (Minimal Wear)","src":"https://steamcdn-a.akamaihd.net/apps/730/icons/econ/default_generated/weapon_fiveseven_so_orange_accents_light_large.b5ab3af11de68b90ca8b18e359ac0338d1a2d7f4.png","type":"skin","rarity":2,"price":404},"Five-SeveN | Nitro (Field-Tested)":{"quality":3,"skin":"Nitro","weapon":"Five-SeveN","short":"Five-SeveN | Nitro","name":"Five-SeveN | Nitro (Field-Tested)","src":"https://steamcdn-a.akamaihd.net/apps/730/icons/econ/default_generated/weapon_fiveseven_so_orange_accents_light_large.b5ab3af11de68b90ca8b18e359ac0338d1a2d7f4.png","type":"skin","rarity":2,"price":472},"Five-SeveN | Nitro (Well-Worn)":{"quality":2,"skin":"Nitro","weapon":"Five-SeveN","short":"Five-SeveN | Nitro","name":"Five-SeveN | Nitro (Well-Worn)","src":"https://steamcdn-a.akamaihd.net/apps/730/icons/econ/default_generated/weapon_fiveseven_so_orange_accents_light_large.b5ab3af11de68b90ca8b18e359ac0338d1a2d7f4.png","type":"skin","rarity":2,"price":444},"Five-SeveN | Nitro (Battle-Scarred)":{"quality":1,"skin":"Nitro","weapon":"Five-SeveN","short":"Five-SeveN | Nitro","name":"Five-SeveN | Nitro (Battle-Scarred)","src":"https://steamcdn-a.akamaihd.net/apps/730/icons/econ/default_generated/weapon_fiveseven_so_orange_accents_light_large.b5ab3af11de68b90ca8b18e359ac0338d1a2d7f4.png","type":"skin","rarity":2,"price":461},"Five-SeveN | Nitro":{"masterItem":true,"qualities":[5,4,3,2,1],"skin":"Nitro","weapon":"Five-SeveN","short":"Five-SeveN | Nitro","name":"Five-SeveN | Nitro","src":"https://steamcdn-a.akamaihd.net/apps/730/icons/econ/default_generated/weapon_fiveseven_so_orange_accents_light_large.b5ab3af11de68b90ca8b18e359ac0338d1a2d7f4.png","type":"skin","rarity":2,"price":777,"minPrice":404},"Galil AR | Urban Rubble (Factory New)":{"quality":5,"skin":"Urban Rubble","weapon":"Galil AR","short":"Galil AR | Urban Rubble","name":"Galil AR | Urban Rubble (Factory New)","src":"https://steamcdn-a.akamaihd.net/apps/730/icons/econ/default_generated/weapon_galilar_hy_varicamo_urban_light_large.04b4d709f1a3de109c7173d5ef55181138b247e0.png","type":"skin","rarity":1,"price":568},"Galil AR | Urban Rubble (Minimal Wear)":{"quality":4,"skin":"Urban Rubble","weapon":"Galil AR","short":"Galil AR | Urban Rubble","name":"Galil AR | Urban Rubble (Minimal Wear)","src":"https://steamcdn-a.akamaihd.net/apps/730/icons/econ/default_generated/weapon_galilar_hy_varicamo_urban_light_large.04b4d709f1a3de109c7173d5ef55181138b247e0.png","type":"skin","rarity":1,"price":277},"Galil AR | Urban Rubble (Field-Tested)":{"quality":3,"skin":"Urban Rubble","weapon":"Galil AR","short":"Galil AR | Urban Rubble","name":"Galil AR | Urban Rubble (Field-Tested)","src":"https://steamcdn-a.akamaihd.net/apps/730/icons/econ/default_generated/weapon_galilar_hy_varicamo_urban_light_large.04b4d709f1a3de109c7173d5ef55181138b247e0.png","type":"skin","rarity":1,"price":174},"Galil AR | Urban Rubble (Well-Worn)":{"quality":2,"skin":"Urban Rubble","weapon":"Galil AR","short":"Galil AR | Urban Rubble","name":"Galil AR | Urban Rubble (Well-Worn)","src":"https://steamcdn-a.akamaihd.net/apps/730/icons/econ/default_generated/weapon_galilar_hy_varicamo_urban_light_large.04b4d709f1a3de109c7173d5ef55181138b247e0.png","type":"skin","rarity":1,"price":147},"Galil AR | Urban Rubble (Battle-Scarred)":{"quality":1,"skin":"Urban Rubble","weapon":"Galil AR","short":"Galil AR | Urban Rubble","name":"Galil AR | Urban Rubble (Battle-Scarred)","src":"https://steamcdn-a.akamaihd.net/apps/730/icons/econ/default_generated/weapon_galilar_hy_varicamo_urban_light_large.04b4d709f1a3de109c7173d5ef55181138b247e0.png","type":"skin","rarity":1,"price":141},"Galil AR | Urban Rubble":{"masterItem":true,"qualities":[5,4,3,2,1],"skin":"Urban Rubble","weapon":"Galil AR","short":"Galil AR | Urban Rubble","name":"Galil AR | Urban Rubble","src":"https://steamcdn-a.akamaihd.net/apps/730/icons/econ/default_generated/weapon_galilar_hy_varicamo_urban_light_large.04b4d709f1a3de109c7173d5ef55181138b247e0.png","type":"skin","rarity":1,"price":568,"minPrice":141},"SG 553 | Bulldozer (Factory New)":{"quality":5,"skin":"Bulldozer","weapon":"SG 553","short":"SG 553 | Bulldozer","name":"SG 553 | Bulldozer (Factory New)","src":"https://steamcdn-a.akamaihd.net/apps/730/icons/econ/default_generated/weapon_sg556_so_yellow_light_large.afbe04152bdb3090623992005c23d3a997ae0ca3.png","type":"skin","rarity":3,"price":4676},"SG 553 | Bulldozer (Minimal Wear)":{"quality":4,"skin":"Bulldozer","weapon":"SG 553","short":"SG 553 | Bulldozer","name":"SG 553 | Bulldozer (Minimal Wear)","src":"https://steamcdn-a.akamaihd.net/apps/730/icons/econ/default_generated/weapon_sg556_so_yellow_light_large.afbe04152bdb3090623992005c23d3a997ae0ca3.png","type":"skin","rarity":3,"price":3427},"SG 553 | Bulldozer (Field-Tested)":{"quality":3,"skin":"Bulldozer","weapon":"SG 553","short":"SG 553 | Bulldozer","name":"SG 553 | Bulldozer (Field-Tested)","src":"https://steamcdn-a.akamaihd.net/apps/730/icons/econ/default_generated/weapon_sg556_so_yellow_light_large.afbe04152bdb3090623992005c23d3a997ae0ca3.png","type":"skin","rarity":3,"price":3318},"SG 553 | Bulldozer (Well-Worn)":{"quality":2,"skin":"Bulldozer","weapon":"SG 553","short":"SG 553 | Bulldozer","name":"SG 553 | Bulldozer (Well-Worn)","src":"https://steamcdn-a.akamaihd.net/apps/730/icons/econ/default_generated/weapon_sg556_so_yellow_light_large.afbe04152bdb3090623992005c23d3a997ae0ca3.png","type":"skin","rarity":3,"price":3064},"SG 553 | Bulldozer (Battle-Scarred)":{"quality":1,"skin":"Bulldozer","weapon":"SG 553","short":"SG 553 | Bulldozer","name":"SG 553 | Bulldozer (Battle-Scarred)","src":"https://steamcdn-a.akamaihd.net/apps/730/icons/econ/default_generated/weapon_sg556_so_yellow_light_large.afbe04152bdb3090623992005c23d3a997ae0ca3.png","type":"skin","rarity":3,"price":3683},"SG 553 | Bulldozer":{"masterItem":true,"qualities":[5,4,3,2,1],"skin":"Bulldozer","weapon":"SG 553","short":"SG 553 | Bulldozer","name":"SG 553 | Bulldozer","src":"https://steamcdn-a.akamaihd.net/apps/730/icons/econ/default_generated/weapon_sg556_so_yellow_light_large.afbe04152bdb3090623992005c23d3a997ae0ca3.png","type":"skin","rarity":3,"price":4676,"minPrice":3064},"MAG-7 | Seabird (Factory New)":{"quality":5,"skin":"Seabird","weapon":"MAG-7","short":"MAG-7 | Seabird","name":"MAG-7 | Seabird (Factory New)","src":"https://steamcdn-a.akamaihd.net/apps/730/icons/econ/default_generated/weapon_mag7_so_aqua_light_large.fee69dfe94d0158d2e7d8d049accdb967b8a924a.png","type":"skin","rarity":0,"price":167},"MAG-7 | Seabird (Minimal Wear)":{"quality":4,"skin":"Seabird","weapon":"MAG-7","short":"MAG-7 | Seabird","name":"MAG-7 | Seabird (Minimal Wear)","src":"https://steamcdn-a.akamaihd.net/apps/730/icons/econ/default_generated/weapon_mag7_so_aqua_light_large.fee69dfe94d0158d2e7d8d049accdb967b8a924a.png","type":"skin","rarity":0,"price":60},"MAG-7 | Seabird (Field-Tested)":{"quality":3,"skin":"Seabird","weapon":"MAG-7","short":"MAG-7 | Seabird","name":"MAG-7 | Seabird (Field-Tested)","src":"https://steamcdn-a.akamaihd.net/apps/730/icons/econ/default_generated/weapon_mag7_so_aqua_light_large.fee69dfe94d0158d2e7d8d049accdb967b8a924a.png","type":"skin","rarity":0,"price":45},"MAG-7 | Seabird (Well-Worn)":{"quality":2,"skin":"Seabird","weapon":"MAG-7","short":"MAG-7 | Seabird","name":"MAG-7 | Seabird (Well-Worn)","src":"https://steamcdn-a.akamaihd.net/apps/730/icons/econ/default_generated/weapon_mag7_so_aqua_light_large.fee69dfe94d0158d2e7d8d049accdb967b8a924a.png","type":"skin","rarity":0,"price":36},"MAG-7 | Seabird (Battle-Scarred)":{"quality":1,"skin":"Seabird","weapon":"MAG-7","short":"MAG-7 | Seabird","name":"MAG-7 | Seabird (Battle-Scarred)","src":"https://steamcdn-a.akamaihd.net/apps/730/icons/econ/default_generated/weapon_mag7_so_aqua_light_large.fee69dfe94d0158d2e7d8d049accdb967b8a924a.png","type":"skin","rarity":0,"price":31},"MAG-7 | Seabird":{"masterItem":true,"qualities":[5,4,3,2,1],"skin":"Seabird","weapon":"MAG-7","short":"MAG-7 | Seabird","name":"MAG-7 | Seabird","src":"https://steamcdn-a.akamaihd.net/apps/730/icons/econ/default_generated/weapon_mag7_so_aqua_light_large.fee69dfe94d0158d2e7d8d049accdb967b8a924a.png","type":"skin","rarity":0,"price":167,"minPrice":31},"MAC-10 | Fade (Factory New)":{"quality":5,"skin":"Fade","weapon":"MAC-10","short":"MAC-10 | Fade","name":"MAC-10 | Fade (Factory New)","src":"https://steamcdn-a.akamaihd.net/apps/730/icons/econ/default_generated/weapon_mac10_aa_fade_light_large.69bd70b0bb129a5c671945090f56322c37b6bcf2.png","type":"skin","rarity":2,"price":1104},"MAC-10 | Fade (Minimal Wear)":{"quality":4,"skin":"Fade","weapon":"MAC-10","short":"MAC-10 | Fade","name":"MAC-10 | Fade (Minimal Wear)","src":"https://steamcdn-a.akamaihd.net/apps/730/icons/econ/default_generated/weapon_mac10_aa_fade_light_large.69bd70b0bb129a5c671945090f56322c37b6bcf2.png","type":"skin","rarity":2,"price":1340},"MAC-10 | Fade":{"masterItem":true,"qualities":[5,4],"skin":"Fade","weapon":"MAC-10","short":"MAC-10 | Fade","name":"MAC-10 | Fade","src":"https://steamcdn-a.akamaihd.net/apps/730/icons/econ/default_generated/weapon_mac10_aa_fade_light_large.69bd70b0bb129a5c671945090f56322c37b6bcf2.png","type":"skin","rarity":2,"price":1340,"minPrice":1104}}