{
  "The Cobblestone Collection": {
    "name": "The Cobblestone Collection",
    "src": "images/items/collections/cobblestone.webp",
    "price": 29500,
    "type": "case",
    "rarity": 0,
    "content": {
      "items": [
        "CZ75-Auto | Chalice (Factory New)", "CZ75-Auto | Chalice (Minimal Wear)",
        "Souvenir CZ75-Auto | Chalice (Factory New)", "Souvenir CZ75-Auto | Chalice (Minimal Wear)",
        "AWP | Dragon Lore (Factory New)", "AWP | Dragon Lore (Minimal Wear)", "AWP | Dragon Lore (Field-Tested)",
        "AWP | Dragon Lore (Well-Worn)", "AWP | Dragon Lore (Battle-Scarred)",
        "Souvenir AWP | Dragon Lore (Factory New)", "Souvenir AWP | Dragon Lore (Minimal Wear)",
        "Souvenir AWP | Dragon Lore (Field-Tested)", "Souvenir AWP | Dragon Lore (Well-Worn)",
        "Souvenir AWP | Dragon Lore (Battle-Scarred)", "M4A1-S | Knight (Factory New)",
        "M4A1-S | Knight (Minimal Wear)", "Souvenir M4A1-S | Knight (Factory New)",
        "Souvenir M4A1-S | Knight (Minimal Wear)", "P2000 | Chainmail (Factory New)",
        "P2000 | Chainmail (Minimal Wear)", "P2000 | Chainmail (Field-Tested)",
        "Souvenir P2000 | Chainmail (Factory New)", "Souvenir P2000 | Chainmail (Minimal Wear)",
        "Souvenir P2000 | Chainmail (Field-Tested)", "Desert Eagle | Hand Cannon (Factory New)",
        "Desert Eagle | Hand Cannon (Minimal Wear)", "Desert Eagle | Hand Cannon (Field-Tested)",
        "Desert Eagle | Hand Cannon (Well-Worn)", "Desert Eagle | Hand Cannon (Battle-Scarred)",
        "Souvenir Desert Eagle | Hand Cannon (Factory New)", "Souvenir Desert Eagle | Hand Cannon (Minimal Wear)",
        "Souvenir Desert Eagle | Hand Cannon (Field-Tested)", "Souvenir Desert Eagle | Hand Cannon (Well-Worn)",
        "Souvenir Desert Eagle | Hand Cannon (Battle-Scarred)", "MP9 | Dark Age (Factory New)",
        "MP9 | Dark Age (Minimal Wear)", "MP9 | Dark Age (Field-Tested)", "Souvenir MP9 | Dark Age (Factory New)",
        "Souvenir MP9 | Dark Age (Minimal Wear)", "Souvenir MP9 | Dark Age (Field-Tested)",
        "USP-S | Royal Blue (Factory New)", "USP-S | Royal Blue (Minimal Wear)", "USP-S | Royal Blue (Field-Tested)",
        "USP-S | Royal Blue (Well-Worn)", "USP-S | Royal Blue (Battle-Scarred)",
        "Souvenir USP-S | Royal Blue (Factory New)", "Souvenir USP-S | Royal Blue (Minimal Wear)",
        "Souvenir USP-S | Royal Blue (Field-Tested)", "Souvenir USP-S | Royal Blue (Well-Worn)",
        "Souvenir USP-S | Royal Blue (Battle-Scarred)", "Sawed-Off | Rust Coat (Factory New)",
        "Sawed-Off | Rust Coat (Minimal Wear)", "Sawed-Off | Rust Coat (Field-Tested)",
        "Sawed-Off | Rust Coat (Well-Worn)", "Sawed-Off | Rust Coat (Battle-Scarred)",
        "Souvenir Sawed-Off | Rust Coat (Factory New)", "Souvenir Sawed-Off | Rust Coat (Minimal Wear)",
        "Souvenir Sawed-Off | Rust Coat (Field-Tested)", "Souvenir Sawed-Off | Rust Coat (Well-Worn)",
        "Souvenir Sawed-Off | Rust Coat (Battle-Scarred)", "P90 | Storm (Factory New)", "P90 | Storm (Minimal Wear)",
        "P90 | Storm (Field-Tested)", "P90 | Storm (Well-Worn)", "P90 | Storm (Battle-Scarred)",
        "Souvenir P90 | Storm (Factory New)", "Souvenir P90 | Storm (Minimal Wear)",
        "Souvenir P90 | Storm (Field-Tested)", "Souvenir P90 | Storm (Well-Worn)",
        "Souvenir P90 | Storm (Battle-Scarred)", "Dual Berettas | Briar (Factory New)",
        "Dual Berettas | Briar (Minimal Wear)", "Dual Berettas | Briar (Field-Tested)",
        "Souvenir Dual Berettas | Briar (Factory New)", "Souvenir Dual Berettas | Briar (Minimal Wear)",
        "Souvenir Dual Berettas | Briar (Field-Tested)", "SCAR-20 | Storm (Factory New)",
        "SCAR-20 | Storm (Minimal Wear)", "SCAR-20 | Storm (Field-Tested)", "SCAR-20 | Storm (Well-Worn)",
        "SCAR-20 | Storm (Battle-Scarred)", "Souvenir SCAR-20 | Storm (Factory New)",
        "Souvenir SCAR-20 | Storm (Minimal Wear)", "Souvenir SCAR-20 | Storm (Field-Tested)",
        "Souvenir SCAR-20 | Storm (Well-Worn)", "Souvenir SCAR-20 | Storm (Battle-Scarred)",
        "MAC-10 | Indigo (Factory New)", "MAC-10 | Indigo (Minimal Wear)", "MAC-10 | Indigo (Field-Tested)",
        "MAC-10 | Indigo (Well-Worn)", "MAC-10 | Indigo (Battle-Scarred)", "Souvenir MAC-10 | Indigo (Factory New)",
        "Souvenir MAC-10 | Indigo (Minimal Wear)", "Souvenir MAC-10 | Indigo (Field-Tested)",
        "Souvenir MAC-10 | Indigo (Well-Worn)", "Souvenir MAC-10 | Indigo (Battle-Scarred)",
        "UMP-45 | Indigo (Factory New)", "UMP-45 | Indigo (Minimal Wear)", "UMP-45 | Indigo (Field-Tested)",
        "UMP-45 | Indigo (Well-Worn)", "UMP-45 | Indigo (Battle-Scarred)", "Souvenir UMP-45 | Indigo (Factory New)",
        "Souvenir UMP-45 | Indigo (Minimal Wear)", "Souvenir UMP-45 | Indigo (Field-Tested)",
        "Souvenir UMP-45 | Indigo (Well-Worn)", "Souvenir UMP-45 | Indigo (Battle-Scarred)",
        "MAG-7 | Silver (Factory New)", "MAG-7 | Silver (Minimal Wear)", "Souvenir MAG-7 | Silver (Factory New)",
        "Souvenir MAG-7 | Silver (Minimal Wear)", "Nova | Green Apple (Factory New)",
        "Nova | Green Apple (Minimal Wear)", "Nova | Green Apple (Field-Tested)",
        "Souvenir Nova | Green Apple (Factory New)", "Souvenir Nova | Green Apple (Minimal Wear)",
        "Souvenir Nova | Green Apple (Field-Tested)"
      ]
    }
  },
  "CZ75-Auto | Chalice (Factory New)": {
    "quality": 5,
    "weight": 0.05,
    "skin": "Chalice",
    "weapon": "CZ75-Auto",
    "short": "CZ75-Auto | Chalice",
    "name": "CZ75-Auto | Chalice (Factory New)",
    "src": "https://steamcdn-a.akamaihd.net/apps/730/icons/econ/default_generated/weapon_cz75a_am_royal_light_large.f9f7bd8e5321fa0572adc2b77050608e5570cdaf.png",
    "type": "skin",
    "rarity": 3,
    "price": 32285
  },
  "CZ75-Auto | Chalice (Minimal Wear)": {
    "quality": 4,
    "weight": 0.05,
    "skin": "Chalice",
    "weapon": "CZ75-Auto",
    "short": "CZ75-Auto | Chalice",
    "name": "CZ75-Auto | Chalice (Minimal Wear)",
    "src": "https://steamcdn-a.akamaihd.net/apps/730/icons/econ/default_generated/weapon_cz75a_am_royal_light_large.f9f7bd8e5321fa0572adc2b77050608e5570cdaf.png",
    "type": "skin",
    "rarity": 3,
    "price": 92983
  },
  "Souvenir CZ75-Auto | Chalice (Factory New)": {
    "souvenir": true,
    "quality": 5,
    "weight": 0.05,
    "skin": "Chalice",
    "weapon": "CZ75-Auto",
    "short": "CZ75-Auto | Chalice",
    "name": "Souvenir CZ75-Auto | Chalice (Factory New)",
    "src": "https://steamcdn-a.akamaihd.net/apps/730/icons/econ/default_generated/weapon_cz75a_am_royal_light_large.f9f7bd8e5321fa0572adc2b77050608e5570cdaf.png",
    "type": "skin",
    "rarity": 3,
    "price": 8988
  },
  "Souvenir CZ75-Auto | Chalice (Minimal Wear)": {
    "souvenir": true,
    "quality": 4,
    "weight": 0.05,
    "skin": "Chalice",
    "weapon": "CZ75-Auto",
    "short": "CZ75-Auto | Chalice",
    "name": "Souvenir CZ75-Auto | Chalice (Minimal Wear)",
    "src": "https://steamcdn-a.akamaihd.net/apps/730/icons/econ/default_generated/weapon_cz75a_am_royal_light_large.f9f7bd8e5321fa0572adc2b77050608e5570cdaf.png",
    "type": "skin",
    "rarity": 3,
    "price": 12700
  },
  "CZ75-Auto | Chalice": {
    "souvenirAvailable": true,
    "masterItem": true,
    "qualities": [5, 4],
    "skin": "Chalice",
    "weapon": "CZ75-Auto",
    "short": "CZ75-Auto | Chalice",
    "name": "CZ75-Auto | Chalice",
    "src": "https://steamcdn-a.akamaihd.net/apps/730/icons/econ/default_generated/weapon_cz75a_am_royal_light_large.f9f7bd8e5321fa0572adc2b77050608e5570cdaf.png",
    "type": "skin",
    "rarity": 3,
    "price": 92983,
    "minPrice": 8988
  },
  "AWP | Dragon Lore (Factory New)": {
    "quality": 5,
    "weight": 0.05,
    "skin": "Dragon Lore",
    "weapon": "AWP",
    "short": "AWP | Dragon Lore",
    "name": "AWP | Dragon Lore (Factory New)",
    "src": "https://steamcdn-a.akamaihd.net/apps/730/icons/econ/default_generated/weapon_awp_cu_medieval_dragon_awp_light_large.cb3b8168e59e96fd33efa9578206a2aaed036fc0.png",
    "type": "skin",
    "rarity": 5,
    "price": 1386824
  },
  "AWP | Dragon Lore (Minimal Wear)": {
    "quality": 4,
    "weight": 0.05,
    "skin": "Dragon Lore",
    "weapon": "AWP",
    "short": "AWP | Dragon Lore",
    "name": "AWP | Dragon Lore (Minimal Wear)",
    "src": "https://steamcdn-a.akamaihd.net/apps/730/icons/econ/default_generated/weapon_awp_cu_medieval_dragon_awp_light_large.cb3b8168e59e96fd33efa9578206a2aaed036fc0.png",
    "type": "skin",
    "rarity": 5,
    "price": 1021656
  },
  "AWP | Dragon Lore (Field-Tested)": {
    "quality": 3,
    "weight": 0.05,
    "skin": "Dragon Lore",
    "weapon": "AWP",
    "short": "AWP | Dragon Lore",
    "name": "AWP | Dragon Lore (Field-Tested)",
    "src": "https://steamcdn-a.akamaihd.net/apps/730/icons/econ/default_generated/weapon_awp_cu_medieval_dragon_awp_light_large.cb3b8168e59e96fd33efa9578206a2aaed036fc0.png",
    "type": "skin",
    "rarity": 5,
    "price": 654503
  },
  "AWP | Dragon Lore (Well-Worn)": {
    "quality": 2,
    "weight": 0.05,
    "skin": "Dragon Lore",
    "weapon": "AWP",
    "short": "AWP | Dragon Lore",
    "name": "AWP | Dragon Lore (Well-Worn)",
    "src": "https://steamcdn-a.akamaihd.net/apps/730/icons/econ/default_generated/weapon_awp_cu_medieval_dragon_awp_light_large.cb3b8168e59e96fd33efa9578206a2aaed036fc0.png",
    "type": "skin",
    "rarity": 5,
    "price": 520000
  },
  "AWP | Dragon Lore (Battle-Scarred)": {
    "quality": 1,
    "weight": 0.05,
    "skin": "Dragon Lore",
    "weapon": "AWP",
    "short": "AWP | Dragon Lore",
    "name": "AWP | Dragon Lore (Battle-Scarred)",
    "src": "https://steamcdn-a.akamaihd.net/apps/730/icons/econ/default_generated/weapon_awp_cu_medieval_dragon_awp_light_large.cb3b8168e59e96fd33efa9578206a2aaed036fc0.png",
    "type": "skin",
    "rarity": 5,
    "price": 395920
  },
  "Souvenir AWP | Dragon Lore (Factory New)": {
    "souvenir": true,
    "quality": 5,
    "weight": 0.05,
    "skin": "Dragon Lore",
    "weapon": "AWP",
    "short": "AWP | Dragon Lore",
    "name": "Souvenir AWP | Dragon Lore (Factory New)",
    "src": "https://steamcdn-a.akamaihd.net/apps/730/icons/econ/default_generated/weapon_awp_cu_medieval_dragon_awp_light_large.cb3b8168e59e96fd33efa9578206a2aaed036fc0.png",
    "type": "skin",
    "rarity": 5,
    "price": 1525506
  },
  "Souvenir AWP | Dragon Lore (Minimal Wear)": {
    "souvenir": true,
    "quality": 4,
    "weight": 0.05,
    "skin": "Dragon Lore",
    "weapon": "AWP",
    "short": "AWP | Dragon Lore",
    "name": "Souvenir AWP | Dragon Lore (Minimal Wear)",
    "src": "https://steamcdn-a.akamaihd.net/apps/730/icons/econ/default_generated/weapon_awp_cu_medieval_dragon_awp_light_large.cb3b8168e59e96fd33efa9578206a2aaed036fc0.png",
    "type": "skin",
    "rarity": 5,
    "price": 1123821
  },
  "Souvenir AWP | Dragon Lore (Field-Tested)": {
    "souvenir": true,
    "quality": 3,
    "weight": 0.05,
    "skin": "Dragon Lore",
    "weapon": "AWP",
    "short": "AWP | Dragon Lore",
    "name": "Souvenir AWP | Dragon Lore (Field-Tested)",
    "src": "https://steamcdn-a.akamaihd.net/apps/730/icons/econ/default_generated/weapon_awp_cu_medieval_dragon_awp_light_large.cb3b8168e59e96fd33efa9578206a2aaed036fc0.png",
    "type": "skin",
    "rarity": 5,
    "price": 719953
  },
  "Souvenir AWP | Dragon Lore (Well-Worn)": {
    "souvenir": true,
    "quality": 2,
    "weight": 0.05,
    "skin": "Dragon Lore",
    "weapon": "AWP",
    "short": "AWP | Dragon Lore",
    "name": "Souvenir AWP | Dragon Lore (Well-Worn)",
    "src": "https://steamcdn-a.akamaihd.net/apps/730/icons/econ/default_generated/weapon_awp_cu_medieval_dragon_awp_light_large.cb3b8168e59e96fd33efa9578206a2aaed036fc0.png",
    "type": "skin",
    "rarity": 5,
    "price": 572033
  },
  "Souvenir AWP | Dragon Lore (Battle-Scarred)": {
    "souvenir": true,
    "quality": 1,
    "weight": 0.05,
    "skin": "Dragon Lore",
    "weapon": "AWP",
    "short": "AWP | Dragon Lore",
    "name": "Souvenir AWP | Dragon Lore (Battle-Scarred)",
    "src": "https://steamcdn-a.akamaihd.net/apps/730/icons/econ/default_generated/weapon_awp_cu_medieval_dragon_awp_light_large.cb3b8168e59e96fd33efa9578206a2aaed036fc0.png",
    "type": "skin",
    "rarity": 5,
    "price": 238806
  },
  "AWP | Dragon Lore": {
    "souvenirAvailable": true,
    "masterItem": true,
    "qualities": [5, 4, 3, 2, 1],
    "skin": "Dragon Lore",
    "weapon": "AWP",
    "short": "AWP | Dragon Lore",
    "name": "AWP | Dragon Lore",
    "src": "https://steamcdn-a.akamaihd.net/apps/730/icons/econ/default_generated/weapon_awp_cu_medieval_dragon_awp_light_large.cb3b8168e59e96fd33efa9578206a2aaed036fc0.png",
    "type": "skin",
    "rarity": 5,
    "price": 1525506,
    "minPrice": 238806
  },
  "M4A1-S | Knight (Factory New)": {
    "quality": 5,
    "weight": 0.05,
    "skin": "Knight",
    "weapon": "M4A1-S",
    "short": "M4A1-S | Knight",
    "name": "M4A1-S | Knight (Factory New)",
    "src": "https://steamcdn-a.akamaihd.net/apps/730/icons/econ/default_generated/weapon_m4a1_silencer_am_metals_light_large.1ef1155c712349b2aaee8172a3da7fb1e62e1362.png",
    "type": "skin",
    "rarity": 4,
    "price": 174627
  },
  "M4A1-S | Knight (Minimal Wear)": {
    "quality": 4,
    "weight": 0.05,
    "skin": "Knight",
    "weapon": "M4A1-S",
    "short": "M4A1-S | Knight",
    "name": "M4A1-S | Knight (Minimal Wear)",
    "src": "https://steamcdn-a.akamaihd.net/apps/730/icons/econ/default_generated/weapon_m4a1_silencer_am_metals_light_large.1ef1155c712349b2aaee8172a3da7fb1e62e1362.png",
    "type": "skin",
    "rarity": 4,
    "price": 68230
  },
  "Souvenir M4A1-S | Knight (Factory New)": {
    "souvenir": true,
    "quality": 5,
    "weight": 0.05,
    "skin": "Knight",
    "weapon": "M4A1-S",
    "short": "M4A1-S | Knight",
    "name": "Souvenir M4A1-S | Knight (Factory New)",
    "src": "https://steamcdn-a.akamaihd.net/apps/730/icons/econ/default_generated/weapon_m4a1_silencer_am_metals_light_large.1ef1155c712349b2aaee8172a3da7fb1e62e1362.png",
    "type": "skin",
    "rarity": 4,
    "price": 192090
  },
  "Souvenir M4A1-S | Knight (Minimal Wear)": {
    "souvenir": true,
    "quality": 4,
    "weight": 0.05,
    "skin": "Knight",
    "weapon": "M4A1-S",
    "short": "M4A1-S | Knight",
    "name": "Souvenir M4A1-S | Knight (Minimal Wear)",
    "src": "https://steamcdn-a.akamaihd.net/apps/730/icons/econ/default_generated/weapon_m4a1_silencer_am_metals_light_large.1ef1155c712349b2aaee8172a3da7fb1e62e1362.png",
    "type": "skin",
    "rarity": 4,
    "price": 75053
  },
  "M4A1-S | Knight": {
    "souvenirAvailable": true,
    "masterItem": true,
    "qualities": [5, 4],
    "skin": "Knight",
    "weapon": "M4A1-S",
    "short": "M4A1-S | Knight",
    "name": "M4A1-S | Knight",
    "src": "https://steamcdn-a.akamaihd.net/apps/730/icons/econ/default_generated/weapon_m4a1_silencer_am_metals_light_large.1ef1155c712349b2aaee8172a3da7fb1e62e1362.png",
    "type": "skin",
    "rarity": 4,
    "price": 97301,
    "minPrice": 1876
  },
  "P2000 | Chainmail (Factory New)": {
    "quality": 5,
    "weight": 0.05,
    "skin": "Chainmail",
    "weapon": "P2000",
    "short": "P2000 | Chainmail",
    "name": "P2000 | Chainmail (Factory New)",
    "src": "https://steamcdn-a.akamaihd.net/apps/730/icons/econ/default_generated/weapon_hkp2000_am_chainmail_light_large.26e8d5e01b6af8dc85be34cf16830ef6280166fd.png",
    "type": "skin",
    "rarity": 2,
    "price": 6700
  },
  "P2000 | Chainmail (Minimal Wear)": {
    "quality": 4,
    "weight": 0.05,
    "skin": "Chainmail",
    "weapon": "P2000",
    "short": "P2000 | Chainmail",
    "name": "P2000 | Chainmail (Minimal Wear)",
    "src": "https://steamcdn-a.akamaihd.net/apps/730/icons/econ/default_generated/weapon_hkp2000_am_chainmail_light_large.26e8d5e01b6af8dc85be34cf16830ef6280166fd.png",
    "type": "skin",
    "rarity": 2,
    "price": 6461
  },
  "P2000 | Chainmail (Field-Tested)": {
    "quality": 3,
    "weight": 0.05,
    "skin": "Chainmail",
    "weapon": "P2000",
    "short": "P2000 | Chainmail",
    "name": "P2000 | Chainmail (Field-Tested)",
    "src": "https://steamcdn-a.akamaihd.net/apps/730/icons/econ/default_generated/weapon_hkp2000_am_chainmail_light_large.26e8d5e01b6af8dc85be34cf16830ef6280166fd.png",
    "type": "skin",
    "rarity": 2,
    "price": 6269
  },
  "Souvenir P2000 | Chainmail (Factory New)": {
    "souvenir": true,
    "quality": 5,
    "weight": 0.05,
    "skin": "Chainmail",
    "weapon": "P2000",
    "short": "P2000 | Chainmail",
    "name": "Souvenir P2000 | Chainmail (Factory New)",
    "src": "https://steamcdn-a.akamaihd.net/apps/730/icons/econ/default_generated/weapon_hkp2000_am_chainmail_light_large.26e8d5e01b6af8dc85be34cf16830ef6280166fd.png",
    "type": "skin",
    "rarity": 2,
    "price": 736
  },
  "Souvenir P2000 | Chainmail (Minimal Wear)": {
    "souvenir": true,
    "quality": 4,
    "weight": 0.05,
    "skin": "Chainmail",
    "weapon": "P2000",
    "short": "P2000 | Chainmail",
    "name": "Souvenir P2000 | Chainmail (Minimal Wear)",
    "src": "https://steamcdn-a.akamaihd.net/apps/730/icons/econ/default_generated/weapon_hkp2000_am_chainmail_light_large.26e8d5e01b6af8dc85be34cf16830ef6280166fd.png",
    "type": "skin",
    "rarity": 2,
    "price": 426
  },
  "Souvenir P2000 | Chainmail (Field-Tested)": {
    "souvenir": true,
    "quality": 3,
    "weight": 0.05,
    "skin": "Chainmail",
    "weapon": "P2000",
    "short": "P2000 | Chainmail",
    "name": "Souvenir P2000 | Chainmail (Field-Tested)",
    "src": "https://steamcdn-a.akamaihd.net/apps/730/icons/econ/default_generated/weapon_hkp2000_am_chainmail_light_large.26e8d5e01b6af8dc85be34cf16830ef6280166fd.png",
    "type": "skin",
    "rarity": 2,
    "price": 484
  },
  "P2000 | Chainmail": {
    "souvenirAvailable": true,
    "masterItem": true,
    "qualities": [5, 4, 3],
    "skin": "Chainmail",
    "weapon": "P2000",
    "short": "P2000 | Chainmail",
    "name": "P2000 | Chainmail",
    "src": "https://steamcdn-a.akamaihd.net/apps/730/icons/econ/default_generated/weapon_hkp2000_am_chainmail_light_large.26e8d5e01b6af8dc85be34cf16830ef6280166fd.png",
    "type": "skin",
    "rarity": 2,
    "price": 6700,
    "minPrice": 426
  },
  "Desert Eagle | Hand Cannon (Factory New)": {
    "quality": 5,
    "weight": 0.05,
    "skin": "Hand Cannon",
    "weapon": "Desert Eagle",
    "short": "Desert Eagle | Hand Cannon",
    "name": "Desert Eagle | Hand Cannon (Factory New)",
    "src": "https://steamcdn-a.akamaihd.net/apps/730/icons/econ/default_generated/weapon_deagle_aq_handcannon_light_large.e6e87ceb2337a423d225dc177342af3df4069585.png",
    "type": "skin",
    "rarity": 3,
    "price": 34120
  },
  "Desert Eagle | Hand Cannon (Minimal Wear)": {
    "quality": 4,
    "weight": 0.05,
    "skin": "Hand Cannon",
    "weapon": "Desert Eagle",
    "short": "Desert Eagle | Hand Cannon",
    "name": "Desert Eagle | Hand Cannon (Minimal Wear)",
    "src": "https://steamcdn-a.akamaihd.net/apps/730/icons/econ/default_generated/weapon_deagle_aq_handcannon_light_large.e6e87ceb2337a423d225dc177342af3df4069585.png",
    "type": "skin",
    "rarity": 3,
    "price": 29934
  },
  "Desert Eagle | Hand Cannon (Field-Tested)": {
    "quality": 3,
    "weight": 0.05,
    "skin": "Hand Cannon",
    "weapon": "Desert Eagle",
    "short": "Desert Eagle | Hand Cannon",
    "name": "Desert Eagle | Hand Cannon (Field-Tested)",
    "src": "https://steamcdn-a.akamaihd.net/apps/730/icons/econ/default_generated/weapon_deagle_aq_handcannon_light_large.e6e87ceb2337a423d225dc177342af3df4069585.png",
    "type": "skin",
    "rarity": 3,
    "price": 24724
  },
  "Desert Eagle | Hand Cannon (Well-Worn)": {
    "quality": 2,
    "weight": 0.05,
    "skin": "Hand Cannon",
    "weapon": "Desert Eagle",
    "short": "Desert Eagle | Hand Cannon",
    "name": "Desert Eagle | Hand Cannon (Well-Worn)",
    "src": "https://steamcdn-a.akamaihd.net/apps/730/icons/econ/default_generated/weapon_deagle_aq_handcannon_light_large.e6e87ceb2337a423d225dc177342af3df4069585.png",
    "type": "skin",
    "rarity": 3,
    "price": 25305
  },
  "Desert Eagle | Hand Cannon (Battle-Scarred)": {
    "quality": 1,
    "weight": 0.05,
    "skin": "Hand Cannon",
    "weapon": "Desert Eagle",
    "short": "Desert Eagle | Hand Cannon",
    "name": "Desert Eagle | Hand Cannon (Battle-Scarred)",
    "src": "https://steamcdn-a.akamaihd.net/apps/730/icons/econ/default_generated/weapon_deagle_aq_handcannon_light_large.e6e87ceb2337a423d225dc177342af3df4069585.png",
    "type": "skin",
    "rarity": 3,
    "price": 24130
  },
  "Souvenir Desert Eagle | Hand Cannon (Factory New)": {
    "souvenir": true,
    "quality": 5,
    "weight": 0.05,
    "skin": "Hand Cannon",
    "weapon": "Desert Eagle",
    "short": "Desert Eagle | Hand Cannon",
    "name": "Souvenir Desert Eagle | Hand Cannon (Factory New)",
    "src": "https://steamcdn-a.akamaihd.net/apps/730/icons/econ/default_generated/weapon_deagle_aq_handcannon_light_large.e6e87ceb2337a423d225dc177342af3df4069585.png",
    "type": "skin",
    "rarity": 3,
    "price": 114553
  },
  "Souvenir Desert Eagle | Hand Cannon (Minimal Wear)": {
    "souvenir": true,
    "quality": 4,
    "weight": 0.05,
    "skin": "Hand Cannon",
    "weapon": "Desert Eagle",
    "short": "Desert Eagle | Hand Cannon",
    "name": "Souvenir Desert Eagle | Hand Cannon (Minimal Wear)",
    "src": "https://steamcdn-a.akamaihd.net/apps/730/icons/econ/default_generated/weapon_deagle_aq_handcannon_light_large.e6e87ceb2337a423d225dc177342af3df4069585.png",
    "type": "skin",
    "rarity": 3,
    "price": 32183
  },
  "Souvenir Desert Eagle | Hand Cannon (Field-Tested)": {
    "souvenir": true,
    "quality": 3,
    "weight": 0.05,
    "skin": "Hand Cannon",
    "weapon": "Desert Eagle",
    "short": "Desert Eagle | Hand Cannon",
    "name": "Souvenir Desert Eagle | Hand Cannon (Field-Tested)",
    "src": "https://steamcdn-a.akamaihd.net/apps/730/icons/econ/default_generated/weapon_deagle_aq_handcannon_light_large.e6e87ceb2337a423d225dc177342af3df4069585.png",
    "type": "skin",
    "rarity": 3,
    "price": 19193
  },
  "Souvenir Desert Eagle | Hand Cannon (Well-Worn)": {
    "souvenir": true,
    "quality": 2,
    "weight": 0.05,
    "skin": "Hand Cannon",
    "weapon": "Desert Eagle",
    "short": "Desert Eagle | Hand Cannon",
    "name": "Souvenir Desert Eagle | Hand Cannon (Well-Worn)",
    "src": "https://steamcdn-a.akamaihd.net/apps/730/icons/econ/default_generated/weapon_deagle_aq_handcannon_light_large.e6e87ceb2337a423d225dc177342af3df4069585.png",
    "type": "skin",
    "rarity": 3,
    "price": 19709
  },
  "Souvenir Desert Eagle | Hand Cannon (Battle-Scarred)": {
    "souvenir": true,
    "quality": 1,
    "weight": 0.05,
    "skin": "Hand Cannon",
    "weapon": "Desert Eagle",
    "short": "Desert Eagle | Hand Cannon",
    "name": "Souvenir Desert Eagle | Hand Cannon (Battle-Scarred)",
    "src": "https://steamcdn-a.akamaihd.net/apps/730/icons/econ/default_generated/weapon_deagle_aq_handcannon_light_large.e6e87ceb2337a423d225dc177342af3df4069585.png",
    "type": "skin",
    "rarity": 3,
    "price": 16477
  },
  "Desert Eagle | Hand Cannon": {
    "souvenirAvailable": true,
    "masterItem": true,
    "qualities": [5, 4, 3, 2, 1],
    "skin": "Hand Cannon",
    "weapon": "Desert Eagle",
    "short": "Desert Eagle | Hand Cannon",
    "name": "Desert Eagle | Hand Cannon",
    "src": "https://steamcdn-a.akamaihd.net/apps/730/icons/econ/default_generated/weapon_deagle_aq_handcannon_light_large.e6e87ceb2337a423d225dc177342af3df4069585.png",
    "type": "skin",
    "rarity": 3,
    "price": 114553,
    "minPrice": 16477
  },
  "MP9 | Dark Age (Factory New)": {
    "quality": 5,
    "weight": 0.05,
    "skin": "Dark Age",
    "weapon": "MP9",
    "short": "MP9 | Dark Age",
    "name": "MP9 | Dark Age (Factory New)",
    "src": "https://steamcdn-a.akamaihd.net/apps/730/icons/econ/default_generated/weapon_mp9_am_metal_inlay_light_large.a49681fb3a39bd378051dd22ff9f988fd831d41f.png",
    "type": "skin",
    "rarity": 2,
    "price": 6864
  },
  "MP9 | Dark Age (Minimal Wear)": {
    "quality": 4,
    "weight": 0.05,
    "skin": "Dark Age",
    "weapon": "MP9",
    "short": "MP9 | Dark Age",
    "name": "MP9 | Dark Age (Minimal Wear)",
    "src": "https://steamcdn-a.akamaihd.net/apps/730/icons/econ/default_generated/weapon_mp9_am_metal_inlay_light_large.a49681fb3a39bd378051dd22ff9f988fd831d41f.png",
    "type": "skin",
    "rarity": 2,
    "price": 5687
  },
  "MP9 | Dark Age (Field-Tested)": {
    "quality": 3,
    "weight": 0.05,
    "skin": "Dark Age",
    "weapon": "MP9",
    "short": "MP9 | Dark Age",
    "name": "MP9 | Dark Age (Field-Tested)",
    "src": "https://steamcdn-a.akamaihd.net/apps/730/icons/econ/default_generated/weapon_mp9_am_metal_inlay_light_large.a49681fb3a39bd378051dd22ff9f988fd831d41f.png",
    "type": "skin",
    "rarity": 2,
    "price": 10236
  },
  "Souvenir MP9 | Dark Age (Factory New)": {
    "souvenir": true,
    "quality": 5,
    "weight": 0.05,
    "skin": "Dark Age",
    "weapon": "MP9",
    "short": "MP9 | Dark Age",
    "name": "Souvenir MP9 | Dark Age (Factory New)",
    "src": "https://steamcdn-a.akamaihd.net/apps/730/icons/econ/default_generated/weapon_mp9_am_metal_inlay_light_large.a49681fb3a39bd378051dd22ff9f988fd831d41f.png",
    "type": "skin",
    "rarity": 2,
    "price": 1104
  },
  "Souvenir MP9 | Dark Age (Minimal Wear)": {
    "souvenir": true,
    "quality": 4,
    "weight": 0.05,
    "skin": "Dark Age",
    "weapon": "MP9",
    "short": "MP9 | Dark Age",
    "name": "Souvenir MP9 | Dark Age (Minimal Wear)",
    "src": "https://steamcdn-a.akamaihd.net/apps/730/icons/econ/default_generated/weapon_mp9_am_metal_inlay_light_large.a49681fb3a39bd378051dd22ff9f988fd831d41f.png",
    "type": "skin",
    "rarity": 2,
    "price": 981
  },
  "Souvenir MP9 | Dark Age (Field-Tested)": {
    "souvenir": true,
    "quality": 3,
    "weight": 0.05,
    "skin": "Dark Age",
    "weapon": "MP9",
    "short": "MP9 | Dark Age",
    "name": "Souvenir MP9 | Dark Age (Field-Tested)",
    "src": "https://steamcdn-a.akamaihd.net/apps/730/icons/econ/default_generated/weapon_mp9_am_metal_inlay_light_large.a49681fb3a39bd378051dd22ff9f988fd831d41f.png",
    "type": "skin",
    "rarity": 2,
    "price": 1042
  },
  "MP9 | Dark Age": {
    "souvenirAvailable": true,
    "masterItem": true,
    "qualities": [5, 4, 3],
    "skin": "Dark Age",
    "weapon": "MP9",
    "short": "MP9 | Dark Age",
    "name": "MP9 | Dark Age",
    "src": "https://steamcdn-a.akamaihd.net/apps/730/icons/econ/default_generated/weapon_mp9_am_metal_inlay_light_large.a49681fb3a39bd378051dd22ff9f988fd831d41f.png",
    "type": "skin",
    "rarity": 2,
    "price": 10236,
    "minPrice": 981
  },
  "USP-S | Royal Blue (Factory New)": {
    "quality": 5,
    "weight": 0.05,
    "skin": "Royal Blue",
    "weapon": "USP-S",
    "short": "USP-S | Royal Blue",
    "name": "USP-S | Royal Blue (Factory New)",
    "src": "https://steamcdn-a.akamaihd.net/apps/730/icons/econ/default_generated/weapon_usp_silencer_hy_indigo_usp_light_large.aa460050dc0fd2d87522a869cefbf5d5ab442f27.png",
    "type": "skin",
    "rarity": 1,
    "price": 3744
  },
  "USP-S | Royal Blue (Minimal Wear)": {
    "quality": 4,
    "weight": 0.05,
    "skin": "Royal Blue",
    "weapon": "USP-S",
    "short": "USP-S | Royal Blue",
    "name": "USP-S | Royal Blue (Minimal Wear)",
    "src": "https://steamcdn-a.akamaihd.net/apps/730/icons/econ/default_generated/weapon_usp_silencer_hy_indigo_usp_light_large.aa460050dc0fd2d87522a869cefbf5d5ab442f27.png",
    "type": "skin",
    "rarity": 1,
    "price": 690
  },
  "USP-S | Royal Blue (Field-Tested)": {
    "quality": 3,
    "weight": 0.05,
    "skin": "Royal Blue",
    "weapon": "USP-S",
    "short": "USP-S | Royal Blue",
    "name": "USP-S | Royal Blue (Field-Tested)",
    "src": "https://steamcdn-a.akamaihd.net/apps/730/icons/econ/default_generated/weapon_usp_silencer_hy_indigo_usp_light_large.aa460050dc0fd2d87522a869cefbf5d5ab442f27.png",
    "type": "skin",
    "rarity": 1,
    "price": 684
  },
  "USP-S | Royal Blue (Well-Worn)": {
    "quality": 2,
    "weight": 0.05,
    "skin": "Royal Blue",
    "weapon": "USP-S",
    "short": "USP-S | Royal Blue",
    "name": "USP-S | Royal Blue (Well-Worn)",
    "src": "https://steamcdn-a.akamaihd.net/apps/730/icons/econ/default_generated/weapon_usp_silencer_hy_indigo_usp_light_large.aa460050dc0fd2d87522a869cefbf5d5ab442f27.png",
    "type": "skin",
    "rarity": 1,
    "price": 650
  },
  "USP-S | Royal Blue (Battle-Scarred)": {
    "quality": 1,
    "weight": 0.05,
    "skin": "Royal Blue",
    "weapon": "USP-S",
    "short": "USP-S | Royal Blue",
    "name": "USP-S | Royal Blue (Battle-Scarred)",
    "src": "https://steamcdn-a.akamaihd.net/apps/730/icons/econ/default_generated/weapon_usp_silencer_hy_indigo_usp_light_large.aa460050dc0fd2d87522a869cefbf5d5ab442f27.png",
    "type": "skin",
    "rarity": 1,
    "price": 758
  },
  "Souvenir USP-S | Royal Blue (Factory New)": {
    "souvenir": true,
    "quality": 5,
    "weight": 0.05,
    "skin": "Royal Blue",
    "weapon": "USP-S",
    "short": "USP-S | Royal Blue",
    "name": "Souvenir USP-S | Royal Blue (Factory New)",
    "src": "https://steamcdn-a.akamaihd.net/apps/730/icons/econ/default_generated/weapon_usp_silencer_hy_indigo_usp_light_large.aa460050dc0fd2d87522a869cefbf5d5ab442f27.png",
    "type": "skin",
    "rarity": 1,
    "price": 39519
  },
  "Souvenir USP-S | Royal Blue (Minimal Wear)": {
    "souvenir": true,
    "quality": 4,
    "weight": 0.05,
    "skin": "Royal Blue",
    "weapon": "USP-S",
    "short": "USP-S | Royal Blue",
    "name": "Souvenir USP-S | Royal Blue (Minimal Wear)",
    "src": "https://steamcdn-a.akamaihd.net/apps/730/icons/econ/default_generated/weapon_usp_silencer_hy_indigo_usp_light_large.aa460050dc0fd2d87522a869cefbf5d5ab442f27.png",
    "type": "skin",
    "rarity": 1,
    "price": 2812
  },
  "Souvenir USP-S | Royal Blue (Field-Tested)": {
    "souvenir": true,
    "quality": 3,
    "weight": 0.05,
    "skin": "Royal Blue",
    "weapon": "USP-S",
    "short": "USP-S | Royal Blue",
    "name": "Souvenir USP-S | Royal Blue (Field-Tested)",
    "src": "https://steamcdn-a.akamaihd.net/apps/730/icons/econ/default_generated/weapon_usp_silencer_hy_indigo_usp_light_large.aa460050dc0fd2d87522a869cefbf5d5ab442f27.png",
    "type": "skin",
    "rarity": 1,
    "price": 888
  },
  "Souvenir USP-S | Royal Blue (Well-Worn)": {
    "souvenir": true,
    "quality": 2,
    "weight": 0.05,
    "skin": "Royal Blue",
    "weapon": "USP-S",
    "short": "USP-S | Royal Blue",
    "name": "Souvenir USP-S | Royal Blue (Well-Worn)",
    "src": "https://steamcdn-a.akamaihd.net/apps/730/icons/econ/default_generated/weapon_usp_silencer_hy_indigo_usp_light_large.aa460050dc0fd2d87522a869cefbf5d5ab442f27.png",
    "type": "skin",
    "rarity": 1,
    "price": 934
  },
  "Souvenir USP-S | Royal Blue (Battle-Scarred)": {
    "souvenir": true,
    "quality": 1,
    "weight": 0.05,
    "skin": "Royal Blue",
    "weapon": "USP-S",
    "short": "USP-S | Royal Blue",
    "name": "Souvenir USP-S | Royal Blue (Battle-Scarred)",
    "src": "https://steamcdn-a.akamaihd.net/apps/730/icons/econ/default_generated/weapon_usp_silencer_hy_indigo_usp_light_large.aa460050dc0fd2d87522a869cefbf5d5ab442f27.png",
    "type": "skin",
    "rarity": 1,
    "price": 784
  },
  "USP-S | Royal Blue": {
    "souvenirAvailable": true,
    "masterItem": true,
    "qualities": [5, 4, 3, 2, 1],
    "skin": "Royal Blue",
    "weapon": "USP-S",
    "short": "USP-S | Royal Blue",
    "name": "USP-S | Royal Blue",
    "src": "https://steamcdn-a.akamaihd.net/apps/730/icons/econ/default_generated/weapon_usp_silencer_hy_indigo_usp_light_large.aa460050dc0fd2d87522a869cefbf5d5ab442f27.png",
    "type": "skin",
    "rarity": 1,
    "price": 39519,
    "minPrice": 650
  },
  "Sawed-Off | Rust Coat (Factory New)": {
    "quality": 5,
    "weight": 0.05,
    "skin": "Rust Coat",
    "weapon": "Sawed-Off",
    "short": "Sawed-Off | Rust Coat",
    "name": "Sawed-Off | Rust Coat (Factory New)",
    "src": "https://steamcdn-a.akamaihd.net/apps/730/icons/econ/default_generated/weapon_sawedoff_aq_steel_light_large.b363c0f1eef83ac7291f8b64d338dcdd82183502.png",
    "type": "skin",
    "rarity": 1,
    "price": 835
  },
  "Sawed-Off | Rust Coat (Minimal Wear)": {
    "quality": 4,
    "weight": 0.05,
    "skin": "Rust Coat",
    "weapon": "Sawed-Off",
    "short": "Sawed-Off | Rust Coat",
    "name": "Sawed-Off | Rust Coat (Minimal Wear)",
    "src": "https://steamcdn-a.akamaihd.net/apps/730/icons/econ/default_generated/weapon_sawedoff_aq_steel_light_large.b363c0f1eef83ac7291f8b64d338dcdd82183502.png",
    "type": "skin",
    "rarity": 1,
    "price": 733
  },
  "Sawed-Off | Rust Coat (Field-Tested)": {
    "quality": 3,
    "weight": 0.05,
    "skin": "Rust Coat",
    "weapon": "Sawed-Off",
    "short": "Sawed-Off | Rust Coat",
    "name": "Sawed-Off | Rust Coat (Field-Tested)",
    "src": "https://steamcdn-a.akamaihd.net/apps/730/icons/econ/default_generated/weapon_sawedoff_aq_steel_light_large.b363c0f1eef83ac7291f8b64d338dcdd82183502.png",
    "type": "skin",
    "rarity": 1,
    "price": 673
  },
  "Sawed-Off | Rust Coat (Well-Worn)": {
    "quality": 2,
    "weight": 0.05,
    "skin": "Rust Coat",
    "weapon": "Sawed-Off",
    "short": "Sawed-Off | Rust Coat",
    "name": "Sawed-Off | Rust Coat (Well-Worn)",
    "src": "https://steamcdn-a.akamaihd.net/apps/730/icons/econ/default_generated/weapon_sawedoff_aq_steel_light_large.b363c0f1eef83ac7291f8b64d338dcdd82183502.png",
    "type": "skin",
    "rarity": 1,
    "price": 755
  },
  "Sawed-Off | Rust Coat (Battle-Scarred)": {
    "quality": 1,
    "weight": 0.05,
    "skin": "Rust Coat",
    "weapon": "Sawed-Off",
    "short": "Sawed-Off | Rust Coat",
    "name": "Sawed-Off | Rust Coat (Battle-Scarred)",
    "src": "https://steamcdn-a.akamaihd.net/apps/730/icons/econ/default_generated/weapon_sawedoff_aq_steel_light_large.b363c0f1eef83ac7291f8b64d338dcdd82183502.png",
    "type": "skin",
    "rarity": 1,
    "price": 747
  },
  "Souvenir Sawed-Off | Rust Coat (Factory New)": {
    "souvenir": true,
    "quality": 5,
    "weight": 0.05,
    "skin": "Rust Coat",
    "weapon": "Sawed-Off",
    "short": "Sawed-Off | Rust Coat",
    "name": "Souvenir Sawed-Off | Rust Coat (Factory New)",
    "src": "https://steamcdn-a.akamaihd.net/apps/730/icons/econ/default_generated/weapon_sawedoff_aq_steel_light_large.b363c0f1eef83ac7291f8b64d338dcdd82183502.png",
    "type": "skin",
    "rarity": 1,
    "price": 407
  },
  "Souvenir Sawed-Off | Rust Coat (Minimal Wear)": {
    "souvenir": true,
    "quality": 4,
    "weight": 0.05,
    "skin": "Rust Coat",
    "weapon": "Sawed-Off",
    "short": "Sawed-Off | Rust Coat",
    "name": "Souvenir Sawed-Off | Rust Coat (Minimal Wear)",
    "src": "https://steamcdn-a.akamaihd.net/apps/730/icons/econ/default_generated/weapon_sawedoff_aq_steel_light_large.b363c0f1eef83ac7291f8b64d338dcdd82183502.png",
    "type": "skin",
    "rarity": 1,
    "price": 75
  },
  "Souvenir Sawed-Off | Rust Coat (Field-Tested)": {
    "souvenir": true,
    "quality": 3,
    "weight": 0.05,
    "skin": "Rust Coat",
    "weapon": "Sawed-Off",
    "short": "Sawed-Off | Rust Coat",
    "name": "Souvenir Sawed-Off | Rust Coat (Field-Tested)",
    "src": "https://steamcdn-a.akamaihd.net/apps/730/icons/econ/default_generated/weapon_sawedoff_aq_steel_light_large.b363c0f1eef83ac7291f8b64d338dcdd82183502.png",
    "type": "skin",
    "rarity": 1,
    "price": 65
  },
  "Souvenir Sawed-Off | Rust Coat (Well-Worn)": {
    "souvenir": true,
    "quality": 2,
    "weight": 0.05,
    "skin": "Rust Coat",
    "weapon": "Sawed-Off",
    "short": "Sawed-Off | Rust Coat",
    "name": "Souvenir Sawed-Off | Rust Coat (Well-Worn)",
    "src": "https://steamcdn-a.akamaihd.net/apps/730/icons/econ/default_generated/weapon_sawedoff_aq_steel_light_large.b363c0f1eef83ac7291f8b64d338dcdd82183502.png",
    "type": "skin",
    "rarity": 1,
    "price": 185
  },
  "Souvenir Sawed-Off | Rust Coat (Battle-Scarred)": {
    "souvenir": true,
    "quality": 1,
    "weight": 0.05,
    "skin": "Rust Coat",
    "weapon": "Sawed-Off",
    "short": "Sawed-Off | Rust Coat",
    "name": "Souvenir Sawed-Off | Rust Coat (Battle-Scarred)",
    "src": "https://steamcdn-a.akamaihd.net/apps/730/icons/econ/default_generated/weapon_sawedoff_aq_steel_light_large.b363c0f1eef83ac7291f8b64d338dcdd82183502.png",
    "type": "skin",
    "rarity": 1,
    "price": 252
  },
  "Sawed-Off | Rust Coat": {
    "souvenirAvailable": true,
    "masterItem": true,
    "qualities": [5, 4, 3, 2, 1],
    "skin": "Rust Coat",
    "weapon": "Sawed-Off",
    "short": "Sawed-Off | Rust Coat",
    "name": "Sawed-Off | Rust Coat",
    "src": "https://steamcdn-a.akamaihd.net/apps/730/icons/econ/default_generated/weapon_sawedoff_aq_steel_light_large.b363c0f1eef83ac7291f8b64d338dcdd82183502.png",
    "type": "skin",
    "rarity": 1,
    "price": 835,
    "minPrice": 65
  },
  "P90 | Storm (Factory New)": {
    "quality": 5,
    "weight": 0.05,
    "skin": "Storm",
    "weapon": "P90",
    "short": "P90 | Storm",
    "name": "P90 | Storm (Factory New)",
    "src": "https://steamcdn-a.akamaihd.net/apps/730/icons/econ/default_generated/weapon_p90_so_stormfront_light_large.60d73691845ad5ad0e5d8a15b488807d9c25a57f.png",
    "type": "skin",
    "rarity": 0,
    "price": 382
  },
  "P90 | Storm (Minimal Wear)": {
    "quality": 4,
    "weight": 0.05,
    "skin": "Storm",
    "weapon": "P90",
    "short": "P90 | Storm",
    "name": "P90 | Storm (Minimal Wear)",
    "src": "https://steamcdn-a.akamaihd.net/apps/730/icons/econ/default_generated/weapon_p90_so_stormfront_light_large.60d73691845ad5ad0e5d8a15b488807d9c25a57f.png",
    "type": "skin",
    "rarity": 0,
    "price": 120
  },
  "P90 | Storm (Field-Tested)": {
    "quality": 3,
    "weight": 0.05,
    "skin": "Storm",
    "weapon": "P90",
    "short": "P90 | Storm",
    "name": "P90 | Storm (Field-Tested)",
    "src": "https://steamcdn-a.akamaihd.net/apps/730/icons/econ/default_generated/weapon_p90_so_stormfront_light_large.60d73691845ad5ad0e5d8a15b488807d9c25a57f.png",
    "type": "skin",
    "rarity": 0,
    "price": 81
  },
  "P90 | Storm (Well-Worn)": {
    "quality": 2,
    "weight": 0.05,
    "skin": "Storm",
    "weapon": "P90",
    "short": "P90 | Storm",
    "name": "P90 | Storm (Well-Worn)",
    "src": "https://steamcdn-a.akamaihd.net/apps/730/icons/econ/default_generated/weapon_p90_so_stormfront_light_large.60d73691845ad5ad0e5d8a15b488807d9c25a57f.png",
    "type": "skin",
    "rarity": 0,
    "price": 91
  },
  "P90 | Storm (Battle-Scarred)": {
    "quality": 1,
    "weight": 0.05,
    "skin": "Storm",
    "weapon": "P90",
    "short": "P90 | Storm",
    "name": "P90 | Storm (Battle-Scarred)",
    "src": "https://steamcdn-a.akamaihd.net/apps/730/icons/econ/default_generated/weapon_p90_so_stormfront_light_large.60d73691845ad5ad0e5d8a15b488807d9c25a57f.png",
    "type": "skin",
    "rarity": 0,
    "price": 91
  },
  "Souvenir P90 | Storm (Factory New)": {
    "souvenir": true,
    "quality": 5,
    "weight": 0.05,
    "skin": "Storm",
    "weapon": "P90",
    "short": "P90 | Storm",
    "name": "Souvenir P90 | Storm (Factory New)",
    "src": "https://steamcdn-a.akamaihd.net/apps/730/icons/econ/default_generated/weapon_p90_so_stormfront_light_large.60d73691845ad5ad0e5d8a15b488807d9c25a57f.png",
    "type": "skin",
    "rarity": 0,
    "price": 1100
  },
  "Souvenir P90 | Storm (Minimal Wear)": {
    "souvenir": true,
    "quality": 4,
    "weight": 0.05,
    "skin": "Storm",
    "weapon": "P90",
    "short": "P90 | Storm",
    "name": "Souvenir P90 | Storm (Minimal Wear)",
    "src": "https://steamcdn-a.akamaihd.net/apps/730/icons/econ/default_generated/weapon_p90_so_stormfront_light_large.60d73691845ad5ad0e5d8a15b488807d9c25a57f.png",
    "type": "skin",
    "rarity": 0,
    "price": 122
  },
  "Souvenir P90 | Storm (Field-Tested)": {
    "souvenir": true,
    "quality": 3,
    "weight": 0.05,
    "skin": "Storm",
    "weapon": "P90",
    "short": "P90 | Storm",
    "name": "Souvenir P90 | Storm (Field-Tested)",
    "src": "https://steamcdn-a.akamaihd.net/apps/730/icons/econ/default_generated/weapon_p90_so_stormfront_light_large.60d73691845ad5ad0e5d8a15b488807d9c25a57f.png",
    "type": "skin",
    "rarity": 0,
    "price": 34
  },
  "Souvenir P90 | Storm (Well-Worn)": {
    "souvenir": true,
    "quality": 2,
    "weight": 0.05,
    "skin": "Storm",
    "weapon": "P90",
    "short": "P90 | Storm",
    "name": "Souvenir P90 | Storm (Well-Worn)",
    "src": "https://steamcdn-a.akamaihd.net/apps/730/icons/econ/default_generated/weapon_p90_so_stormfront_light_large.60d73691845ad5ad0e5d8a15b488807d9c25a57f.png",
    "type": "skin",
    "rarity": 0,
    "price": 39
  },
  "Souvenir P90 | Storm (Battle-Scarred)": {
    "souvenir": true,
    "quality": 1,
    "weight": 0.05,
    "skin": "Storm",
    "weapon": "P90",
    "short": "P90 | Storm",
    "name": "Souvenir P90 | Storm (Battle-Scarred)",
    "src": "https://steamcdn-a.akamaihd.net/apps/730/icons/econ/default_generated/weapon_p90_so_stormfront_light_large.60d73691845ad5ad0e5d8a15b488807d9c25a57f.png",
    "type": "skin",
    "rarity": 0,
    "price": 46
  },
  "P90 | Storm": {
    "souvenirAvailable": true,
    "masterItem": true,
    "qualities": [5, 4, 3, 2, 1],
    "skin": "Storm",
    "weapon": "P90",
    "short": "P90 | Storm",
    "name": "P90 | Storm",
    "src": "https://steamcdn-a.akamaihd.net/apps/730/icons/econ/default_generated/weapon_p90_so_stormfront_light_large.60d73691845ad5ad0e5d8a15b488807d9c25a57f.png",
    "type": "skin",
    "rarity": 0,
    "price": 1100,
    "minPrice": 34
  },
  "Dual Berettas | Briar (Factory New)": {
    "quality": 5,
    "weight": 0.05,
    "skin": "Briar",
    "weapon": "Dual Berettas",
    "short": "Dual Berettas | Briar",
    "name": "Dual Berettas | Briar (Factory New)",
    "src": "https://steamcdn-a.akamaihd.net/apps/730/icons/econ/default_generated/weapon_elite_hy_vines_light_large.bb506f02418403c8a48f7829bdc065a71c3a77d0.png",
    "type": "skin",
    "rarity": 0,
    "price": 163
  },
  "Dual Berettas | Briar (Minimal Wear)": {
    "quality": 4,
    "weight": 0.05,
    "skin": "Briar",
    "weapon": "Dual Berettas",
    "short": "Dual Berettas | Briar",
    "name": "Dual Berettas | Briar (Minimal Wear)",
    "src": "https://steamcdn-a.akamaihd.net/apps/730/icons/econ/default_generated/weapon_elite_hy_vines_light_large.bb506f02418403c8a48f7829bdc065a71c3a77d0.png",
    "type": "skin",
    "rarity": 0,
    "price": 108
  },
  "Dual Berettas | Briar (Field-Tested)": {
    "quality": 3,
    "weight": 0.05,
    "skin": "Briar",
    "weapon": "Dual Berettas",
    "short": "Dual Berettas | Briar",
    "name": "Dual Berettas | Briar (Field-Tested)",
    "src": "https://steamcdn-a.akamaihd.net/apps/730/icons/econ/default_generated/weapon_elite_hy_vines_light_large.bb506f02418403c8a48f7829bdc065a71c3a77d0.png",
    "type": "skin",
    "rarity": 0,
    "price": 95
  },
  "Souvenir Dual Berettas | Briar (Factory New)": {
    "souvenir": true,
    "quality": 5,
    "weight": 0.05,
    "skin": "Briar",
    "weapon": "Dual Berettas",
    "short": "Dual Berettas | Briar",
    "name": "Souvenir Dual Berettas | Briar (Factory New)",
    "src": "https://steamcdn-a.akamaihd.net/apps/730/icons/econ/default_generated/weapon_elite_hy_vines_light_large.bb506f02418403c8a48f7829bdc065a71c3a77d0.png",
    "type": "skin",
    "rarity": 0,
    "price": 149
  },
  "Souvenir Dual Berettas | Briar (Minimal Wear)": {
    "souvenir": true,
    "quality": 4,
    "weight": 0.05,
    "skin": "Briar",
    "weapon": "Dual Berettas",
    "short": "Dual Berettas | Briar",
    "name": "Souvenir Dual Berettas | Briar (Minimal Wear)",
    "src": "https://steamcdn-a.akamaihd.net/apps/730/icons/econ/default_generated/weapon_elite_hy_vines_light_large.bb506f02418403c8a48f7829bdc065a71c3a77d0.png",
    "type": "skin",
    "rarity": 0,
    "price": 104
  },
  "Souvenir Dual Berettas | Briar (Field-Tested)": {
    "souvenir": true,
    "quality": 3,
    "weight": 0.05,
    "skin": "Briar",
    "weapon": "Dual Berettas",
    "short": "Dual Berettas | Briar",
    "name": "Souvenir Dual Berettas | Briar (Field-Tested)",
    "src": "https://steamcdn-a.akamaihd.net/apps/730/icons/econ/default_generated/weapon_elite_hy_vines_light_large.bb506f02418403c8a48f7829bdc065a71c3a77d0.png",
    "type": "skin",
    "rarity": 0,
    "price": 101
  },
  "Dual Berettas | Briar": {
    "souvenirAvailable": true,
    "masterItem": true,
    "qualities": [5, 4, 3],
    "skin": "Briar",
    "weapon": "Dual Berettas",
    "short": "Dual Berettas | Briar",
    "name": "Dual Berettas | Briar",
    "src": "https://steamcdn-a.akamaihd.net/apps/730/icons/econ/default_generated/weapon_elite_hy_vines_light_large.bb506f02418403c8a48f7829bdc065a71c3a77d0.png",
    "type": "skin",
    "rarity": 0,
    "price": 163,
    "minPrice": 95
  },
  "SCAR-20 | Storm (Factory New)": {
    "quality": 5,
    "weight": 0.05,
    "skin": "Storm",
    "weapon": "SCAR-20",
    "short": "SCAR-20 | Storm",
    "name": "SCAR-20 | Storm (Factory New)",
    "src": "https://steamcdn-a.akamaihd.net/apps/730/icons/econ/default_generated/weapon_scar20_so_stormfront_light_large.3bebdbcd4ea2ae851cdd2a06d0663121d01ebd79.png",
    "type": "skin",
    "rarity": 0,
    "price": 358
  },
  "SCAR-20 | Storm (Minimal Wear)": {
    "quality": 4,
    "weight": 0.05,
    "skin": "Storm",
    "weapon": "SCAR-20",
    "short": "SCAR-20 | Storm",
    "name": "SCAR-20 | Storm (Minimal Wear)",
    "src": "https://steamcdn-a.akamaihd.net/apps/730/icons/econ/default_generated/weapon_scar20_so_stormfront_light_large.3bebdbcd4ea2ae851cdd2a06d0663121d01ebd79.png",
    "type": "skin",
    "rarity": 0,
    "price": 110
  },
  "SCAR-20 | Storm (Field-Tested)": {
    "quality": 3,
    "weight": 0.05,
    "skin": "Storm",
    "weapon": "SCAR-20",
    "short": "SCAR-20 | Storm",
    "name": "SCAR-20 | Storm (Field-Tested)",
    "src": "https://steamcdn-a.akamaihd.net/apps/730/icons/econ/default_generated/weapon_scar20_so_stormfront_light_large.3bebdbcd4ea2ae851cdd2a06d0663121d01ebd79.png",
    "type": "skin",
    "rarity": 0,
    "price": 91
  },
  "SCAR-20 | Storm (Well-Worn)": {
    "quality": 2,
    "weight": 0.05,
    "skin": "Storm",
    "weapon": "SCAR-20",
    "short": "SCAR-20 | Storm",
    "name": "SCAR-20 | Storm (Well-Worn)",
    "src": "https://steamcdn-a.akamaihd.net/apps/730/icons/econ/default_generated/weapon_scar20_so_stormfront_light_large.3bebdbcd4ea2ae851cdd2a06d0663121d01ebd79.png",
    "type": "skin",
    "rarity": 0,
    "price": 89
  },
  "SCAR-20 | Storm (Battle-Scarred)": {
    "quality": 1,
    "weight": 0.05,
    "skin": "Storm",
    "weapon": "SCAR-20",
    "short": "SCAR-20 | Storm",
    "name": "SCAR-20 | Storm (Battle-Scarred)",
    "src": "https://steamcdn-a.akamaihd.net/apps/730/icons/econ/default_generated/weapon_scar20_so_stormfront_light_large.3bebdbcd4ea2ae851cdd2a06d0663121d01ebd79.png",
    "type": "skin",
    "rarity": 0,
    "price": 88
  },
  "Souvenir SCAR-20 | Storm (Factory New)": {
    "souvenir": true,
    "quality": 5,
    "weight": 0.05,
    "skin": "Storm",
    "weapon": "SCAR-20",
    "short": "SCAR-20 | Storm",
    "name": "Souvenir SCAR-20 | Storm (Factory New)",
    "src": "https://steamcdn-a.akamaihd.net/apps/730/icons/econ/default_generated/weapon_scar20_so_stormfront_light_large.3bebdbcd4ea2ae851cdd2a06d0663121d01ebd79.png",
    "type": "skin",
    "rarity": 0,
    "price": 765
  },
  "Souvenir SCAR-20 | Storm (Minimal Wear)": {
    "souvenir": true,
    "quality": 4,
    "weight": 0.05,
    "skin": "Storm",
    "weapon": "SCAR-20",
    "short": "SCAR-20 | Storm",
    "name": "Souvenir SCAR-20 | Storm (Minimal Wear)",
    "src": "https://steamcdn-a.akamaihd.net/apps/730/icons/econ/default_generated/weapon_scar20_so_stormfront_light_large.3bebdbcd4ea2ae851cdd2a06d0663121d01ebd79.png",
    "type": "skin",
    "rarity": 0,
    "price": 85
  },
  "Souvenir SCAR-20 | Storm (Field-Tested)": {
    "souvenir": true,
    "quality": 3,
    "weight": 0.05,
    "skin": "Storm",
    "weapon": "SCAR-20",
    "short": "SCAR-20 | Storm",
    "name": "Souvenir SCAR-20 | Storm (Field-Tested)",
    "src": "https://steamcdn-a.akamaihd.net/apps/730/icons/econ/default_generated/weapon_scar20_so_stormfront_light_large.3bebdbcd4ea2ae851cdd2a06d0663121d01ebd79.png",
    "type": "skin",
    "rarity": 0,
    "price": 25
  },
  "Souvenir SCAR-20 | Storm (Well-Worn)": {
    "souvenir": true,
    "quality": 2,
    "weight": 0.05,
    "skin": "Storm",
    "weapon": "SCAR-20",
    "short": "SCAR-20 | Storm",
    "name": "Souvenir SCAR-20 | Storm (Well-Worn)",
    "src": "https://steamcdn-a.akamaihd.net/apps/730/icons/econ/default_generated/weapon_scar20_so_stormfront_light_large.3bebdbcd4ea2ae851cdd2a06d0663121d01ebd79.png",
    "type": "skin",
    "rarity": 0,
    "price": 34
  },
  "Souvenir SCAR-20 | Storm (Battle-Scarred)": {
    "souvenir": true,
    "quality": 1,
    "weight": 0.05,
    "skin": "Storm",
    "weapon": "SCAR-20",
    "short": "SCAR-20 | Storm",
    "name": "Souvenir SCAR-20 | Storm (Battle-Scarred)",
    "src": "https://steamcdn-a.akamaihd.net/apps/730/icons/econ/default_generated/weapon_scar20_so_stormfront_light_large.3bebdbcd4ea2ae851cdd2a06d0663121d01ebd79.png",
    "type": "skin",
    "rarity": 0,
    "price": 43
  },
  "SCAR-20 | Storm": {
    "souvenirAvailable": true,
    "masterItem": true,
    "qualities": [5, 4, 3, 2, 1],
    "skin": "Storm",
    "weapon": "SCAR-20",
    "short": "SCAR-20 | Storm",
    "name": "SCAR-20 | Storm",
    "src": "https://steamcdn-a.akamaihd.net/apps/730/icons/econ/default_generated/weapon_scar20_so_stormfront_light_large.3bebdbcd4ea2ae851cdd2a06d0663121d01ebd79.png",
    "type": "skin",
    "rarity": 0,
    "price": 765,
    "minPrice": 25
  },
  "MAC-10 | Indigo (Factory New)": {
    "quality": 5,
    "weight": 0.05,
    "skin": "Indigo",
    "weapon": "MAC-10",
    "short": "MAC-10 | Indigo",
    "name": "MAC-10 | Indigo (Factory New)",
    "src": "https://steamcdn-a.akamaihd.net/apps/730/icons/econ/default_generated/weapon_mac10_so_indigo_and_grey_light_large.9900a7e2bc4fc67df08d3aff103526f666f1ef70.png",
    "type": "skin",
    "rarity": 0,
    "price": 497
  },
  "MAC-10 | Indigo (Minimal Wear)": {
    "quality": 4,
    "weight": 0.05,
    "skin": "Indigo",
    "weapon": "MAC-10",
    "short": "MAC-10 | Indigo",
    "name": "MAC-10 | Indigo (Minimal Wear)",
    "src": "https://steamcdn-a.akamaihd.net/apps/730/icons/econ/default_generated/weapon_mac10_so_indigo_and_grey_light_large.9900a7e2bc4fc67df08d3aff103526f666f1ef70.png",
    "type": "skin",
    "rarity": 0,
    "price": 113
  },
  "MAC-10 | Indigo (Field-Tested)": {
    "quality": 3,
    "weight": 0.05,
    "skin": "Indigo",
    "weapon": "MAC-10",
    "short": "MAC-10 | Indigo",
    "name": "MAC-10 | Indigo (Field-Tested)",
    "src": "https://steamcdn-a.akamaihd.net/apps/730/icons/econ/default_generated/weapon_mac10_so_indigo_and_grey_light_large.9900a7e2bc4fc67df08d3aff103526f666f1ef70.png",
    "type": "skin",
    "rarity": 0,
    "price": 89
  },
  "MAC-10 | Indigo (Well-Worn)": {
    "quality": 2,
    "weight": 0.05,
    "skin": "Indigo",
    "weapon": "MAC-10",
    "short": "MAC-10 | Indigo",
    "name": "MAC-10 | Indigo (Well-Worn)",
    "src": "https://steamcdn-a.akamaihd.net/apps/730/icons/econ/default_generated/weapon_mac10_so_indigo_and_grey_light_large.9900a7e2bc4fc67df08d3aff103526f666f1ef70.png",
    "type": "skin",
    "rarity": 0,
    "price": 86
  },
  "MAC-10 | Indigo (Battle-Scarred)": {
    "quality": 1,
    "weight": 0.05,
    "skin": "Indigo",
    "weapon": "MAC-10",
    "short": "MAC-10 | Indigo",
    "name": "MAC-10 | Indigo (Battle-Scarred)",
    "src": "https://steamcdn-a.akamaihd.net/apps/730/icons/econ/default_generated/weapon_mac10_so_indigo_and_grey_light_large.9900a7e2bc4fc67df08d3aff103526f666f1ef70.png",
    "type": "skin",
    "rarity": 0,
    "price": 87
  },
  "Souvenir MAC-10 | Indigo (Factory New)": {
    "souvenir": true,
    "quality": 5,
    "weight": 0.05,
    "skin": "Indigo",
    "weapon": "MAC-10",
    "short": "MAC-10 | Indigo",
    "name": "Souvenir MAC-10 | Indigo (Factory New)",
    "src": "https://steamcdn-a.akamaihd.net/apps/730/icons/econ/default_generated/weapon_mac10_so_indigo_and_grey_light_large.9900a7e2bc4fc67df08d3aff103526f666f1ef70.png",
    "type": "skin",
    "rarity": 0,
    "price": 1835
  },
  "Souvenir MAC-10 | Indigo (Minimal Wear)": {
    "souvenir": true,
    "quality": 4,
    "weight": 0.05,
    "skin": "Indigo",
    "weapon": "MAC-10",
    "short": "MAC-10 | Indigo",
    "name": "Souvenir MAC-10 | Indigo (Minimal Wear)",
    "src": "https://steamcdn-a.akamaihd.net/apps/730/icons/econ/default_generated/weapon_mac10_so_indigo_and_grey_light_large.9900a7e2bc4fc67df08d3aff103526f666f1ef70.png",
    "type": "skin",
    "rarity": 0,
    "price": 264
  },
  "Souvenir MAC-10 | Indigo (Field-Tested)": {
    "souvenir": true,
    "quality": 3,
    "weight": 0.05,
    "skin": "Indigo",
    "weapon": "MAC-10",
    "short": "MAC-10 | Indigo",
    "name": "Souvenir MAC-10 | Indigo (Field-Tested)",
    "src": "https://steamcdn-a.akamaihd.net/apps/730/icons/econ/default_generated/weapon_mac10_so_indigo_and_grey_light_large.9900a7e2bc4fc67df08d3aff103526f666f1ef70.png",
    "type": "skin",
    "rarity": 0,
    "price": 92
  },
  "Souvenir MAC-10 | Indigo (Well-Worn)": {
    "souvenir": true,
    "quality": 2,
    "weight": 0.05,
    "skin": "Indigo",
    "weapon": "MAC-10",
    "short": "MAC-10 | Indigo",
    "name": "Souvenir MAC-10 | Indigo (Well-Worn)",
    "src": "https://steamcdn-a.akamaihd.net/apps/730/icons/econ/default_generated/weapon_mac10_so_indigo_and_grey_light_large.9900a7e2bc4fc67df08d3aff103526f666f1ef70.png",
    "type": "skin",
    "rarity": 0,
    "price": 91
  },
  "Souvenir MAC-10 | Indigo (Battle-Scarred)": {
    "souvenir": true,
    "quality": 1,
    "weight": 0.05,
    "skin": "Indigo",
    "weapon": "MAC-10",
    "short": "MAC-10 | Indigo",
    "name": "Souvenir MAC-10 | Indigo (Battle-Scarred)",
    "src": "https://steamcdn-a.akamaihd.net/apps/730/icons/econ/default_generated/weapon_mac10_so_indigo_and_grey_light_large.9900a7e2bc4fc67df08d3aff103526f666f1ef70.png",
    "type": "skin",
    "rarity": 0,
    "price": 68
  },
  "MAC-10 | Indigo": {
    "souvenirAvailable": true,
    "masterItem": true,
    "qualities": [5, 4, 3, 2, 1],
    "skin": "Indigo",
    "weapon": "MAC-10",
    "short": "MAC-10 | Indigo",
    "name": "MAC-10 | Indigo",
    "src": "https://steamcdn-a.akamaihd.net/apps/730/icons/econ/default_generated/weapon_mac10_so_indigo_and_grey_light_large.9900a7e2bc4fc67df08d3aff103526f666f1ef70.png",
    "type": "skin",
    "rarity": 0,
    "price": 1835,
    "minPrice": 68
  },
  "UMP-45 | Indigo (Factory New)": {
    "quality": 5,
    "weight": 0.05,
    "skin": "Indigo",
    "weapon": "UMP-45",
    "short": "UMP-45 | Indigo",
    "name": "UMP-45 | Indigo (Factory New)",
    "src": "https://steamcdn-a.akamaihd.net/apps/730/icons/econ/default_generated/weapon_ump45_so_indigo_and_grey_light_large.7a4685c334bf103f25ba1865dc0492315bf0ca5c.png",
    "type": "skin",
    "rarity": 0,
    "price": 335
  },
  "UMP-45 | Indigo (Minimal Wear)": {
    "quality": 4,
    "weight": 0.05,
    "skin": "Indigo",
    "weapon": "UMP-45",
    "short": "UMP-45 | Indigo",
    "name": "UMP-45 | Indigo (Minimal Wear)",
    "src": "https://steamcdn-a.akamaihd.net/apps/730/icons/econ/default_generated/weapon_ump45_so_indigo_and_grey_light_large.7a4685c334bf103f25ba1865dc0492315bf0ca5c.png",
    "type": "skin",
    "rarity": 0,
    "price": 108
  },
  "UMP-45 | Indigo (Field-Tested)": {
    "quality": 3,
    "weight": 0.05,
    "skin": "Indigo",
    "weapon": "UMP-45",
    "short": "UMP-45 | Indigo",
    "name": "UMP-45 | Indigo (Field-Tested)",
    "src": "https://steamcdn-a.akamaihd.net/apps/730/icons/econ/default_generated/weapon_ump45_so_indigo_and_grey_light_large.7a4685c334bf103f25ba1865dc0492315bf0ca5c.png",
    "type": "skin",
    "rarity": 0,
    "price": 85
  },
  "UMP-45 | Indigo (Well-Worn)": {
    "quality": 2,
    "weight": 0.05,
    "skin": "Indigo",
    "weapon": "UMP-45",
    "short": "UMP-45 | Indigo",
    "name": "UMP-45 | Indigo (Well-Worn)",
    "src": "https://steamcdn-a.akamaihd.net/apps/730/icons/econ/default_generated/weapon_ump45_so_indigo_and_grey_light_large.7a4685c334bf103f25ba1865dc0492315bf0ca5c.png",
    "type": "skin",
    "rarity": 0,
    "price": 98
  },
  "UMP-45 | Indigo (Battle-Scarred)": {
    "quality": 1,
    "weight": 0.05,
    "skin": "Indigo",
    "weapon": "UMP-45",
    "short": "UMP-45 | Indigo",
    "name": "UMP-45 | Indigo (Battle-Scarred)",
    "src": "https://steamcdn-a.akamaihd.net/apps/730/icons/econ/default_generated/weapon_ump45_so_indigo_and_grey_light_large.7a4685c334bf103f25ba1865dc0492315bf0ca5c.png",
    "type": "skin",
    "rarity": 0,
    "price": 90
  },
  "Souvenir UMP-45 | Indigo (Factory New)": {
    "souvenir": true,
    "quality": 5,
    "weight": 0.05,
    "skin": "Indigo",
    "weapon": "UMP-45",
    "short": "UMP-45 | Indigo",
    "name": "Souvenir UMP-45 | Indigo (Factory New)",
    "src": "https://steamcdn-a.akamaihd.net/apps/730/icons/econ/default_generated/weapon_ump45_so_indigo_and_grey_light_large.7a4685c334bf103f25ba1865dc0492315bf0ca5c.png",
    "type": "skin",
    "rarity": 0,
    "price": 1106
  },
  "Souvenir UMP-45 | Indigo (Minimal Wear)": {
    "souvenir": true,
    "quality": 4,
    "weight": 0.05,
    "skin": "Indigo",
    "weapon": "UMP-45",
    "short": "UMP-45 | Indigo",
    "name": "Souvenir UMP-45 | Indigo (Minimal Wear)",
    "src": "https://steamcdn-a.akamaihd.net/apps/730/icons/econ/default_generated/weapon_ump45_so_indigo_and_grey_light_large.7a4685c334bf103f25ba1865dc0492315bf0ca5c.png",
    "type": "skin",
    "rarity": 0,
    "price": 170
  },
  "Souvenir UMP-45 | Indigo (Field-Tested)": {
    "souvenir": true,
    "quality": 3,
    "weight": 0.05,
    "skin": "Indigo",
    "weapon": "UMP-45",
    "short": "UMP-45 | Indigo",
    "name": "Souvenir UMP-45 | Indigo (Field-Tested)",
    "src": "https://steamcdn-a.akamaihd.net/apps/730/icons/econ/default_generated/weapon_ump45_so_indigo_and_grey_light_large.7a4685c334bf103f25ba1865dc0492315bf0ca5c.png",
    "type": "skin",
    "rarity": 0,
    "price": 41
  },
  "Souvenir UMP-45 | Indigo (Well-Worn)": {
    "souvenir": true,
    "quality": 2,
    "weight": 0.05,
    "skin": "Indigo",
    "weapon": "UMP-45",
    "short": "UMP-45 | Indigo",
    "name": "Souvenir UMP-45 | Indigo (Well-Worn)",
    "src": "https://steamcdn-a.akamaihd.net/apps/730/icons/econ/default_generated/weapon_ump45_so_indigo_and_grey_light_large.7a4685c334bf103f25ba1865dc0492315bf0ca5c.png",
    "type": "skin",
    "rarity": 0,
    "price": 78
  },
  "Souvenir UMP-45 | Indigo (Battle-Scarred)": {
    "souvenir": true,
    "quality": 1,
    "weight": 0.05,
    "skin": "Indigo",
    "weapon": "UMP-45",
    "short": "UMP-45 | Indigo",
    "name": "Souvenir UMP-45 | Indigo (Battle-Scarred)",
    "src": "https://steamcdn-a.akamaihd.net/apps/730/icons/econ/default_generated/weapon_ump45_so_indigo_and_grey_light_large.7a4685c334bf103f25ba1865dc0492315bf0ca5c.png",
    "type": "skin",
    "rarity": 0,
    "price": 34
  },
  "UMP-45 | Indigo": {
    "souvenirAvailable": true,
    "masterItem": true,
    "qualities": [5, 4, 3, 2, 1],
    "skin": "Indigo",
    "weapon": "UMP-45",
    "short": "UMP-45 | Indigo",
    "name": "UMP-45 | Indigo",
    "src": "https://steamcdn-a.akamaihd.net/apps/730/icons/econ/default_generated/weapon_ump45_so_indigo_and_grey_light_large.7a4685c334bf103f25ba1865dc0492315bf0ca5c.png",
    "type": "skin",
    "rarity": 0,
    "price": 1106,
    "minPrice": 34
  },
  "MAG-7 | Silver (Factory New)": {
    "quality": 5,
    "weight": 0.05,
    "skin": "Silver",
    "weapon": "MAG-7",
    "short": "MAG-7 | Silver",
    "name": "MAG-7 | Silver (Factory New)",
    "src": "https://steamcdn-a.akamaihd.net/apps/730/icons/econ/default_generated/weapon_mag7_an_silver_light_large.ffb14b93d930ff95920974edd78cf6b31b48fe43.png",
    "type": "skin",
    "rarity": 1,
    "price": 664
  },
  "MAG-7 | Silver (Minimal Wear)": {
    "quality": 4,
    "weight": 0.05,
    "skin": "Silver",
    "weapon": "MAG-7",
    "short": "MAG-7 | Silver",
    "name": "MAG-7 | Silver (Minimal Wear)",
    "src": "https://steamcdn-a.akamaihd.net/apps/730/icons/econ/default_generated/weapon_mag7_an_silver_light_large.ffb14b93d930ff95920974edd78cf6b31b48fe43.png",
    "type": "skin",
    "rarity": 1,
    "price": 890
  },
  "Souvenir MAG-7 | Silver (Factory New)": {
    "souvenir": true,
    "quality": 5,
    "weight": 0.05,
    "skin": "Silver",
    "weapon": "MAG-7",
    "short": "MAG-7 | Silver",
    "name": "Souvenir MAG-7 | Silver (Factory New)",
    "src": "https://steamcdn-a.akamaihd.net/apps/730/icons/econ/default_generated/weapon_mag7_an_silver_light_large.ffb14b93d930ff95920974edd78cf6b31b48fe43.png",
    "type": "skin",
    "rarity": 1,
    "price": 649
  },
  "Souvenir MAG-7 | Silver (Minimal Wear)": {
    "souvenir": true,
    "quality": 4,
    "weight": 0.05,
    "skin": "Silver",
    "weapon": "MAG-7",
    "short": "MAG-7 | Silver",
    "name": "Souvenir MAG-7 | Silver (Minimal Wear)",
    "src": "https://steamcdn-a.akamaihd.net/apps/730/icons/econ/default_generated/weapon_mag7_an_silver_light_large.ffb14b93d930ff95920974edd78cf6b31b48fe43.png",
    "type": "skin",
    "rarity": 1,
    "price": 608
  },
  "MAG-7 | Silver": {
    "souvenirAvailable": true,
    "masterItem": true,
    "qualities": [5, 4],
    "skin": "Silver",
    "weapon": "MAG-7",
    "short": "MAG-7 | Silver",
    "name": "MAG-7 | Silver",
    "src": "https://steamcdn-a.akamaihd.net/apps/730/icons/econ/default_generated/weapon_mag7_an_silver_light_large.ffb14b93d930ff95920974edd78cf6b31b48fe43.png",
    "type": "skin",
    "rarity": 1,
    "price": 890,
    "minPrice": 608
  },
  "Nova | Green Apple (Factory New)": {
    "quality": 5,
    "weight": 0.05,
    "skin": "Green Apple",
    "weapon": "Nova",
    "short": "Nova | Green Apple",
    "name": "Nova | Green Apple (Factory New)",
    "src": "https://steamcdn-a.akamaihd.net/apps/730/icons/econ/default_generated/weapon_nova_so_green_light_large.f6b21316c800bb19022612e4b965f7d312e8e4f5.png",
    "type": "skin",
    "rarity": 1,
    "price": 698
  },
  "Nova | Green Apple (Minimal Wear)": {
    "quality": 4,
    "weight": 0.05,
    "skin": "Green Apple",
    "weapon": "Nova",
    "short": "Nova | Green Apple",
    "name": "Nova | Green Apple (Minimal Wear)",
    "src": "https://steamcdn-a.akamaihd.net/apps/730/icons/econ/default_generated/weapon_nova_so_green_light_large.f6b21316c800bb19022612e4b965f7d312e8e4f5.png",
    "type": "skin",
    "rarity": 1,
    "price": 737
  },
  "Nova | Green Apple (Field-Tested)": {
    "quality": 3,
    "weight": 0.05,
    "skin": "Green Apple",
    "weapon": "Nova",
    "short": "Nova | Green Apple",
    "name": "Nova | Green Apple (Field-Tested)",
    "src": "https://steamcdn-a.akamaihd.net/apps/730/icons/econ/default_generated/weapon_nova_so_green_light_large.f6b21316c800bb19022612e4b965f7d312e8e4f5.png",
    "type": "skin",
    "rarity": 1,
    "price": 777
  },
  "Souvenir Nova | Green Apple (Factory New)": {
    "souvenir": true,
    "quality": 5,
    "weight": 0.05,
    "skin": "Green Apple",
    "weapon": "Nova",
    "short": "Nova | Green Apple",
    "name": "Souvenir Nova | Green Apple (Factory New)",
    "src": "https://steamcdn-a.akamaihd.net/apps/730/icons/econ/default_generated/weapon_nova_so_green_light_large.f6b21316c800bb19022612e4b965f7d312e8e4f5.png",
    "type": "skin",
    "rarity": 1,
    "price": 296
  },
  "Souvenir Nova | Green Apple (Minimal Wear)": {
    "souvenir": true,
    "quality": 4,
    "weight": 0.05,
    "skin": "Green Apple",
    "weapon": "Nova",
    "short": "Nova | Green Apple",
    "name": "Souvenir Nova | Green Apple (Minimal Wear)",
    "src": "https://steamcdn-a.akamaihd.net/apps/730/icons/econ/default_generated/weapon_nova_so_green_light_large.f6b21316c800bb19022612e4b965f7d312e8e4f5.png",
    "type": "skin",
    "rarity": 1,
    "price": 146
  },
  "Souvenir Nova | Green Apple (Field-Tested)": {
    "souvenir": true,
    "quality": 3,
    "weight": 0.05,
    "skin": "Green Apple",
    "weapon": "Nova",
    "short": "Nova | Green Apple",
    "name": "Souvenir Nova | Green Apple (Field-Tested)",
    "src": "https://steamcdn-a.akamaihd.net/apps/730/icons/econ/default_generated/weapon_nova_so_green_light_large.f6b21316c800bb19022612e4b965f7d312e8e4f5.png",
    "type": "skin",
    "rarity": 1,
    "price": 192
  },
  "Nova | Green Apple": {
    "souvenirAvailable": true,
    "masterItem": true,
    "qualities": [5, 4, 3],
    "skin": "Green Apple",
    "weapon": "Nova",
    "short": "Nova | Green Apple",
    "name": "Nova | Green Apple",
    "src": "https://steamcdn-a.akamaihd.net/apps/730/icons/econ/default_generated/weapon_nova_so_green_light_large.f6b21316c800bb19022612e4b965f7d312e8e4f5.png",
    "type": "skin",
    "rarity": 1,
    "price": 777,
    "minPrice": 146
  }
}