{"The Control Collection":{"name":"The Control Collection","src":"images/items/collections/control.png","price":3589,"type":"case","rarity":0,"content":{"items":["AWP | Fade (Factory New)","AWP | Fade (Minimal Wear)","M4A1-S | Blue Phosphor (Factory New)","M4A1-S | Blue Phosphor (Minimal Wear)","FAMAS | Prime Conspiracy (Factory New)","FAMAS | Prime Conspiracy (Minimal Wear)","FAMAS | Prime Conspiracy (Field-Tested)","FAMAS | Prime Conspiracy (Well-Worn)","FAMAS | Prime Conspiracy (Battle-Scarred)","UMP-45 | Crime Scene (Factory New)","UMP-45 | Crime Scene (Minimal Wear)","UMP-45 | Crime Scene (Field-Tested)","UMP-45 | Crime Scene (Well-Worn)","UMP-45 | Crime Scene (Battle-Scarred)","AUG | Surveillance (Factory New)","AUG | Surveillance (Minimal Wear)","AUG | Surveillance (Field-Tested)","AUG | Surveillance (Well-Worn)","AUG | Surveillance (Battle-Scarred)","CZ75-Auto | Jungle Dashed (Factory New)","CZ75-Auto | Jungle Dashed (Minimal Wear)","CZ75-Auto | Jungle Dashed (Field-Tested)","CZ75-Auto | Jungle Dashed (Well-Worn)","CZ75-Auto | Jungle Dashed (Battle-Scarred)","USP-S | Target Acquired (Factory New)","USP-S | Target Acquired (Minimal Wear)","USP-S | Target Acquired (Field-Tested)","USP-S | Target Acquired (Well-Worn)","USP-S | Target Acquired (Battle-Scarred)","Dual Berettas | Switch Board (Factory New)","Dual Berettas | Switch Board (Minimal Wear)","Dual Berettas | Switch Board (Field-Tested)","Dual Berettas | Switch Board (Well-Worn)","Dual Berettas | Switch Board (Battle-Scarred)","MAG-7 | Carbon Fiber (Factory New)","MAG-7 | Carbon Fiber (Minimal Wear)","MP9 | Army Sheen (Factory New)","MP9 | Army Sheen (Minimal Wear)","MP9 | Army Sheen (Field-Tested)","SCAR-20 | Magna Carta (Factory New)","SCAR-20 | Magna Carta (Minimal Wear)","SCAR-20 | Magna Carta (Field-Tested)","SCAR-20 | Magna Carta (Well-Worn)","SCAR-20 | Magna Carta (Battle-Scarred)","Desert Eagle | The Bronze (Factory New)","Desert Eagle | The Bronze (Minimal Wear)","Desert Eagle | The Bronze (Field-Tested)","MP5-SD | Nitro (Factory New)","MP5-SD | Nitro (Minimal Wear)","MP5-SD | Nitro (Field-Tested)","MP5-SD | Nitro (Well-Worn)","MP5-SD | Nitro (Battle-Scarred)","XM1014 | Charter (Factory New)","XM1014 | Charter (Minimal Wear)","XM1014 | Charter (Field-Tested)","XM1014 | Charter (Well-Worn)","XM1014 | Charter (Battle-Scarred)","P250 | Forest Night (Factory New)","P250 | Forest Night (Minimal Wear)","P250 | Forest Night (Field-Tested)","P250 | Forest Night (Well-Worn)","P250 | Forest Night (Battle-Scarred)","M4A4 | Global Offensive (Factory New)","M4A4 | Global Offensive (Minimal Wear)","M4A4 | Global Offensive (Field-Tested)","M4A4 | Global Offensive (Well-Worn)","M4A4 | Global Offensive (Battle-Scarred)","Five-SeveN | Berries And Cherries (Factory New)","Five-SeveN | Berries And Cherries (Minimal Wear)","P2000 | Dispatch (Factory New)","P2000 | Dispatch (Minimal Wear)","P2000 | Dispatch (Field-Tested)","P2000 | Dispatch (Well-Worn)","P2000 | Dispatch (Battle-Scarred)","SSG 08 | Threat Detected (Factory New)","SSG 08 | Threat Detected (Minimal Wear)","SSG 08 | Threat Detected (Field-Tested)","SSG 08 | Threat Detected (Well-Worn)","SSG 08 | Threat Detected (Battle-Scarred)"]}},"AWP | Fade (Factory New)":{"quality":5,"skin":"Fade","weapon":"AWP","short":"AWP | Fade","name":"AWP | Fade (Factory New)","src":"https://steamcdn-a.akamaihd.net/apps/730/icons/econ/default_generated/weapon_awp_aa_awp_fade_light_large.4e978e13c3396c1b1e32e993afb462ccac55d783.png","type":"skin","rarity":5,"price":85696},"AWP | Fade (Minimal Wear)":{"quality":4,"skin":"Fade","weapon":"AWP","short":"AWP | Fade","name":"AWP | Fade (Minimal Wear)","src":"https://steamcdn-a.akamaihd.net/apps/730/icons/econ/default_generated/weapon_awp_aa_awp_fade_light_large.4e978e13c3396c1b1e32e993afb462ccac55d783.png","type":"skin","rarity":5,"price":126091},"AWP | Fade":{"masterItem":true,"qualities":[5,4],"skin":"Fade","weapon":"AWP","short":"AWP | Fade","name":"AWP | Fade","src":"https://steamcdn-a.akamaihd.net/apps/730/icons/econ/default_generated/weapon_awp_aa_awp_fade_light_large.4e978e13c3396c1b1e32e993afb462ccac55d783.png","type":"skin","rarity":5,"price":126091,"minPrice":85696},"M4A1-S | Blue Phosphor (Factory New)":{"quality":5,"skin":"Blue Phosphor","weapon":"M4A1-S","short":"M4A1-S | Blue Phosphor","name":"M4A1-S | Blue Phosphor (Factory New)","src":"https://steamcdn-a.akamaihd.net/apps/730/icons/econ/default_generated/weapon_m4a1_silencer_am_m4a1s_bluesmoke_light_large.20c39cd69587cfed699f1e1ebb05f4dc735e06d6.png","type":"skin","rarity":4,"price":17995},"M4A1-S | Blue Phosphor (Minimal Wear)":{"quality":4,"skin":"Blue Phosphor","weapon":"M4A1-S","short":"M4A1-S | Blue Phosphor","name":"M4A1-S | Blue Phosphor (Minimal Wear)","src":"https://steamcdn-a.akamaihd.net/apps/730/icons/econ/default_generated/weapon_m4a1_silencer_am_m4a1s_bluesmoke_light_large.20c39cd69587cfed699f1e1ebb05f4dc735e06d6.png","type":"skin","rarity":4,"price":16184},"M4A1-S | Blue Phosphor":{"masterItem":true,"qualities":[5,4],"skin":"Blue Phosphor","weapon":"M4A1-S","short":"M4A1-S | Blue Phosphor","name":"M4A1-S | Blue Phosphor","src":"https://steamcdn-a.akamaihd.net/apps/730/icons/econ/default_generated/weapon_m4a1_silencer_am_m4a1s_bluesmoke_light_large.20c39cd69587cfed699f1e1ebb05f4dc735e06d6.png","type":"skin","rarity":4,"price":17995,"minPrice":16184},"FAMAS | Prime Conspiracy (Factory New)":{"quality":5,"skin":"Prime Conspiracy","weapon":"FAMAS","short":"FAMAS | Prime Conspiracy","name":"FAMAS | Prime Conspiracy (Factory New)","src":"https://steamcdn-a.akamaihd.net/apps/730/icons/econ/default_generated/weapon_famas_am_numbers_magenta_light_large.c3b086e3407aeb1bca1fb497bc2aee6dc7602a4f.png","type":"skin","rarity":3,"price":1805},"FAMAS | Prime Conspiracy (Minimal Wear)":{"quality":4,"skin":"Prime Conspiracy","weapon":"FAMAS","short":"FAMAS | Prime Conspiracy","name":"FAMAS | Prime Conspiracy (Minimal Wear)","src":"https://steamcdn-a.akamaihd.net/apps/730/icons/econ/default_generated/weapon_famas_am_numbers_magenta_light_large.c3b086e3407aeb1bca1fb497bc2aee6dc7602a4f.png","type":"skin","rarity":3,"price":1625},"FAMAS | Prime Conspiracy (Field-Tested)":{"quality":3,"skin":"Prime Conspiracy","weapon":"FAMAS","short":"FAMAS | Prime Conspiracy","name":"FAMAS | Prime Conspiracy (Field-Tested)","src":"https://steamcdn-a.akamaihd.net/apps/730/icons/econ/default_generated/weapon_famas_am_numbers_magenta_light_large.c3b086e3407aeb1bca1fb497bc2aee6dc7602a4f.png","type":"skin","rarity":3,"price":1617},"FAMAS | Prime Conspiracy (Well-Worn)":{"quality":2,"skin":"Prime Conspiracy","weapon":"FAMAS","short":"FAMAS | Prime Conspiracy","name":"FAMAS | Prime Conspiracy (Well-Worn)","src":"https://steamcdn-a.akamaihd.net/apps/730/icons/econ/default_generated/weapon_famas_am_numbers_magenta_light_large.c3b086e3407aeb1bca1fb497bc2aee6dc7602a4f.png","type":"skin","rarity":3,"price":1633},"FAMAS | Prime Conspiracy (Battle-Scarred)":{"quality":1,"skin":"Prime Conspiracy","weapon":"FAMAS","short":"FAMAS | Prime Conspiracy","name":"FAMAS | Prime Conspiracy (Battle-Scarred)","src":"https://steamcdn-a.akamaihd.net/apps/730/icons/econ/default_generated/weapon_famas_am_numbers_magenta_light_large.c3b086e3407aeb1bca1fb497bc2aee6dc7602a4f.png","type":"skin","rarity":3,"price":1608},"FAMAS | Prime Conspiracy":{"masterItem":true,"qualities":[5,4,3,2,1],"skin":"Prime Conspiracy","weapon":"FAMAS","short":"FAMAS | Prime Conspiracy","name":"FAMAS | Prime Conspiracy","src":"https://steamcdn-a.akamaihd.net/apps/730/icons/econ/default_generated/weapon_famas_am_numbers_magenta_light_large.c3b086e3407aeb1bca1fb497bc2aee6dc7602a4f.png","type":"skin","rarity":3,"price":1805,"minPrice":1608},"UMP-45 | Crime Scene (Factory New)":{"quality":5,"skin":"Crime Scene","weapon":"UMP-45","short":"UMP-45 | Crime Scene","name":"UMP-45 | Crime Scene (Factory New)","src":"https://steamcdn-a.akamaihd.net/apps/730/icons/econ/default_generated/weapon_ump45_cu_ump_crime_scene_light_large.db37d99efad4621d4b3232bfc0fa8d04b8a6b8e9.png","type":"skin","rarity":3,"price":1745},"UMP-45 | Crime Scene (Minimal Wear)":{"quality":4,"skin":"Crime Scene","weapon":"UMP-45","short":"UMP-45 | Crime Scene","name":"UMP-45 | Crime Scene (Minimal Wear)","src":"https://steamcdn-a.akamaihd.net/apps/730/icons/econ/default_generated/weapon_ump45_cu_ump_crime_scene_light_large.db37d99efad4621d4b3232bfc0fa8d04b8a6b8e9.png","type":"skin","rarity":3,"price":1729},"UMP-45 | Crime Scene (Field-Tested)":{"quality":3,"skin":"Crime Scene","weapon":"UMP-45","short":"UMP-45 | Crime Scene","name":"UMP-45 | Crime Scene (Field-Tested)","src":"https://steamcdn-a.akamaihd.net/apps/730/icons/econ/default_generated/weapon_ump45_cu_ump_crime_scene_light_large.db37d99efad4621d4b3232bfc0fa8d04b8a6b8e9.png","type":"skin","rarity":3,"price":1415},"UMP-45 | Crime Scene (Well-Worn)":{"quality":2,"skin":"Crime Scene","weapon":"UMP-45","short":"UMP-45 | Crime Scene","name":"UMP-45 | Crime Scene (Well-Worn)","src":"https://steamcdn-a.akamaihd.net/apps/730/icons/econ/default_generated/weapon_ump45_cu_ump_crime_scene_light_large.db37d99efad4621d4b3232bfc0fa8d04b8a6b8e9.png","type":"skin","rarity":3,"price":1689},"UMP-45 | Crime Scene (Battle-Scarred)":{"quality":1,"skin":"Crime Scene","weapon":"UMP-45","short":"UMP-45 | Crime Scene","name":"UMP-45 | Crime Scene (Battle-Scarred)","src":"https://steamcdn-a.akamaihd.net/apps/730/icons/econ/default_generated/weapon_ump45_cu_ump_crime_scene_light_large.db37d99efad4621d4b3232bfc0fa8d04b8a6b8e9.png","type":"skin","rarity":3,"price":1518},"UMP-45 | Crime Scene":{"masterItem":true,"qualities":[5,4,3,2,1],"skin":"Crime Scene","weapon":"UMP-45","short":"UMP-45 | Crime Scene","name":"UMP-45 | Crime Scene","src":"https://steamcdn-a.akamaihd.net/apps/730/icons/econ/default_generated/weapon_ump45_cu_ump_crime_scene_light_large.db37d99efad4621d4b3232bfc0fa8d04b8a6b8e9.png","type":"skin","rarity":3,"price":1745,"minPrice":1415},"AUG | Surveillance (Factory New)":{"quality":5,"skin":"Surveillance","weapon":"AUG","short":"AUG | Surveillance","name":"AUG | Surveillance (Factory New)","src":"https://steamcdn-a.akamaihd.net/apps/730/icons/econ/default_generated/weapon_aug_am_intelligence_grey_light_large.0da9eda4a07271263ffc58d032d52b8f0edeb78e.png","type":"skin","rarity":0,"price":10},"AUG | Surveillance (Minimal Wear)":{"quality":4,"skin":"Surveillance","weapon":"AUG","short":"AUG | Surveillance","name":"AUG | Surveillance (Minimal Wear)","src":"https://steamcdn-a.akamaihd.net/apps/730/icons/econ/default_generated/weapon_aug_am_intelligence_grey_light_large.0da9eda4a07271263ffc58d032d52b8f0edeb78e.png","type":"skin","rarity":0,"price":5},"AUG | Surveillance (Field-Tested)":{"quality":3,"skin":"Surveillance","weapon":"AUG","short":"AUG | Surveillance","name":"AUG | Surveillance (Field-Tested)","src":"https://steamcdn-a.akamaihd.net/apps/730/icons/econ/default_generated/weapon_aug_am_intelligence_grey_light_large.0da9eda4a07271263ffc58d032d52b8f0edeb78e.png","type":"skin","rarity":0,"price":5},"AUG | Surveillance (Well-Worn)":{"quality":2,"skin":"Surveillance","weapon":"AUG","short":"AUG | Surveillance","name":"AUG | Surveillance (Well-Worn)","src":"https://steamcdn-a.akamaihd.net/apps/730/icons/econ/default_generated/weapon_aug_am_intelligence_grey_light_large.0da9eda4a07271263ffc58d032d52b8f0edeb78e.png","type":"skin","rarity":0,"price":5},"AUG | Surveillance (Battle-Scarred)":{"quality":1,"skin":"Surveillance","weapon":"AUG","short":"AUG | Surveillance","name":"AUG | Surveillance (Battle-Scarred)","src":"https://steamcdn-a.akamaihd.net/apps/730/icons/econ/default_generated/weapon_aug_am_intelligence_grey_light_large.0da9eda4a07271263ffc58d032d52b8f0edeb78e.png","type":"skin","rarity":0,"price":5},"AUG | Surveillance":{"masterItem":true,"qualities":[5,4,3,2,1],"skin":"Surveillance","weapon":"AUG","short":"AUG | Surveillance","name":"AUG | Surveillance","src":"https://steamcdn-a.akamaihd.net/apps/730/icons/econ/default_generated/weapon_aug_am_intelligence_grey_light_large.0da9eda4a07271263ffc58d032d52b8f0edeb78e.png","type":"skin","rarity":0,"price":10,"minPrice":5},"CZ75-Auto | Jungle Dashed (Factory New)":{"quality":5,"skin":"Jungle Dashed","weapon":"CZ75-Auto","short":"CZ75-Auto | Jungle Dashed","name":"CZ75-Auto | Jungle Dashed (Factory New)","src":"https://steamcdn-a.akamaihd.net/apps/730/icons/econ/default_generated/weapon_cz75a_sp_tape_short_jungle_light_large.501137d165eddaa23fc4d2a5eedf51fbcfe1bcb2.png","type":"skin","rarity":0,"price":47},"CZ75-Auto | Jungle Dashed (Minimal Wear)":{"quality":4,"skin":"Jungle Dashed","weapon":"CZ75-Auto","short":"CZ75-Auto | Jungle Dashed","name":"CZ75-Auto | Jungle Dashed (Minimal Wear)","src":"https://steamcdn-a.akamaihd.net/apps/730/icons/econ/default_generated/weapon_cz75a_sp_tape_short_jungle_light_large.501137d165eddaa23fc4d2a5eedf51fbcfe1bcb2.png","type":"skin","rarity":0,"price":5},"CZ75-Auto | Jungle Dashed (Field-Tested)":{"quality":3,"skin":"Jungle Dashed","weapon":"CZ75-Auto","short":"CZ75-Auto | Jungle Dashed","name":"CZ75-Auto | Jungle Dashed (Field-Tested)","src":"https://steamcdn-a.akamaihd.net/apps/730/icons/econ/default_generated/weapon_cz75a_sp_tape_short_jungle_light_large.501137d165eddaa23fc4d2a5eedf51fbcfe1bcb2.png","type":"skin","rarity":0,"price":5},"CZ75-Auto | Jungle Dashed (Well-Worn)":{"quality":2,"skin":"Jungle Dashed","weapon":"CZ75-Auto","short":"CZ75-Auto | Jungle Dashed","name":"CZ75-Auto | Jungle Dashed (Well-Worn)","src":"https://steamcdn-a.akamaihd.net/apps/730/icons/econ/default_generated/weapon_cz75a_sp_tape_short_jungle_light_large.501137d165eddaa23fc4d2a5eedf51fbcfe1bcb2.png","type":"skin","rarity":0,"price":5},"CZ75-Auto | Jungle Dashed (Battle-Scarred)":{"quality":1,"skin":"Jungle Dashed","weapon":"CZ75-Auto","short":"CZ75-Auto | Jungle Dashed","name":"CZ75-Auto | Jungle Dashed (Battle-Scarred)","src":"https://steamcdn-a.akamaihd.net/apps/730/icons/econ/default_generated/weapon_cz75a_sp_tape_short_jungle_light_large.501137d165eddaa23fc4d2a5eedf51fbcfe1bcb2.png","type":"skin","rarity":0,"price":5},"CZ75-Auto | Jungle Dashed":{"masterItem":true,"qualities":[5,4,3,2,1],"skin":"Jungle Dashed","weapon":"CZ75-Auto","short":"CZ75-Auto | Jungle Dashed","name":"CZ75-Auto | Jungle Dashed","src":"https://steamcdn-a.akamaihd.net/apps/730/icons/econ/default_generated/weapon_cz75a_sp_tape_short_jungle_light_large.501137d165eddaa23fc4d2a5eedf51fbcfe1bcb2.png","type":"skin","rarity":0,"price":47,"minPrice":5},"USP-S | Target Acquired (Factory New)":{"quality":5,"skin":"Target Acquired","weapon":"USP-S","short":"USP-S | Target Acquired","name":"USP-S | Target Acquired (Factory New)","src":"https://steamcdn-a.akamaihd.net/apps/730/icons/econ/default_generated/weapon_usp_silencer_am_intelligence_magenta_light_large.5d8fbbd462701928467530e6c7ff81b8c7be65a1.png","type":"skin","rarity":4,"price":10833},"USP-S | Target Acquired (Minimal Wear)":{"quality":4,"skin":"Target Acquired","weapon":"USP-S","short":"USP-S | Target Acquired","name":"USP-S | Target Acquired (Minimal Wear)","src":"https://steamcdn-a.akamaihd.net/apps/730/icons/econ/default_generated/weapon_usp_silencer_am_intelligence_magenta_light_large.5d8fbbd462701928467530e6c7ff81b8c7be65a1.png","type":"skin","rarity":4,"price":9294},"USP-S | Target Acquired (Field-Tested)":{"quality":3,"skin":"Target Acquired","weapon":"USP-S","short":"USP-S | Target Acquired","name":"USP-S | Target Acquired (Field-Tested)","src":"https://steamcdn-a.akamaihd.net/apps/730/icons/econ/default_generated/weapon_usp_silencer_am_intelligence_magenta_light_large.5d8fbbd462701928467530e6c7ff81b8c7be65a1.png","type":"skin","rarity":4,"price":8069},"USP-S | Target Acquired (Well-Worn)":{"quality":2,"skin":"Target Acquired","weapon":"USP-S","short":"USP-S | Target Acquired","name":"USP-S | Target Acquired (Well-Worn)","src":"https://steamcdn-a.akamaihd.net/apps/730/icons/econ/default_generated/weapon_usp_silencer_am_intelligence_magenta_light_large.5d8fbbd462701928467530e6c7ff81b8c7be65a1.png","type":"skin","rarity":4,"price":13184},"USP-S | Target Acquired (Battle-Scarred)":{"quality":1,"skin":"Target Acquired","weapon":"USP-S","short":"USP-S | Target Acquired","name":"USP-S | Target Acquired (Battle-Scarred)","src":"https://steamcdn-a.akamaihd.net/apps/730/icons/econ/default_generated/weapon_usp_silencer_am_intelligence_magenta_light_large.5d8fbbd462701928467530e6c7ff81b8c7be65a1.png","type":"skin","rarity":4,"price":13811},"USP-S | Target Acquired":{"masterItem":true,"qualities":[5,4,3,2,1],"skin":"Target Acquired","weapon":"USP-S","short":"USP-S | Target Acquired","name":"USP-S | Target Acquired","src":"https://steamcdn-a.akamaihd.net/apps/730/icons/econ/default_generated/weapon_usp_silencer_am_intelligence_magenta_light_large.5d8fbbd462701928467530e6c7ff81b8c7be65a1.png","type":"skin","rarity":4,"price":13811,"minPrice":8069},"Dual Berettas | Switch Board (Factory New)":{"quality":5,"skin":"Switch Board","weapon":"Dual Berettas","short":"Dual Berettas | Switch Board","name":"Dual Berettas | Switch Board (Factory New)","src":"https://steamcdn-a.akamaihd.net/apps/730/icons/econ/default_generated/weapon_elite_hy_numbers_green_light_large.e970f5a91033a85fc8a380b1c621ea633afb258b.png","type":"skin","rarity":1,"price":30},"Dual Berettas | Switch Board (Minimal Wear)":{"quality":4,"skin":"Switch Board","weapon":"Dual Berettas","short":"Dual Berettas | Switch Board","name":"Dual Berettas | Switch Board (Minimal Wear)","src":"https://steamcdn-a.akamaihd.net/apps/730/icons/econ/default_generated/weapon_elite_hy_numbers_green_light_large.e970f5a91033a85fc8a380b1c621ea633afb258b.png","type":"skin","rarity":1,"price":21},"Dual Berettas | Switch Board (Field-Tested)":{"quality":3,"skin":"Switch Board","weapon":"Dual Berettas","short":"Dual Berettas | Switch Board","name":"Dual Berettas | Switch Board (Field-Tested)","src":"https://steamcdn-a.akamaihd.net/apps/730/icons/econ/default_generated/weapon_elite_hy_numbers_green_light_large.e970f5a91033a85fc8a380b1c621ea633afb258b.png","type":"skin","rarity":1,"price":20},"Dual Berettas | Switch Board (Well-Worn)":{"quality":2,"skin":"Switch Board","weapon":"Dual Berettas","short":"Dual Berettas | Switch Board","name":"Dual Berettas | Switch Board (Well-Worn)","src":"https://steamcdn-a.akamaihd.net/apps/730/icons/econ/default_generated/weapon_elite_hy_numbers_green_light_large.e970f5a91033a85fc8a380b1c621ea633afb258b.png","type":"skin","rarity":1,"price":21},"Dual Berettas | Switch Board (Battle-Scarred)":{"quality":1,"skin":"Switch Board","weapon":"Dual Berettas","short":"Dual Berettas | Switch Board","name":"Dual Berettas | Switch Board (Battle-Scarred)","src":"https://steamcdn-a.akamaihd.net/apps/730/icons/econ/default_generated/weapon_elite_hy_numbers_green_light_large.e970f5a91033a85fc8a380b1c621ea633afb258b.png","type":"skin","rarity":1,"price":20},"Dual Berettas | Switch Board":{"masterItem":true,"qualities":[5,4,3,2,1],"skin":"Switch Board","weapon":"Dual Berettas","short":"Dual Berettas | Switch Board","name":"Dual Berettas | Switch Board","src":"https://steamcdn-a.akamaihd.net/apps/730/icons/econ/default_generated/weapon_elite_hy_numbers_green_light_large.e970f5a91033a85fc8a380b1c621ea633afb258b.png","type":"skin","rarity":1,"price":30,"minPrice":20},"MAG-7 | Carbon Fiber (Factory New)":{"quality":5,"skin":"Carbon Fiber","weapon":"MAG-7","short":"MAG-7 | Carbon Fiber","name":"MAG-7 | Carbon Fiber (Factory New)","src":"https://steamcdn-a.akamaihd.net/apps/730/icons/econ/default_generated/weapon_mag7_am_carbon_fiber_light_large.226aab440e6e6041b5b4b09f907695aa854bcce0.png","type":"skin","rarity":1,"price":24},"MAG-7 | Carbon Fiber (Minimal Wear)":{"quality":4,"skin":"Carbon Fiber","weapon":"MAG-7","short":"MAG-7 | Carbon Fiber","name":"MAG-7 | Carbon Fiber (Minimal Wear)","src":"https://steamcdn-a.akamaihd.net/apps/730/icons/econ/default_generated/weapon_mag7_am_carbon_fiber_light_large.226aab440e6e6041b5b4b09f907695aa854bcce0.png","type":"skin","rarity":1,"price":22},"MAG-7 | Carbon Fiber":{"masterItem":true,"qualities":[5,4],"skin":"Carbon Fiber","weapon":"MAG-7","short":"MAG-7 | Carbon Fiber","name":"MAG-7 | Carbon Fiber","src":"https://steamcdn-a.akamaihd.net/apps/730/icons/econ/default_generated/weapon_mag7_am_carbon_fiber_light_large.226aab440e6e6041b5b4b09f907695aa854bcce0.png","type":"skin","rarity":1,"price":24,"minPrice":22},"MP9 | Army Sheen (Factory New)":{"quality":5,"skin":"Army Sheen","weapon":"MP9","short":"MP9 | Army Sheen","name":"MP9 | Army Sheen (Factory New)","src":"https://steamcdn-a.akamaihd.net/apps/730/icons/econ/default_generated/weapon_mp9_am_army_shine_light_large.59520d9221e58bdc6b6946943cca0823b7460509.png","type":"skin","rarity":0,"price":9},"MP9 | Army Sheen (Minimal Wear)":{"quality":4,"skin":"Army Sheen","weapon":"MP9","short":"MP9 | Army Sheen","name":"MP9 | Army Sheen (Minimal Wear)","src":"https://steamcdn-a.akamaihd.net/apps/730/icons/econ/default_generated/weapon_mp9_am_army_shine_light_large.59520d9221e58bdc6b6946943cca0823b7460509.png","type":"skin","rarity":0,"price":5},"MP9 | Army Sheen (Field-Tested)":{"quality":3,"skin":"Army Sheen","weapon":"MP9","short":"MP9 | Army Sheen","name":"MP9 | Army Sheen (Field-Tested)","src":"https://steamcdn-a.akamaihd.net/apps/730/icons/econ/default_generated/weapon_mp9_am_army_shine_light_large.59520d9221e58bdc6b6946943cca0823b7460509.png","type":"skin","rarity":0,"price":5},"MP9 | Army Sheen":{"masterItem":true,"qualities":[5,4,3],"skin":"Army Sheen","weapon":"MP9","short":"MP9 | Army Sheen","name":"MP9 | Army Sheen","src":"https://steamcdn-a.akamaihd.net/apps/730/icons/econ/default_generated/weapon_mp9_am_army_shine_light_large.59520d9221e58bdc6b6946943cca0823b7460509.png","type":"skin","rarity":0,"price":9,"minPrice":5},"SCAR-20 | Magna Carta (Factory New)":{"quality":5,"skin":"Magna Carta","weapon":"SCAR-20","short":"SCAR-20 | Magna Carta","name":"SCAR-20 | Magna Carta (Factory New)","src":"https://steamcdn-a.akamaihd.net/apps/730/icons/econ/default_generated/weapon_scar20_hy_authority_purple_light_large.6754afba66bb91862fb6fef583e1b1e399061518.png","type":"skin","rarity":2,"price":217},"SCAR-20 | Magna Carta (Minimal Wear)":{"quality":4,"skin":"Magna Carta","weapon":"SCAR-20","short":"SCAR-20 | Magna Carta","name":"SCAR-20 | Magna Carta (Minimal Wear)","src":"https://steamcdn-a.akamaihd.net/apps/730/icons/econ/default_generated/weapon_scar20_hy_authority_purple_light_large.6754afba66bb91862fb6fef583e1b1e399061518.png","type":"skin","rarity":2,"price":181},"SCAR-20 | Magna Carta (Field-Tested)":{"quality":3,"skin":"Magna Carta","weapon":"SCAR-20","short":"SCAR-20 | Magna Carta","name":"SCAR-20 | Magna Carta (Field-Tested)","src":"https://steamcdn-a.akamaihd.net/apps/730/icons/econ/default_generated/weapon_scar20_hy_authority_purple_light_large.6754afba66bb91862fb6fef583e1b1e399061518.png","type":"skin","rarity":2,"price":179},"SCAR-20 | Magna Carta (Well-Worn)":{"quality":2,"skin":"Magna Carta","weapon":"SCAR-20","short":"SCAR-20 | Magna Carta","name":"SCAR-20 | Magna Carta (Well-Worn)","src":"https://steamcdn-a.akamaihd.net/apps/730/icons/econ/default_generated/weapon_scar20_hy_authority_purple_light_large.6754afba66bb91862fb6fef583e1b1e399061518.png","type":"skin","rarity":2,"price":181},"SCAR-20 | Magna Carta (Battle-Scarred)":{"quality":1,"skin":"Magna Carta","weapon":"SCAR-20","short":"SCAR-20 | Magna Carta","name":"SCAR-20 | Magna Carta (Battle-Scarred)","src":"https://steamcdn-a.akamaihd.net/apps/730/icons/econ/default_generated/weapon_scar20_hy_authority_purple_light_large.6754afba66bb91862fb6fef583e1b1e399061518.png","type":"skin","rarity":2,"price":192},"SCAR-20 | Magna Carta":{"masterItem":true,"qualities":[5,4,3,2,1],"skin":"Magna Carta","weapon":"SCAR-20","short":"SCAR-20 | Magna Carta","name":"SCAR-20 | Magna Carta","src":"https://steamcdn-a.akamaihd.net/apps/730/icons/econ/default_generated/weapon_scar20_hy_authority_purple_light_large.6754afba66bb91862fb6fef583e1b1e399061518.png","type":"skin","rarity":2,"price":217,"minPrice":179},"Desert Eagle | The Bronze (Factory New)":{"quality":5,"skin":"The Bronze","weapon":"Desert Eagle","short":"Desert Eagle | The Bronze","name":"Desert Eagle | The Bronze (Factory New)","src":"https://steamcdn-a.akamaihd.net/apps/730/icons/econ/default_generated/weapon_deagle_am_numbers_bronze_light_large.9860461c5a6ef52868d2dadd2b9dbd5c842b7bb0.png","type":"skin","rarity":1,"price":27},"Desert Eagle | The Bronze (Minimal Wear)":{"quality":4,"skin":"The Bronze","weapon":"Desert Eagle","short":"Desert Eagle | The Bronze","name":"Desert Eagle | The Bronze (Minimal Wear)","src":"https://steamcdn-a.akamaihd.net/apps/730/icons/econ/default_generated/weapon_deagle_am_numbers_bronze_light_large.9860461c5a6ef52868d2dadd2b9dbd5c842b7bb0.png","type":"skin","rarity":1,"price":21},"Desert Eagle | The Bronze (Field-Tested)":{"quality":3,"skin":"The Bronze","weapon":"Desert Eagle","short":"Desert Eagle | The Bronze","name":"Desert Eagle | The Bronze (Field-Tested)","src":"https://steamcdn-a.akamaihd.net/apps/730/icons/econ/default_generated/weapon_deagle_am_numbers_bronze_light_large.9860461c5a6ef52868d2dadd2b9dbd5c842b7bb0.png","type":"skin","rarity":1,"price":20},"Desert Eagle | The Bronze":{"masterItem":true,"qualities":[5,4,3],"skin":"The Bronze","weapon":"Desert Eagle","short":"Desert Eagle | The Bronze","name":"Desert Eagle | The Bronze","src":"https://steamcdn-a.akamaihd.net/apps/730/icons/econ/default_generated/weapon_deagle_am_numbers_bronze_light_large.9860461c5a6ef52868d2dadd2b9dbd5c842b7bb0.png","type":"skin","rarity":1,"price":27,"minPrice":20},"MP5-SD | Nitro (Factory New)":{"quality":5,"skin":"Nitro","weapon":"MP5-SD","short":"MP5-SD | Nitro","name":"MP5-SD | Nitro (Factory New)","src":"https://steamcdn-a.akamaihd.net/apps/730/icons/econ/default_generated/weapon_mp5sd_so_orange_accents3_light_large.0a75359a9c3fb4cd3084067358141b875f285724.png","type":"skin","rarity":1,"price":272},"MP5-SD | Nitro (Minimal Wear)":{"quality":4,"skin":"Nitro","weapon":"MP5-SD","short":"MP5-SD | Nitro","name":"MP5-SD | Nitro (Minimal Wear)","src":"https://steamcdn-a.akamaihd.net/apps/730/icons/econ/default_generated/weapon_mp5sd_so_orange_accents3_light_large.0a75359a9c3fb4cd3084067358141b875f285724.png","type":"skin","rarity":1,"price":23},"MP5-SD | Nitro (Field-Tested)":{"quality":3,"skin":"Nitro","weapon":"MP5-SD","short":"MP5-SD | Nitro","name":"MP5-SD | Nitro (Field-Tested)","src":"https://steamcdn-a.akamaihd.net/apps/730/icons/econ/default_generated/weapon_mp5sd_so_orange_accents3_light_large.0a75359a9c3fb4cd3084067358141b875f285724.png","type":"skin","rarity":1,"price":21},"MP5-SD | Nitro (Well-Worn)":{"quality":2,"skin":"Nitro","weapon":"MP5-SD","short":"MP5-SD | Nitro","name":"MP5-SD | Nitro (Well-Worn)","src":"https://steamcdn-a.akamaihd.net/apps/730/icons/econ/default_generated/weapon_mp5sd_so_orange_accents3_light_large.0a75359a9c3fb4cd3084067358141b875f285724.png","type":"skin","rarity":1,"price":20},"MP5-SD | Nitro (Battle-Scarred)":{"quality":1,"skin":"Nitro","weapon":"MP5-SD","short":"MP5-SD | Nitro","name":"MP5-SD | Nitro (Battle-Scarred)","src":"https://steamcdn-a.akamaihd.net/apps/730/icons/econ/default_generated/weapon_mp5sd_so_orange_accents3_light_large.0a75359a9c3fb4cd3084067358141b875f285724.png","type":"skin","rarity":1,"price":20},"MP5-SD | Nitro":{"masterItem":true,"qualities":[5,4,3,2,1],"skin":"Nitro","weapon":"MP5-SD","short":"MP5-SD | Nitro","name":"MP5-SD | Nitro","src":"https://steamcdn-a.akamaihd.net/apps/730/icons/econ/default_generated/weapon_mp5sd_so_orange_accents3_light_large.0a75359a9c3fb4cd3084067358141b875f285724.png","type":"skin","rarity":1,"price":272,"minPrice":20},"XM1014 | Charter (Factory New)":{"quality":5,"skin":"Charter","weapon":"XM1014","short":"XM1014 | Charter","name":"XM1014 | Charter (Factory New)","src":"https://steamcdn-a.akamaihd.net/apps/730/icons/econ/default_generated/weapon_xm1014_am_authority_brown_light_large.37101767e4d0abbd0248f9ee6d6b73d8c2f0dbd6.png","type":"skin","rarity":0,"price":9},"XM1014 | Charter (Minimal Wear)":{"quality":4,"skin":"Charter","weapon":"XM1014","short":"XM1014 | Charter","name":"XM1014 | Charter (Minimal Wear)","src":"https://steamcdn-a.akamaihd.net/apps/730/icons/econ/default_generated/weapon_xm1014_am_authority_brown_light_large.37101767e4d0abbd0248f9ee6d6b73d8c2f0dbd6.png","type":"skin","rarity":0,"price":5},"XM1014 | Charter (Field-Tested)":{"quality":3,"skin":"Charter","weapon":"XM1014","short":"XM1014 | Charter","name":"XM1014 | Charter (Field-Tested)","src":"https://steamcdn-a.akamaihd.net/apps/730/icons/econ/default_generated/weapon_xm1014_am_authority_brown_light_large.37101767e4d0abbd0248f9ee6d6b73d8c2f0dbd6.png","type":"skin","rarity":0,"price":5},"XM1014 | Charter (Well-Worn)":{"quality":2,"skin":"Charter","weapon":"XM1014","short":"XM1014 | Charter","name":"XM1014 | Charter (Well-Worn)","src":"https://steamcdn-a.akamaihd.net/apps/730/icons/econ/default_generated/weapon_xm1014_am_authority_brown_light_large.37101767e4d0abbd0248f9ee6d6b73d8c2f0dbd6.png","type":"skin","rarity":0,"price":5},"XM1014 | Charter (Battle-Scarred)":{"quality":1,"skin":"Charter","weapon":"XM1014","short":"XM1014 | Charter","name":"XM1014 | Charter (Battle-Scarred)","src":"https://steamcdn-a.akamaihd.net/apps/730/icons/econ/default_generated/weapon_xm1014_am_authority_brown_light_large.37101767e4d0abbd0248f9ee6d6b73d8c2f0dbd6.png","type":"skin","rarity":0,"price":5},"XM1014 | Charter":{"masterItem":true,"qualities":[5,4,3,2,1],"skin":"Charter","weapon":"XM1014","short":"XM1014 | Charter","name":"XM1014 | Charter","src":"https://steamcdn-a.akamaihd.net/apps/730/icons/econ/default_generated/weapon_xm1014_am_authority_brown_light_large.37101767e4d0abbd0248f9ee6d6b73d8c2f0dbd6.png","type":"skin","rarity":0,"price":9,"minPrice":5},"P250 | Forest Night (Factory New)":{"quality":5,"skin":"Forest Night","weapon":"P250","short":"P250 | Forest Night","name":"P250 | Forest Night (Factory New)","src":"https://steamcdn-a.akamaihd.net/apps/730/icons/econ/default_generated/weapon_p250_hy_forest_night_light_large.f2ebb923126bf523ac2052755207d8c9d4dfa668.png","type":"skin","rarity":0,"price":58},"P250 | Forest Night (Minimal Wear)":{"quality":4,"skin":"Forest Night","weapon":"P250","short":"P250 | Forest Night","name":"P250 | Forest Night (Minimal Wear)","src":"https://steamcdn-a.akamaihd.net/apps/730/icons/econ/default_generated/weapon_p250_hy_forest_night_light_large.f2ebb923126bf523ac2052755207d8c9d4dfa668.png","type":"skin","rarity":0,"price":6},"P250 | Forest Night (Field-Tested)":{"quality":3,"skin":"Forest Night","weapon":"P250","short":"P250 | Forest Night","name":"P250 | Forest Night (Field-Tested)","src":"https://steamcdn-a.akamaihd.net/apps/730/icons/econ/default_generated/weapon_p250_hy_forest_night_light_large.f2ebb923126bf523ac2052755207d8c9d4dfa668.png","type":"skin","rarity":0,"price":5},"P250 | Forest Night (Well-Worn)":{"quality":2,"skin":"Forest Night","weapon":"P250","short":"P250 | Forest Night","name":"P250 | Forest Night (Well-Worn)","src":"https://steamcdn-a.akamaihd.net/apps/730/icons/econ/default_generated/weapon_p250_hy_forest_night_light_large.f2ebb923126bf523ac2052755207d8c9d4dfa668.png","type":"skin","rarity":0,"price":5},"P250 | Forest Night (Battle-Scarred)":{"quality":1,"skin":"Forest Night","weapon":"P250","short":"P250 | Forest Night","name":"P250 | Forest Night (Battle-Scarred)","src":"https://steamcdn-a.akamaihd.net/apps/730/icons/econ/default_generated/weapon_p250_hy_forest_night_light_large.f2ebb923126bf523ac2052755207d8c9d4dfa668.png","type":"skin","rarity":0,"price":5},"P250 | Forest Night":{"masterItem":true,"qualities":[5,4,3,2,1],"skin":"Forest Night","weapon":"P250","short":"P250 | Forest Night","name":"P250 | Forest Night","src":"https://steamcdn-a.akamaihd.net/apps/730/icons/econ/default_generated/weapon_p250_hy_forest_night_light_large.f2ebb923126bf523ac2052755207d8c9d4dfa668.png","type":"skin","rarity":0,"price":58,"minPrice":5},"M4A4 | Global Offensive (Factory New)":{"quality":5,"skin":"Global Offensive","weapon":"M4A4","short":"M4A4 | Global Offensive","name":"M4A4 | Global Offensive (Factory New)","src":"https://steamcdn-a.akamaihd.net/apps/730/icons/econ/default_generated/weapon_m4a1_cu_csgo_camo_light_large.9e1a644f88ce7ab73f63d5b90070b9993fcb14ac.png","type":"skin","rarity":2,"price":280},"M4A4 | Global Offensive (Minimal Wear)":{"quality":4,"skin":"Global Offensive","weapon":"M4A4","short":"M4A4 | Global Offensive","name":"M4A4 | Global Offensive (Minimal Wear)","src":"https://steamcdn-a.akamaihd.net/apps/730/icons/econ/default_generated/weapon_m4a1_cu_csgo_camo_light_large.9e1a644f88ce7ab73f63d5b90070b9993fcb14ac.png","type":"skin","rarity":2,"price":196},"M4A4 | Global Offensive (Field-Tested)":{"quality":3,"skin":"Global Offensive","weapon":"M4A4","short":"M4A4 | Global Offensive","name":"M4A4 | Global Offensive (Field-Tested)","src":"https://steamcdn-a.akamaihd.net/apps/730/icons/econ/default_generated/weapon_m4a1_cu_csgo_camo_light_large.9e1a644f88ce7ab73f63d5b90070b9993fcb14ac.png","type":"skin","rarity":2,"price":179},"M4A4 | Global Offensive (Well-Worn)":{"quality":2,"skin":"Global Offensive","weapon":"M4A4","short":"M4A4 | Global Offensive","name":"M4A4 | Global Offensive (Well-Worn)","src":"https://steamcdn-a.akamaihd.net/apps/730/icons/econ/default_generated/weapon_m4a1_cu_csgo_camo_light_large.9e1a644f88ce7ab73f63d5b90070b9993fcb14ac.png","type":"skin","rarity":2,"price":175},"M4A4 | Global Offensive (Battle-Scarred)":{"quality":1,"skin":"Global Offensive","weapon":"M4A4","short":"M4A4 | Global Offensive","name":"M4A4 | Global Offensive (Battle-Scarred)","src":"https://steamcdn-a.akamaihd.net/apps/730/icons/econ/default_generated/weapon_m4a1_cu_csgo_camo_light_large.9e1a644f88ce7ab73f63d5b90070b9993fcb14ac.png","type":"skin","rarity":2,"price":182},"M4A4 | Global Offensive":{"masterItem":true,"qualities":[5,4,3,2,1],"skin":"Global Offensive","weapon":"M4A4","short":"M4A4 | Global Offensive","name":"M4A4 | Global Offensive","src":"https://steamcdn-a.akamaihd.net/apps/730/icons/econ/default_generated/weapon_m4a1_cu_csgo_camo_light_large.9e1a644f88ce7ab73f63d5b90070b9993fcb14ac.png","type":"skin","rarity":2,"price":280,"minPrice":175},"Five-SeveN | Berries And Cherries (Factory New)":{"quality":5,"skin":"Berries And Cherries","weapon":"Five-SeveN","short":"Five-SeveN | Berries And Cherries","name":"Five-SeveN | Berries And Cherries (Factory New)","src":"https://steamcdn-a.akamaihd.net/apps/730/icons/econ/default_generated/weapon_fiveseven_aa_fade_red_blue_light_large.ad6d70f142cc5c31e577880088475e9f079a97a1.png","type":"skin","rarity":3,"price":1749},"Five-SeveN | Berries And Cherries (Minimal Wear)":{"quality":4,"skin":"Berries And Cherries","weapon":"Five-SeveN","short":"Five-SeveN | Berries And Cherries","name":"Five-SeveN | Berries And Cherries (Minimal Wear)","src":"https://steamcdn-a.akamaihd.net/apps/730/icons/econ/default_generated/weapon_fiveseven_aa_fade_red_blue_light_large.ad6d70f142cc5c31e577880088475e9f079a97a1.png","type":"skin","rarity":3,"price":1746},"Five-SeveN | Berries And Cherries":{"masterItem":true,"qualities":[5,4],"skin":"Berries And Cherries","weapon":"Five-SeveN","short":"Five-SeveN | Berries And Cherries","name":"Five-SeveN | Berries And Cherries","src":"https://steamcdn-a.akamaihd.net/apps/730/icons/econ/default_generated/weapon_fiveseven_aa_fade_red_blue_light_large.ad6d70f142cc5c31e577880088475e9f079a97a1.png","type":"skin","rarity":3,"price":1749,"minPrice":1746},"P2000 | Dispatch (Factory New)":{"quality":5,"skin":"Dispatch","weapon":"P2000","short":"P2000 | Dispatch","name":"P2000 | Dispatch (Factory New)","src":"https://steamcdn-a.akamaihd.net/apps/730/icons/econ/default_generated/weapon_hkp2000_am_numbers_red_blue_light_large.03b8794b01dd0aa5e28f1f52b1a8a2bc0ecf179c.png","type":"skin","rarity":2,"price":216},"P2000 | Dispatch (Minimal Wear)":{"quality":4,"skin":"Dispatch","weapon":"P2000","short":"P2000 | Dispatch","name":"P2000 | Dispatch (Minimal Wear)","src":"https://steamcdn-a.akamaihd.net/apps/730/icons/econ/default_generated/weapon_hkp2000_am_numbers_red_blue_light_large.03b8794b01dd0aa5e28f1f52b1a8a2bc0ecf179c.png","type":"skin","rarity":2,"price":189},"P2000 | Dispatch (Field-Tested)":{"quality":3,"skin":"Dispatch","weapon":"P2000","short":"P2000 | Dispatch","name":"P2000 | Dispatch (Field-Tested)","src":"https://steamcdn-a.akamaihd.net/apps/730/icons/econ/default_generated/weapon_hkp2000_am_numbers_red_blue_light_large.03b8794b01dd0aa5e28f1f52b1a8a2bc0ecf179c.png","type":"skin","rarity":2,"price":188},"P2000 | Dispatch (Well-Worn)":{"quality":2,"skin":"Dispatch","weapon":"P2000","short":"P2000 | Dispatch","name":"P2000 | Dispatch (Well-Worn)","src":"https://steamcdn-a.akamaihd.net/apps/730/icons/econ/default_generated/weapon_hkp2000_am_numbers_red_blue_light_large.03b8794b01dd0aa5e28f1f52b1a8a2bc0ecf179c.png","type":"skin","rarity":2,"price":184},"P2000 | Dispatch (Battle-Scarred)":{"quality":1,"skin":"Dispatch","weapon":"P2000","short":"P2000 | Dispatch","name":"P2000 | Dispatch (Battle-Scarred)","src":"https://steamcdn-a.akamaihd.net/apps/730/icons/econ/default_generated/weapon_hkp2000_am_numbers_red_blue_light_large.03b8794b01dd0aa5e28f1f52b1a8a2bc0ecf179c.png","type":"skin","rarity":2,"price":183},"P2000 | Dispatch":{"masterItem":true,"qualities":[5,4,3,2,1],"skin":"Dispatch","weapon":"P2000","short":"P2000 | Dispatch","name":"P2000 | Dispatch","src":"https://steamcdn-a.akamaihd.net/apps/730/icons/econ/default_generated/weapon_hkp2000_am_numbers_red_blue_light_large.03b8794b01dd0aa5e28f1f52b1a8a2bc0ecf179c.png","type":"skin","rarity":2,"price":216,"minPrice":183},"SSG 08 | Threat Detected (Factory New)":{"quality":5,"skin":"Threat Detected","weapon":"SSG 08","short":"SSG 08 | Threat Detected","name":"SSG 08 | Threat Detected (Factory New)","src":"https://steamcdn-a.akamaihd.net/apps/730/icons/econ/default_generated/weapon_ssg08_am_intelligence_orange_light_large.7a1af716b99e1ed517adfd53eddcf90bd4417632.png","type":"skin","rarity":2,"price":206},"SSG 08 | Threat Detected (Minimal Wear)":{"quality":4,"skin":"Threat Detected","weapon":"SSG 08","short":"SSG 08 | Threat Detected","name":"SSG 08 | Threat Detected (Minimal Wear)","src":"https://steamcdn-a.akamaihd.net/apps/730/icons/econ/default_generated/weapon_ssg08_am_intelligence_orange_light_large.7a1af716b99e1ed517adfd53eddcf90bd4417632.png","type":"skin","rarity":2,"price":187},"SSG 08 | Threat Detected (Field-Tested)":{"quality":3,"skin":"Threat Detected","weapon":"SSG 08","short":"SSG 08 | Threat Detected","name":"SSG 08 | Threat Detected (Field-Tested)","src":"https://steamcdn-a.akamaihd.net/apps/730/icons/econ/default_generated/weapon_ssg08_am_intelligence_orange_light_large.7a1af716b99e1ed517adfd53eddcf90bd4417632.png","type":"skin","rarity":2,"price":184},"SSG 08 | Threat Detected (Well-Worn)":{"quality":2,"skin":"Threat Detected","weapon":"SSG 08","short":"SSG 08 | Threat Detected","name":"SSG 08 | Threat Detected (Well-Worn)","src":"https://steamcdn-a.akamaihd.net/apps/730/icons/econ/default_generated/weapon_ssg08_am_intelligence_orange_light_large.7a1af716b99e1ed517adfd53eddcf90bd4417632.png","type":"skin","rarity":2,"price":182},"SSG 08 | Threat Detected (Battle-Scarred)":{"quality":1,"skin":"Threat Detected","weapon":"SSG 08","short":"SSG 08 | Threat Detected","name":"SSG 08 | Threat Detected (Battle-Scarred)","src":"https://steamcdn-a.akamaihd.net/apps/730/icons/econ/default_generated/weapon_ssg08_am_intelligence_orange_light_large.7a1af716b99e1ed517adfd53eddcf90bd4417632.png","type":"skin","rarity":2,"price":181},"SSG 08 | Threat Detected":{"masterItem":true,"qualities":[5,4,3,2,1],"skin":"Threat Detected","weapon":"SSG 08","short":"SSG 08 | Threat Detected","name":"SSG 08 | Threat Detected","src":"https://steamcdn-a.akamaihd.net/apps/730/icons/econ/default_generated/weapon_ssg08_am_intelligence_orange_light_large.7a1af716b99e1ed517adfd53eddcf90bd4417632.png","type":"skin","rarity":2,"price":206,"minPrice":181}}