{
  "The 2021 Dust 2 Collection": {
    "name": "The 2021 Dust 2 Collection",
    "src": "images/items/collections/dust22021.webp",
    "price": 605,
    "type": "case",
    "rarity": 0,
    "content": {
      "items": [
        "Galil AR | Amber Fade (Factory New)", "Galil AR | Amber Fade (Minimal Wear)",
        "Galil AR | Amber Fade (Field-Tested)", "Galil AR | Amber Fade (Well-Worn)",
        "Souvenir Galil AR | Amber Fade (Factory New)", "Souvenir Galil AR | Amber Fade (Minimal Wear)",
        "Souvenir Galil AR | Amber Fade (Field-Tested)", "Souvenir Galil AR | Amber Fade (Well-Worn)",
        "M4A4 | Red DDPAT (Factory New)", "M4A4 | Red DDPAT (Minimal Wear)", "M4A4 | Red DDPAT (Field-Tested)",
        "M4A4 | Red DDPAT (Well-Worn)", "M4A4 | Red DDPAT (Battle-Scarred)", "Souvenir M4A4 | Red DDPAT (Factory New)",
        "Souvenir M4A4 | Red DDPAT (Minimal Wear)", "Souvenir M4A4 | Red DDPAT (Field-Tested)",
        "Souvenir M4A4 | Red DDPAT (Well-Worn)", "Souvenir M4A4 | Red DDPAT (Battle-Scarred)",
        "UMP-45 | Fade (Factory New)", "UMP-45 | Fade (Minimal Wear)", "Souvenir UMP-45 | Fade (Factory New)",
        "Souvenir UMP-45 | Fade (Minimal Wear)", "MP7 | Prey (Factory New)", "MP7 | Prey (Minimal Wear)",
        "MP7 | Prey (Field-Tested)", "MP7 | Prey (Well-Worn)", "MP7 | Prey (Battle-Scarred)",
        "Souvenir MP7 | Prey (Factory New)", "Souvenir MP7 | Prey (Minimal Wear)", "Souvenir MP7 | Prey (Field-Tested)",
        "Souvenir MP7 | Prey (Well-Worn)", "Souvenir MP7 | Prey (Battle-Scarred)", "SG 553 | Bleached (Factory New)",
        "SG 553 | Bleached (Minimal Wear)", "SG 553 | Bleached (Field-Tested)", "SG 553 | Bleached (Well-Worn)",
        "SG 553 | Bleached (Battle-Scarred)", "Souvenir SG 553 | Bleached (Factory New)",
        "Souvenir SG 553 | Bleached (Minimal Wear)", "Souvenir SG 553 | Bleached (Field-Tested)",
        "Souvenir SG 553 | Bleached (Well-Worn)", "Souvenir SG 553 | Bleached (Battle-Scarred)",
        "M249 | Midnight Palm (Factory New)", "M249 | Midnight Palm (Minimal Wear)",
        "M249 | Midnight Palm (Field-Tested)", "M249 | Midnight Palm (Well-Worn)",
        "M249 | Midnight Palm (Battle-Scarred)", "Souvenir M249 | Midnight Palm (Factory New)",
        "Souvenir M249 | Midnight Palm (Minimal Wear)", "Souvenir M249 | Midnight Palm (Field-Tested)",
        "Souvenir M249 | Midnight Palm (Well-Worn)", "Souvenir M249 | Midnight Palm (Battle-Scarred)",
        "Five-SeveN | Withered Vine (Factory New)", "Five-SeveN | Withered Vine (Minimal Wear)",
        "Five-SeveN | Withered Vine (Field-Tested)", "Five-SeveN | Withered Vine (Well-Worn)",
        "Five-SeveN | Withered Vine (Battle-Scarred)", "Souvenir Five-SeveN | Withered Vine (Factory New)",
        "Souvenir Five-SeveN | Withered Vine (Minimal Wear)", "Souvenir Five-SeveN | Withered Vine (Field-Tested)",
        "Souvenir Five-SeveN | Withered Vine (Well-Worn)", "Souvenir Five-SeveN | Withered Vine (Battle-Scarred)",
        "MAC-10 | Case Hardened (Factory New)", "MAC-10 | Case Hardened (Minimal Wear)",
        "MAC-10 | Case Hardened (Field-Tested)", "MAC-10 | Case Hardened (Well-Worn)",
        "MAC-10 | Case Hardened (Battle-Scarred)", "Souvenir MAC-10 | Case Hardened (Factory New)",
        "Souvenir MAC-10 | Case Hardened (Minimal Wear)", "Souvenir MAC-10 | Case Hardened (Field-Tested)",
        "Souvenir MAC-10 | Case Hardened (Well-Worn)", "Souvenir MAC-10 | Case Hardened (Battle-Scarred)",
        "G3SG1 | New Roots (Factory New)", "G3SG1 | New Roots (Minimal Wear)", "G3SG1 | New Roots (Field-Tested)",
        "G3SG1 | New Roots (Well-Worn)", "G3SG1 | New Roots (Battle-Scarred)",
        "Souvenir G3SG1 | New Roots (Factory New)", "Souvenir G3SG1 | New Roots (Minimal Wear)",
        "Souvenir G3SG1 | New Roots (Field-Tested)", "Souvenir G3SG1 | New Roots (Well-Worn)",
        "Souvenir G3SG1 | New Roots (Battle-Scarred)", "SSG 08 | Death Strike (Factory New)",
        "SSG 08 | Death Strike (Minimal Wear)", "SSG 08 | Death Strike (Field-Tested)",
        "SSG 08 | Death Strike (Well-Worn)", "SSG 08 | Death Strike (Battle-Scarred)",
        "Souvenir SSG 08 | Death Strike (Factory New)", "Souvenir SSG 08 | Death Strike (Minimal Wear)",
        "Souvenir SSG 08 | Death Strike (Field-Tested)", "Souvenir SSG 08 | Death Strike (Well-Worn)",
        "Souvenir SSG 08 | Death Strike (Battle-Scarred)", "AK-47 | Gold Arabesque (Factory New)",
        "AK-47 | Gold Arabesque (Minimal Wear)", "AK-47 | Gold Arabesque (Field-Tested)",
        "AK-47 | Gold Arabesque (Well-Worn)", "AK-47 | Gold Arabesque (Battle-Scarred)",
        "Souvenir AK-47 | Gold Arabesque (Factory New)", "Souvenir AK-47 | Gold Arabesque (Minimal Wear)",
        "Souvenir AK-47 | Gold Arabesque (Field-Tested)", "Souvenir AK-47 | Gold Arabesque (Well-Worn)",
        "Souvenir AK-47 | Gold Arabesque (Battle-Scarred)", "R8 Revolver | Desert Brush (Factory New)",
        "R8 Revolver | Desert Brush (Minimal Wear)", "R8 Revolver | Desert Brush (Field-Tested)",
        "R8 Revolver | Desert Brush (Well-Worn)", "R8 Revolver | Desert Brush (Battle-Scarred)",
        "Souvenir R8 Revolver | Desert Brush (Factory New)", "Souvenir R8 Revolver | Desert Brush (Minimal Wear)",
        "Souvenir R8 Revolver | Desert Brush (Field-Tested)", "Souvenir R8 Revolver | Desert Brush (Well-Worn)",
        "Souvenir R8 Revolver | Desert Brush (Battle-Scarred)", "Nova | Quick Sand (Factory New)",
        "Nova | Quick Sand (Minimal Wear)", "Nova | Quick Sand (Field-Tested)", "Nova | Quick Sand (Well-Worn)",
        "Nova | Quick Sand (Battle-Scarred)", "Souvenir Nova | Quick Sand (Factory New)",
        "Souvenir Nova | Quick Sand (Minimal Wear)", "Souvenir Nova | Quick Sand (Field-Tested)",
        "Souvenir Nova | Quick Sand (Well-Worn)", "Souvenir Nova | Quick Sand (Battle-Scarred)",
        "P90 | Desert DDPAT (Factory New)", "P90 | Desert DDPAT (Minimal Wear)", "P90 | Desert DDPAT (Field-Tested)",
        "P90 | Desert DDPAT (Well-Worn)", "P90 | Desert DDPAT (Battle-Scarred)",
        "Souvenir P90 | Desert DDPAT (Factory New)", "Souvenir P90 | Desert DDPAT (Minimal Wear)",
        "Souvenir P90 | Desert DDPAT (Field-Tested)", "Souvenir P90 | Desert DDPAT (Well-Worn)",
        "Souvenir P90 | Desert DDPAT (Battle-Scarred)", "P250 | Black & Tan (Factory New)",
        "P250 | Black & Tan (Minimal Wear)", "P250 | Black & Tan (Field-Tested)", "P250 | Black & Tan (Well-Worn)",
        "P250 | Black & Tan (Battle-Scarred)", "Souvenir P250 | Black & Tan (Factory New)",
        "Souvenir P250 | Black & Tan (Minimal Wear)", "Souvenir P250 | Black & Tan (Field-Tested)",
        "Souvenir P250 | Black & Tan (Well-Worn)", "Souvenir P250 | Black & Tan (Battle-Scarred)",
        "AUG | Spalted Wood (Factory New)", "AUG | Spalted Wood (Minimal Wear)", "AUG | Spalted Wood (Field-Tested)",
        "AUG | Spalted Wood (Well-Worn)", "AUG | Spalted Wood (Battle-Scarred)",
        "Souvenir AUG | Spalted Wood (Factory New)", "Souvenir AUG | Spalted Wood (Minimal Wear)",
        "Souvenir AUG | Spalted Wood (Field-Tested)", "Souvenir AUG | Spalted Wood (Well-Worn)",
        "Souvenir AUG | Spalted Wood (Battle-Scarred)", "USP-S | Orange Anolis (Factory New)",
        "USP-S | Orange Anolis (Minimal Wear)", "USP-S | Orange Anolis (Field-Tested)",
        "Souvenir USP-S | Orange Anolis (Factory New)", "Souvenir USP-S | Orange Anolis (Minimal Wear)",
        "Souvenir USP-S | Orange Anolis (Field-Tested)", "MP9 | Old Roots (Factory New)",
        "MP9 | Old Roots (Minimal Wear)", "MP9 | Old Roots (Field-Tested)", "MP9 | Old Roots (Well-Worn)",
        "MP9 | Old Roots (Battle-Scarred)", "Souvenir MP9 | Old Roots (Factory New)",
        "Souvenir MP9 | Old Roots (Minimal Wear)", "Souvenir MP9 | Old Roots (Field-Tested)",
        "Souvenir MP9 | Old Roots (Well-Worn)", "Souvenir MP9 | Old Roots (Battle-Scarred)",
        "Sawed-Off | Parched (Factory New)", "Sawed-Off | Parched (Minimal Wear)", "Sawed-Off | Parched (Field-Tested)",
        "Sawed-Off | Parched (Well-Worn)", "Sawed-Off | Parched (Battle-Scarred)",
        "Souvenir Sawed-Off | Parched (Factory New)", "Souvenir Sawed-Off | Parched (Minimal Wear)",
        "Souvenir Sawed-Off | Parched (Field-Tested)", "Souvenir Sawed-Off | Parched (Well-Worn)",
        "Souvenir Sawed-Off | Parched (Battle-Scarred)"
      ]
    }
  },
  "Galil AR | Amber Fade (Factory New)": {
    "quality": 5,
    "skin": "Amber Fade",
    "weapon": "Galil AR",
    "short": "Galil AR | Amber Fade",
    "name": "Galil AR | Amber Fade (Factory New)",
    "src": "https://steamcdn-a.akamaihd.net/apps/730/icons/econ/default_generated/weapon_galilar_aa_fade_metallic_light_large.6910731d5c0d857052afbba2d24416156a6a96ba.png",
    "type": "skin",
    "rarity": 2,
    "price": 378
  },
  "Galil AR | Amber Fade (Minimal Wear)": {
    "quality": 4,
    "skin": "Amber Fade",
    "weapon": "Galil AR",
    "short": "Galil AR | Amber Fade",
    "name": "Galil AR | Amber Fade (Minimal Wear)",
    "src": "https://steamcdn-a.akamaihd.net/apps/730/icons/econ/default_generated/weapon_galilar_aa_fade_metallic_light_large.6910731d5c0d857052afbba2d24416156a6a96ba.png",
    "type": "skin",
    "rarity": 2,
    "price": 425
  },
  "Galil AR | Amber Fade (Field-Tested)": {
    "quality": 3,
    "skin": "Amber Fade",
    "weapon": "Galil AR",
    "short": "Galil AR | Amber Fade",
    "name": "Galil AR | Amber Fade (Field-Tested)",
    "src": "https://steamcdn-a.akamaihd.net/apps/730/icons/econ/default_generated/weapon_galilar_aa_fade_metallic_light_large.6910731d5c0d857052afbba2d24416156a6a96ba.png",
    "type": "skin",
    "rarity": 2,
    "price": 262
  },
  "Galil AR | Amber Fade (Well-Worn)": {
    "quality": 2,
    "skin": "Amber Fade",
    "weapon": "Galil AR",
    "short": "Galil AR | Amber Fade",
    "name": "Galil AR | Amber Fade (Well-Worn)",
    "src": "https://steamcdn-a.akamaihd.net/apps/730/icons/econ/default_generated/weapon_galilar_aa_fade_metallic_light_large.6910731d5c0d857052afbba2d24416156a6a96ba.png",
    "type": "skin",
    "rarity": 2,
    "price": 322
  },
  "Souvenir Galil AR | Amber Fade (Factory New)": {
    "souvenir": true,
    "quality": 5,
    "skin": "Amber Fade",
    "weapon": "Galil AR",
    "short": "Galil AR | Amber Fade",
    "name": "Souvenir Galil AR | Amber Fade (Factory New)",
    "src": "https://steamcdn-a.akamaihd.net/apps/730/icons/econ/default_generated/weapon_galilar_aa_fade_metallic_light_large.6910731d5c0d857052afbba2d24416156a6a96ba.png",
    "type": "skin",
    "rarity": 2,
    "price": 520
  },
  "Souvenir Galil AR | Amber Fade (Minimal Wear)": {
    "souvenir": true,
    "quality": 4,
    "skin": "Amber Fade",
    "weapon": "Galil AR",
    "short": "Galil AR | Amber Fade",
    "name": "Souvenir Galil AR | Amber Fade (Minimal Wear)",
    "src": "https://steamcdn-a.akamaihd.net/apps/730/icons/econ/default_generated/weapon_galilar_aa_fade_metallic_light_large.6910731d5c0d857052afbba2d24416156a6a96ba.png",
    "type": "skin",
    "rarity": 2,
    "price": 485
  },
  "Souvenir Galil AR | Amber Fade (Field-Tested)": {
    "souvenir": true,
    "quality": 3,
    "skin": "Amber Fade",
    "weapon": "Galil AR",
    "short": "Galil AR | Amber Fade",
    "name": "Souvenir Galil AR | Amber Fade (Field-Tested)",
    "src": "https://steamcdn-a.akamaihd.net/apps/730/icons/econ/default_generated/weapon_galilar_aa_fade_metallic_light_large.6910731d5c0d857052afbba2d24416156a6a96ba.png",
    "type": "skin",
    "rarity": 2,
    "price": 248
  },
  "Souvenir Galil AR | Amber Fade (Well-Worn)": {
    "souvenir": true,
    "quality": 2,
    "skin": "Amber Fade",
    "weapon": "Galil AR",
    "short": "Galil AR | Amber Fade",
    "name": "Souvenir Galil AR | Amber Fade (Well-Worn)",
    "src": "https://steamcdn-a.akamaihd.net/apps/730/icons/econ/default_generated/weapon_galilar_aa_fade_metallic_light_large.6910731d5c0d857052afbba2d24416156a6a96ba.png",
    "type": "skin",
    "rarity": 2,
    "price": 288
  },
  "Galil AR | Amber Fade": {
    "souvenirAvailable": true,
    "masterItem": true,
    "qualities": [5, 4, 3, 2],
    "skin": "Amber Fade",
    "weapon": "Galil AR",
    "short": "Galil AR | Amber Fade",
    "name": "Galil AR | Amber Fade",
    "src": "https://steamcdn-a.akamaihd.net/apps/730/icons/econ/default_generated/weapon_galilar_aa_fade_metallic_light_large.6910731d5c0d857052afbba2d24416156a6a96ba.png",
    "type": "skin",
    "rarity": 2,
    "price": 520,
    "minPrice": 248
  },
  "M4A4 | Red DDPAT (Factory New)": {
    "quality": 5,
    "skin": "Red DDPAT",
    "weapon": "M4A4",
    "short": "M4A4 | Red DDPAT",
    "name": "M4A4 | Red DDPAT (Factory New)",
    "src": "https://steamcdn-a.akamaihd.net/apps/730/icons/econ/default_generated/weapon_m4a1_hy_ddpat_urban_red_light_large.ecde1360b79a9d925495a523ee95eb9f4b4b17eb.png",
    "type": "skin",
    "rarity": 3,
    "price": 1221
  },
  "M4A4 | Red DDPAT (Minimal Wear)": {
    "quality": 4,
    "skin": "Red DDPAT",
    "weapon": "M4A4",
    "short": "M4A4 | Red DDPAT",
    "name": "M4A4 | Red DDPAT (Minimal Wear)",
    "src": "https://steamcdn-a.akamaihd.net/apps/730/icons/econ/default_generated/weapon_m4a1_hy_ddpat_urban_red_light_large.ecde1360b79a9d925495a523ee95eb9f4b4b17eb.png",
    "type": "skin",
    "rarity": 3,
    "price": 839
  },
  "M4A4 | Red DDPAT (Field-Tested)": {
    "quality": 3,
    "skin": "Red DDPAT",
    "weapon": "M4A4",
    "short": "M4A4 | Red DDPAT",
    "name": "M4A4 | Red DDPAT (Field-Tested)",
    "src": "https://steamcdn-a.akamaihd.net/apps/730/icons/econ/default_generated/weapon_m4a1_hy_ddpat_urban_red_light_large.ecde1360b79a9d925495a523ee95eb9f4b4b17eb.png",
    "type": "skin",
    "rarity": 3,
    "price": 792
  },
  "M4A4 | Red DDPAT (Well-Worn)": {
    "quality": 2,
    "skin": "Red DDPAT",
    "weapon": "M4A4",
    "short": "M4A4 | Red DDPAT",
    "name": "M4A4 | Red DDPAT (Well-Worn)",
    "src": "https://steamcdn-a.akamaihd.net/apps/730/icons/econ/default_generated/weapon_m4a1_hy_ddpat_urban_red_light_large.ecde1360b79a9d925495a523ee95eb9f4b4b17eb.png",
    "type": "skin",
    "rarity": 3,
    "price": 721
  },
  "M4A4 | Red DDPAT (Battle-Scarred)": {
    "quality": 1,
    "skin": "Red DDPAT",
    "weapon": "M4A4",
    "short": "M4A4 | Red DDPAT",
    "name": "M4A4 | Red DDPAT (Battle-Scarred)",
    "src": "https://steamcdn-a.akamaihd.net/apps/730/icons/econ/default_generated/weapon_m4a1_hy_ddpat_urban_red_light_large.ecde1360b79a9d925495a523ee95eb9f4b4b17eb.png",
    "type": "skin",
    "rarity": 3,
    "price": 772
  },
  "Souvenir M4A4 | Red DDPAT (Factory New)": {
    "souvenir": true,
    "quality": 5,
    "skin": "Red DDPAT",
    "weapon": "M4A4",
    "short": "M4A4 | Red DDPAT",
    "name": "Souvenir M4A4 | Red DDPAT (Factory New)",
    "src": "https://steamcdn-a.akamaihd.net/apps/730/icons/econ/default_generated/weapon_m4a1_hy_ddpat_urban_red_light_large.ecde1360b79a9d925495a523ee95eb9f4b4b17eb.png",
    "type": "skin",
    "rarity": 3,
    "price": 813
  },
  "Souvenir M4A4 | Red DDPAT (Minimal Wear)": {
    "souvenir": true,
    "quality": 4,
    "skin": "Red DDPAT",
    "weapon": "M4A4",
    "short": "M4A4 | Red DDPAT",
    "name": "Souvenir M4A4 | Red DDPAT (Minimal Wear)",
    "src": "https://steamcdn-a.akamaihd.net/apps/730/icons/econ/default_generated/weapon_m4a1_hy_ddpat_urban_red_light_large.ecde1360b79a9d925495a523ee95eb9f4b4b17eb.png",
    "type": "skin",
    "rarity": 3,
    "price": 1356
  },
  "Souvenir M4A4 | Red DDPAT (Field-Tested)": {
    "souvenir": true,
    "quality": 3,
    "skin": "Red DDPAT",
    "weapon": "M4A4",
    "short": "M4A4 | Red DDPAT",
    "name": "Souvenir M4A4 | Red DDPAT (Field-Tested)",
    "src": "https://steamcdn-a.akamaihd.net/apps/730/icons/econ/default_generated/weapon_m4a1_hy_ddpat_urban_red_light_large.ecde1360b79a9d925495a523ee95eb9f4b4b17eb.png",
    "type": "skin",
    "rarity": 3,
    "price": 879
  },
  "Souvenir M4A4 | Red DDPAT (Well-Worn)": {
    "souvenir": true,
    "quality": 2,
    "skin": "Red DDPAT",
    "weapon": "M4A4",
    "short": "M4A4 | Red DDPAT",
    "name": "Souvenir M4A4 | Red DDPAT (Well-Worn)",
    "src": "https://steamcdn-a.akamaihd.net/apps/730/icons/econ/default_generated/weapon_m4a1_hy_ddpat_urban_red_light_large.ecde1360b79a9d925495a523ee95eb9f4b4b17eb.png",
    "type": "skin",
    "rarity": 3,
    "price": 673
  },
  "Souvenir M4A4 | Red DDPAT (Battle-Scarred)": {
    "souvenir": true,
    "quality": 1,
    "skin": "Red DDPAT",
    "weapon": "M4A4",
    "short": "M4A4 | Red DDPAT",
    "name": "Souvenir M4A4 | Red DDPAT (Battle-Scarred)",
    "src": "https://steamcdn-a.akamaihd.net/apps/730/icons/econ/default_generated/weapon_m4a1_hy_ddpat_urban_red_light_large.ecde1360b79a9d925495a523ee95eb9f4b4b17eb.png",
    "type": "skin",
    "rarity": 3,
    "price": 681
  },
  "M4A4 | Red DDPAT": {
    "souvenirAvailable": true,
    "masterItem": true,
    "qualities": [5, 4, 3, 2, 1],
    "skin": "Red DDPAT",
    "weapon": "M4A4",
    "short": "M4A4 | Red DDPAT",
    "name": "M4A4 | Red DDPAT",
    "src": "https://steamcdn-a.akamaihd.net/apps/730/icons/econ/default_generated/weapon_m4a1_hy_ddpat_urban_red_light_large.ecde1360b79a9d925495a523ee95eb9f4b4b17eb.png",
    "type": "skin",
    "rarity": 3,
    "price": 1356,
    "minPrice": 673
  },
  "UMP-45 | Fade (Factory New)": {
    "quality": 5,
    "skin": "Fade",
    "weapon": "UMP-45",
    "short": "UMP-45 | Fade",
    "name": "UMP-45 | Fade (Factory New)",
    "src": "https://steamcdn-a.akamaihd.net/apps/730/icons/econ/default_generated/weapon_ump45_aa_fade_ump_light_large.8f6cd56e5075505e9cbda97e72ba49837a17b8f7.png",
    "type": "skin",
    "rarity": 4,
    "price": 3284
  },
  "UMP-45 | Fade (Minimal Wear)": {
    "quality": 4,
    "skin": "Fade",
    "weapon": "UMP-45",
    "short": "UMP-45 | Fade",
    "name": "UMP-45 | Fade (Minimal Wear)",
    "src": "https://steamcdn-a.akamaihd.net/apps/730/icons/econ/default_generated/weapon_ump45_aa_fade_ump_light_large.8f6cd56e5075505e9cbda97e72ba49837a17b8f7.png",
    "type": "skin",
    "rarity": 4,
    "price": 2751
  },
  "Souvenir UMP-45 | Fade (Factory New)": {
    "souvenir": true,
    "quality": 5,
    "skin": "Fade",
    "weapon": "UMP-45",
    "short": "UMP-45 | Fade",
    "name": "Souvenir UMP-45 | Fade (Factory New)",
    "src": "https://steamcdn-a.akamaihd.net/apps/730/icons/econ/default_generated/weapon_ump45_aa_fade_ump_light_large.8f6cd56e5075505e9cbda97e72ba49837a17b8f7.png",
    "type": "skin",
    "rarity": 4,
    "price": 3305
  },
  "Souvenir UMP-45 | Fade (Minimal Wear)": {
    "souvenir": true,
    "quality": 4,
    "skin": "Fade",
    "weapon": "UMP-45",
    "short": "UMP-45 | Fade",
    "name": "Souvenir UMP-45 | Fade (Minimal Wear)",
    "src": "https://steamcdn-a.akamaihd.net/apps/730/icons/econ/default_generated/weapon_ump45_aa_fade_ump_light_large.8f6cd56e5075505e9cbda97e72ba49837a17b8f7.png",
    "type": "skin",
    "rarity": 4,
    "price": 1947
  },
  "UMP-45 | Fade": {
    "souvenirAvailable": true,
    "masterItem": true,
    "qualities": [5, 4],
    "skin": "Fade",
    "weapon": "UMP-45",
    "short": "UMP-45 | Fade",
    "name": "UMP-45 | Fade",
    "src": "https://steamcdn-a.akamaihd.net/apps/730/icons/econ/default_generated/weapon_ump45_aa_fade_ump_light_large.8f6cd56e5075505e9cbda97e72ba49837a17b8f7.png",
    "type": "skin",
    "rarity": 4,
    "price": 3305,
    "minPrice": 1947
  },
  "MP7 | Prey (Factory New)": {
    "quality": 5,
    "skin": "Prey",
    "weapon": "MP7",
    "short": "MP7 | Prey",
    "name": "MP7 | Prey (Factory New)",
    "src": "https://steamcdn-a.akamaihd.net/apps/730/icons/econ/default_generated/weapon_mp7_sp_zebracam_red_light_large.d55be83c6281f9d9bf4125173dcea870cf9ca0b1.png",
    "type": "skin",
    "rarity": 0,
    "price": 65
  },
  "MP7 | Prey (Minimal Wear)": {
    "quality": 4,
    "skin": "Prey",
    "weapon": "MP7",
    "short": "MP7 | Prey",
    "name": "MP7 | Prey (Minimal Wear)",
    "src": "https://steamcdn-a.akamaihd.net/apps/730/icons/econ/default_generated/weapon_mp7_sp_zebracam_red_light_large.d55be83c6281f9d9bf4125173dcea870cf9ca0b1.png",
    "type": "skin",
    "rarity": 0,
    "price": 53
  },
  "MP7 | Prey (Field-Tested)": {
    "quality": 3,
    "skin": "Prey",
    "weapon": "MP7",
    "short": "MP7 | Prey",
    "name": "MP7 | Prey (Field-Tested)",
    "src": "https://steamcdn-a.akamaihd.net/apps/730/icons/econ/default_generated/weapon_mp7_sp_zebracam_red_light_large.d55be83c6281f9d9bf4125173dcea870cf9ca0b1.png",
    "type": "skin",
    "rarity": 0,
    "price": 50
  },
  "MP7 | Prey (Well-Worn)": {
    "quality": 2,
    "skin": "Prey",
    "weapon": "MP7",
    "short": "MP7 | Prey",
    "name": "MP7 | Prey (Well-Worn)",
    "src": "https://steamcdn-a.akamaihd.net/apps/730/icons/econ/default_generated/weapon_mp7_sp_zebracam_red_light_large.d55be83c6281f9d9bf4125173dcea870cf9ca0b1.png",
    "type": "skin",
    "rarity": 0,
    "price": 37
  },
  "MP7 | Prey (Battle-Scarred)": {
    "quality": 1,
    "skin": "Prey",
    "weapon": "MP7",
    "short": "MP7 | Prey",
    "name": "MP7 | Prey (Battle-Scarred)",
    "src": "https://steamcdn-a.akamaihd.net/apps/730/icons/econ/default_generated/weapon_mp7_sp_zebracam_red_light_large.d55be83c6281f9d9bf4125173dcea870cf9ca0b1.png",
    "type": "skin",
    "rarity": 0,
    "price": 22
  },
  "Souvenir MP7 | Prey (Factory New)": {
    "souvenir": true,
    "quality": 5,
    "skin": "Prey",
    "weapon": "MP7",
    "short": "MP7 | Prey",
    "name": "Souvenir MP7 | Prey (Factory New)",
    "src": "https://steamcdn-a.akamaihd.net/apps/730/icons/econ/default_generated/weapon_mp7_sp_zebracam_red_light_large.d55be83c6281f9d9bf4125173dcea870cf9ca0b1.png",
    "type": "skin",
    "rarity": 0,
    "price": 81
  },
  "Souvenir MP7 | Prey (Minimal Wear)": {
    "souvenir": true,
    "quality": 4,
    "skin": "Prey",
    "weapon": "MP7",
    "short": "MP7 | Prey",
    "name": "Souvenir MP7 | Prey (Minimal Wear)",
    "src": "https://steamcdn-a.akamaihd.net/apps/730/icons/econ/default_generated/weapon_mp7_sp_zebracam_red_light_large.d55be83c6281f9d9bf4125173dcea870cf9ca0b1.png",
    "type": "skin",
    "rarity": 0,
    "price": 58
  },
  "Souvenir MP7 | Prey (Field-Tested)": {
    "souvenir": true,
    "quality": 3,
    "skin": "Prey",
    "weapon": "MP7",
    "short": "MP7 | Prey",
    "name": "Souvenir MP7 | Prey (Field-Tested)",
    "src": "https://steamcdn-a.akamaihd.net/apps/730/icons/econ/default_generated/weapon_mp7_sp_zebracam_red_light_large.d55be83c6281f9d9bf4125173dcea870cf9ca0b1.png",
    "type": "skin",
    "rarity": 0,
    "price": 58
  },
  "Souvenir MP7 | Prey (Well-Worn)": {
    "souvenir": true,
    "quality": 2,
    "skin": "Prey",
    "weapon": "MP7",
    "short": "MP7 | Prey",
    "name": "Souvenir MP7 | Prey (Well-Worn)",
    "src": "https://steamcdn-a.akamaihd.net/apps/730/icons/econ/default_generated/weapon_mp7_sp_zebracam_red_light_large.d55be83c6281f9d9bf4125173dcea870cf9ca0b1.png",
    "type": "skin",
    "rarity": 0,
    "price": 46
  },
  "Souvenir MP7 | Prey (Battle-Scarred)": {
    "souvenir": true,
    "quality": 1,
    "skin": "Prey",
    "weapon": "MP7",
    "short": "MP7 | Prey",
    "name": "Souvenir MP7 | Prey (Battle-Scarred)",
    "src": "https://steamcdn-a.akamaihd.net/apps/730/icons/econ/default_generated/weapon_mp7_sp_zebracam_red_light_large.d55be83c6281f9d9bf4125173dcea870cf9ca0b1.png",
    "type": "skin",
    "rarity": 0,
    "price": 30
  },
  "MP7 | Prey": {
    "souvenirAvailable": true,
    "masterItem": true,
    "qualities": [5, 4, 3, 2, 1],
    "skin": "Prey",
    "weapon": "MP7",
    "short": "MP7 | Prey",
    "name": "MP7 | Prey",
    "src": "https://steamcdn-a.akamaihd.net/apps/730/icons/econ/default_generated/weapon_mp7_sp_zebracam_red_light_large.d55be83c6281f9d9bf4125173dcea870cf9ca0b1.png",
    "type": "skin",
    "rarity": 0,
    "price": 81,
    "minPrice": 22
  },
  "SG 553 | Bleached (Factory New)": {
    "quality": 5,
    "skin": "Bleached",
    "weapon": "SG 553",
    "short": "SG 553 | Bleached",
    "name": "SG 553 | Bleached (Factory New)",
    "src": "https://steamcdn-a.akamaihd.net/apps/730/icons/econ/default_generated/weapon_sg556_sp_desert_skulls_light_large.3ac80055b461251992cea8183d77a9e2c4662e9d.png",
    "type": "skin",
    "rarity": 0,
    "price": 55
  },
  "SG 553 | Bleached (Minimal Wear)": {
    "quality": 4,
    "skin": "Bleached",
    "weapon": "SG 553",
    "short": "SG 553 | Bleached",
    "name": "SG 553 | Bleached (Minimal Wear)",
    "src": "https://steamcdn-a.akamaihd.net/apps/730/icons/econ/default_generated/weapon_sg556_sp_desert_skulls_light_large.3ac80055b461251992cea8183d77a9e2c4662e9d.png",
    "type": "skin",
    "rarity": 0,
    "price": 71
  },
  "SG 553 | Bleached (Field-Tested)": {
    "quality": 3,
    "skin": "Bleached",
    "weapon": "SG 553",
    "short": "SG 553 | Bleached",
    "name": "SG 553 | Bleached (Field-Tested)",
    "src": "https://steamcdn-a.akamaihd.net/apps/730/icons/econ/default_generated/weapon_sg556_sp_desert_skulls_light_large.3ac80055b461251992cea8183d77a9e2c4662e9d.png",
    "type": "skin",
    "rarity": 0,
    "price": 51
  },
  "SG 553 | Bleached (Well-Worn)": {
    "quality": 2,
    "skin": "Bleached",
    "weapon": "SG 553",
    "short": "SG 553 | Bleached",
    "name": "SG 553 | Bleached (Well-Worn)",
    "src": "https://steamcdn-a.akamaihd.net/apps/730/icons/econ/default_generated/weapon_sg556_sp_desert_skulls_light_large.3ac80055b461251992cea8183d77a9e2c4662e9d.png",
    "type": "skin",
    "rarity": 0,
    "price": 35
  },
  "SG 553 | Bleached (Battle-Scarred)": {
    "quality": 1,
    "skin": "Bleached",
    "weapon": "SG 553",
    "short": "SG 553 | Bleached",
    "name": "SG 553 | Bleached (Battle-Scarred)",
    "src": "https://steamcdn-a.akamaihd.net/apps/730/icons/econ/default_generated/weapon_sg556_sp_desert_skulls_light_large.3ac80055b461251992cea8183d77a9e2c4662e9d.png",
    "type": "skin",
    "rarity": 0,
    "price": 35
  },
  "Souvenir SG 553 | Bleached (Factory New)": {
    "souvenir": true,
    "quality": 5,
    "skin": "Bleached",
    "weapon": "SG 553",
    "short": "SG 553 | Bleached",
    "name": "Souvenir SG 553 | Bleached (Factory New)",
    "src": "https://steamcdn-a.akamaihd.net/apps/730/icons/econ/default_generated/weapon_sg556_sp_desert_skulls_light_large.3ac80055b461251992cea8183d77a9e2c4662e9d.png",
    "type": "skin",
    "rarity": 0,
    "price": 44
  },
  "Souvenir SG 553 | Bleached (Minimal Wear)": {
    "souvenir": true,
    "quality": 4,
    "skin": "Bleached",
    "weapon": "SG 553",
    "short": "SG 553 | Bleached",
    "name": "Souvenir SG 553 | Bleached (Minimal Wear)",
    "src": "https://steamcdn-a.akamaihd.net/apps/730/icons/econ/default_generated/weapon_sg556_sp_desert_skulls_light_large.3ac80055b461251992cea8183d77a9e2c4662e9d.png",
    "type": "skin",
    "rarity": 0,
    "price": 55
  },
  "Souvenir SG 553 | Bleached (Field-Tested)": {
    "souvenir": true,
    "quality": 3,
    "skin": "Bleached",
    "weapon": "SG 553",
    "short": "SG 553 | Bleached",
    "name": "Souvenir SG 553 | Bleached (Field-Tested)",
    "src": "https://steamcdn-a.akamaihd.net/apps/730/icons/econ/default_generated/weapon_sg556_sp_desert_skulls_light_large.3ac80055b461251992cea8183d77a9e2c4662e9d.png",
    "type": "skin",
    "rarity": 0,
    "price": 49
  },
  "Souvenir SG 553 | Bleached (Well-Worn)": {
    "souvenir": true,
    "quality": 2,
    "skin": "Bleached",
    "weapon": "SG 553",
    "short": "SG 553 | Bleached",
    "name": "Souvenir SG 553 | Bleached (Well-Worn)",
    "src": "https://steamcdn-a.akamaihd.net/apps/730/icons/econ/default_generated/weapon_sg556_sp_desert_skulls_light_large.3ac80055b461251992cea8183d77a9e2c4662e9d.png",
    "type": "skin",
    "rarity": 0,
    "price": 39
  },
  "Souvenir SG 553 | Bleached (Battle-Scarred)": {
    "souvenir": true,
    "quality": 1,
    "skin": "Bleached",
    "weapon": "SG 553",
    "short": "SG 553 | Bleached",
    "name": "Souvenir SG 553 | Bleached (Battle-Scarred)",
    "src": "https://steamcdn-a.akamaihd.net/apps/730/icons/econ/default_generated/weapon_sg556_sp_desert_skulls_light_large.3ac80055b461251992cea8183d77a9e2c4662e9d.png",
    "type": "skin",
    "rarity": 0,
    "price": 20
  },
  "SG 553 | Bleached": {
    "souvenirAvailable": true,
    "masterItem": true,
    "qualities": [5, 4, 3, 2, 1],
    "skin": "Bleached",
    "weapon": "SG 553",
    "short": "SG 553 | Bleached",
    "name": "SG 553 | Bleached",
    "src": "https://steamcdn-a.akamaihd.net/apps/730/icons/econ/default_generated/weapon_sg556_sp_desert_skulls_light_large.3ac80055b461251992cea8183d77a9e2c4662e9d.png",
    "type": "skin",
    "rarity": 0,
    "price": 71,
    "minPrice": 20
  },
  "M249 | Midnight Palm (Factory New)": {
    "quality": 5,
    "skin": "Midnight Palm",
    "weapon": "M249",
    "short": "M249 | Midnight Palm",
    "name": "M249 | Midnight Palm (Factory New)",
    "src": "https://steamcdn-a.akamaihd.net/apps/730/icons/econ/default_generated/weapon_m249_sp_palm_night_light_large.8d8112a73e3c854dce2126fa766ae8a93532f1aa.png",
    "type": "skin",
    "rarity": 1,
    "price": 131
  },
  "M249 | Midnight Palm (Minimal Wear)": {
    "quality": 4,
    "skin": "Midnight Palm",
    "weapon": "M249",
    "short": "M249 | Midnight Palm",
    "name": "M249 | Midnight Palm (Minimal Wear)",
    "src": "https://steamcdn-a.akamaihd.net/apps/730/icons/econ/default_generated/weapon_m249_sp_palm_night_light_large.8d8112a73e3c854dce2126fa766ae8a93532f1aa.png",
    "type": "skin",
    "rarity": 1,
    "price": 188
  },
  "M249 | Midnight Palm (Field-Tested)": {
    "quality": 3,
    "skin": "Midnight Palm",
    "weapon": "M249",
    "short": "M249 | Midnight Palm",
    "name": "M249 | Midnight Palm (Field-Tested)",
    "src": "https://steamcdn-a.akamaihd.net/apps/730/icons/econ/default_generated/weapon_m249_sp_palm_night_light_large.8d8112a73e3c854dce2126fa766ae8a93532f1aa.png",
    "type": "skin",
    "rarity": 1,
    "price": 143
  },
  "M249 | Midnight Palm (Well-Worn)": {
    "quality": 2,
    "skin": "Midnight Palm",
    "weapon": "M249",
    "short": "M249 | Midnight Palm",
    "name": "M249 | Midnight Palm (Well-Worn)",
    "src": "https://steamcdn-a.akamaihd.net/apps/730/icons/econ/default_generated/weapon_m249_sp_palm_night_light_large.8d8112a73e3c854dce2126fa766ae8a93532f1aa.png",
    "type": "skin",
    "rarity": 1,
    "price": 77
  },
  "M249 | Midnight Palm (Battle-Scarred)": {
    "quality": 1,
    "skin": "Midnight Palm",
    "weapon": "M249",
    "short": "M249 | Midnight Palm",
    "name": "M249 | Midnight Palm (Battle-Scarred)",
    "src": "https://steamcdn-a.akamaihd.net/apps/730/icons/econ/default_generated/weapon_m249_sp_palm_night_light_large.8d8112a73e3c854dce2126fa766ae8a93532f1aa.png",
    "type": "skin",
    "rarity": 1,
    "price": 55
  },
  "Souvenir M249 | Midnight Palm (Factory New)": {
    "souvenir": true,
    "quality": 5,
    "skin": "Midnight Palm",
    "weapon": "M249",
    "short": "M249 | Midnight Palm",
    "name": "Souvenir M249 | Midnight Palm (Factory New)",
    "src": "https://steamcdn-a.akamaihd.net/apps/730/icons/econ/default_generated/weapon_m249_sp_palm_night_light_large.8d8112a73e3c854dce2126fa766ae8a93532f1aa.png",
    "type": "skin",
    "rarity": 1,
    "price": 161
  },
  "Souvenir M249 | Midnight Palm (Minimal Wear)": {
    "souvenir": true,
    "quality": 4,
    "skin": "Midnight Palm",
    "weapon": "M249",
    "short": "M249 | Midnight Palm",
    "name": "Souvenir M249 | Midnight Palm (Minimal Wear)",
    "src": "https://steamcdn-a.akamaihd.net/apps/730/icons/econ/default_generated/weapon_m249_sp_palm_night_light_large.8d8112a73e3c854dce2126fa766ae8a93532f1aa.png",
    "type": "skin",
    "rarity": 1,
    "price": 168
  },
  "Souvenir M249 | Midnight Palm (Field-Tested)": {
    "souvenir": true,
    "quality": 3,
    "skin": "Midnight Palm",
    "weapon": "M249",
    "short": "M249 | Midnight Palm",
    "name": "Souvenir M249 | Midnight Palm (Field-Tested)",
    "src": "https://steamcdn-a.akamaihd.net/apps/730/icons/econ/default_generated/weapon_m249_sp_palm_night_light_large.8d8112a73e3c854dce2126fa766ae8a93532f1aa.png",
    "type": "skin",
    "rarity": 1,
    "price": 88
  },
  "Souvenir M249 | Midnight Palm (Well-Worn)": {
    "souvenir": true,
    "quality": 2,
    "skin": "Midnight Palm",
    "weapon": "M249",
    "short": "M249 | Midnight Palm",
    "name": "Souvenir M249 | Midnight Palm (Well-Worn)",
    "src": "https://steamcdn-a.akamaihd.net/apps/730/icons/econ/default_generated/weapon_m249_sp_palm_night_light_large.8d8112a73e3c854dce2126fa766ae8a93532f1aa.png",
    "type": "skin",
    "rarity": 1,
    "price": 87
  },
  "Souvenir M249 | Midnight Palm (Battle-Scarred)": {
    "souvenir": true,
    "quality": 1,
    "skin": "Midnight Palm",
    "weapon": "M249",
    "short": "M249 | Midnight Palm",
    "name": "Souvenir M249 | Midnight Palm (Battle-Scarred)",
    "src": "https://steamcdn-a.akamaihd.net/apps/730/icons/econ/default_generated/weapon_m249_sp_palm_night_light_large.8d8112a73e3c854dce2126fa766ae8a93532f1aa.png",
    "type": "skin",
    "rarity": 1,
    "price": 90
  },
  "M249 | Midnight Palm": {
    "souvenirAvailable": true,
    "masterItem": true,
    "qualities": [5, 4, 3, 2, 1],
    "skin": "Midnight Palm",
    "weapon": "M249",
    "short": "M249 | Midnight Palm",
    "name": "M249 | Midnight Palm",
    "src": "https://steamcdn-a.akamaihd.net/apps/730/icons/econ/default_generated/weapon_m249_sp_palm_night_light_large.8d8112a73e3c854dce2126fa766ae8a93532f1aa.png",
    "type": "skin",
    "rarity": 1,
    "price": 188,
    "minPrice": 55
  },
  "Five-SeveN | Withered Vine (Factory New)": {
    "quality": 5,
    "skin": "Withered Vine",
    "weapon": "Five-SeveN",
    "short": "Five-SeveN | Withered Vine",
    "name": "Five-SeveN | Withered Vine (Factory New)",
    "src": "https://steamcdn-a.akamaihd.net/apps/730/icons/econ/default_generated/weapon_fiveseven_sp_moro_textile_purple_yellow_light_large.47cc81847e4fd47b359bf0cfea09910d03a32bd7.png",
    "type": "skin",
    "rarity": 1,
    "price": 177
  },
  "Five-SeveN | Withered Vine (Minimal Wear)": {
    "quality": 4,
    "skin": "Withered Vine",
    "weapon": "Five-SeveN",
    "short": "Five-SeveN | Withered Vine",
    "name": "Five-SeveN | Withered Vine (Minimal Wear)",
    "src": "https://steamcdn-a.akamaihd.net/apps/730/icons/econ/default_generated/weapon_fiveseven_sp_moro_textile_purple_yellow_light_large.47cc81847e4fd47b359bf0cfea09910d03a32bd7.png",
    "type": "skin",
    "rarity": 1,
    "price": 185
  },
  "Five-SeveN | Withered Vine (Field-Tested)": {
    "quality": 3,
    "skin": "Withered Vine",
    "weapon": "Five-SeveN",
    "short": "Five-SeveN | Withered Vine",
    "name": "Five-SeveN | Withered Vine (Field-Tested)",
    "src": "https://steamcdn-a.akamaihd.net/apps/730/icons/econ/default_generated/weapon_fiveseven_sp_moro_textile_purple_yellow_light_large.47cc81847e4fd47b359bf0cfea09910d03a32bd7.png",
    "type": "skin",
    "rarity": 1,
    "price": 92
  },
  "Five-SeveN | Withered Vine (Well-Worn)": {
    "quality": 2,
    "skin": "Withered Vine",
    "weapon": "Five-SeveN",
    "short": "Five-SeveN | Withered Vine",
    "name": "Five-SeveN | Withered Vine (Well-Worn)",
    "src": "https://steamcdn-a.akamaihd.net/apps/730/icons/econ/default_generated/weapon_fiveseven_sp_moro_textile_purple_yellow_light_large.47cc81847e4fd47b359bf0cfea09910d03a32bd7.png",
    "type": "skin",
    "rarity": 1,
    "price": 77
  },
  "Five-SeveN | Withered Vine (Battle-Scarred)": {
    "quality": 1,
    "skin": "Withered Vine",
    "weapon": "Five-SeveN",
    "short": "Five-SeveN | Withered Vine",
    "name": "Five-SeveN | Withered Vine (Battle-Scarred)",
    "src": "https://steamcdn-a.akamaihd.net/apps/730/icons/econ/default_generated/weapon_fiveseven_sp_moro_textile_purple_yellow_light_large.47cc81847e4fd47b359bf0cfea09910d03a32bd7.png",
    "type": "skin",
    "rarity": 1,
    "price": 98
  },
  "Souvenir Five-SeveN | Withered Vine (Factory New)": {
    "souvenir": true,
    "quality": 5,
    "skin": "Withered Vine",
    "weapon": "Five-SeveN",
    "short": "Five-SeveN | Withered Vine",
    "name": "Souvenir Five-SeveN | Withered Vine (Factory New)",
    "src": "https://steamcdn-a.akamaihd.net/apps/730/icons/econ/default_generated/weapon_fiveseven_sp_moro_textile_purple_yellow_light_large.47cc81847e4fd47b359bf0cfea09910d03a32bd7.png",
    "type": "skin",
    "rarity": 1,
    "price": 149
  },
  "Souvenir Five-SeveN | Withered Vine (Minimal Wear)": {
    "souvenir": true,
    "quality": 4,
    "skin": "Withered Vine",
    "weapon": "Five-SeveN",
    "short": "Five-SeveN | Withered Vine",
    "name": "Souvenir Five-SeveN | Withered Vine (Minimal Wear)",
    "src": "https://steamcdn-a.akamaihd.net/apps/730/icons/econ/default_generated/weapon_fiveseven_sp_moro_textile_purple_yellow_light_large.47cc81847e4fd47b359bf0cfea09910d03a32bd7.png",
    "type": "skin",
    "rarity": 1,
    "price": 173
  },
  "Souvenir Five-SeveN | Withered Vine (Field-Tested)": {
    "souvenir": true,
    "quality": 3,
    "skin": "Withered Vine",
    "weapon": "Five-SeveN",
    "short": "Five-SeveN | Withered Vine",
    "name": "Souvenir Five-SeveN | Withered Vine (Field-Tested)",
    "src": "https://steamcdn-a.akamaihd.net/apps/730/icons/econ/default_generated/weapon_fiveseven_sp_moro_textile_purple_yellow_light_large.47cc81847e4fd47b359bf0cfea09910d03a32bd7.png",
    "type": "skin",
    "rarity": 1,
    "price": 111
  },
  "Souvenir Five-SeveN | Withered Vine (Well-Worn)": {
    "souvenir": true,
    "quality": 2,
    "skin": "Withered Vine",
    "weapon": "Five-SeveN",
    "short": "Five-SeveN | Withered Vine",
    "name": "Souvenir Five-SeveN | Withered Vine (Well-Worn)",
    "src": "https://steamcdn-a.akamaihd.net/apps/730/icons/econ/default_generated/weapon_fiveseven_sp_moro_textile_purple_yellow_light_large.47cc81847e4fd47b359bf0cfea09910d03a32bd7.png",
    "type": "skin",
    "rarity": 1,
    "price": 76
  },
  "Souvenir Five-SeveN | Withered Vine (Battle-Scarred)": {
    "souvenir": true,
    "quality": 1,
    "skin": "Withered Vine",
    "weapon": "Five-SeveN",
    "short": "Five-SeveN | Withered Vine",
    "name": "Souvenir Five-SeveN | Withered Vine (Battle-Scarred)",
    "src": "https://steamcdn-a.akamaihd.net/apps/730/icons/econ/default_generated/weapon_fiveseven_sp_moro_textile_purple_yellow_light_large.47cc81847e4fd47b359bf0cfea09910d03a32bd7.png",
    "type": "skin",
    "rarity": 1,
    "price": 76
  },
  "Five-SeveN | Withered Vine": {
    "souvenirAvailable": true,
    "masterItem": true,
    "qualities": [5, 4, 3, 2, 1],
    "skin": "Withered Vine",
    "weapon": "Five-SeveN",
    "short": "Five-SeveN | Withered Vine",
    "name": "Five-SeveN | Withered Vine",
    "src": "https://steamcdn-a.akamaihd.net/apps/730/icons/econ/default_generated/weapon_fiveseven_sp_moro_textile_purple_yellow_light_large.47cc81847e4fd47b359bf0cfea09910d03a32bd7.png",
    "type": "skin",
    "rarity": 1,
    "price": 185,
    "minPrice": 76
  },
  "MAC-10 | Case Hardened (Factory New)": {
    "quality": 5,
    "skin": "Case Hardened",
    "weapon": "MAC-10",
    "short": "MAC-10 | Case Hardened",
    "name": "MAC-10 | Case Hardened (Factory New)",
    "src": "https://steamcdn-a.akamaihd.net/apps/730/icons/econ/default_generated/weapon_mac10_aq_oiled_light_large.9d9de18ba0a4dc915e495c05b0d1419bd2cd7a02.png",
    "type": "skin",
    "rarity": 3,
    "price": 1444
  },
  "MAC-10 | Case Hardened (Minimal Wear)": {
    "quality": 4,
    "skin": "Case Hardened",
    "weapon": "MAC-10",
    "short": "MAC-10 | Case Hardened",
    "name": "MAC-10 | Case Hardened (Minimal Wear)",
    "src": "https://steamcdn-a.akamaihd.net/apps/730/icons/econ/default_generated/weapon_mac10_aq_oiled_light_large.9d9de18ba0a4dc915e495c05b0d1419bd2cd7a02.png",
    "type": "skin",
    "rarity": 3,
    "price": 1314
  },
  "MAC-10 | Case Hardened (Field-Tested)": {
    "quality": 3,
    "skin": "Case Hardened",
    "weapon": "MAC-10",
    "short": "MAC-10 | Case Hardened",
    "name": "MAC-10 | Case Hardened (Field-Tested)",
    "src": "https://steamcdn-a.akamaihd.net/apps/730/icons/econ/default_generated/weapon_mac10_aq_oiled_light_large.9d9de18ba0a4dc915e495c05b0d1419bd2cd7a02.png",
    "type": "skin",
    "rarity": 3,
    "price": 1120
  },
  "MAC-10 | Case Hardened (Well-Worn)": {
    "quality": 2,
    "skin": "Case Hardened",
    "weapon": "MAC-10",
    "short": "MAC-10 | Case Hardened",
    "name": "MAC-10 | Case Hardened (Well-Worn)",
    "src": "https://steamcdn-a.akamaihd.net/apps/730/icons/econ/default_generated/weapon_mac10_aq_oiled_light_large.9d9de18ba0a4dc915e495c05b0d1419bd2cd7a02.png",
    "type": "skin",
    "rarity": 3,
    "price": 922
  },
  "MAC-10 | Case Hardened (Battle-Scarred)": {
    "quality": 1,
    "skin": "Case Hardened",
    "weapon": "MAC-10",
    "short": "MAC-10 | Case Hardened",
    "name": "MAC-10 | Case Hardened (Battle-Scarred)",
    "src": "https://steamcdn-a.akamaihd.net/apps/730/icons/econ/default_generated/weapon_mac10_aq_oiled_light_large.9d9de18ba0a4dc915e495c05b0d1419bd2cd7a02.png",
    "type": "skin",
    "rarity": 3,
    "price": 676
  },
  "Souvenir MAC-10 | Case Hardened (Factory New)": {
    "souvenir": true,
    "quality": 5,
    "skin": "Case Hardened",
    "weapon": "MAC-10",
    "short": "MAC-10 | Case Hardened",
    "name": "Souvenir MAC-10 | Case Hardened (Factory New)",
    "src": "https://steamcdn-a.akamaihd.net/apps/730/icons/econ/default_generated/weapon_mac10_aq_oiled_light_large.9d9de18ba0a4dc915e495c05b0d1419bd2cd7a02.png",
    "type": "skin",
    "rarity": 3,
    "price": 1171
  },
  "Souvenir MAC-10 | Case Hardened (Minimal Wear)": {
    "souvenir": true,
    "quality": 4,
    "skin": "Case Hardened",
    "weapon": "MAC-10",
    "short": "MAC-10 | Case Hardened",
    "name": "Souvenir MAC-10 | Case Hardened (Minimal Wear)",
    "src": "https://steamcdn-a.akamaihd.net/apps/730/icons/econ/default_generated/weapon_mac10_aq_oiled_light_large.9d9de18ba0a4dc915e495c05b0d1419bd2cd7a02.png",
    "type": "skin",
    "rarity": 3,
    "price": 1234
  },
  "Souvenir MAC-10 | Case Hardened (Field-Tested)": {
    "souvenir": true,
    "quality": 3,
    "skin": "Case Hardened",
    "weapon": "MAC-10",
    "short": "MAC-10 | Case Hardened",
    "name": "Souvenir MAC-10 | Case Hardened (Field-Tested)",
    "src": "https://steamcdn-a.akamaihd.net/apps/730/icons/econ/default_generated/weapon_mac10_aq_oiled_light_large.9d9de18ba0a4dc915e495c05b0d1419bd2cd7a02.png",
    "type": "skin",
    "rarity": 3,
    "price": 656
  },
  "Souvenir MAC-10 | Case Hardened (Well-Worn)": {
    "souvenir": true,
    "quality": 2,
    "skin": "Case Hardened",
    "weapon": "MAC-10",
    "short": "MAC-10 | Case Hardened",
    "name": "Souvenir MAC-10 | Case Hardened (Well-Worn)",
    "src": "https://steamcdn-a.akamaihd.net/apps/730/icons/econ/default_generated/weapon_mac10_aq_oiled_light_large.9d9de18ba0a4dc915e495c05b0d1419bd2cd7a02.png",
    "type": "skin",
    "rarity": 3,
    "price": 751
  },
  "Souvenir MAC-10 | Case Hardened (Battle-Scarred)": {
    "souvenir": true,
    "quality": 1,
    "skin": "Case Hardened",
    "weapon": "MAC-10",
    "short": "MAC-10 | Case Hardened",
    "name": "Souvenir MAC-10 | Case Hardened (Battle-Scarred)",
    "src": "https://steamcdn-a.akamaihd.net/apps/730/icons/econ/default_generated/weapon_mac10_aq_oiled_light_large.9d9de18ba0a4dc915e495c05b0d1419bd2cd7a02.png",
    "type": "skin",
    "rarity": 3,
    "price": 430
  },
  "MAC-10 | Case Hardened": {
    "souvenirAvailable": true,
    "masterItem": true,
    "qualities": [5, 4, 3, 2, 1],
    "skin": "Case Hardened",
    "weapon": "MAC-10",
    "short": "MAC-10 | Case Hardened",
    "name": "MAC-10 | Case Hardened",
    "src": "https://steamcdn-a.akamaihd.net/apps/730/icons/econ/default_generated/weapon_mac10_aq_oiled_light_large.9d9de18ba0a4dc915e495c05b0d1419bd2cd7a02.png",
    "type": "skin",
    "rarity": 3,
    "price": 1444,
    "minPrice": 430
  },
  "G3SG1 | New Roots (Factory New)": {
    "quality": 5,
    "skin": "New Roots",
    "weapon": "G3SG1",
    "short": "G3SG1 | New Roots",
    "name": "G3SG1 | New Roots (Factory New)",
    "src": "https://steamcdn-a.akamaihd.net/apps/730/icons/econ/default_generated/weapon_g3sg1_sp_moro_carving_lightblue_light_large.4d260ef80213690b0d967f94874fbed4c4a73484.png",
    "type": "skin",
    "rarity": 2,
    "price": 401
  },
  "G3SG1 | New Roots (Minimal Wear)": {
    "quality": 4,
    "skin": "New Roots",
    "weapon": "G3SG1",
    "short": "G3SG1 | New Roots",
    "name": "G3SG1 | New Roots (Minimal Wear)",
    "src": "https://steamcdn-a.akamaihd.net/apps/730/icons/econ/default_generated/weapon_g3sg1_sp_moro_carving_lightblue_light_large.4d260ef80213690b0d967f94874fbed4c4a73484.png",
    "type": "skin",
    "rarity": 2,
    "price": 516
  },
  "G3SG1 | New Roots (Field-Tested)": {
    "quality": 3,
    "skin": "New Roots",
    "weapon": "G3SG1",
    "short": "G3SG1 | New Roots",
    "name": "G3SG1 | New Roots (Field-Tested)",
    "src": "https://steamcdn-a.akamaihd.net/apps/730/icons/econ/default_generated/weapon_g3sg1_sp_moro_carving_lightblue_light_large.4d260ef80213690b0d967f94874fbed4c4a73484.png",
    "type": "skin",
    "rarity": 2,
    "price": 325
  },
  "G3SG1 | New Roots (Well-Worn)": {
    "quality": 2,
    "skin": "New Roots",
    "weapon": "G3SG1",
    "short": "G3SG1 | New Roots",
    "name": "G3SG1 | New Roots (Well-Worn)",
    "src": "https://steamcdn-a.akamaihd.net/apps/730/icons/econ/default_generated/weapon_g3sg1_sp_moro_carving_lightblue_light_large.4d260ef80213690b0d967f94874fbed4c4a73484.png",
    "type": "skin",
    "rarity": 2,
    "price": 298
  },
  "G3SG1 | New Roots (Battle-Scarred)": {
    "quality": 1,
    "skin": "New Roots",
    "weapon": "G3SG1",
    "short": "G3SG1 | New Roots",
    "name": "G3SG1 | New Roots (Battle-Scarred)",
    "src": "https://steamcdn-a.akamaihd.net/apps/730/icons/econ/default_generated/weapon_g3sg1_sp_moro_carving_lightblue_light_large.4d260ef80213690b0d967f94874fbed4c4a73484.png",
    "type": "skin",
    "rarity": 2,
    "price": 150
  },
  "Souvenir G3SG1 | New Roots (Factory New)": {
    "souvenir": true,
    "quality": 5,
    "skin": "New Roots",
    "weapon": "G3SG1",
    "short": "G3SG1 | New Roots",
    "name": "Souvenir G3SG1 | New Roots (Factory New)",
    "src": "https://steamcdn-a.akamaihd.net/apps/730/icons/econ/default_generated/weapon_g3sg1_sp_moro_carving_lightblue_light_large.4d260ef80213690b0d967f94874fbed4c4a73484.png",
    "type": "skin",
    "rarity": 2,
    "price": 348
  },
  "Souvenir G3SG1 | New Roots (Minimal Wear)": {
    "souvenir": true,
    "quality": 4,
    "skin": "New Roots",
    "weapon": "G3SG1",
    "short": "G3SG1 | New Roots",
    "name": "Souvenir G3SG1 | New Roots (Minimal Wear)",
    "src": "https://steamcdn-a.akamaihd.net/apps/730/icons/econ/default_generated/weapon_g3sg1_sp_moro_carving_lightblue_light_large.4d260ef80213690b0d967f94874fbed4c4a73484.png",
    "type": "skin",
    "rarity": 2,
    "price": 438
  },
  "Souvenir G3SG1 | New Roots (Field-Tested)": {
    "souvenir": true,
    "quality": 3,
    "skin": "New Roots",
    "weapon": "G3SG1",
    "short": "G3SG1 | New Roots",
    "name": "Souvenir G3SG1 | New Roots (Field-Tested)",
    "src": "https://steamcdn-a.akamaihd.net/apps/730/icons/econ/default_generated/weapon_g3sg1_sp_moro_carving_lightblue_light_large.4d260ef80213690b0d967f94874fbed4c4a73484.png",
    "type": "skin",
    "rarity": 2,
    "price": 401
  },
  "Souvenir G3SG1 | New Roots (Well-Worn)": {
    "souvenir": true,
    "quality": 2,
    "skin": "New Roots",
    "weapon": "G3SG1",
    "short": "G3SG1 | New Roots",
    "name": "Souvenir G3SG1 | New Roots (Well-Worn)",
    "src": "https://steamcdn-a.akamaihd.net/apps/730/icons/econ/default_generated/weapon_g3sg1_sp_moro_carving_lightblue_light_large.4d260ef80213690b0d967f94874fbed4c4a73484.png",
    "type": "skin",
    "rarity": 2,
    "price": 185
  },
  "Souvenir G3SG1 | New Roots (Battle-Scarred)": {
    "souvenir": true,
    "quality": 1,
    "skin": "New Roots",
    "weapon": "G3SG1",
    "short": "G3SG1 | New Roots",
    "name": "Souvenir G3SG1 | New Roots (Battle-Scarred)",
    "src": "https://steamcdn-a.akamaihd.net/apps/730/icons/econ/default_generated/weapon_g3sg1_sp_moro_carving_lightblue_light_large.4d260ef80213690b0d967f94874fbed4c4a73484.png",
    "type": "skin",
    "rarity": 2,
    "price": 187
  },
  "G3SG1 | New Roots": {
    "souvenirAvailable": true,
    "masterItem": true,
    "qualities": [5, 4, 3, 2, 1],
    "skin": "New Roots",
    "weapon": "G3SG1",
    "short": "G3SG1 | New Roots",
    "name": "G3SG1 | New Roots",
    "src": "https://steamcdn-a.akamaihd.net/apps/730/icons/econ/default_generated/weapon_g3sg1_sp_moro_carving_lightblue_light_large.4d260ef80213690b0d967f94874fbed4c4a73484.png",
    "type": "skin",
    "rarity": 2,
    "price": 516,
    "minPrice": 150
  },
  "SSG 08 | Death Strike (Factory New)": {
    "quality": 5,
    "skin": "Death Strike",
    "weapon": "SSG 08",
    "short": "SSG 08 | Death Strike",
    "name": "SSG 08 | Death Strike (Factory New)",
    "src": "https://steamcdn-a.akamaihd.net/apps/730/icons/econ/default_generated/weapon_ssg08_cu_ssg08_scorpion_light_large.4ef3abe29eb6c2f16a74dc404929e47ad05d297f.png",
    "type": "skin",
    "rarity": 4,
    "price": 3578
  },
  "SSG 08 | Death Strike (Minimal Wear)": {
    "quality": 4,
    "skin": "Death Strike",
    "weapon": "SSG 08",
    "short": "SSG 08 | Death Strike",
    "name": "SSG 08 | Death Strike (Minimal Wear)",
    "src": "https://steamcdn-a.akamaihd.net/apps/730/icons/econ/default_generated/weapon_ssg08_cu_ssg08_scorpion_light_large.4ef3abe29eb6c2f16a74dc404929e47ad05d297f.png",
    "type": "skin",
    "rarity": 4,
    "price": 2710
  },
  "SSG 08 | Death Strike (Field-Tested)": {
    "quality": 3,
    "skin": "Death Strike",
    "weapon": "SSG 08",
    "short": "SSG 08 | Death Strike",
    "name": "SSG 08 | Death Strike (Field-Tested)",
    "src": "https://steamcdn-a.akamaihd.net/apps/730/icons/econ/default_generated/weapon_ssg08_cu_ssg08_scorpion_light_large.4ef3abe29eb6c2f16a74dc404929e47ad05d297f.png",
    "type": "skin",
    "rarity": 4,
    "price": 2243
  },
  "SSG 08 | Death Strike (Well-Worn)": {
    "quality": 2,
    "skin": "Death Strike",
    "weapon": "SSG 08",
    "short": "SSG 08 | Death Strike",
    "name": "SSG 08 | Death Strike (Well-Worn)",
    "src": "https://steamcdn-a.akamaihd.net/apps/730/icons/econ/default_generated/weapon_ssg08_cu_ssg08_scorpion_light_large.4ef3abe29eb6c2f16a74dc404929e47ad05d297f.png",
    "type": "skin",
    "rarity": 4,
    "price": 2369
  },
  "SSG 08 | Death Strike (Battle-Scarred)": {
    "quality": 1,
    "skin": "Death Strike",
    "weapon": "SSG 08",
    "short": "SSG 08 | Death Strike",
    "name": "SSG 08 | Death Strike (Battle-Scarred)",
    "src": "https://steamcdn-a.akamaihd.net/apps/730/icons/econ/default_generated/weapon_ssg08_cu_ssg08_scorpion_light_large.4ef3abe29eb6c2f16a74dc404929e47ad05d297f.png",
    "type": "skin",
    "rarity": 4,
    "price": 1988
  },
  "Souvenir SSG 08 | Death Strike (Factory New)": {
    "souvenir": true,
    "quality": 5,
    "skin": "Death Strike",
    "weapon": "SSG 08",
    "short": "SSG 08 | Death Strike",
    "name": "Souvenir SSG 08 | Death Strike (Factory New)",
    "src": "https://steamcdn-a.akamaihd.net/apps/730/icons/econ/default_generated/weapon_ssg08_cu_ssg08_scorpion_light_large.4ef3abe29eb6c2f16a74dc404929e47ad05d297f.png",
    "type": "skin",
    "rarity": 4,
    "price": 3541
  },
  "Souvenir SSG 08 | Death Strike (Minimal Wear)": {
    "souvenir": true,
    "quality": 4,
    "skin": "Death Strike",
    "weapon": "SSG 08",
    "short": "SSG 08 | Death Strike",
    "name": "Souvenir SSG 08 | Death Strike (Minimal Wear)",
    "src": "https://steamcdn-a.akamaihd.net/apps/730/icons/econ/default_generated/weapon_ssg08_cu_ssg08_scorpion_light_large.4ef3abe29eb6c2f16a74dc404929e47ad05d297f.png",
    "type": "skin",
    "rarity": 4,
    "price": 3458
  },
  "Souvenir SSG 08 | Death Strike (Field-Tested)": {
    "souvenir": true,
    "quality": 3,
    "skin": "Death Strike",
    "weapon": "SSG 08",
    "short": "SSG 08 | Death Strike",
    "name": "Souvenir SSG 08 | Death Strike (Field-Tested)",
    "src": "https://steamcdn-a.akamaihd.net/apps/730/icons/econ/default_generated/weapon_ssg08_cu_ssg08_scorpion_light_large.4ef3abe29eb6c2f16a74dc404929e47ad05d297f.png",
    "type": "skin",
    "rarity": 4,
    "price": 3070
  },
  "Souvenir SSG 08 | Death Strike (Well-Worn)": {
    "souvenir": true,
    "quality": 2,
    "skin": "Death Strike",
    "weapon": "SSG 08",
    "short": "SSG 08 | Death Strike",
    "name": "Souvenir SSG 08 | Death Strike (Well-Worn)",
    "src": "https://steamcdn-a.akamaihd.net/apps/730/icons/econ/default_generated/weapon_ssg08_cu_ssg08_scorpion_light_large.4ef3abe29eb6c2f16a74dc404929e47ad05d297f.png",
    "type": "skin",
    "rarity": 4,
    "price": 2286
  },
  "Souvenir SSG 08 | Death Strike (Battle-Scarred)": {
    "souvenir": true,
    "quality": 1,
    "skin": "Death Strike",
    "weapon": "SSG 08",
    "short": "SSG 08 | Death Strike",
    "name": "Souvenir SSG 08 | Death Strike (Battle-Scarred)",
    "src": "https://steamcdn-a.akamaihd.net/apps/730/icons/econ/default_generated/weapon_ssg08_cu_ssg08_scorpion_light_large.4ef3abe29eb6c2f16a74dc404929e47ad05d297f.png",
    "type": "skin",
    "rarity": 4,
    "price": 1149
  },
  "SSG 08 | Death Strike": {
    "souvenirAvailable": true,
    "masterItem": true,
    "qualities": [5, 4, 3, 2, 1],
    "skin": "Death Strike",
    "weapon": "SSG 08",
    "short": "SSG 08 | Death Strike",
    "name": "SSG 08 | Death Strike",
    "src": "https://steamcdn-a.akamaihd.net/apps/730/icons/econ/default_generated/weapon_ssg08_cu_ssg08_scorpion_light_large.4ef3abe29eb6c2f16a74dc404929e47ad05d297f.png",
    "type": "skin",
    "rarity": 4,
    "price": 3578,
    "minPrice": 1149
  },
  "AK-47 | Gold Arabesque (Factory New)": {
    "quality": 5,
    "skin": "Gold Arabesque",
    "weapon": "AK-47",
    "short": "AK-47 | Gold Arabesque",
    "name": "AK-47 | Gold Arabesque (Factory New)",
    "src": "https://steamcdn-a.akamaihd.net/apps/730/icons/econ/default_generated/weapon_ak47_gs_ak47_gold_arabesque_light_large.0d1b0b2bfcafe8d214837077367e7dd42394822e.png",
    "type": "skin",
    "rarity": 5,
    "price": 149818
  },
  "AK-47 | Gold Arabesque (Minimal Wear)": {
    "quality": 4,
    "skin": "Gold Arabesque",
    "weapon": "AK-47",
    "short": "AK-47 | Gold Arabesque",
    "name": "AK-47 | Gold Arabesque (Minimal Wear)",
    "src": "https://steamcdn-a.akamaihd.net/apps/730/icons/econ/default_generated/weapon_ak47_gs_ak47_gold_arabesque_light_large.0d1b0b2bfcafe8d214837077367e7dd42394822e.png",
    "type": "skin",
    "rarity": 5,
    "price": 149358
  },
  "AK-47 | Gold Arabesque (Field-Tested)": {
    "quality": 3,
    "skin": "Gold Arabesque",
    "weapon": "AK-47",
    "short": "AK-47 | Gold Arabesque",
    "name": "AK-47 | Gold Arabesque (Field-Tested)",
    "src": "https://steamcdn-a.akamaihd.net/apps/730/icons/econ/default_generated/weapon_ak47_gs_ak47_gold_arabesque_light_large.0d1b0b2bfcafe8d214837077367e7dd42394822e.png",
    "type": "skin",
    "rarity": 5,
    "price": 125299
  },
  "AK-47 | Gold Arabesque (Well-Worn)": {
    "quality": 2,
    "skin": "Gold Arabesque",
    "weapon": "AK-47",
    "short": "AK-47 | Gold Arabesque",
    "name": "AK-47 | Gold Arabesque (Well-Worn)",
    "src": "https://steamcdn-a.akamaihd.net/apps/730/icons/econ/default_generated/weapon_ak47_gs_ak47_gold_arabesque_light_large.0d1b0b2bfcafe8d214837077367e7dd42394822e.png",
    "type": "skin",
    "rarity": 5,
    "price": 84315
  },
  "AK-47 | Gold Arabesque (Battle-Scarred)": {
    "quality": 1,
    "skin": "Gold Arabesque",
    "weapon": "AK-47",
    "short": "AK-47 | Gold Arabesque",
    "name": "AK-47 | Gold Arabesque (Battle-Scarred)",
    "src": "https://steamcdn-a.akamaihd.net/apps/730/icons/econ/default_generated/weapon_ak47_gs_ak47_gold_arabesque_light_large.0d1b0b2bfcafe8d214837077367e7dd42394822e.png",
    "type": "skin",
    "rarity": 5,
    "price": 82164
  },
  "Souvenir AK-47 | Gold Arabesque (Factory New)": {
    "souvenir": true,
    "quality": 5,
    "skin": "Gold Arabesque",
    "weapon": "AK-47",
    "short": "AK-47 | Gold Arabesque",
    "name": "Souvenir AK-47 | Gold Arabesque (Factory New)",
    "src": "https://steamcdn-a.akamaihd.net/apps/730/icons/econ/default_generated/weapon_ak47_gs_ak47_gold_arabesque_light_large.0d1b0b2bfcafe8d214837077367e7dd42394822e.png",
    "type": "skin",
    "rarity": 5,
    "price": 572126
  },
  "Souvenir AK-47 | Gold Arabesque (Minimal Wear)": {
    "souvenir": true,
    "quality": 4,
    "skin": "Gold Arabesque",
    "weapon": "AK-47",
    "short": "AK-47 | Gold Arabesque",
    "name": "Souvenir AK-47 | Gold Arabesque (Minimal Wear)",
    "src": "https://steamcdn-a.akamaihd.net/apps/730/icons/econ/default_generated/weapon_ak47_gs_ak47_gold_arabesque_light_large.0d1b0b2bfcafe8d214837077367e7dd42394822e.png",
    "type": "skin",
    "rarity": 5,
    "price": 336887
  },
  "Souvenir AK-47 | Gold Arabesque (Field-Tested)": {
    "souvenir": true,
    "quality": 3,
    "skin": "Gold Arabesque",
    "weapon": "AK-47",
    "short": "AK-47 | Gold Arabesque",
    "name": "Souvenir AK-47 | Gold Arabesque (Field-Tested)",
    "src": "https://steamcdn-a.akamaihd.net/apps/730/icons/econ/default_generated/weapon_ak47_gs_ak47_gold_arabesque_light_large.0d1b0b2bfcafe8d214837077367e7dd42394822e.png",
    "type": "skin",
    "rarity": 5,
    "price": 170571
  },
  "Souvenir AK-47 | Gold Arabesque (Well-Worn)": {
    "souvenir": true,
    "quality": 2,
    "skin": "Gold Arabesque",
    "weapon": "AK-47",
    "short": "AK-47 | Gold Arabesque",
    "name": "Souvenir AK-47 | Gold Arabesque (Well-Worn)",
    "src": "https://steamcdn-a.akamaihd.net/apps/730/icons/econ/default_generated/weapon_ak47_gs_ak47_gold_arabesque_light_large.0d1b0b2bfcafe8d214837077367e7dd42394822e.png",
    "type": "skin",
    "rarity": 5,
    "price": 164378
  },
  "Souvenir AK-47 | Gold Arabesque (Battle-Scarred)": {
    "souvenir": true,
    "quality": 1,
    "skin": "Gold Arabesque",
    "weapon": "AK-47",
    "short": "AK-47 | Gold Arabesque",
    "name": "Souvenir AK-47 | Gold Arabesque (Battle-Scarred)",
    "src": "https://steamcdn-a.akamaihd.net/apps/730/icons/econ/default_generated/weapon_ak47_gs_ak47_gold_arabesque_light_large.0d1b0b2bfcafe8d214837077367e7dd42394822e.png",
    "type": "skin",
    "rarity": 5,
    "price": 119403
  },
  "AK-47 | Gold Arabesque": {
    "souvenirAvailable": true,
    "masterItem": true,
    "qualities": [5, 4, 3, 2, 1],
    "skin": "Gold Arabesque",
    "weapon": "AK-47",
    "short": "AK-47 | Gold Arabesque",
    "name": "AK-47 | Gold Arabesque",
    "src": "https://steamcdn-a.akamaihd.net/apps/730/icons/econ/default_generated/weapon_ak47_gs_ak47_gold_arabesque_light_large.0d1b0b2bfcafe8d214837077367e7dd42394822e.png",
    "type": "skin",
    "rarity": 5,
    "price": 572126,
    "minPrice": 82164
  },
  "R8 Revolver | Desert Brush (Factory New)": {
    "quality": 5,
    "skin": "Desert Brush",
    "weapon": "R8 Revolver",
    "short": "R8 Revolver | Desert Brush",
    "name": "R8 Revolver | Desert Brush (Factory New)",
    "src": "https://steamcdn-a.akamaihd.net/apps/730/icons/econ/default_generated/weapon_revolver_hy_brush_camo_tan_light_large.4af5232b57afac32a9eb2f056cf6fdf968a94966.png",
    "type": "skin",
    "rarity": 0,
    "price": 44
  },
  "R8 Revolver | Desert Brush (Minimal Wear)": {
    "quality": 4,
    "skin": "Desert Brush",
    "weapon": "R8 Revolver",
    "short": "R8 Revolver | Desert Brush",
    "name": "R8 Revolver | Desert Brush (Minimal Wear)",
    "src": "https://steamcdn-a.akamaihd.net/apps/730/icons/econ/default_generated/weapon_revolver_hy_brush_camo_tan_light_large.4af5232b57afac32a9eb2f056cf6fdf968a94966.png",
    "type": "skin",
    "rarity": 0,
    "price": 43
  },
  "R8 Revolver | Desert Brush (Field-Tested)": {
    "quality": 3,
    "skin": "Desert Brush",
    "weapon": "R8 Revolver",
    "short": "R8 Revolver | Desert Brush",
    "name": "R8 Revolver | Desert Brush (Field-Tested)",
    "src": "https://steamcdn-a.akamaihd.net/apps/730/icons/econ/default_generated/weapon_revolver_hy_brush_camo_tan_light_large.4af5232b57afac32a9eb2f056cf6fdf968a94966.png",
    "type": "skin",
    "rarity": 0,
    "price": 36
  },
  "R8 Revolver | Desert Brush (Well-Worn)": {
    "quality": 2,
    "skin": "Desert Brush",
    "weapon": "R8 Revolver",
    "short": "R8 Revolver | Desert Brush",
    "name": "R8 Revolver | Desert Brush (Well-Worn)",
    "src": "https://steamcdn-a.akamaihd.net/apps/730/icons/econ/default_generated/weapon_revolver_hy_brush_camo_tan_light_large.4af5232b57afac32a9eb2f056cf6fdf968a94966.png",
    "type": "skin",
    "rarity": 0,
    "price": 48
  },
  "R8 Revolver | Desert Brush (Battle-Scarred)": {
    "quality": 1,
    "skin": "Desert Brush",
    "weapon": "R8 Revolver",
    "short": "R8 Revolver | Desert Brush",
    "name": "R8 Revolver | Desert Brush (Battle-Scarred)",
    "src": "https://steamcdn-a.akamaihd.net/apps/730/icons/econ/default_generated/weapon_revolver_hy_brush_camo_tan_light_large.4af5232b57afac32a9eb2f056cf6fdf968a94966.png",
    "type": "skin",
    "rarity": 0,
    "price": 28
  },
  "Souvenir R8 Revolver | Desert Brush (Factory New)": {
    "souvenir": true,
    "quality": 5,
    "skin": "Desert Brush",
    "weapon": "R8 Revolver",
    "short": "R8 Revolver | Desert Brush",
    "name": "Souvenir R8 Revolver | Desert Brush (Factory New)",
    "src": "https://steamcdn-a.akamaihd.net/apps/730/icons/econ/default_generated/weapon_revolver_hy_brush_camo_tan_light_large.4af5232b57afac32a9eb2f056cf6fdf968a94966.png",
    "type": "skin",
    "rarity": 0,
    "price": 80
  },
  "Souvenir R8 Revolver | Desert Brush (Minimal Wear)": {
    "souvenir": true,
    "quality": 4,
    "skin": "Desert Brush",
    "weapon": "R8 Revolver",
    "short": "R8 Revolver | Desert Brush",
    "name": "Souvenir R8 Revolver | Desert Brush (Minimal Wear)",
    "src": "https://steamcdn-a.akamaihd.net/apps/730/icons/econ/default_generated/weapon_revolver_hy_brush_camo_tan_light_large.4af5232b57afac32a9eb2f056cf6fdf968a94966.png",
    "type": "skin",
    "rarity": 0,
    "price": 53
  },
  "Souvenir R8 Revolver | Desert Brush (Field-Tested)": {
    "souvenir": true,
    "quality": 3,
    "skin": "Desert Brush",
    "weapon": "R8 Revolver",
    "short": "R8 Revolver | Desert Brush",
    "name": "Souvenir R8 Revolver | Desert Brush (Field-Tested)",
    "src": "https://steamcdn-a.akamaihd.net/apps/730/icons/econ/default_generated/weapon_revolver_hy_brush_camo_tan_light_large.4af5232b57afac32a9eb2f056cf6fdf968a94966.png",
    "type": "skin",
    "rarity": 0,
    "price": 45
  },
  "Souvenir R8 Revolver | Desert Brush (Well-Worn)": {
    "souvenir": true,
    "quality": 2,
    "skin": "Desert Brush",
    "weapon": "R8 Revolver",
    "short": "R8 Revolver | Desert Brush",
    "name": "Souvenir R8 Revolver | Desert Brush (Well-Worn)",
    "src": "https://steamcdn-a.akamaihd.net/apps/730/icons/econ/default_generated/weapon_revolver_hy_brush_camo_tan_light_large.4af5232b57afac32a9eb2f056cf6fdf968a94966.png",
    "type": "skin",
    "rarity": 0,
    "price": 37
  },
  "Souvenir R8 Revolver | Desert Brush (Battle-Scarred)": {
    "souvenir": true,
    "quality": 1,
    "skin": "Desert Brush",
    "weapon": "R8 Revolver",
    "short": "R8 Revolver | Desert Brush",
    "name": "Souvenir R8 Revolver | Desert Brush (Battle-Scarred)",
    "src": "https://steamcdn-a.akamaihd.net/apps/730/icons/econ/default_generated/weapon_revolver_hy_brush_camo_tan_light_large.4af5232b57afac32a9eb2f056cf6fdf968a94966.png",
    "type": "skin",
    "rarity": 0,
    "price": 40
  },
  "R8 Revolver | Desert Brush": {
    "souvenirAvailable": true,
    "masterItem": true,
    "qualities": [5, 4, 3, 2, 1],
    "skin": "Desert Brush",
    "weapon": "R8 Revolver",
    "short": "R8 Revolver | Desert Brush",
    "name": "R8 Revolver | Desert Brush",
    "src": "https://steamcdn-a.akamaihd.net/apps/730/icons/econ/default_generated/weapon_revolver_hy_brush_camo_tan_light_large.4af5232b57afac32a9eb2f056cf6fdf968a94966.png",
    "type": "skin",
    "rarity": 0,
    "price": 80,
    "minPrice": 28
  },
  "Nova | Quick Sand (Factory New)": {
    "quality": 5,
    "skin": "Quick Sand",
    "weapon": "Nova",
    "short": "Nova | Quick Sand",
    "name": "Nova | Quick Sand (Factory New)",
    "src": "https://steamcdn-a.akamaihd.net/apps/730/icons/econ/default_generated/weapon_nova_hy_torn_camo_paints_light_large.d53ec6ccfa639f7263876a96b019d3b3946af751.png",
    "type": "skin",
    "rarity": 2,
    "price": 480
  },
  "Nova | Quick Sand (Minimal Wear)": {
    "quality": 4,
    "skin": "Quick Sand",
    "weapon": "Nova",
    "short": "Nova | Quick Sand",
    "name": "Nova | Quick Sand (Minimal Wear)",
    "src": "https://steamcdn-a.akamaihd.net/apps/730/icons/econ/default_generated/weapon_nova_hy_torn_camo_paints_light_large.d53ec6ccfa639f7263876a96b019d3b3946af751.png",
    "type": "skin",
    "rarity": 2,
    "price": 475
  },
  "Nova | Quick Sand (Field-Tested)": {
    "quality": 3,
    "skin": "Quick Sand",
    "weapon": "Nova",
    "short": "Nova | Quick Sand",
    "name": "Nova | Quick Sand (Field-Tested)",
    "src": "https://steamcdn-a.akamaihd.net/apps/730/icons/econ/default_generated/weapon_nova_hy_torn_camo_paints_light_large.d53ec6ccfa639f7263876a96b019d3b3946af751.png",
    "type": "skin",
    "rarity": 2,
    "price": 360
  },
  "Nova | Quick Sand (Well-Worn)": {
    "quality": 2,
    "skin": "Quick Sand",
    "weapon": "Nova",
    "short": "Nova | Quick Sand",
    "name": "Nova | Quick Sand (Well-Worn)",
    "src": "https://steamcdn-a.akamaihd.net/apps/730/icons/econ/default_generated/weapon_nova_hy_torn_camo_paints_light_large.d53ec6ccfa639f7263876a96b019d3b3946af751.png",
    "type": "skin",
    "rarity": 2,
    "price": 215
  },
  "Nova | Quick Sand (Battle-Scarred)": {
    "quality": 1,
    "skin": "Quick Sand",
    "weapon": "Nova",
    "short": "Nova | Quick Sand",
    "name": "Nova | Quick Sand (Battle-Scarred)",
    "src": "https://steamcdn-a.akamaihd.net/apps/730/icons/econ/default_generated/weapon_nova_hy_torn_camo_paints_light_large.d53ec6ccfa639f7263876a96b019d3b3946af751.png",
    "type": "skin",
    "rarity": 2,
    "price": 294
  },
  "Souvenir Nova | Quick Sand (Factory New)": {
    "souvenir": true,
    "quality": 5,
    "skin": "Quick Sand",
    "weapon": "Nova",
    "short": "Nova | Quick Sand",
    "name": "Souvenir Nova | Quick Sand (Factory New)",
    "src": "https://steamcdn-a.akamaihd.net/apps/730/icons/econ/default_generated/weapon_nova_hy_torn_camo_paints_light_large.d53ec6ccfa639f7263876a96b019d3b3946af751.png",
    "type": "skin",
    "rarity": 2,
    "price": 384
  },
  "Souvenir Nova | Quick Sand (Minimal Wear)": {
    "souvenir": true,
    "quality": 4,
    "skin": "Quick Sand",
    "weapon": "Nova",
    "short": "Nova | Quick Sand",
    "name": "Souvenir Nova | Quick Sand (Minimal Wear)",
    "src": "https://steamcdn-a.akamaihd.net/apps/730/icons/econ/default_generated/weapon_nova_hy_torn_camo_paints_light_large.d53ec6ccfa639f7263876a96b019d3b3946af751.png",
    "type": "skin",
    "rarity": 2,
    "price": 422
  },
  "Souvenir Nova | Quick Sand (Field-Tested)": {
    "souvenir": true,
    "quality": 3,
    "skin": "Quick Sand",
    "weapon": "Nova",
    "short": "Nova | Quick Sand",
    "name": "Souvenir Nova | Quick Sand (Field-Tested)",
    "src": "https://steamcdn-a.akamaihd.net/apps/730/icons/econ/default_generated/weapon_nova_hy_torn_camo_paints_light_large.d53ec6ccfa639f7263876a96b019d3b3946af751.png",
    "type": "skin",
    "rarity": 2,
    "price": 229
  },
  "Souvenir Nova | Quick Sand (Well-Worn)": {
    "souvenir": true,
    "quality": 2,
    "skin": "Quick Sand",
    "weapon": "Nova",
    "short": "Nova | Quick Sand",
    "name": "Souvenir Nova | Quick Sand (Well-Worn)",
    "src": "https://steamcdn-a.akamaihd.net/apps/730/icons/econ/default_generated/weapon_nova_hy_torn_camo_paints_light_large.d53ec6ccfa639f7263876a96b019d3b3946af751.png",
    "type": "skin",
    "rarity": 2,
    "price": 344
  },
  "Souvenir Nova | Quick Sand (Battle-Scarred)": {
    "souvenir": true,
    "quality": 1,
    "skin": "Quick Sand",
    "weapon": "Nova",
    "short": "Nova | Quick Sand",
    "name": "Souvenir Nova | Quick Sand (Battle-Scarred)",
    "src": "https://steamcdn-a.akamaihd.net/apps/730/icons/econ/default_generated/weapon_nova_hy_torn_camo_paints_light_large.d53ec6ccfa639f7263876a96b019d3b3946af751.png",
    "type": "skin",
    "rarity": 2,
    "price": 258
  },
  "Nova | Quick Sand": {
    "souvenirAvailable": true,
    "masterItem": true,
    "qualities": [5, 4, 3, 2, 1],
    "skin": "Quick Sand",
    "weapon": "Nova",
    "short": "Nova | Quick Sand",
    "name": "Nova | Quick Sand",
    "src": "https://steamcdn-a.akamaihd.net/apps/730/icons/econ/default_generated/weapon_nova_hy_torn_camo_paints_light_large.d53ec6ccfa639f7263876a96b019d3b3946af751.png",
    "type": "skin",
    "rarity": 2,
    "price": 480,
    "minPrice": 215
  },
  "P90 | Desert DDPAT (Factory New)": {
    "quality": 5,
    "skin": "Desert DDPAT",
    "weapon": "P90",
    "short": "P90 | Desert DDPAT",
    "name": "P90 | Desert DDPAT (Factory New)",
    "src": "https://steamcdn-a.akamaihd.net/apps/730/icons/econ/default_generated/weapon_p90_hy_ddpat_desert_light_large.acbbe87329d4f77b28d2cc15ce2e89c5d50436a6.png",
    "type": "skin",
    "rarity": 0,
    "price": 75
  },
  "P90 | Desert DDPAT (Minimal Wear)": {
    "quality": 4,
    "skin": "Desert DDPAT",
    "weapon": "P90",
    "short": "P90 | Desert DDPAT",
    "name": "P90 | Desert DDPAT (Minimal Wear)",
    "src": "https://steamcdn-a.akamaihd.net/apps/730/icons/econ/default_generated/weapon_p90_hy_ddpat_desert_light_large.acbbe87329d4f77b28d2cc15ce2e89c5d50436a6.png",
    "type": "skin",
    "rarity": 0,
    "price": 68
  },
  "P90 | Desert DDPAT (Field-Tested)": {
    "quality": 3,
    "skin": "Desert DDPAT",
    "weapon": "P90",
    "short": "P90 | Desert DDPAT",
    "name": "P90 | Desert DDPAT (Field-Tested)",
    "src": "https://steamcdn-a.akamaihd.net/apps/730/icons/econ/default_generated/weapon_p90_hy_ddpat_desert_light_large.acbbe87329d4f77b28d2cc15ce2e89c5d50436a6.png",
    "type": "skin",
    "rarity": 0,
    "price": 53
  },
  "P90 | Desert DDPAT (Well-Worn)": {
    "quality": 2,
    "skin": "Desert DDPAT",
    "weapon": "P90",
    "short": "P90 | Desert DDPAT",
    "name": "P90 | Desert DDPAT (Well-Worn)",
    "src": "https://steamcdn-a.akamaihd.net/apps/730/icons/econ/default_generated/weapon_p90_hy_ddpat_desert_light_large.acbbe87329d4f77b28d2cc15ce2e89c5d50436a6.png",
    "type": "skin",
    "rarity": 0,
    "price": 40
  },
  "P90 | Desert DDPAT (Battle-Scarred)": {
    "quality": 1,
    "skin": "Desert DDPAT",
    "weapon": "P90",
    "short": "P90 | Desert DDPAT",
    "name": "P90 | Desert DDPAT (Battle-Scarred)",
    "src": "https://steamcdn-a.akamaihd.net/apps/730/icons/econ/default_generated/weapon_p90_hy_ddpat_desert_light_large.acbbe87329d4f77b28d2cc15ce2e89c5d50436a6.png",
    "type": "skin",
    "rarity": 0,
    "price": 23
  },
  "Souvenir P90 | Desert DDPAT (Factory New)": {
    "souvenir": true,
    "quality": 5,
    "skin": "Desert DDPAT",
    "weapon": "P90",
    "short": "P90 | Desert DDPAT",
    "name": "Souvenir P90 | Desert DDPAT (Factory New)",
    "src": "https://steamcdn-a.akamaihd.net/apps/730/icons/econ/default_generated/weapon_p90_hy_ddpat_desert_light_large.acbbe87329d4f77b28d2cc15ce2e89c5d50436a6.png",
    "type": "skin",
    "rarity": 0,
    "price": 57
  },
  "Souvenir P90 | Desert DDPAT (Minimal Wear)": {
    "souvenir": true,
    "quality": 4,
    "skin": "Desert DDPAT",
    "weapon": "P90",
    "short": "P90 | Desert DDPAT",
    "name": "Souvenir P90 | Desert DDPAT (Minimal Wear)",
    "src": "https://steamcdn-a.akamaihd.net/apps/730/icons/econ/default_generated/weapon_p90_hy_ddpat_desert_light_large.acbbe87329d4f77b28d2cc15ce2e89c5d50436a6.png",
    "type": "skin",
    "rarity": 0,
    "price": 51
  },
  "Souvenir P90 | Desert DDPAT (Field-Tested)": {
    "souvenir": true,
    "quality": 3,
    "skin": "Desert DDPAT",
    "weapon": "P90",
    "short": "P90 | Desert DDPAT",
    "name": "Souvenir P90 | Desert DDPAT (Field-Tested)",
    "src": "https://steamcdn-a.akamaihd.net/apps/730/icons/econ/default_generated/weapon_p90_hy_ddpat_desert_light_large.acbbe87329d4f77b28d2cc15ce2e89c5d50436a6.png",
    "type": "skin",
    "rarity": 0,
    "price": 42
  },
  "Souvenir P90 | Desert DDPAT (Well-Worn)": {
    "souvenir": true,
    "quality": 2,
    "skin": "Desert DDPAT",
    "weapon": "P90",
    "short": "P90 | Desert DDPAT",
    "name": "Souvenir P90 | Desert DDPAT (Well-Worn)",
    "src": "https://steamcdn-a.akamaihd.net/apps/730/icons/econ/default_generated/weapon_p90_hy_ddpat_desert_light_large.acbbe87329d4f77b28d2cc15ce2e89c5d50436a6.png",
    "type": "skin",
    "rarity": 0,
    "price": 46
  },
  "Souvenir P90 | Desert DDPAT (Battle-Scarred)": {
    "souvenir": true,
    "quality": 1,
    "skin": "Desert DDPAT",
    "weapon": "P90",
    "short": "P90 | Desert DDPAT",
    "name": "Souvenir P90 | Desert DDPAT (Battle-Scarred)",
    "src": "https://steamcdn-a.akamaihd.net/apps/730/icons/econ/default_generated/weapon_p90_hy_ddpat_desert_light_large.acbbe87329d4f77b28d2cc15ce2e89c5d50436a6.png",
    "type": "skin",
    "rarity": 0,
    "price": 36
  },
  "P90 | Desert DDPAT": {
    "souvenirAvailable": true,
    "masterItem": true,
    "qualities": [5, 4, 3, 2, 1],
    "skin": "Desert DDPAT",
    "weapon": "P90",
    "short": "P90 | Desert DDPAT",
    "name": "P90 | Desert DDPAT",
    "src": "https://steamcdn-a.akamaihd.net/apps/730/icons/econ/default_generated/weapon_p90_hy_ddpat_desert_light_large.acbbe87329d4f77b28d2cc15ce2e89c5d50436a6.png",
    "type": "skin",
    "rarity": 0,
    "price": 75,
    "minPrice": 23
  },
  "P250 | Black & Tan (Factory New)": {
    "quality": 5,
    "skin": "Black & Tan",
    "weapon": "P250",
    "short": "P250 | Black & Tan",
    "name": "P250 | Black & Tan (Factory New)",
    "src": "https://steamcdn-a.akamaihd.net/apps/730/icons/econ/default_generated/weapon_p250_hy_desert_multicam_light_large.5e9064075a3dd4cec98f1fbb19372212ef94ec8d.png",
    "type": "skin",
    "rarity": 2,
    "price": 520
  },
  "P250 | Black & Tan (Minimal Wear)": {
    "quality": 4,
    "skin": "Black & Tan",
    "weapon": "P250",
    "short": "P250 | Black & Tan",
    "name": "P250 | Black & Tan (Minimal Wear)",
    "src": "https://steamcdn-a.akamaihd.net/apps/730/icons/econ/default_generated/weapon_p250_hy_desert_multicam_light_large.5e9064075a3dd4cec98f1fbb19372212ef94ec8d.png",
    "type": "skin",
    "rarity": 2,
    "price": 378
  },
  "P250 | Black & Tan (Field-Tested)": {
    "quality": 3,
    "skin": "Black & Tan",
    "weapon": "P250",
    "short": "P250 | Black & Tan",
    "name": "P250 | Black & Tan (Field-Tested)",
    "src": "https://steamcdn-a.akamaihd.net/apps/730/icons/econ/default_generated/weapon_p250_hy_desert_multicam_light_large.5e9064075a3dd4cec98f1fbb19372212ef94ec8d.png",
    "type": "skin",
    "rarity": 2,
    "price": 439
  },
  "P250 | Black & Tan (Well-Worn)": {
    "quality": 2,
    "skin": "Black & Tan",
    "weapon": "P250",
    "short": "P250 | Black & Tan",
    "name": "P250 | Black & Tan (Well-Worn)",
    "src": "https://steamcdn-a.akamaihd.net/apps/730/icons/econ/default_generated/weapon_p250_hy_desert_multicam_light_large.5e9064075a3dd4cec98f1fbb19372212ef94ec8d.png",
    "type": "skin",
    "rarity": 2,
    "price": 266
  },
  "P250 | Black & Tan (Battle-Scarred)": {
    "quality": 1,
    "skin": "Black & Tan",
    "weapon": "P250",
    "short": "P250 | Black & Tan",
    "name": "P250 | Black & Tan (Battle-Scarred)",
    "src": "https://steamcdn-a.akamaihd.net/apps/730/icons/econ/default_generated/weapon_p250_hy_desert_multicam_light_large.5e9064075a3dd4cec98f1fbb19372212ef94ec8d.png",
    "type": "skin",
    "rarity": 2,
    "price": 248
  },
  "Souvenir P250 | Black & Tan (Factory New)": {
    "souvenir": true,
    "quality": 5,
    "skin": "Black & Tan",
    "weapon": "P250",
    "short": "P250 | Black & Tan",
    "name": "Souvenir P250 | Black & Tan (Factory New)",
    "src": "https://steamcdn-a.akamaihd.net/apps/730/icons/econ/default_generated/weapon_p250_hy_desert_multicam_light_large.5e9064075a3dd4cec98f1fbb19372212ef94ec8d.png",
    "type": "skin",
    "rarity": 2,
    "price": 459
  },
  "Souvenir P250 | Black & Tan (Minimal Wear)": {
    "souvenir": true,
    "quality": 4,
    "skin": "Black & Tan",
    "weapon": "P250",
    "short": "P250 | Black & Tan",
    "name": "Souvenir P250 | Black & Tan (Minimal Wear)",
    "src": "https://steamcdn-a.akamaihd.net/apps/730/icons/econ/default_generated/weapon_p250_hy_desert_multicam_light_large.5e9064075a3dd4cec98f1fbb19372212ef94ec8d.png",
    "type": "skin",
    "rarity": 2,
    "price": 275
  },
  "Souvenir P250 | Black & Tan (Field-Tested)": {
    "souvenir": true,
    "quality": 3,
    "skin": "Black & Tan",
    "weapon": "P250",
    "short": "P250 | Black & Tan",
    "name": "Souvenir P250 | Black & Tan (Field-Tested)",
    "src": "https://steamcdn-a.akamaihd.net/apps/730/icons/econ/default_generated/weapon_p250_hy_desert_multicam_light_large.5e9064075a3dd4cec98f1fbb19372212ef94ec8d.png",
    "type": "skin",
    "rarity": 2,
    "price": 269
  },
  "Souvenir P250 | Black & Tan (Well-Worn)": {
    "souvenir": true,
    "quality": 2,
    "skin": "Black & Tan",
    "weapon": "P250",
    "short": "P250 | Black & Tan",
    "name": "Souvenir P250 | Black & Tan (Well-Worn)",
    "src": "https://steamcdn-a.akamaihd.net/apps/730/icons/econ/default_generated/weapon_p250_hy_desert_multicam_light_large.5e9064075a3dd4cec98f1fbb19372212ef94ec8d.png",
    "type": "skin",
    "rarity": 2,
    "price": 292
  },
  "Souvenir P250 | Black & Tan (Battle-Scarred)": {
    "souvenir": true,
    "quality": 1,
    "skin": "Black & Tan",
    "weapon": "P250",
    "short": "P250 | Black & Tan",
    "name": "Souvenir P250 | Black & Tan (Battle-Scarred)",
    "src": "https://steamcdn-a.akamaihd.net/apps/730/icons/econ/default_generated/weapon_p250_hy_desert_multicam_light_large.5e9064075a3dd4cec98f1fbb19372212ef94ec8d.png",
    "type": "skin",
    "rarity": 2,
    "price": 198
  },
  "P250 | Black & Tan": {
    "souvenirAvailable": true,
    "masterItem": true,
    "qualities": [5, 4, 3, 2, 1],
    "skin": "Black & Tan",
    "weapon": "P250",
    "short": "P250 | Black & Tan",
    "name": "P250 | Black & Tan",
    "src": "https://steamcdn-a.akamaihd.net/apps/730/icons/econ/default_generated/weapon_p250_hy_desert_multicam_light_large.5e9064075a3dd4cec98f1fbb19372212ef94ec8d.png",
    "type": "skin",
    "rarity": 2,
    "price": 520,
    "minPrice": 198
  },
  "AUG | Spalted Wood (Factory New)": {
    "quality": 5,
    "skin": "Spalted Wood",
    "weapon": "AUG",
    "short": "AUG | Spalted Wood",
    "name": "AUG | Spalted Wood (Factory New)",
    "src": "https://steamcdn-a.akamaihd.net/apps/730/icons/econ/default_generated/weapon_aug_hy_dry_wood_light_large.e42f196cbcf1e4cf9bb0b382eb06b651a2aed038.png",
    "type": "skin",
    "rarity": 1,
    "price": 147
  },
  "AUG | Spalted Wood (Minimal Wear)": {
    "quality": 4,
    "skin": "Spalted Wood",
    "weapon": "AUG",
    "short": "AUG | Spalted Wood",
    "name": "AUG | Spalted Wood (Minimal Wear)",
    "src": "https://steamcdn-a.akamaihd.net/apps/730/icons/econ/default_generated/weapon_aug_hy_dry_wood_light_large.e42f196cbcf1e4cf9bb0b382eb06b651a2aed038.png",
    "type": "skin",
    "rarity": 1,
    "price": 169
  },
  "AUG | Spalted Wood (Field-Tested)": {
    "quality": 3,
    "skin": "Spalted Wood",
    "weapon": "AUG",
    "short": "AUG | Spalted Wood",
    "name": "AUG | Spalted Wood (Field-Tested)",
    "src": "https://steamcdn-a.akamaihd.net/apps/730/icons/econ/default_generated/weapon_aug_hy_dry_wood_light_large.e42f196cbcf1e4cf9bb0b382eb06b651a2aed038.png",
    "type": "skin",
    "rarity": 1,
    "price": 90
  },
  "AUG | Spalted Wood (Well-Worn)": {
    "quality": 2,
    "skin": "Spalted Wood",
    "weapon": "AUG",
    "short": "AUG | Spalted Wood",
    "name": "AUG | Spalted Wood (Well-Worn)",
    "src": "https://steamcdn-a.akamaihd.net/apps/730/icons/econ/default_generated/weapon_aug_hy_dry_wood_light_large.e42f196cbcf1e4cf9bb0b382eb06b651a2aed038.png",
    "type": "skin",
    "rarity": 1,
    "price": 115
  },
  "AUG | Spalted Wood (Battle-Scarred)": {
    "quality": 1,
    "skin": "Spalted Wood",
    "weapon": "AUG",
    "short": "AUG | Spalted Wood",
    "name": "AUG | Spalted Wood (Battle-Scarred)",
    "src": "https://steamcdn-a.akamaihd.net/apps/730/icons/econ/default_generated/weapon_aug_hy_dry_wood_light_large.e42f196cbcf1e4cf9bb0b382eb06b651a2aed038.png",
    "type": "skin",
    "rarity": 1,
    "price": 79
  },
  "Souvenir AUG | Spalted Wood (Factory New)": {
    "souvenir": true,
    "quality": 5,
    "skin": "Spalted Wood",
    "weapon": "AUG",
    "short": "AUG | Spalted Wood",
    "name": "Souvenir AUG | Spalted Wood (Factory New)",
    "src": "https://steamcdn-a.akamaihd.net/apps/730/icons/econ/default_generated/weapon_aug_hy_dry_wood_light_large.e42f196cbcf1e4cf9bb0b382eb06b651a2aed038.png",
    "type": "skin",
    "rarity": 1,
    "price": 182
  },
  "Souvenir AUG | Spalted Wood (Minimal Wear)": {
    "souvenir": true,
    "quality": 4,
    "skin": "Spalted Wood",
    "weapon": "AUG",
    "short": "AUG | Spalted Wood",
    "name": "Souvenir AUG | Spalted Wood (Minimal Wear)",
    "src": "https://steamcdn-a.akamaihd.net/apps/730/icons/econ/default_generated/weapon_aug_hy_dry_wood_light_large.e42f196cbcf1e4cf9bb0b382eb06b651a2aed038.png",
    "type": "skin",
    "rarity": 1,
    "price": 162
  },
  "Souvenir AUG | Spalted Wood (Field-Tested)": {
    "souvenir": true,
    "quality": 3,
    "skin": "Spalted Wood",
    "weapon": "AUG",
    "short": "AUG | Spalted Wood",
    "name": "Souvenir AUG | Spalted Wood (Field-Tested)",
    "src": "https://steamcdn-a.akamaihd.net/apps/730/icons/econ/default_generated/weapon_aug_hy_dry_wood_light_large.e42f196cbcf1e4cf9bb0b382eb06b651a2aed038.png",
    "type": "skin",
    "rarity": 1,
    "price": 89
  },
  "Souvenir AUG | Spalted Wood (Well-Worn)": {
    "souvenir": true,
    "quality": 2,
    "skin": "Spalted Wood",
    "weapon": "AUG",
    "short": "AUG | Spalted Wood",
    "name": "Souvenir AUG | Spalted Wood (Well-Worn)",
    "src": "https://steamcdn-a.akamaihd.net/apps/730/icons/econ/default_generated/weapon_aug_hy_dry_wood_light_large.e42f196cbcf1e4cf9bb0b382eb06b651a2aed038.png",
    "type": "skin",
    "rarity": 1,
    "price": 134
  },
  "Souvenir AUG | Spalted Wood (Battle-Scarred)": {
    "souvenir": true,
    "quality": 1,
    "skin": "Spalted Wood",
    "weapon": "AUG",
    "short": "AUG | Spalted Wood",
    "name": "Souvenir AUG | Spalted Wood (Battle-Scarred)",
    "src": "https://steamcdn-a.akamaihd.net/apps/730/icons/econ/default_generated/weapon_aug_hy_dry_wood_light_large.e42f196cbcf1e4cf9bb0b382eb06b651a2aed038.png",
    "type": "skin",
    "rarity": 1,
    "price": 90
  },
  "AUG | Spalted Wood": {
    "souvenirAvailable": true,
    "masterItem": true,
    "qualities": [5, 4, 3, 2, 1],
    "skin": "Spalted Wood",
    "weapon": "AUG",
    "short": "AUG | Spalted Wood",
    "name": "AUG | Spalted Wood",
    "src": "https://steamcdn-a.akamaihd.net/apps/730/icons/econ/default_generated/weapon_aug_hy_dry_wood_light_large.e42f196cbcf1e4cf9bb0b382eb06b651a2aed038.png",
    "type": "skin",
    "rarity": 1,
    "price": 182,
    "minPrice": 79
  },
  "USP-S | Orange Anolis (Factory New)": {
    "quality": 5,
    "skin": "Orange Anolis",
    "weapon": "USP-S",
    "short": "USP-S | Orange Anolis",
    "name": "USP-S | Orange Anolis (Factory New)",
    "src": "https://steamcdn-a.akamaihd.net/apps/730/icons/econ/default_generated/weapon_usp_silencer_am_lizard_red_light_large.8028fa8c551ef6e26b3fff892e8138b5294ad7fd.png",
    "type": "skin",
    "rarity": 3,
    "price": 971
  },
  "USP-S | Orange Anolis (Minimal Wear)": {
    "quality": 4,
    "skin": "Orange Anolis",
    "weapon": "USP-S",
    "short": "USP-S | Orange Anolis",
    "name": "USP-S | Orange Anolis (Minimal Wear)",
    "src": "https://steamcdn-a.akamaihd.net/apps/730/icons/econ/default_generated/weapon_usp_silencer_am_lizard_red_light_large.8028fa8c551ef6e26b3fff892e8138b5294ad7fd.png",
    "type": "skin",
    "rarity": 3,
    "price": 733
  },
  "USP-S | Orange Anolis (Field-Tested)": {
    "quality": 3,
    "skin": "Orange Anolis",
    "weapon": "USP-S",
    "short": "USP-S | Orange Anolis",
    "name": "USP-S | Orange Anolis (Field-Tested)",
    "src": "https://steamcdn-a.akamaihd.net/apps/730/icons/econ/default_generated/weapon_usp_silencer_am_lizard_red_light_large.8028fa8c551ef6e26b3fff892e8138b5294ad7fd.png",
    "type": "skin",
    "rarity": 3,
    "price": 590
  },
  "Souvenir USP-S | Orange Anolis (Factory New)": {
    "souvenir": true,
    "quality": 5,
    "skin": "Orange Anolis",
    "weapon": "USP-S",
    "short": "USP-S | Orange Anolis",
    "name": "Souvenir USP-S | Orange Anolis (Factory New)",
    "src": "https://steamcdn-a.akamaihd.net/apps/730/icons/econ/default_generated/weapon_usp_silencer_am_lizard_red_light_large.8028fa8c551ef6e26b3fff892e8138b5294ad7fd.png",
    "type": "skin",
    "rarity": 3,
    "price": 1281
  },
  "Souvenir USP-S | Orange Anolis (Minimal Wear)": {
    "souvenir": true,
    "quality": 4,
    "skin": "Orange Anolis",
    "weapon": "USP-S",
    "short": "USP-S | Orange Anolis",
    "name": "Souvenir USP-S | Orange Anolis (Minimal Wear)",
    "src": "https://steamcdn-a.akamaihd.net/apps/730/icons/econ/default_generated/weapon_usp_silencer_am_lizard_red_light_large.8028fa8c551ef6e26b3fff892e8138b5294ad7fd.png",
    "type": "skin",
    "rarity": 3,
    "price": 1242
  },
  "Souvenir USP-S | Orange Anolis (Field-Tested)": {
    "souvenir": true,
    "quality": 3,
    "skin": "Orange Anolis",
    "weapon": "USP-S",
    "short": "USP-S | Orange Anolis",
    "name": "Souvenir USP-S | Orange Anolis (Field-Tested)",
    "src": "https://steamcdn-a.akamaihd.net/apps/730/icons/econ/default_generated/weapon_usp_silencer_am_lizard_red_light_large.8028fa8c551ef6e26b3fff892e8138b5294ad7fd.png",
    "type": "skin",
    "rarity": 3,
    "price": 725
  },
  "USP-S | Orange Anolis": {
    "souvenirAvailable": true,
    "masterItem": true,
    "qualities": [5, 4, 3],
    "skin": "Orange Anolis",
    "weapon": "USP-S",
    "short": "USP-S | Orange Anolis",
    "name": "USP-S | Orange Anolis",
    "src": "https://steamcdn-a.akamaihd.net/apps/730/icons/econ/default_generated/weapon_usp_silencer_am_lizard_red_light_large.8028fa8c551ef6e26b3fff892e8138b5294ad7fd.png",
    "type": "skin",
    "rarity": 3,
    "price": 1281,
    "minPrice": 590
  },
  "MP9 | Old Roots (Factory New)": {
    "quality": 5,
    "skin": "Old Roots",
    "weapon": "MP9",
    "short": "MP9 | Old Roots",
    "name": "MP9 | Old Roots (Factory New)",
    "src": "https://steamcdn-a.akamaihd.net/apps/730/icons/econ/default_generated/weapon_mp9_sp_moro_carving_yellow_light_large.c86dfd42974acb136ffd14f9b9a283fdb80ec135.png",
    "type": "skin",
    "rarity": 1,
    "price": 143
  },
  "MP9 | Old Roots (Minimal Wear)": {
    "quality": 4,
    "skin": "Old Roots",
    "weapon": "MP9",
    "short": "MP9 | Old Roots",
    "name": "MP9 | Old Roots (Minimal Wear)",
    "src": "https://steamcdn-a.akamaihd.net/apps/730/icons/econ/default_generated/weapon_mp9_sp_moro_carving_yellow_light_large.c86dfd42974acb136ffd14f9b9a283fdb80ec135.png",
    "type": "skin",
    "rarity": 1,
    "price": 121
  },
  "MP9 | Old Roots (Field-Tested)": {
    "quality": 3,
    "skin": "Old Roots",
    "weapon": "MP9",
    "short": "MP9 | Old Roots",
    "name": "MP9 | Old Roots (Field-Tested)",
    "src": "https://steamcdn-a.akamaihd.net/apps/730/icons/econ/default_generated/weapon_mp9_sp_moro_carving_yellow_light_large.c86dfd42974acb136ffd14f9b9a283fdb80ec135.png",
    "type": "skin",
    "rarity": 1,
    "price": 85
  },
  "MP9 | Old Roots (Well-Worn)": {
    "quality": 2,
    "skin": "Old Roots",
    "weapon": "MP9",
    "short": "MP9 | Old Roots",
    "name": "MP9 | Old Roots (Well-Worn)",
    "src": "https://steamcdn-a.akamaihd.net/apps/730/icons/econ/default_generated/weapon_mp9_sp_moro_carving_yellow_light_large.c86dfd42974acb136ffd14f9b9a283fdb80ec135.png",
    "type": "skin",
    "rarity": 1,
    "price": 84
  },
  "MP9 | Old Roots (Battle-Scarred)": {
    "quality": 1,
    "skin": "Old Roots",
    "weapon": "MP9",
    "short": "MP9 | Old Roots",
    "name": "MP9 | Old Roots (Battle-Scarred)",
    "src": "https://steamcdn-a.akamaihd.net/apps/730/icons/econ/default_generated/weapon_mp9_sp_moro_carving_yellow_light_large.c86dfd42974acb136ffd14f9b9a283fdb80ec135.png",
    "type": "skin",
    "rarity": 1,
    "price": 78
  },
  "Souvenir MP9 | Old Roots (Factory New)": {
    "souvenir": true,
    "quality": 5,
    "skin": "Old Roots",
    "weapon": "MP9",
    "short": "MP9 | Old Roots",
    "name": "Souvenir MP9 | Old Roots (Factory New)",
    "src": "https://steamcdn-a.akamaihd.net/apps/730/icons/econ/default_generated/weapon_mp9_sp_moro_carving_yellow_light_large.c86dfd42974acb136ffd14f9b9a283fdb80ec135.png",
    "type": "skin",
    "rarity": 1,
    "price": 150
  },
  "Souvenir MP9 | Old Roots (Minimal Wear)": {
    "souvenir": true,
    "quality": 4,
    "skin": "Old Roots",
    "weapon": "MP9",
    "short": "MP9 | Old Roots",
    "name": "Souvenir MP9 | Old Roots (Minimal Wear)",
    "src": "https://steamcdn-a.akamaihd.net/apps/730/icons/econ/default_generated/weapon_mp9_sp_moro_carving_yellow_light_large.c86dfd42974acb136ffd14f9b9a283fdb80ec135.png",
    "type": "skin",
    "rarity": 1,
    "price": 123
  },
  "Souvenir MP9 | Old Roots (Field-Tested)": {
    "souvenir": true,
    "quality": 3,
    "skin": "Old Roots",
    "weapon": "MP9",
    "short": "MP9 | Old Roots",
    "name": "Souvenir MP9 | Old Roots (Field-Tested)",
    "src": "https://steamcdn-a.akamaihd.net/apps/730/icons/econ/default_generated/weapon_mp9_sp_moro_carving_yellow_light_large.c86dfd42974acb136ffd14f9b9a283fdb80ec135.png",
    "type": "skin",
    "rarity": 1,
    "price": 84
  },
  "Souvenir MP9 | Old Roots (Well-Worn)": {
    "souvenir": true,
    "quality": 2,
    "skin": "Old Roots",
    "weapon": "MP9",
    "short": "MP9 | Old Roots",
    "name": "Souvenir MP9 | Old Roots (Well-Worn)",
    "src": "https://steamcdn-a.akamaihd.net/apps/730/icons/econ/default_generated/weapon_mp9_sp_moro_carving_yellow_light_large.c86dfd42974acb136ffd14f9b9a283fdb80ec135.png",
    "type": "skin",
    "rarity": 1,
    "price": 95
  },
  "Souvenir MP9 | Old Roots (Battle-Scarred)": {
    "souvenir": true,
    "quality": 1,
    "skin": "Old Roots",
    "weapon": "MP9",
    "short": "MP9 | Old Roots",
    "name": "Souvenir MP9 | Old Roots (Battle-Scarred)",
    "src": "https://steamcdn-a.akamaihd.net/apps/730/icons/econ/default_generated/weapon_mp9_sp_moro_carving_yellow_light_large.c86dfd42974acb136ffd14f9b9a283fdb80ec135.png",
    "type": "skin",
    "rarity": 1,
    "price": 96
  },
  "MP9 | Old Roots": {
    "souvenirAvailable": true,
    "masterItem": true,
    "qualities": [5, 4, 3, 2, 1],
    "skin": "Old Roots",
    "weapon": "MP9",
    "short": "MP9 | Old Roots",
    "name": "MP9 | Old Roots",
    "src": "https://steamcdn-a.akamaihd.net/apps/730/icons/econ/default_generated/weapon_mp9_sp_moro_carving_yellow_light_large.c86dfd42974acb136ffd14f9b9a283fdb80ec135.png",
    "type": "skin",
    "rarity": 1,
    "price": 150,
    "minPrice": 78
  },
  "Sawed-Off | Parched (Factory New)": {
    "quality": 5,
    "skin": "Parched",
    "weapon": "Sawed-Off",
    "short": "Sawed-Off | Parched",
    "name": "Sawed-Off | Parched (Factory New)",
    "src": "https://steamcdn-a.akamaihd.net/apps/730/icons/econ/default_generated/weapon_sawedoff_hy_desert_bloom_light_large.6222132707bdc3c9e20b8eada269c2620bfc5013.png",
    "type": "skin",
    "rarity": 0,
    "price": 46
  },
  "Sawed-Off | Parched (Minimal Wear)": {
    "quality": 4,
    "skin": "Parched",
    "weapon": "Sawed-Off",
    "short": "Sawed-Off | Parched",
    "name": "Sawed-Off | Parched (Minimal Wear)",
    "src": "https://steamcdn-a.akamaihd.net/apps/730/icons/econ/default_generated/weapon_sawedoff_hy_desert_bloom_light_large.6222132707bdc3c9e20b8eada269c2620bfc5013.png",
    "type": "skin",
    "rarity": 0,
    "price": 43
  },
  "Sawed-Off | Parched (Field-Tested)": {
    "quality": 3,
    "skin": "Parched",
    "weapon": "Sawed-Off",
    "short": "Sawed-Off | Parched",
    "name": "Sawed-Off | Parched (Field-Tested)",
    "src": "https://steamcdn-a.akamaihd.net/apps/730/icons/econ/default_generated/weapon_sawedoff_hy_desert_bloom_light_large.6222132707bdc3c9e20b8eada269c2620bfc5013.png",
    "type": "skin",
    "rarity": 0,
    "price": 36
  },
  "Sawed-Off | Parched (Well-Worn)": {
    "quality": 2,
    "skin": "Parched",
    "weapon": "Sawed-Off",
    "short": "Sawed-Off | Parched",
    "name": "Sawed-Off | Parched (Well-Worn)",
    "src": "https://steamcdn-a.akamaihd.net/apps/730/icons/econ/default_generated/weapon_sawedoff_hy_desert_bloom_light_large.6222132707bdc3c9e20b8eada269c2620bfc5013.png",
    "type": "skin",
    "rarity": 0,
    "price": 26
  },
  "Sawed-Off | Parched (Battle-Scarred)": {
    "quality": 1,
    "skin": "Parched",
    "weapon": "Sawed-Off",
    "short": "Sawed-Off | Parched",
    "name": "Sawed-Off | Parched (Battle-Scarred)",
    "src": "https://steamcdn-a.akamaihd.net/apps/730/icons/econ/default_generated/weapon_sawedoff_hy_desert_bloom_light_large.6222132707bdc3c9e20b8eada269c2620bfc5013.png",
    "type": "skin",
    "rarity": 0,
    "price": 36
  },
  "Souvenir Sawed-Off | Parched (Factory New)": {
    "souvenir": true,
    "quality": 5,
    "skin": "Parched",
    "weapon": "Sawed-Off",
    "short": "Sawed-Off | Parched",
    "name": "Souvenir Sawed-Off | Parched (Factory New)",
    "src": "https://steamcdn-a.akamaihd.net/apps/730/icons/econ/default_generated/weapon_sawedoff_hy_desert_bloom_light_large.6222132707bdc3c9e20b8eada269c2620bfc5013.png",
    "type": "skin",
    "rarity": 0,
    "price": 56
  },
  "Souvenir Sawed-Off | Parched (Minimal Wear)": {
    "souvenir": true,
    "quality": 4,
    "skin": "Parched",
    "weapon": "Sawed-Off",
    "short": "Sawed-Off | Parched",
    "name": "Souvenir Sawed-Off | Parched (Minimal Wear)",
    "src": "https://steamcdn-a.akamaihd.net/apps/730/icons/econ/default_generated/weapon_sawedoff_hy_desert_bloom_light_large.6222132707bdc3c9e20b8eada269c2620bfc5013.png",
    "type": "skin",
    "rarity": 0,
    "price": 47
  },
  "Souvenir Sawed-Off | Parched (Field-Tested)": {
    "souvenir": true,
    "quality": 3,
    "skin": "Parched",
    "weapon": "Sawed-Off",
    "short": "Sawed-Off | Parched",
    "name": "Souvenir Sawed-Off | Parched (Field-Tested)",
    "src": "https://steamcdn-a.akamaihd.net/apps/730/icons/econ/default_generated/weapon_sawedoff_hy_desert_bloom_light_large.6222132707bdc3c9e20b8eada269c2620bfc5013.png",
    "type": "skin",
    "rarity": 0,
    "price": 53
  },
  "Souvenir Sawed-Off | Parched (Well-Worn)": {
    "souvenir": true,
    "quality": 2,
    "skin": "Parched",
    "weapon": "Sawed-Off",
    "short": "Sawed-Off | Parched",
    "name": "Souvenir Sawed-Off | Parched (Well-Worn)",
    "src": "https://steamcdn-a.akamaihd.net/apps/730/icons/econ/default_generated/weapon_sawedoff_hy_desert_bloom_light_large.6222132707bdc3c9e20b8eada269c2620bfc5013.png",
    "type": "skin",
    "rarity": 0,
    "price": 42
  },
  "Souvenir Sawed-Off | Parched (Battle-Scarred)": {
    "souvenir": true,
    "quality": 1,
    "skin": "Parched",
    "weapon": "Sawed-Off",
    "short": "Sawed-Off | Parched",
    "name": "Souvenir Sawed-Off | Parched (Battle-Scarred)",
    "src": "https://steamcdn-a.akamaihd.net/apps/730/icons/econ/default_generated/weapon_sawedoff_hy_desert_bloom_light_large.6222132707bdc3c9e20b8eada269c2620bfc5013.png",
    "type": "skin",
    "rarity": 0,
    "price": 32
  },
  "Sawed-Off | Parched": {
    "souvenirAvailable": true,
    "masterItem": true,
    "qualities": [5, 4, 3, 2, 1],
    "skin": "Parched",
    "weapon": "Sawed-Off",
    "short": "Sawed-Off | Parched",
    "name": "Sawed-Off | Parched",
    "src": "https://steamcdn-a.akamaihd.net/apps/730/icons/econ/default_generated/weapon_sawedoff_hy_desert_bloom_light_large.6222132707bdc3c9e20b8eada269c2620bfc5013.png",
    "type": "skin",
    "rarity": 0,
    "price": 56,
    "minPrice": 26
  }
}