{
  "The Dust Collection": {
    "name": "The Dust Collection",
    "src": "images/items/collections/dust.png",
    "price": 12450,
    "type": "case",
    "rarity": 0,
    "content": {
      "items": [
        "Sawed-Off | Copper (Factory New)", "Sawed-Off | Copper (Minimal Wear)", "Sawed-Off | Copper (Field-Tested)",
        "Sawed-Off | Copper (Well-Worn)", "Sawed-Off | Copper (Battle-Scarred)", "AWP | Snake Camo (Factory New)",
        "AWP | Snake Camo (Minimal Wear)", "AWP | Snake Camo (Field-Tested)", "AWP | Snake Camo (Well-Worn)",
        "AWP | Snake Camo (Battle-Scarred)", "M4A4 | Desert Storm (Factory New)", "M4A4 | Desert Storm (Minimal Wear)",
        "M4A4 | Desert Storm (Field-Tested)", "M4A4 | Desert Storm (Well-Worn)", "M4A4 | Desert Storm (Battle-Scarred)",
        "SCAR-20 | Palm (Factory New)", "SCAR-20 | Palm (Minimal Wear)", "SCAR-20 | Palm (Field-Tested)",
        "SCAR-20 | Palm (Well-Worn)", "SCAR-20 | Palm (Battle-Scarred)", "Desert Eagle | Blaze (Factory New)",
        "Desert Eagle | Blaze (Minimal Wear)", "P2000 | Scorpion (Factory New)", "P2000 | Scorpion (Minimal Wear)",
        "AUG | Copperhead (Minimal Wear)", "AUG | Copperhead (Field-Tested)", "Glock-18 | Brass (Factory New)",
        "Glock-18 | Brass (Minimal Wear)", "Glock-18 | Brass (Field-Tested)", "Glock-18 | Brass (Well-Worn)",
        "Glock-18 | Brass (Battle-Scarred)", "AK-47 | Predator (Factory New)", "AK-47 | Predator (Minimal Wear)",
        "AK-47 | Predator (Field-Tested)", "AK-47 | Predator (Well-Worn)", "AK-47 | Predator (Battle-Scarred)"
      ]
    }
  },
  "Sawed-Off | Copper (Factory New)": {
    "quality": 5,
    "weight": 0.01,
    "skin": "Copper",
    "weapon": "Sawed-Off",
    "short": "Sawed-Off | Copper",
    "name": "Sawed-Off | Copper (Factory New)",
    "src": "https://steamcdn-a.akamaihd.net/apps/730/icons/econ/default_generated/weapon_sawedoff_aq_copper_light_large.a2d3d9236120109adf8df1bc53b7d02250f6a50a.png",
    "type": "skin",
    "rarity": 2,
    "price": 12659
  },
  "Sawed-Off | Copper (Minimal Wear)": {
    "quality": 4,
    "weight": 0.01,
    "skin": "Copper",
    "weapon": "Sawed-Off",
    "short": "Sawed-Off | Copper",
    "name": "Sawed-Off | Copper (Minimal Wear)",
    "src": "https://steamcdn-a.akamaihd.net/apps/730/icons/econ/default_generated/weapon_sawedoff_aq_copper_light_large.a2d3d9236120109adf8df1bc53b7d02250f6a50a.png",
    "type": "skin",
    "rarity": 2,
    "price": 7960
  },
  "Sawed-Off | Copper (Field-Tested)": {
    "quality": 3,
    "weight": 0.01,
    "skin": "Copper",
    "weapon": "Sawed-Off",
    "short": "Sawed-Off | Copper",
    "name": "Sawed-Off | Copper (Field-Tested)",
    "src": "https://steamcdn-a.akamaihd.net/apps/730/icons/econ/default_generated/weapon_sawedoff_aq_copper_light_large.a2d3d9236120109adf8df1bc53b7d02250f6a50a.png",
    "type": "skin",
    "rarity": 2,
    "price": 6236
  },
  "Sawed-Off | Copper (Well-Worn)": {
    "quality": 2,
    "weight": 0.01,
    "skin": "Copper",
    "weapon": "Sawed-Off",
    "short": "Sawed-Off | Copper",
    "name": "Sawed-Off | Copper (Well-Worn)",
    "src": "https://steamcdn-a.akamaihd.net/apps/730/icons/econ/default_generated/weapon_sawedoff_aq_copper_light_large.a2d3d9236120109adf8df1bc53b7d02250f6a50a.png",
    "type": "skin",
    "rarity": 2,
    "price": 6874
  },
  "Sawed-Off | Copper (Battle-Scarred)": {
    "quality": 1,
    "weight": 0.01,
    "skin": "Copper",
    "weapon": "Sawed-Off",
    "short": "Sawed-Off | Copper",
    "name": "Sawed-Off | Copper (Battle-Scarred)",
    "src": "https://steamcdn-a.akamaihd.net/apps/730/icons/econ/default_generated/weapon_sawedoff_aq_copper_light_large.a2d3d9236120109adf8df1bc53b7d02250f6a50a.png",
    "type": "skin",
    "rarity": 2,
    "price": 5927
  },
  "Sawed-Off | Copper": {
    "masterItem": true,
    "qualities": [5, 4, 3, 2, 1],
    "skin": "Copper",
    "weapon": "Sawed-Off",
    "short": "Sawed-Off | Copper",
    "name": "Sawed-Off | Copper",
    "src": "https://steamcdn-a.akamaihd.net/apps/730/icons/econ/default_generated/weapon_sawedoff_aq_copper_light_large.a2d3d9236120109adf8df1bc53b7d02250f6a50a.png",
    "type": "skin",
    "rarity": 2,
    "price": 12659,
    "minPrice": 5927
  },
  "AWP | Snake Camo (Factory New)": {
    "quality": 5,
    "weight": 0.01,
    "skin": "Snake Camo",
    "weapon": "AWP",
    "short": "AWP | Snake Camo",
    "name": "AWP | Snake Camo (Factory New)",
    "src": "https://steamcdn-a.akamaihd.net/apps/730/icons/econ/default_generated/weapon_awp_sp_snake_light_large.c0b327d960af85c987bed944287935fb4b6a780a.png",
    "type": "skin",
    "rarity": 2,
    "price": 19819
  },
  "AWP | Snake Camo (Minimal Wear)": {
    "quality": 4,
    "weight": 0.01,
    "skin": "Snake Camo",
    "weapon": "AWP",
    "short": "AWP | Snake Camo",
    "name": "AWP | Snake Camo (Minimal Wear)",
    "src": "https://steamcdn-a.akamaihd.net/apps/730/icons/econ/default_generated/weapon_awp_sp_snake_light_large.c0b327d960af85c987bed944287935fb4b6a780a.png",
    "type": "skin",
    "rarity": 2,
    "price": 6673
  },
  "AWP | Snake Camo (Field-Tested)": {
    "quality": 3,
    "weight": 0.01,
    "skin": "Snake Camo",
    "weapon": "AWP",
    "short": "AWP | Snake Camo",
    "name": "AWP | Snake Camo (Field-Tested)",
    "src": "https://steamcdn-a.akamaihd.net/apps/730/icons/econ/default_generated/weapon_awp_sp_snake_light_large.c0b327d960af85c987bed944287935fb4b6a780a.png",
    "type": "skin",
    "rarity": 2,
    "price": 5284
  },
  "AWP | Snake Camo (Well-Worn)": {
    "quality": 2,
    "weight": 0.01,
    "skin": "Snake Camo",
    "weapon": "AWP",
    "short": "AWP | Snake Camo",
    "name": "AWP | Snake Camo (Well-Worn)",
    "src": "https://steamcdn-a.akamaihd.net/apps/730/icons/econ/default_generated/weapon_awp_sp_snake_light_large.c0b327d960af85c987bed944287935fb4b6a780a.png",
    "type": "skin",
    "rarity": 2,
    "price": 5975
  },
  "AWP | Snake Camo (Battle-Scarred)": {
    "quality": 1,
    "weight": 0.01,
    "skin": "Snake Camo",
    "weapon": "AWP",
    "short": "AWP | Snake Camo",
    "name": "AWP | Snake Camo (Battle-Scarred)",
    "src": "https://steamcdn-a.akamaihd.net/apps/730/icons/econ/default_generated/weapon_awp_sp_snake_light_large.c0b327d960af85c987bed944287935fb4b6a780a.png",
    "type": "skin",
    "rarity": 2,
    "price": 5641
  },
  "AWP | Snake Camo": {
    "masterItem": true,
    "qualities": [5, 4, 3, 2, 1],
    "skin": "Snake Camo",
    "weapon": "AWP",
    "short": "AWP | Snake Camo",
    "name": "AWP | Snake Camo",
    "src": "https://steamcdn-a.akamaihd.net/apps/730/icons/econ/default_generated/weapon_awp_sp_snake_light_large.c0b327d960af85c987bed944287935fb4b6a780a.png",
    "type": "skin",
    "rarity": 2,
    "price": 19819,
    "minPrice": 5284
  },
  "M4A4 | Desert Storm (Factory New)": {
    "quality": 5,
    "weight": 0.01,
    "skin": "Desert Storm",
    "weapon": "M4A4",
    "short": "M4A4 | Desert Storm",
    "name": "M4A4 | Desert Storm (Factory New)",
    "src": "https://steamcdn-a.akamaihd.net/apps/730/icons/econ/default_generated/weapon_m4a1_hy_desert_light_large.30d1e3dcc03baca8d4a3f222b3b851ad12c77799.png",
    "type": "skin",
    "rarity": 1,
    "price": 2867
  },
  "M4A4 | Desert Storm (Minimal Wear)": {
    "quality": 4,
    "weight": 0.01,
    "skin": "Desert Storm",
    "weapon": "M4A4",
    "short": "M4A4 | Desert Storm",
    "name": "M4A4 | Desert Storm (Minimal Wear)",
    "src": "https://steamcdn-a.akamaihd.net/apps/730/icons/econ/default_generated/weapon_m4a1_hy_desert_light_large.30d1e3dcc03baca8d4a3f222b3b851ad12c77799.png",
    "type": "skin",
    "rarity": 1,
    "price": 966
  },
  "M4A4 | Desert Storm (Field-Tested)": {
    "quality": 3,
    "weight": 0.01,
    "skin": "Desert Storm",
    "weapon": "M4A4",
    "short": "M4A4 | Desert Storm",
    "name": "M4A4 | Desert Storm (Field-Tested)",
    "src": "https://steamcdn-a.akamaihd.net/apps/730/icons/econ/default_generated/weapon_m4a1_hy_desert_light_large.30d1e3dcc03baca8d4a3f222b3b851ad12c77799.png",
    "type": "skin",
    "rarity": 1,
    "price": 856
  },
  "M4A4 | Desert Storm (Well-Worn)": {
    "quality": 2,
    "weight": 0.01,
    "skin": "Desert Storm",
    "weapon": "M4A4",
    "short": "M4A4 | Desert Storm",
    "name": "M4A4 | Desert Storm (Well-Worn)",
    "src": "https://steamcdn-a.akamaihd.net/apps/730/icons/econ/default_generated/weapon_m4a1_hy_desert_light_large.30d1e3dcc03baca8d4a3f222b3b851ad12c77799.png",
    "type": "skin",
    "rarity": 1,
    "price": 859
  },
  "M4A4 | Desert Storm (Battle-Scarred)": {
    "quality": 1,
    "weight": 0.01,
    "skin": "Desert Storm",
    "weapon": "M4A4",
    "short": "M4A4 | Desert Storm",
    "name": "M4A4 | Desert Storm (Battle-Scarred)",
    "src": "https://steamcdn-a.akamaihd.net/apps/730/icons/econ/default_generated/weapon_m4a1_hy_desert_light_large.30d1e3dcc03baca8d4a3f222b3b851ad12c77799.png",
    "type": "skin",
    "rarity": 1,
    "price": 876
  },
  "M4A4 | Desert Storm": {
    "masterItem": true,
    "qualities": [5, 4, 3, 2, 1],
    "skin": "Desert Storm",
    "weapon": "M4A4",
    "short": "M4A4 | Desert Storm",
    "name": "M4A4 | Desert Storm",
    "src": "https://steamcdn-a.akamaihd.net/apps/730/icons/econ/default_generated/weapon_m4a1_hy_desert_light_large.30d1e3dcc03baca8d4a3f222b3b851ad12c77799.png",
    "type": "skin",
    "rarity": 1,
    "price": 2867,
    "minPrice": 856
  },
  "SCAR-20 | Palm (Factory New)": {
    "quality": 5,
    "weight": 0.01,
    "skin": "Palm",
    "weapon": "SCAR-20",
    "short": "SCAR-20 | Palm",
    "name": "SCAR-20 | Palm (Factory New)",
    "src": "https://steamcdn-a.akamaihd.net/apps/730/icons/econ/default_generated/weapon_scar20_sp_palm_light_large.ed935d932711961605c3b03b896560f4ebfe8861.png",
    "type": "skin",
    "rarity": 1,
    "price": 2543
  },
  "SCAR-20 | Palm (Minimal Wear)": {
    "quality": 4,
    "weight": 0.01,
    "skin": "Palm",
    "weapon": "SCAR-20",
    "short": "SCAR-20 | Palm",
    "name": "SCAR-20 | Palm (Minimal Wear)",
    "src": "https://steamcdn-a.akamaihd.net/apps/730/icons/econ/default_generated/weapon_scar20_sp_palm_light_large.ed935d932711961605c3b03b896560f4ebfe8861.png",
    "type": "skin",
    "rarity": 1,
    "price": 973
  },
  "SCAR-20 | Palm (Field-Tested)": {
    "quality": 3,
    "weight": 0.01,
    "skin": "Palm",
    "weapon": "SCAR-20",
    "short": "SCAR-20 | Palm",
    "name": "SCAR-20 | Palm (Field-Tested)",
    "src": "https://steamcdn-a.akamaihd.net/apps/730/icons/econ/default_generated/weapon_scar20_sp_palm_light_large.ed935d932711961605c3b03b896560f4ebfe8861.png",
    "type": "skin",
    "rarity": 1,
    "price": 805
  },
  "SCAR-20 | Palm (Well-Worn)": {
    "quality": 2,
    "weight": 0.01,
    "skin": "Palm",
    "weapon": "SCAR-20",
    "short": "SCAR-20 | Palm",
    "name": "SCAR-20 | Palm (Well-Worn)",
    "src": "https://steamcdn-a.akamaihd.net/apps/730/icons/econ/default_generated/weapon_scar20_sp_palm_light_large.ed935d932711961605c3b03b896560f4ebfe8861.png",
    "type": "skin",
    "rarity": 1,
    "price": 1000
  },
  "SCAR-20 | Palm (Battle-Scarred)": {
    "quality": 1,
    "weight": 0.01,
    "skin": "Palm",
    "weapon": "SCAR-20",
    "short": "SCAR-20 | Palm",
    "name": "SCAR-20 | Palm (Battle-Scarred)",
    "src": "https://steamcdn-a.akamaihd.net/apps/730/icons/econ/default_generated/weapon_scar20_sp_palm_light_large.ed935d932711961605c3b03b896560f4ebfe8861.png",
    "type": "skin",
    "rarity": 1,
    "price": 909
  },
  "SCAR-20 | Palm": {
    "masterItem": true,
    "qualities": [5, 4, 3, 2, 1],
    "skin": "Palm",
    "weapon": "SCAR-20",
    "short": "SCAR-20 | Palm",
    "name": "SCAR-20 | Palm",
    "src": "https://steamcdn-a.akamaihd.net/apps/730/icons/econ/default_generated/weapon_scar20_sp_palm_light_large.ed935d932711961605c3b03b896560f4ebfe8861.png",
    "type": "skin",
    "rarity": 1,
    "price": 2543,
    "minPrice": 805
  },
  "Desert Eagle | Blaze (Factory New)": {
    "quality": 5,
    "weight": 0.01,
    "skin": "Blaze",
    "weapon": "Desert Eagle",
    "short": "Desert Eagle | Blaze",
    "name": "Desert Eagle | Blaze (Factory New)",
    "src": "https://steamcdn-a.akamaihd.net/apps/730/icons/econ/default_generated/weapon_deagle_aa_flames_light_large.dd140c3b359c16ccd8e918ca6ad0b2628151fe1c.png",
    "type": "skin",
    "rarity": 3,
    "price": 47297
  },
  "Desert Eagle | Blaze (Minimal Wear)": {
    "quality": 4,
    "weight": 0.01,
    "skin": "Blaze",
    "weapon": "Desert Eagle",
    "short": "Desert Eagle | Blaze",
    "name": "Desert Eagle | Blaze (Minimal Wear)",
    "src": "https://steamcdn-a.akamaihd.net/apps/730/icons/econ/default_generated/weapon_deagle_aa_flames_light_large.dd140c3b359c16ccd8e918ca6ad0b2628151fe1c.png",
    "type": "skin",
    "rarity": 3,
    "price": 58320
  },
  "Desert Eagle | Blaze": {
    "masterItem": true,
    "qualities": [5, 4],
    "skin": "Blaze",
    "weapon": "Desert Eagle",
    "short": "Desert Eagle | Blaze",
    "name": "Desert Eagle | Blaze",
    "src": "https://steamcdn-a.akamaihd.net/apps/730/icons/econ/default_generated/weapon_deagle_aa_flames_light_large.dd140c3b359c16ccd8e918ca6ad0b2628151fe1c.png",
    "type": "skin",
    "rarity": 3,
    "price": 58320,
    "minPrice": 47297
  },
  "P2000 | Scorpion (Factory New)": {
    "quality": 5,
    "weight": 0.01,
    "skin": "Scorpion",
    "weapon": "P2000",
    "short": "P2000 | Scorpion",
    "name": "P2000 | Scorpion (Factory New)",
    "src": "https://steamcdn-a.akamaihd.net/apps/730/icons/econ/default_generated/weapon_hkp2000_am_scorpion_p2000_light_large.86333a595bc6c6139a4e84734e6eb88cd33d3e14.png",
    "type": "skin",
    "rarity": 3,
    "price": 279
  },
  "P2000 | Scorpion (Minimal Wear)": {
    "quality": 4,
    "weight": 0.01,
    "skin": "Scorpion",
    "weapon": "P2000",
    "short": "P2000 | Scorpion",
    "name": "P2000 | Scorpion (Minimal Wear)",
    "src": "https://steamcdn-a.akamaihd.net/apps/730/icons/econ/default_generated/weapon_hkp2000_am_scorpion_p2000_light_large.86333a595bc6c6139a4e84734e6eb88cd33d3e14.png",
    "type": "skin",
    "rarity": 3,
    "price": 640
  },
  "P2000 | Scorpion": {
    "masterItem": true,
    "qualities": [5, 4],
    "skin": "Scorpion",
    "weapon": "P2000",
    "short": "P2000 | Scorpion",
    "name": "P2000 | Scorpion",
    "src": "https://steamcdn-a.akamaihd.net/apps/730/icons/econ/default_generated/weapon_hkp2000_am_scorpion_p2000_light_large.86333a595bc6c6139a4e84734e6eb88cd33d3e14.png",
    "type": "skin",
    "rarity": 3,
    "price": 640,
    "minPrice": 279
  },
  "AUG | Copperhead (Minimal Wear)": {
    "quality": 4,
    "weight": 0.01,
    "skin": "Copperhead",
    "weapon": "AUG",
    "short": "AUG | Copperhead",
    "name": "AUG | Copperhead (Minimal Wear)",
    "src": "https://steamcdn-a.akamaihd.net/apps/730/icons/econ/default_generated/weapon_aug_hy_copperhead_light_large.166fd555b0075feb698783999d906c4529d2d631.png",
    "type": "skin",
    "rarity": 2,
    "price": 6325
  },
  "AUG | Copperhead (Field-Tested)": {
    "quality": 3,
    "weight": 0.01,
    "skin": "Copperhead",
    "weapon": "AUG",
    "short": "AUG | Copperhead",
    "name": "AUG | Copperhead (Field-Tested)",
    "src": "https://steamcdn-a.akamaihd.net/apps/730/icons/econ/default_generated/weapon_aug_hy_copperhead_light_large.166fd555b0075feb698783999d906c4529d2d631.png",
    "type": "skin",
    "rarity": 2,
    "price": 5503
  },
  "AUG | Copperhead": {
    "masterItem": true,
    "qualities": [4, 3],
    "skin": "Copperhead",
    "weapon": "AUG",
    "short": "AUG | Copperhead",
    "name": "AUG | Copperhead",
    "src": "https://steamcdn-a.akamaihd.net/apps/730/icons/econ/default_generated/weapon_aug_hy_copperhead_light_large.166fd555b0075feb698783999d906c4529d2d631.png",
    "type": "skin",
    "rarity": 2,
    "price": 6325,
    "minPrice": 5503
  },
  "Glock-18 | Brass (Factory New)": {
    "quality": 5,
    "weight": 0.01,
    "skin": "Brass",
    "weapon": "Glock-18",
    "short": "Glock-18 | Brass",
    "name": "Glock-18 | Brass (Factory New)",
    "src": "https://steamcdn-a.akamaihd.net/apps/730/icons/econ/default_generated/weapon_glock_aq_brass_light_large.c9fbb8483ca7b5859fafc3c8fe495b3d396205dd.png",
    "type": "skin",
    "rarity": 3,
    "price": 2486
  },
  "Glock-18 | Brass (Minimal Wear)": {
    "quality": 4,
    "weight": 0.01,
    "skin": "Brass",
    "weapon": "Glock-18",
    "short": "Glock-18 | Brass",
    "name": "Glock-18 | Brass (Minimal Wear)",
    "src": "https://steamcdn-a.akamaihd.net/apps/730/icons/econ/default_generated/weapon_glock_aq_brass_light_large.c9fbb8483ca7b5859fafc3c8fe495b3d396205dd.png",
    "type": "skin",
    "rarity": 3,
    "price": 1010
  },
  "Glock-18 | Brass (Field-Tested)": {
    "quality": 3,
    "weight": 0.01,
    "skin": "Brass",
    "weapon": "Glock-18",
    "short": "Glock-18 | Brass",
    "name": "Glock-18 | Brass (Field-Tested)",
    "src": "https://steamcdn-a.akamaihd.net/apps/730/icons/econ/default_generated/weapon_glock_aq_brass_light_large.c9fbb8483ca7b5859fafc3c8fe495b3d396205dd.png",
    "type": "skin",
    "rarity": 3,
    "price": 470
  },
  "Glock-18 | Brass (Well-Worn)": {
    "quality": 2,
    "weight": 0.01,
    "skin": "Brass",
    "weapon": "Glock-18",
    "short": "Glock-18 | Brass",
    "name": "Glock-18 | Brass (Well-Worn)",
    "src": "https://steamcdn-a.akamaihd.net/apps/730/icons/econ/default_generated/weapon_glock_aq_brass_light_large.c9fbb8483ca7b5859fafc3c8fe495b3d396205dd.png",
    "type": "skin",
    "rarity": 3,
    "price": 415
  },
  "Glock-18 | Brass (Battle-Scarred)": {
    "quality": 1,
    "weight": 0.01,
    "skin": "Brass",
    "weapon": "Glock-18",
    "short": "Glock-18 | Brass",
    "name": "Glock-18 | Brass (Battle-Scarred)",
    "src": "https://steamcdn-a.akamaihd.net/apps/730/icons/econ/default_generated/weapon_glock_aq_brass_light_large.c9fbb8483ca7b5859fafc3c8fe495b3d396205dd.png",
    "type": "skin",
    "rarity": 3,
    "price": 386
  },
  "Glock-18 | Brass": {
    "masterItem": true,
    "qualities": [5, 4, 3, 2, 1],
    "skin": "Brass",
    "weapon": "Glock-18",
    "short": "Glock-18 | Brass",
    "name": "Glock-18 | Brass",
    "src": "https://steamcdn-a.akamaihd.net/apps/730/icons/econ/default_generated/weapon_glock_aq_brass_light_large.c9fbb8483ca7b5859fafc3c8fe495b3d396205dd.png",
    "type": "skin",
    "rarity": 3,
    "price": 2486,
    "minPrice": 386
  },
  "AK-47 | Predator (Factory New)": {
    "quality": 5,
    "weight": 0.01,
    "skin": "Predator",
    "weapon": "AK-47",
    "short": "AK-47 | Predator",
    "name": "AK-47 | Predator (Factory New)",
    "src": "https://steamcdn-a.akamaihd.net/apps/730/icons/econ/default_generated/weapon_ak47_sp_zebracam_light_large.5f15c9e41b9ac135b87cdadb407c9872e31c1f29.png",
    "type": "skin",
    "rarity": 1,
    "price": 3073
  },
  "AK-47 | Predator (Minimal Wear)": {
    "quality": 4,
    "weight": 0.01,
    "skin": "Predator",
    "weapon": "AK-47",
    "short": "AK-47 | Predator",
    "name": "AK-47 | Predator (Minimal Wear)",
    "src": "https://steamcdn-a.akamaihd.net/apps/730/icons/econ/default_generated/weapon_ak47_sp_zebracam_light_large.5f15c9e41b9ac135b87cdadb407c9872e31c1f29.png",
    "type": "skin",
    "rarity": 1,
    "price": 1012
  },
  "AK-47 | Predator (Field-Tested)": {
    "quality": 3,
    "weight": 0.01,
    "skin": "Predator",
    "weapon": "AK-47",
    "short": "AK-47 | Predator",
    "name": "AK-47 | Predator (Field-Tested)",
    "src": "https://steamcdn-a.akamaihd.net/apps/730/icons/econ/default_generated/weapon_ak47_sp_zebracam_light_large.5f15c9e41b9ac135b87cdadb407c9872e31c1f29.png",
    "type": "skin",
    "rarity": 1,
    "price": 854
  },
  "AK-47 | Predator (Well-Worn)": {
    "quality": 2,
    "weight": 0.01,
    "skin": "Predator",
    "weapon": "AK-47",
    "short": "AK-47 | Predator",
    "name": "AK-47 | Predator (Well-Worn)",
    "src": "https://steamcdn-a.akamaihd.net/apps/730/icons/econ/default_generated/weapon_ak47_sp_zebracam_light_large.5f15c9e41b9ac135b87cdadb407c9872e31c1f29.png",
    "type": "skin",
    "rarity": 1,
    "price": 853
  },
  "AK-47 | Predator (Battle-Scarred)": {
    "quality": 1,
    "weight": 0.01,
    "skin": "Predator",
    "weapon": "AK-47",
    "short": "AK-47 | Predator",
    "name": "AK-47 | Predator (Battle-Scarred)",
    "src": "https://steamcdn-a.akamaihd.net/apps/730/icons/econ/default_generated/weapon_ak47_sp_zebracam_light_large.5f15c9e41b9ac135b87cdadb407c9872e31c1f29.png",
    "type": "skin",
    "rarity": 1,
    "price": 831
  },
  "AK-47 | Predator": {
    "masterItem": true,
    "qualities": [5, 4, 3, 2, 1],
    "skin": "Predator",
    "weapon": "AK-47",
    "short": "AK-47 | Predator",
    "name": "AK-47 | Predator",
    "src": "https://steamcdn-a.akamaihd.net/apps/730/icons/econ/default_generated/weapon_ak47_sp_zebracam_light_large.5f15c9e41b9ac135b87cdadb407c9872e31c1f29.png",
    "type": "skin",
    "rarity": 1,
    "price": 3073,
    "minPrice": 831
  }
}