{"The Dust 2 Collection":{"name":"The Dust 2 Collection","src":"images/items/collections/dust2.webp","price":1091,"type":"case","rarity":0,"content":{"items":["MAC-10 | Palm (Factory New)","MAC-10 | Palm (Minimal Wear)","MAC-10 | Palm (Field-Tested)","MAC-10 | Palm (Well-Worn)","MAC-10 | Palm (Battle-Scarred)","Souvenir MAC-10 | Palm (Factory New)","Souvenir MAC-10 | Palm (Minimal Wear)","Souvenir MAC-10 | Palm (Field-Tested)","Souvenir MAC-10 | Palm (Well-Worn)","Souvenir MAC-10 | Palm (Battle-Scarred)","P2000 | Amber Fade (Factory New)","P2000 | Amber Fade (Minimal Wear)","P2000 | Amber Fade (Field-Tested)","P2000 | Amber Fade (Well-Worn)","Souvenir P2000 | Amber Fade (Factory New)","Souvenir P2000 | Amber Fade (Minimal Wear)","Souvenir P2000 | Amber Fade (Field-Tested)","Souvenir P2000 | Amber Fade (Well-Worn)","SG 553 | Damascus Steel (Factory New)","SG 553 | Damascus Steel (Minimal Wear)","SG 553 | Damascus Steel (Field-Tested)","SG 553 | Damascus Steel (Well-Worn)","SG 553 | Damascus Steel (Battle-Scarred)","Souvenir SG 553 | Damascus Steel (Factory New)","Souvenir SG 553 | Damascus Steel (Minimal Wear)","Souvenir SG 553 | Damascus Steel (Field-Tested)","Souvenir SG 553 | Damascus Steel (Well-Worn)","Souvenir SG 553 | Damascus Steel (Battle-Scarred)","M4A1-S | VariCamo (Factory New)","M4A1-S | VariCamo (Minimal Wear)","M4A1-S | VariCamo (Field-Tested)","M4A1-S | VariCamo (Well-Worn)","M4A1-S | VariCamo (Battle-Scarred)","Souvenir M4A1-S | VariCamo (Factory New)","Souvenir M4A1-S | VariCamo (Minimal Wear)","Souvenir M4A1-S | VariCamo (Field-Tested)","Souvenir M4A1-S | VariCamo (Well-Worn)","Souvenir M4A1-S | VariCamo (Battle-Scarred)","Tec-9 | VariCamo (Factory New)","Tec-9 | VariCamo (Minimal Wear)","Tec-9 | VariCamo (Field-Tested)","Tec-9 | VariCamo (Well-Worn)","Tec-9 | VariCamo (Battle-Scarred)","Souvenir Tec-9 | VariCamo (Factory New)","Souvenir Tec-9 | VariCamo (Minimal Wear)","Souvenir Tec-9 | VariCamo (Field-Tested)","Souvenir Tec-9 | VariCamo (Well-Worn)","Souvenir Tec-9 | VariCamo (Battle-Scarred)","Five-SeveN | Orange Peel (Factory New)","Five-SeveN | Orange Peel (Minimal Wear)","Five-SeveN | Orange Peel (Field-Tested)","Five-SeveN | Orange Peel (Well-Worn)","Five-SeveN | Orange Peel (Battle-Scarred)","Souvenir Five-SeveN | Orange Peel (Factory New)","Souvenir Five-SeveN | Orange Peel (Minimal Wear)","Souvenir Five-SeveN | Orange Peel (Field-Tested)","Souvenir Five-SeveN | Orange Peel (Well-Worn)","Souvenir Five-SeveN | Orange Peel (Battle-Scarred)","SCAR-20 | Sand Mesh (Factory New)","SCAR-20 | Sand Mesh (Minimal Wear)","SCAR-20 | Sand Mesh (Field-Tested)","SCAR-20 | Sand Mesh (Well-Worn)","SCAR-20 | Sand Mesh (Battle-Scarred)","Souvenir SCAR-20 | Sand Mesh (Factory New)","Souvenir SCAR-20 | Sand Mesh (Minimal Wear)","Souvenir SCAR-20 | Sand Mesh (Field-Tested)","Souvenir SCAR-20 | Sand Mesh (Well-Worn)","Souvenir SCAR-20 | Sand Mesh (Battle-Scarred)","MP9 | Sand Dashed (Factory New)","MP9 | Sand Dashed (Minimal Wear)","MP9 | Sand Dashed (Field-Tested)","MP9 | Sand Dashed (Well-Worn)","MP9 | Sand Dashed (Battle-Scarred)","Souvenir MP9 | Sand Dashed (Factory New)","Souvenir MP9 | Sand Dashed (Minimal Wear)","Souvenir MP9 | Sand Dashed (Field-Tested)","Souvenir MP9 | Sand Dashed (Well-Worn)","Souvenir MP9 | Sand Dashed (Battle-Scarred)","R8 Revolver | Amber Fade (Factory New)","R8 Revolver | Amber Fade (Minimal Wear)","R8 Revolver | Amber Fade (Field-Tested)","R8 Revolver | Amber Fade (Well-Worn)","Souvenir R8 Revolver | Amber Fade (Factory New)","Souvenir R8 Revolver | Amber Fade (Minimal Wear)","Souvenir R8 Revolver | Amber Fade (Field-Tested)","Souvenir R8 Revolver | Amber Fade (Well-Worn)","Sawed-Off | Snake Camo (Factory New)","Sawed-Off | Snake Camo (Minimal Wear)","Sawed-Off | Snake Camo (Field-Tested)","Sawed-Off | Snake Camo (Well-Worn)","Sawed-Off | Snake Camo (Battle-Scarred)","Souvenir Sawed-Off | Snake Camo (Factory New)","Souvenir Sawed-Off | Snake Camo (Minimal Wear)","Souvenir Sawed-Off | Snake Camo (Field-Tested)","Souvenir Sawed-Off | Snake Camo (Well-Worn)","Souvenir Sawed-Off | Snake Camo (Battle-Scarred)","PP-Bizon | Brass (Factory New)","PP-Bizon | Brass (Minimal Wear)","PP-Bizon | Brass (Field-Tested)","PP-Bizon | Brass (Well-Worn)","PP-Bizon | Brass (Battle-Scarred)","Souvenir PP-Bizon | Brass (Factory New)","Souvenir PP-Bizon | Brass (Minimal Wear)","Souvenir PP-Bizon | Brass (Field-Tested)","Souvenir PP-Bizon | Brass (Well-Worn)","Souvenir PP-Bizon | Brass (Battle-Scarred)","AK-47 | Safari Mesh (Factory New)","AK-47 | Safari Mesh (Minimal Wear)","AK-47 | Safari Mesh (Field-Tested)","AK-47 | Safari Mesh (Well-Worn)","AK-47 | Safari Mesh (Battle-Scarred)","Souvenir AK-47 | Safari Mesh (Factory New)","Souvenir AK-47 | Safari Mesh (Minimal Wear)","Souvenir AK-47 | Safari Mesh (Field-Tested)","Souvenir AK-47 | Safari Mesh (Well-Worn)","Souvenir AK-47 | Safari Mesh (Battle-Scarred)","P250 | Sand Dune (Factory New)","P250 | Sand Dune (Minimal Wear)","P250 | Sand Dune (Field-Tested)","P250 | Sand Dune (Well-Worn)","P250 | Sand Dune (Battle-Scarred)","Souvenir P250 | Sand Dune (Factory New)","Souvenir P250 | Sand Dune (Minimal Wear)","Souvenir P250 | Sand Dune (Field-Tested)","Souvenir P250 | Sand Dune (Well-Worn)","Souvenir P250 | Sand Dune (Battle-Scarred)","P90 | Sand Spray (Factory New)","P90 | Sand Spray (Minimal Wear)","P90 | Sand Spray (Field-Tested)","P90 | Sand Spray (Well-Worn)","P90 | Sand Spray (Battle-Scarred)","Souvenir P90 | Sand Spray (Factory New)","Souvenir P90 | Sand Spray (Minimal Wear)","Souvenir P90 | Sand Spray (Field-Tested)","Souvenir P90 | Sand Spray (Well-Worn)","Souvenir P90 | Sand Spray (Battle-Scarred)","Nova | Predator (Factory New)","Nova | Predator (Minimal Wear)","Nova | Predator (Field-Tested)","Nova | Predator (Well-Worn)","Nova | Predator (Battle-Scarred)","Souvenir Nova | Predator (Factory New)","Souvenir Nova | Predator (Minimal Wear)","Souvenir Nova | Predator (Field-Tested)","Souvenir Nova | Predator (Well-Worn)","Souvenir Nova | Predator (Battle-Scarred)","G3SG1 | Desert Storm (Factory New)","G3SG1 | Desert Storm (Minimal Wear)","G3SG1 | Desert Storm (Field-Tested)","G3SG1 | Desert Storm (Well-Worn)","G3SG1 | Desert Storm (Battle-Scarred)","Souvenir G3SG1 | Desert Storm (Factory New)","Souvenir G3SG1 | Desert Storm (Minimal Wear)","Souvenir G3SG1 | Desert Storm (Field-Tested)","Souvenir G3SG1 | Desert Storm (Well-Worn)","Souvenir G3SG1 | Desert Storm (Battle-Scarred)"]}},"MAC-10 | Palm (Factory New)":{"quality":5,"skin":"Palm","weapon":"MAC-10","short":"MAC-10 | Palm","name":"MAC-10 | Palm (Factory New)","src":"https://steamcdn-a.akamaihd.net/apps/730/icons/econ/default_generated/weapon_mac10_sp_palm_light_large.22a3296d079e27cb7bb291e15eff10c29aa89b3e.png","type":"skin","rarity":1,"price":40},"MAC-10 | Palm (Minimal Wear)":{"quality":4,"skin":"Palm","weapon":"MAC-10","short":"MAC-10 | Palm","name":"MAC-10 | Palm (Minimal Wear)","src":"https://steamcdn-a.akamaihd.net/apps/730/icons/econ/default_generated/weapon_mac10_sp_palm_light_large.22a3296d079e27cb7bb291e15eff10c29aa89b3e.png","type":"skin","rarity":1,"price":14},"MAC-10 | Palm (Field-Tested)":{"quality":3,"skin":"Palm","weapon":"MAC-10","short":"MAC-10 | Palm","name":"MAC-10 | Palm (Field-Tested)","src":"https://steamcdn-a.akamaihd.net/apps/730/icons/econ/default_generated/weapon_mac10_sp_palm_light_large.22a3296d079e27cb7bb291e15eff10c29aa89b3e.png","type":"skin","rarity":1,"price":11},"MAC-10 | Palm (Well-Worn)":{"quality":2,"skin":"Palm","weapon":"MAC-10","short":"MAC-10 | Palm","name":"MAC-10 | Palm (Well-Worn)","src":"https://steamcdn-a.akamaihd.net/apps/730/icons/econ/default_generated/weapon_mac10_sp_palm_light_large.22a3296d079e27cb7bb291e15eff10c29aa89b3e.png","type":"skin","rarity":1,"price":9},"MAC-10 | Palm (Battle-Scarred)":{"quality":1,"skin":"Palm","weapon":"MAC-10","short":"MAC-10 | Palm","name":"MAC-10 | Palm (Battle-Scarred)","src":"https://steamcdn-a.akamaihd.net/apps/730/icons/econ/default_generated/weapon_mac10_sp_palm_light_large.22a3296d079e27cb7bb291e15eff10c29aa89b3e.png","type":"skin","rarity":1,"price":9},"Souvenir MAC-10 | Palm (Factory New)":{"souvenir":true,"quality":5,"skin":"Palm","weapon":"MAC-10","short":"MAC-10 | Palm","name":"Souvenir MAC-10 | Palm (Factory New)","src":"https://steamcdn-a.akamaihd.net/apps/730/icons/econ/default_generated/weapon_mac10_sp_palm_light_large.22a3296d079e27cb7bb291e15eff10c29aa89b3e.png","type":"skin","rarity":1,"price":1559},"Souvenir MAC-10 | Palm (Minimal Wear)":{"souvenir":true,"quality":4,"skin":"Palm","weapon":"MAC-10","short":"MAC-10 | Palm","name":"Souvenir MAC-10 | Palm (Minimal Wear)","src":"https://steamcdn-a.akamaihd.net/apps/730/icons/econ/default_generated/weapon_mac10_sp_palm_light_large.22a3296d079e27cb7bb291e15eff10c29aa89b3e.png","type":"skin","rarity":1,"price":174},"Souvenir MAC-10 | Palm (Field-Tested)":{"souvenir":true,"quality":3,"skin":"Palm","weapon":"MAC-10","short":"MAC-10 | Palm","name":"Souvenir MAC-10 | Palm (Field-Tested)","src":"https://steamcdn-a.akamaihd.net/apps/730/icons/econ/default_generated/weapon_mac10_sp_palm_light_large.22a3296d079e27cb7bb291e15eff10c29aa89b3e.png","type":"skin","rarity":1,"price":93},"Souvenir MAC-10 | Palm (Well-Worn)":{"souvenir":true,"quality":2,"skin":"Palm","weapon":"MAC-10","short":"MAC-10 | Palm","name":"Souvenir MAC-10 | Palm (Well-Worn)","src":"https://steamcdn-a.akamaihd.net/apps/730/icons/econ/default_generated/weapon_mac10_sp_palm_light_large.22a3296d079e27cb7bb291e15eff10c29aa89b3e.png","type":"skin","rarity":1,"price":55},"Souvenir MAC-10 | Palm (Battle-Scarred)":{"souvenir":true,"quality":1,"skin":"Palm","weapon":"MAC-10","short":"MAC-10 | Palm","name":"Souvenir MAC-10 | Palm (Battle-Scarred)","src":"https://steamcdn-a.akamaihd.net/apps/730/icons/econ/default_generated/weapon_mac10_sp_palm_light_large.22a3296d079e27cb7bb291e15eff10c29aa89b3e.png","type":"skin","rarity":1,"price":51},"MAC-10 | Palm":{"souvenirAvailable":true,"masterItem":true,"qualities":[5,4,3,2,1],"skin":"Palm","weapon":"MAC-10","short":"MAC-10 | Palm","name":"MAC-10 | Palm","src":"https://steamcdn-a.akamaihd.net/apps/730/icons/econ/default_generated/weapon_mac10_sp_palm_light_large.22a3296d079e27cb7bb291e15eff10c29aa89b3e.png","type":"skin","rarity":1,"price":1559,"minPrice":9},"P2000 | Amber Fade (Factory New)":{"quality":5,"skin":"Amber Fade","weapon":"P2000","short":"P2000 | Amber Fade","name":"P2000 | Amber Fade (Factory New)","src":"https://steamcdn-a.akamaihd.net/apps/730/icons/econ/default_generated/weapon_hkp2000_aa_fade_metallic_light_large.8efd81c9cf483adb6bdf58508800f62d3fc72310.png","type":"skin","rarity":3,"price":1321},"P2000 | Amber Fade (Minimal Wear)":{"quality":4,"skin":"Amber Fade","weapon":"P2000","short":"P2000 | Amber Fade","name":"P2000 | Amber Fade (Minimal Wear)","src":"https://steamcdn-a.akamaihd.net/apps/730/icons/econ/default_generated/weapon_hkp2000_aa_fade_metallic_light_large.8efd81c9cf483adb6bdf58508800f62d3fc72310.png","type":"skin","rarity":3,"price":886},"P2000 | Amber Fade (Field-Tested)":{"quality":3,"skin":"Amber Fade","weapon":"P2000","short":"P2000 | Amber Fade","name":"P2000 | Amber Fade (Field-Tested)","src":"https://steamcdn-a.akamaihd.net/apps/730/icons/econ/default_generated/weapon_hkp2000_aa_fade_metallic_light_large.8efd81c9cf483adb6bdf58508800f62d3fc72310.png","type":"skin","rarity":3,"price":603},"P2000 | Amber Fade (Well-Worn)":{"quality":2,"skin":"Amber Fade","weapon":"P2000","short":"P2000 | Amber Fade","name":"P2000 | Amber Fade (Well-Worn)","src":"https://steamcdn-a.akamaihd.net/apps/730/icons/econ/default_generated/weapon_hkp2000_aa_fade_metallic_light_large.8efd81c9cf483adb6bdf58508800f62d3fc72310.png","type":"skin","rarity":3,"price":532},"Souvenir P2000 | Amber Fade (Factory New)":{"souvenir":true,"quality":5,"skin":"Amber Fade","weapon":"P2000","short":"P2000 | Amber Fade","name":"Souvenir P2000 | Amber Fade (Factory New)","src":"https://steamcdn-a.akamaihd.net/apps/730/icons/econ/default_generated/weapon_hkp2000_aa_fade_metallic_light_large.8efd81c9cf483adb6bdf58508800f62d3fc72310.png","type":"skin","rarity":3,"price":1512},"Souvenir P2000 | Amber Fade (Minimal Wear)":{"souvenir":true,"quality":4,"skin":"Amber Fade","weapon":"P2000","short":"P2000 | Amber Fade","name":"Souvenir P2000 | Amber Fade (Minimal Wear)","src":"https://steamcdn-a.akamaihd.net/apps/730/icons/econ/default_generated/weapon_hkp2000_aa_fade_metallic_light_large.8efd81c9cf483adb6bdf58508800f62d3fc72310.png","type":"skin","rarity":3,"price":773},"Souvenir P2000 | Amber Fade (Field-Tested)":{"souvenir":true,"quality":3,"skin":"Amber Fade","weapon":"P2000","short":"P2000 | Amber Fade","name":"Souvenir P2000 | Amber Fade (Field-Tested)","src":"https://steamcdn-a.akamaihd.net/apps/730/icons/econ/default_generated/weapon_hkp2000_aa_fade_metallic_light_large.8efd81c9cf483adb6bdf58508800f62d3fc72310.png","type":"skin","rarity":3,"price":447},"Souvenir P2000 | Amber Fade (Well-Worn)":{"souvenir":true,"quality":2,"skin":"Amber Fade","weapon":"P2000","short":"P2000 | Amber Fade","name":"Souvenir P2000 | Amber Fade (Well-Worn)","src":"https://steamcdn-a.akamaihd.net/apps/730/icons/econ/default_generated/weapon_hkp2000_aa_fade_metallic_light_large.8efd81c9cf483adb6bdf58508800f62d3fc72310.png","type":"skin","rarity":3,"price":7658},"P2000 | Amber Fade":{"souvenirAvailable":true,"masterItem":true,"qualities":[5,4,3,2],"skin":"Amber Fade","weapon":"P2000","short":"P2000 | Amber Fade","name":"P2000 | Amber Fade","src":"https://steamcdn-a.akamaihd.net/apps/730/icons/econ/default_generated/weapon_hkp2000_aa_fade_metallic_light_large.8efd81c9cf483adb6bdf58508800f62d3fc72310.png","type":"skin","rarity":3,"price":7658,"minPrice":447},"SG 553 | Damascus Steel (Factory New)":{"quality":5,"skin":"Damascus Steel","weapon":"SG 553","short":"SG 553 | Damascus Steel","name":"SG 553 | Damascus Steel (Factory New)","src":"https://steamcdn-a.akamaihd.net/apps/730/icons/econ/default_generated/weapon_sg556_aq_damascus_sg553_light_large.543355687f0396ad10ed2f2705bc242ce5fdfbc5.png","type":"skin","rarity":2,"price":172},"SG 553 | Damascus Steel (Minimal Wear)":{"quality":4,"skin":"Damascus Steel","weapon":"SG 553","short":"SG 553 | Damascus Steel","name":"SG 553 | Damascus Steel (Minimal Wear)","src":"https://steamcdn-a.akamaihd.net/apps/730/icons/econ/default_generated/weapon_sg556_aq_damascus_sg553_light_large.543355687f0396ad10ed2f2705bc242ce5fdfbc5.png","type":"skin","rarity":2,"price":137},"SG 553 | Damascus Steel (Field-Tested)":{"quality":3,"skin":"Damascus Steel","weapon":"SG 553","short":"SG 553 | Damascus Steel","name":"SG 553 | Damascus Steel (Field-Tested)","src":"https://steamcdn-a.akamaihd.net/apps/730/icons/econ/default_generated/weapon_sg556_aq_damascus_sg553_light_large.543355687f0396ad10ed2f2705bc242ce5fdfbc5.png","type":"skin","rarity":2,"price":104},"SG 553 | Damascus Steel (Well-Worn)":{"quality":2,"skin":"Damascus Steel","weapon":"SG 553","short":"SG 553 | Damascus Steel","name":"SG 553 | Damascus Steel (Well-Worn)","src":"https://steamcdn-a.akamaihd.net/apps/730/icons/econ/default_generated/weapon_sg556_aq_damascus_sg553_light_large.543355687f0396ad10ed2f2705bc242ce5fdfbc5.png","type":"skin","rarity":2,"price":88},"SG 553 | Damascus Steel (Battle-Scarred)":{"quality":1,"skin":"Damascus Steel","weapon":"SG 553","short":"SG 553 | Damascus Steel","name":"SG 553 | Damascus Steel (Battle-Scarred)","src":"https://steamcdn-a.akamaihd.net/apps/730/icons/econ/default_generated/weapon_sg556_aq_damascus_sg553_light_large.543355687f0396ad10ed2f2705bc242ce5fdfbc5.png","type":"skin","rarity":2,"price":72},"Souvenir SG 553 | Damascus Steel (Factory New)":{"souvenir":true,"quality":5,"skin":"Damascus Steel","weapon":"SG 553","short":"SG 553 | Damascus Steel","name":"Souvenir SG 553 | Damascus Steel (Factory New)","src":"https://steamcdn-a.akamaihd.net/apps/730/icons/econ/default_generated/weapon_sg556_aq_damascus_sg553_light_large.543355687f0396ad10ed2f2705bc242ce5fdfbc5.png","type":"skin","rarity":2,"price":24220},"Souvenir SG 553 | Damascus Steel (Minimal Wear)":{"souvenir":true,"quality":4,"skin":"Damascus Steel","weapon":"SG 553","short":"SG 553 | Damascus Steel","name":"Souvenir SG 553 | Damascus Steel (Minimal Wear)","src":"https://steamcdn-a.akamaihd.net/apps/730/icons/econ/default_generated/weapon_sg556_aq_damascus_sg553_light_large.543355687f0396ad10ed2f2705bc242ce5fdfbc5.png","type":"skin","rarity":2,"price":859},"Souvenir SG 553 | Damascus Steel (Field-Tested)":{"souvenir":true,"quality":3,"skin":"Damascus Steel","weapon":"SG 553","short":"SG 553 | Damascus Steel","name":"Souvenir SG 553 | Damascus Steel (Field-Tested)","src":"https://steamcdn-a.akamaihd.net/apps/730/icons/econ/default_generated/weapon_sg556_aq_damascus_sg553_light_large.543355687f0396ad10ed2f2705bc242ce5fdfbc5.png","type":"skin","rarity":2,"price":399},"Souvenir SG 553 | Damascus Steel (Well-Worn)":{"souvenir":true,"quality":2,"skin":"Damascus Steel","weapon":"SG 553","short":"SG 553 | Damascus Steel","name":"Souvenir SG 553 | Damascus Steel (Well-Worn)","src":"https://steamcdn-a.akamaihd.net/apps/730/icons/econ/default_generated/weapon_sg556_aq_damascus_sg553_light_large.543355687f0396ad10ed2f2705bc242ce5fdfbc5.png","type":"skin","rarity":2,"price":346},"Souvenir SG 553 | Damascus Steel (Battle-Scarred)":{"souvenir":true,"quality":1,"skin":"Damascus Steel","weapon":"SG 553","short":"SG 553 | Damascus Steel","name":"Souvenir SG 553 | Damascus Steel (Battle-Scarred)","src":"https://steamcdn-a.akamaihd.net/apps/730/icons/econ/default_generated/weapon_sg556_aq_damascus_sg553_light_large.543355687f0396ad10ed2f2705bc242ce5fdfbc5.png","type":"skin","rarity":2,"price":294},"SG 553 | Damascus Steel":{"souvenirAvailable":true,"masterItem":true,"qualities":[5,4,3,2,1],"skin":"Damascus Steel","weapon":"SG 553","short":"SG 553 | Damascus Steel","name":"SG 553 | Damascus Steel","src":"https://steamcdn-a.akamaihd.net/apps/730/icons/econ/default_generated/weapon_sg556_aq_damascus_sg553_light_large.543355687f0396ad10ed2f2705bc242ce5fdfbc5.png","type":"skin","rarity":2,"price":24220,"minPrice":72},"M4A1-S | VariCamo (Factory New)":{"quality":5,"skin":"VariCamo","weapon":"M4A1-S","short":"M4A1-S | VariCamo","name":"M4A1-S | VariCamo (Factory New)","src":"https://steamcdn-a.akamaihd.net/apps/730/icons/econ/default_generated/weapon_m4a1_silencer_hy_varicamo_light_large.794803daec1d6d6cd2c47d8e8520d9f5f0b1fc1b.png","type":"skin","rarity":2,"price":181},"M4A1-S | VariCamo (Minimal Wear)":{"quality":4,"skin":"VariCamo","weapon":"M4A1-S","short":"M4A1-S | VariCamo","name":"M4A1-S | VariCamo (Minimal Wear)","src":"https://steamcdn-a.akamaihd.net/apps/730/icons/econ/default_generated/weapon_m4a1_silencer_hy_varicamo_light_large.794803daec1d6d6cd2c47d8e8520d9f5f0b1fc1b.png","type":"skin","rarity":2,"price":143},"M4A1-S | VariCamo (Field-Tested)":{"quality":3,"skin":"VariCamo","weapon":"M4A1-S","short":"M4A1-S | VariCamo","name":"M4A1-S | VariCamo (Field-Tested)","src":"https://steamcdn-a.akamaihd.net/apps/730/icons/econ/default_generated/weapon_m4a1_silencer_hy_varicamo_light_large.794803daec1d6d6cd2c47d8e8520d9f5f0b1fc1b.png","type":"skin","rarity":2,"price":105},"M4A1-S | VariCamo (Well-Worn)":{"quality":2,"skin":"VariCamo","weapon":"M4A1-S","short":"M4A1-S | VariCamo","name":"M4A1-S | VariCamo (Well-Worn)","src":"https://steamcdn-a.akamaihd.net/apps/730/icons/econ/default_generated/weapon_m4a1_silencer_hy_varicamo_light_large.794803daec1d6d6cd2c47d8e8520d9f5f0b1fc1b.png","type":"skin","rarity":2,"price":101},"M4A1-S | VariCamo (Battle-Scarred)":{"quality":1,"skin":"VariCamo","weapon":"M4A1-S","short":"M4A1-S | VariCamo","name":"M4A1-S | VariCamo (Battle-Scarred)","src":"https://steamcdn-a.akamaihd.net/apps/730/icons/econ/default_generated/weapon_m4a1_silencer_hy_varicamo_light_large.794803daec1d6d6cd2c47d8e8520d9f5f0b1fc1b.png","type":"skin","rarity":2,"price":75},"Souvenir M4A1-S | VariCamo (Factory New)":{"souvenir":true,"quality":5,"skin":"VariCamo","weapon":"M4A1-S","short":"M4A1-S | VariCamo","name":"Souvenir M4A1-S | VariCamo (Factory New)","src":"https://steamcdn-a.akamaihd.net/apps/730/icons/econ/default_generated/weapon_m4a1_silencer_hy_varicamo_light_large.794803daec1d6d6cd2c47d8e8520d9f5f0b1fc1b.png","type":"skin","rarity":2,"price":2636},"Souvenir M4A1-S | VariCamo (Minimal Wear)":{"souvenir":true,"quality":4,"skin":"VariCamo","weapon":"M4A1-S","short":"M4A1-S | VariCamo","name":"Souvenir M4A1-S | VariCamo (Minimal Wear)","src":"https://steamcdn-a.akamaihd.net/apps/730/icons/econ/default_generated/weapon_m4a1_silencer_hy_varicamo_light_large.794803daec1d6d6cd2c47d8e8520d9f5f0b1fc1b.png","type":"skin","rarity":2,"price":1928},"Souvenir M4A1-S | VariCamo (Field-Tested)":{"souvenir":true,"quality":3,"skin":"VariCamo","weapon":"M4A1-S","short":"M4A1-S | VariCamo","name":"Souvenir M4A1-S | VariCamo (Field-Tested)","src":"https://steamcdn-a.akamaihd.net/apps/730/icons/econ/default_generated/weapon_m4a1_silencer_hy_varicamo_light_large.794803daec1d6d6cd2c47d8e8520d9f5f0b1fc1b.png","type":"skin","rarity":2,"price":1260},"Souvenir M4A1-S | VariCamo (Well-Worn)":{"souvenir":true,"quality":2,"skin":"VariCamo","weapon":"M4A1-S","short":"M4A1-S | VariCamo","name":"Souvenir M4A1-S | VariCamo (Well-Worn)","src":"https://steamcdn-a.akamaihd.net/apps/730/icons/econ/default_generated/weapon_m4a1_silencer_hy_varicamo_light_large.794803daec1d6d6cd2c47d8e8520d9f5f0b1fc1b.png","type":"skin","rarity":2,"price":1396},"Souvenir M4A1-S | VariCamo (Battle-Scarred)":{"souvenir":true,"quality":1,"skin":"VariCamo","weapon":"M4A1-S","short":"M4A1-S | VariCamo","name":"Souvenir M4A1-S | VariCamo (Battle-Scarred)","src":"https://steamcdn-a.akamaihd.net/apps/730/icons/econ/default_generated/weapon_m4a1_silencer_hy_varicamo_light_large.794803daec1d6d6cd2c47d8e8520d9f5f0b1fc1b.png","type":"skin","rarity":2,"price":1209},"M4A1-S | VariCamo":{"souvenirAvailable":true,"masterItem":true,"qualities":[5,4,3,2,1],"skin":"VariCamo","weapon":"M4A1-S","short":"M4A1-S | VariCamo","name":"M4A1-S | VariCamo","src":"https://steamcdn-a.akamaihd.net/apps/730/icons/econ/default_generated/weapon_m4a1_silencer_hy_varicamo_light_large.794803daec1d6d6cd2c47d8e8520d9f5f0b1fc1b.png","type":"skin","rarity":2,"price":2636,"minPrice":75},"Tec-9 | VariCamo (Factory New)":{"quality":5,"skin":"VariCamo","weapon":"Tec-9","short":"Tec-9 | VariCamo","name":"Tec-9 | VariCamo (Factory New)","src":"https://steamcdn-a.akamaihd.net/apps/730/icons/econ/default_generated/weapon_tec9_hy_varicamo_light_large.8a863390cd0fc243c3697c3d551139d3553fde03.png","type":"skin","rarity":1,"price":18},"Tec-9 | VariCamo (Minimal Wear)":{"quality":4,"skin":"VariCamo","weapon":"Tec-9","short":"Tec-9 | VariCamo","name":"Tec-9 | VariCamo (Minimal Wear)","src":"https://steamcdn-a.akamaihd.net/apps/730/icons/econ/default_generated/weapon_tec9_hy_varicamo_light_large.8a863390cd0fc243c3697c3d551139d3553fde03.png","type":"skin","rarity":1,"price":14},"Tec-9 | VariCamo (Field-Tested)":{"quality":3,"skin":"VariCamo","weapon":"Tec-9","short":"Tec-9 | VariCamo","name":"Tec-9 | VariCamo (Field-Tested)","src":"https://steamcdn-a.akamaihd.net/apps/730/icons/econ/default_generated/weapon_tec9_hy_varicamo_light_large.8a863390cd0fc243c3697c3d551139d3553fde03.png","type":"skin","rarity":1,"price":11},"Tec-9 | VariCamo (Well-Worn)":{"quality":2,"skin":"VariCamo","weapon":"Tec-9","short":"Tec-9 | VariCamo","name":"Tec-9 | VariCamo (Well-Worn)","src":"https://steamcdn-a.akamaihd.net/apps/730/icons/econ/default_generated/weapon_tec9_hy_varicamo_light_large.8a863390cd0fc243c3697c3d551139d3553fde03.png","type":"skin","rarity":1,"price":9},"Tec-9 | VariCamo (Battle-Scarred)":{"quality":1,"skin":"VariCamo","weapon":"Tec-9","short":"Tec-9 | VariCamo","name":"Tec-9 | VariCamo (Battle-Scarred)","src":"https://steamcdn-a.akamaihd.net/apps/730/icons/econ/default_generated/weapon_tec9_hy_varicamo_light_large.8a863390cd0fc243c3697c3d551139d3553fde03.png","type":"skin","rarity":1,"price":9},"Souvenir Tec-9 | VariCamo (Factory New)":{"souvenir":true,"quality":5,"skin":"VariCamo","weapon":"Tec-9","short":"Tec-9 | VariCamo","name":"Souvenir Tec-9 | VariCamo (Factory New)","src":"https://steamcdn-a.akamaihd.net/apps/730/icons/econ/default_generated/weapon_tec9_hy_varicamo_light_large.8a863390cd0fc243c3697c3d551139d3553fde03.png","type":"skin","rarity":1,"price":326},"Souvenir Tec-9 | VariCamo (Minimal Wear)":{"souvenir":true,"quality":4,"skin":"VariCamo","weapon":"Tec-9","short":"Tec-9 | VariCamo","name":"Souvenir Tec-9 | VariCamo (Minimal Wear)","src":"https://steamcdn-a.akamaihd.net/apps/730/icons/econ/default_generated/weapon_tec9_hy_varicamo_light_large.8a863390cd0fc243c3697c3d551139d3553fde03.png","type":"skin","rarity":1,"price":145},"Souvenir Tec-9 | VariCamo (Field-Tested)":{"souvenir":true,"quality":3,"skin":"VariCamo","weapon":"Tec-9","short":"Tec-9 | VariCamo","name":"Souvenir Tec-9 | VariCamo (Field-Tested)","src":"https://steamcdn-a.akamaihd.net/apps/730/icons/econ/default_generated/weapon_tec9_hy_varicamo_light_large.8a863390cd0fc243c3697c3d551139d3553fde03.png","type":"skin","rarity":1,"price":97},"Souvenir Tec-9 | VariCamo (Well-Worn)":{"souvenir":true,"quality":2,"skin":"VariCamo","weapon":"Tec-9","short":"Tec-9 | VariCamo","name":"Souvenir Tec-9 | VariCamo (Well-Worn)","src":"https://steamcdn-a.akamaihd.net/apps/730/icons/econ/default_generated/weapon_tec9_hy_varicamo_light_large.8a863390cd0fc243c3697c3d551139d3553fde03.png","type":"skin","rarity":1,"price":192},"Souvenir Tec-9 | VariCamo (Battle-Scarred)":{"souvenir":true,"quality":1,"skin":"VariCamo","weapon":"Tec-9","short":"Tec-9 | VariCamo","name":"Souvenir Tec-9 | VariCamo (Battle-Scarred)","src":"https://steamcdn-a.akamaihd.net/apps/730/icons/econ/default_generated/weapon_tec9_hy_varicamo_light_large.8a863390cd0fc243c3697c3d551139d3553fde03.png","type":"skin","rarity":1,"price":110},"Tec-9 | VariCamo":{"souvenirAvailable":true,"masterItem":true,"qualities":[5,4,3,2,1],"skin":"VariCamo","weapon":"Tec-9","short":"Tec-9 | VariCamo","name":"Tec-9 | VariCamo","src":"https://steamcdn-a.akamaihd.net/apps/730/icons/econ/default_generated/weapon_tec9_hy_varicamo_light_large.8a863390cd0fc243c3697c3d551139d3553fde03.png","type":"skin","rarity":1,"price":326,"minPrice":9},"Five-SeveN | Orange Peel (Factory New)":{"quality":5,"skin":"Orange Peel","weapon":"Five-SeveN","short":"Five-SeveN | Orange Peel","name":"Five-SeveN | Orange Peel (Factory New)","src":"https://steamcdn-a.akamaihd.net/apps/730/icons/econ/default_generated/weapon_fiveseven_sp_tape_orange_light_large.d784ec0c92136e9f3f33ca09444ff4fe6a1f5300.png","type":"skin","rarity":1,"price":35},"Five-SeveN | Orange Peel (Minimal Wear)":{"quality":4,"skin":"Orange Peel","weapon":"Five-SeveN","short":"Five-SeveN | Orange Peel","name":"Five-SeveN | Orange Peel (Minimal Wear)","src":"https://steamcdn-a.akamaihd.net/apps/730/icons/econ/default_generated/weapon_fiveseven_sp_tape_orange_light_large.d784ec0c92136e9f3f33ca09444ff4fe6a1f5300.png","type":"skin","rarity":1,"price":13},"Five-SeveN | Orange Peel (Field-Tested)":{"quality":3,"skin":"Orange Peel","weapon":"Five-SeveN","short":"Five-SeveN | Orange Peel","name":"Five-SeveN | Orange Peel (Field-Tested)","src":"https://steamcdn-a.akamaihd.net/apps/730/icons/econ/default_generated/weapon_fiveseven_sp_tape_orange_light_large.d784ec0c92136e9f3f33ca09444ff4fe6a1f5300.png","type":"skin","rarity":1,"price":10},"Five-SeveN | Orange Peel (Well-Worn)":{"quality":2,"skin":"Orange Peel","weapon":"Five-SeveN","short":"Five-SeveN | Orange Peel","name":"Five-SeveN | Orange Peel (Well-Worn)","src":"https://steamcdn-a.akamaihd.net/apps/730/icons/econ/default_generated/weapon_fiveseven_sp_tape_orange_light_large.d784ec0c92136e9f3f33ca09444ff4fe6a1f5300.png","type":"skin","rarity":1,"price":9},"Five-SeveN | Orange Peel (Battle-Scarred)":{"quality":1,"skin":"Orange Peel","weapon":"Five-SeveN","short":"Five-SeveN | Orange Peel","name":"Five-SeveN | Orange Peel (Battle-Scarred)","src":"https://steamcdn-a.akamaihd.net/apps/730/icons/econ/default_generated/weapon_fiveseven_sp_tape_orange_light_large.d784ec0c92136e9f3f33ca09444ff4fe6a1f5300.png","type":"skin","rarity":1,"price":9},"Souvenir Five-SeveN | Orange Peel (Factory New)":{"souvenir":true,"quality":5,"skin":"Orange Peel","weapon":"Five-SeveN","short":"Five-SeveN | Orange Peel","name":"Souvenir Five-SeveN | Orange Peel (Factory New)","src":"https://steamcdn-a.akamaihd.net/apps/730/icons/econ/default_generated/weapon_fiveseven_sp_tape_orange_light_large.d784ec0c92136e9f3f33ca09444ff4fe6a1f5300.png","type":"skin","rarity":1,"price":1361},"Souvenir Five-SeveN | Orange Peel (Minimal Wear)":{"souvenir":true,"quality":4,"skin":"Orange Peel","weapon":"Five-SeveN","short":"Five-SeveN | Orange Peel","name":"Souvenir Five-SeveN | Orange Peel (Minimal Wear)","src":"https://steamcdn-a.akamaihd.net/apps/730/icons/econ/default_generated/weapon_fiveseven_sp_tape_orange_light_large.d784ec0c92136e9f3f33ca09444ff4fe6a1f5300.png","type":"skin","rarity":1,"price":161},"Souvenir Five-SeveN | Orange Peel (Field-Tested)":{"souvenir":true,"quality":3,"skin":"Orange Peel","weapon":"Five-SeveN","short":"Five-SeveN | Orange Peel","name":"Souvenir Five-SeveN | Orange Peel (Field-Tested)","src":"https://steamcdn-a.akamaihd.net/apps/730/icons/econ/default_generated/weapon_fiveseven_sp_tape_orange_light_large.d784ec0c92136e9f3f33ca09444ff4fe6a1f5300.png","type":"skin","rarity":1,"price":47},"Souvenir Five-SeveN | Orange Peel (Well-Worn)":{"souvenir":true,"quality":2,"skin":"Orange Peel","weapon":"Five-SeveN","short":"Five-SeveN | Orange Peel","name":"Souvenir Five-SeveN | Orange Peel (Well-Worn)","src":"https://steamcdn-a.akamaihd.net/apps/730/icons/econ/default_generated/weapon_fiveseven_sp_tape_orange_light_large.d784ec0c92136e9f3f33ca09444ff4fe6a1f5300.png","type":"skin","rarity":1,"price":80},"Souvenir Five-SeveN | Orange Peel (Battle-Scarred)":{"souvenir":true,"quality":1,"skin":"Orange Peel","weapon":"Five-SeveN","short":"Five-SeveN | Orange Peel","name":"Souvenir Five-SeveN | Orange Peel (Battle-Scarred)","src":"https://steamcdn-a.akamaihd.net/apps/730/icons/econ/default_generated/weapon_fiveseven_sp_tape_orange_light_large.d784ec0c92136e9f3f33ca09444ff4fe6a1f5300.png","type":"skin","rarity":1,"price":41},"Five-SeveN | Orange Peel":{"souvenirAvailable":true,"masterItem":true,"qualities":[5,4,3,2,1],"skin":"Orange Peel","weapon":"Five-SeveN","short":"Five-SeveN | Orange Peel","name":"Five-SeveN | Orange Peel","src":"https://steamcdn-a.akamaihd.net/apps/730/icons/econ/default_generated/weapon_fiveseven_sp_tape_orange_light_large.d784ec0c92136e9f3f33ca09444ff4fe6a1f5300.png","type":"skin","rarity":1,"price":1361,"minPrice":9},"SCAR-20 | Sand Mesh (Factory New)":{"quality":5,"skin":"Sand Mesh","weapon":"SCAR-20","short":"SCAR-20 | Sand Mesh","name":"SCAR-20 | Sand Mesh (Factory New)","src":"https://steamcdn-a.akamaihd.net/apps/730/icons/econ/default_generated/weapon_scar20_sp_mesh_sand_light_large.880aed82e5ba9c8c9d4a7ebb88e5a51491ce2d59.png","type":"skin","rarity":0,"price":14},"SCAR-20 | Sand Mesh (Minimal Wear)":{"quality":4,"skin":"Sand Mesh","weapon":"SCAR-20","short":"SCAR-20 | Sand Mesh","name":"SCAR-20 | Sand Mesh (Minimal Wear)","src":"https://steamcdn-a.akamaihd.net/apps/730/icons/econ/default_generated/weapon_scar20_sp_mesh_sand_light_large.880aed82e5ba9c8c9d4a7ebb88e5a51491ce2d59.png","type":"skin","rarity":0,"price":3},"SCAR-20 | Sand Mesh (Field-Tested)":{"quality":3,"skin":"Sand Mesh","weapon":"SCAR-20","short":"SCAR-20 | Sand Mesh","name":"SCAR-20 | Sand Mesh (Field-Tested)","src":"https://steamcdn-a.akamaihd.net/apps/730/icons/econ/default_generated/weapon_scar20_sp_mesh_sand_light_large.880aed82e5ba9c8c9d4a7ebb88e5a51491ce2d59.png","type":"skin","rarity":0,"price":3},"SCAR-20 | Sand Mesh (Well-Worn)":{"quality":2,"skin":"Sand Mesh","weapon":"SCAR-20","short":"SCAR-20 | Sand Mesh","name":"SCAR-20 | Sand Mesh (Well-Worn)","src":"https://steamcdn-a.akamaihd.net/apps/730/icons/econ/default_generated/weapon_scar20_sp_mesh_sand_light_large.880aed82e5ba9c8c9d4a7ebb88e5a51491ce2d59.png","type":"skin","rarity":0,"price":3},"SCAR-20 | Sand Mesh (Battle-Scarred)":{"quality":1,"skin":"Sand Mesh","weapon":"SCAR-20","short":"SCAR-20 | Sand Mesh","name":"SCAR-20 | Sand Mesh (Battle-Scarred)","src":"https://steamcdn-a.akamaihd.net/apps/730/icons/econ/default_generated/weapon_scar20_sp_mesh_sand_light_large.880aed82e5ba9c8c9d4a7ebb88e5a51491ce2d59.png","type":"skin","rarity":0,"price":3},"Souvenir SCAR-20 | Sand Mesh (Factory New)":{"souvenir":true,"quality":5,"skin":"Sand Mesh","weapon":"SCAR-20","short":"SCAR-20 | Sand Mesh","name":"Souvenir SCAR-20 | Sand Mesh (Factory New)","src":"https://steamcdn-a.akamaihd.net/apps/730/icons/econ/default_generated/weapon_scar20_sp_mesh_sand_light_large.880aed82e5ba9c8c9d4a7ebb88e5a51491ce2d59.png","type":"skin","rarity":0,"price":512},"Souvenir SCAR-20 | Sand Mesh (Minimal Wear)":{"souvenir":true,"quality":4,"skin":"Sand Mesh","weapon":"SCAR-20","short":"SCAR-20 | Sand Mesh","name":"Souvenir SCAR-20 | Sand Mesh (Minimal Wear)","src":"https://steamcdn-a.akamaihd.net/apps/730/icons/econ/default_generated/weapon_scar20_sp_mesh_sand_light_large.880aed82e5ba9c8c9d4a7ebb88e5a51491ce2d59.png","type":"skin","rarity":0,"price":29},"Souvenir SCAR-20 | Sand Mesh (Field-Tested)":{"souvenir":true,"quality":3,"skin":"Sand Mesh","weapon":"SCAR-20","short":"SCAR-20 | Sand Mesh","name":"Souvenir SCAR-20 | Sand Mesh (Field-Tested)","src":"https://steamcdn-a.akamaihd.net/apps/730/icons/econ/default_generated/weapon_scar20_sp_mesh_sand_light_large.880aed82e5ba9c8c9d4a7ebb88e5a51491ce2d59.png","type":"skin","rarity":0,"price":16},"Souvenir SCAR-20 | Sand Mesh (Well-Worn)":{"souvenir":true,"quality":2,"skin":"Sand Mesh","weapon":"SCAR-20","short":"SCAR-20 | Sand Mesh","name":"Souvenir SCAR-20 | Sand Mesh (Well-Worn)","src":"https://steamcdn-a.akamaihd.net/apps/730/icons/econ/default_generated/weapon_scar20_sp_mesh_sand_light_large.880aed82e5ba9c8c9d4a7ebb88e5a51491ce2d59.png","type":"skin","rarity":0,"price":21},"Souvenir SCAR-20 | Sand Mesh (Battle-Scarred)":{"souvenir":true,"quality":1,"skin":"Sand Mesh","weapon":"SCAR-20","short":"SCAR-20 | Sand Mesh","name":"Souvenir SCAR-20 | Sand Mesh (Battle-Scarred)","src":"https://steamcdn-a.akamaihd.net/apps/730/icons/econ/default_generated/weapon_scar20_sp_mesh_sand_light_large.880aed82e5ba9c8c9d4a7ebb88e5a51491ce2d59.png","type":"skin","rarity":0,"price":18},"SCAR-20 | Sand Mesh":{"souvenirAvailable":true,"masterItem":true,"qualities":[5,4,3,2,1],"skin":"Sand Mesh","weapon":"SCAR-20","short":"SCAR-20 | Sand Mesh","name":"SCAR-20 | Sand Mesh","src":"https://steamcdn-a.akamaihd.net/apps/730/icons/econ/default_generated/weapon_scar20_sp_mesh_sand_light_large.880aed82e5ba9c8c9d4a7ebb88e5a51491ce2d59.png","type":"skin","rarity":0,"price":512,"minPrice":3},"MP9 | Sand Dashed (Factory New)":{"quality":5,"skin":"Sand Dashed","weapon":"MP9","short":"MP9 | Sand Dashed","name":"MP9 | Sand Dashed (Factory New)","src":"https://steamcdn-a.akamaihd.net/apps/730/icons/econ/default_generated/weapon_mp9_sp_tape_short_sand_light_large.893d0bacf03750448cef4be1f649591b9622907e.png","type":"skin","rarity":0,"price":14},"MP9 | Sand Dashed (Minimal Wear)":{"quality":4,"skin":"Sand Dashed","weapon":"MP9","short":"MP9 | Sand Dashed","name":"MP9 | Sand Dashed (Minimal Wear)","src":"https://steamcdn-a.akamaihd.net/apps/730/icons/econ/default_generated/weapon_mp9_sp_tape_short_sand_light_large.893d0bacf03750448cef4be1f649591b9622907e.png","type":"skin","rarity":0,"price":3},"MP9 | Sand Dashed (Field-Tested)":{"quality":3,"skin":"Sand Dashed","weapon":"MP9","short":"MP9 | Sand Dashed","name":"MP9 | Sand Dashed (Field-Tested)","src":"https://steamcdn-a.akamaihd.net/apps/730/icons/econ/default_generated/weapon_mp9_sp_tape_short_sand_light_large.893d0bacf03750448cef4be1f649591b9622907e.png","type":"skin","rarity":0,"price":3},"MP9 | Sand Dashed (Well-Worn)":{"quality":2,"skin":"Sand Dashed","weapon":"MP9","short":"MP9 | Sand Dashed","name":"MP9 | Sand Dashed (Well-Worn)","src":"https://steamcdn-a.akamaihd.net/apps/730/icons/econ/default_generated/weapon_mp9_sp_tape_short_sand_light_large.893d0bacf03750448cef4be1f649591b9622907e.png","type":"skin","rarity":0,"price":3},"MP9 | Sand Dashed (Battle-Scarred)":{"quality":1,"skin":"Sand Dashed","weapon":"MP9","short":"MP9 | Sand Dashed","name":"MP9 | Sand Dashed (Battle-Scarred)","src":"https://steamcdn-a.akamaihd.net/apps/730/icons/econ/default_generated/weapon_mp9_sp_tape_short_sand_light_large.893d0bacf03750448cef4be1f649591b9622907e.png","type":"skin","rarity":0,"price":3},"Souvenir MP9 | Sand Dashed (Factory New)":{"souvenir":true,"quality":5,"skin":"Sand Dashed","weapon":"MP9","short":"MP9 | Sand Dashed","name":"Souvenir MP9 | Sand Dashed (Factory New)","src":"https://steamcdn-a.akamaihd.net/apps/730/icons/econ/default_generated/weapon_mp9_sp_tape_short_sand_light_large.893d0bacf03750448cef4be1f649591b9622907e.png","type":"skin","rarity":0,"price":557},"Souvenir MP9 | Sand Dashed (Minimal Wear)":{"souvenir":true,"quality":4,"skin":"Sand Dashed","weapon":"MP9","short":"MP9 | Sand Dashed","name":"Souvenir MP9 | Sand Dashed (Minimal Wear)","src":"https://steamcdn-a.akamaihd.net/apps/730/icons/econ/default_generated/weapon_mp9_sp_tape_short_sand_light_large.893d0bacf03750448cef4be1f649591b9622907e.png","type":"skin","rarity":0,"price":53},"Souvenir MP9 | Sand Dashed (Field-Tested)":{"souvenir":true,"quality":3,"skin":"Sand Dashed","weapon":"MP9","short":"MP9 | Sand Dashed","name":"Souvenir MP9 | Sand Dashed (Field-Tested)","src":"https://steamcdn-a.akamaihd.net/apps/730/icons/econ/default_generated/weapon_mp9_sp_tape_short_sand_light_large.893d0bacf03750448cef4be1f649591b9622907e.png","type":"skin","rarity":0,"price":13},"Souvenir MP9 | Sand Dashed (Well-Worn)":{"souvenir":true,"quality":2,"skin":"Sand Dashed","weapon":"MP9","short":"MP9 | Sand Dashed","name":"Souvenir MP9 | Sand Dashed (Well-Worn)","src":"https://steamcdn-a.akamaihd.net/apps/730/icons/econ/default_generated/weapon_mp9_sp_tape_short_sand_light_large.893d0bacf03750448cef4be1f649591b9622907e.png","type":"skin","rarity":0,"price":31},"Souvenir MP9 | Sand Dashed (Battle-Scarred)":{"souvenir":true,"quality":1,"skin":"Sand Dashed","weapon":"MP9","short":"MP9 | Sand Dashed","name":"Souvenir MP9 | Sand Dashed (Battle-Scarred)","src":"https://steamcdn-a.akamaihd.net/apps/730/icons/econ/default_generated/weapon_mp9_sp_tape_short_sand_light_large.893d0bacf03750448cef4be1f649591b9622907e.png","type":"skin","rarity":0,"price":21},"MP9 | Sand Dashed":{"souvenirAvailable":true,"masterItem":true,"qualities":[5,4,3,2,1],"skin":"Sand Dashed","weapon":"MP9","short":"MP9 | Sand Dashed","name":"MP9 | Sand Dashed","src":"https://steamcdn-a.akamaihd.net/apps/730/icons/econ/default_generated/weapon_mp9_sp_tape_short_sand_light_large.893d0bacf03750448cef4be1f649591b9622907e.png","type":"skin","rarity":0,"price":557,"minPrice":3},"R8 Revolver | Amber Fade (Factory New)":{"quality":5,"skin":"Amber Fade","weapon":"R8 Revolver","short":"R8 Revolver | Amber Fade","name":"R8 Revolver | Amber Fade (Factory New)","src":"https://steamcdn-a.akamaihd.net/apps/730/icons/econ/default_generated/weapon_revolver_aa_fade_metallic_revolver_light_large.d56e81f58bb716ac6ca130bd41802bb8962dd0cf.png","type":"skin","rarity":4,"price":71},"R8 Revolver | Amber Fade (Minimal Wear)":{"quality":4,"skin":"Amber Fade","weapon":"R8 Revolver","short":"R8 Revolver | Amber Fade","name":"R8 Revolver | Amber Fade (Minimal Wear)","src":"https://steamcdn-a.akamaihd.net/apps/730/icons/econ/default_generated/weapon_revolver_aa_fade_metallic_revolver_light_large.d56e81f58bb716ac6ca130bd41802bb8962dd0cf.png","type":"skin","rarity":4,"price":68},"R8 Revolver | Amber Fade (Field-Tested)":{"quality":3,"skin":"Amber Fade","weapon":"R8 Revolver","short":"R8 Revolver | Amber Fade","name":"R8 Revolver | Amber Fade (Field-Tested)","src":"https://steamcdn-a.akamaihd.net/apps/730/icons/econ/default_generated/weapon_revolver_aa_fade_metallic_revolver_light_large.d56e81f58bb716ac6ca130bd41802bb8962dd0cf.png","type":"skin","rarity":4,"price":72},"R8 Revolver | Amber Fade (Well-Worn)":{"quality":2,"skin":"Amber Fade","weapon":"R8 Revolver","short":"R8 Revolver | Amber Fade","name":"R8 Revolver | Amber Fade (Well-Worn)","src":"https://steamcdn-a.akamaihd.net/apps/730/icons/econ/default_generated/weapon_revolver_aa_fade_metallic_revolver_light_large.d56e81f58bb716ac6ca130bd41802bb8962dd0cf.png","type":"skin","rarity":4,"price":127},"Souvenir R8 Revolver | Amber Fade (Factory New)":{"souvenir":true,"quality":5,"skin":"Amber Fade","weapon":"R8 Revolver","short":"R8 Revolver | Amber Fade","name":"Souvenir R8 Revolver | Amber Fade (Factory New)","src":"https://steamcdn-a.akamaihd.net/apps/730/icons/econ/default_generated/weapon_revolver_aa_fade_metallic_revolver_light_large.d56e81f58bb716ac6ca130bd41802bb8962dd0cf.png","type":"skin","rarity":4,"price":9224},"Souvenir R8 Revolver | Amber Fade (Minimal Wear)":{"souvenir":true,"quality":4,"skin":"Amber Fade","weapon":"R8 Revolver","short":"R8 Revolver | Amber Fade","name":"Souvenir R8 Revolver | Amber Fade (Minimal Wear)","src":"https://steamcdn-a.akamaihd.net/apps/730/icons/econ/default_generated/weapon_revolver_aa_fade_metallic_revolver_light_large.d56e81f58bb716ac6ca130bd41802bb8962dd0cf.png","type":"skin","rarity":4,"price":7566},"Souvenir R8 Revolver | Amber Fade (Field-Tested)":{"souvenir":true,"quality":3,"skin":"Amber Fade","weapon":"R8 Revolver","short":"R8 Revolver | Amber Fade","name":"Souvenir R8 Revolver | Amber Fade (Field-Tested)","src":"https://steamcdn-a.akamaihd.net/apps/730/icons/econ/default_generated/weapon_revolver_aa_fade_metallic_revolver_light_large.d56e81f58bb716ac6ca130bd41802bb8962dd0cf.png","type":"skin","rarity":4,"price":2092},"Souvenir R8 Revolver | Amber Fade (Well-Worn)":{"souvenir":true,"quality":2,"skin":"Amber Fade","weapon":"R8 Revolver","short":"R8 Revolver | Amber Fade","name":"Souvenir R8 Revolver | Amber Fade (Well-Worn)","src":"https://steamcdn-a.akamaihd.net/apps/730/icons/econ/default_generated/weapon_revolver_aa_fade_metallic_revolver_light_large.d56e81f58bb716ac6ca130bd41802bb8962dd0cf.png","type":"skin","rarity":4,"price":1923},"R8 Revolver | Amber Fade":{"souvenirAvailable":true,"masterItem":true,"qualities":[5,4,3,2],"skin":"Amber Fade","weapon":"R8 Revolver","short":"R8 Revolver | Amber Fade","name":"R8 Revolver | Amber Fade","src":"https://steamcdn-a.akamaihd.net/apps/730/icons/econ/default_generated/weapon_revolver_aa_fade_metallic_revolver_light_large.d56e81f58bb716ac6ca130bd41802bb8962dd0cf.png","type":"skin","rarity":4,"price":9224,"minPrice":68},"Sawed-Off | Snake Camo (Factory New)":{"quality":5,"skin":"Snake Camo","weapon":"Sawed-Off","short":"Sawed-Off | Snake Camo","name":"Sawed-Off | Snake Camo (Factory New)","src":"https://steamcdn-a.akamaihd.net/apps/730/icons/econ/default_generated/weapon_sawedoff_sp_snake_light_large.5e65a350f30aa592de234f631d5d2cd98838fb4e.png","type":"skin","rarity":1,"price":22},"Sawed-Off | Snake Camo (Minimal Wear)":{"quality":4,"skin":"Snake Camo","weapon":"Sawed-Off","short":"Sawed-Off | Snake Camo","name":"Sawed-Off | Snake Camo (Minimal Wear)","src":"https://steamcdn-a.akamaihd.net/apps/730/icons/econ/default_generated/weapon_sawedoff_sp_snake_light_large.5e65a350f30aa592de234f631d5d2cd98838fb4e.png","type":"skin","rarity":1,"price":14},"Sawed-Off | Snake Camo (Field-Tested)":{"quality":3,"skin":"Snake Camo","weapon":"Sawed-Off","short":"Sawed-Off | Snake Camo","name":"Sawed-Off | Snake Camo (Field-Tested)","src":"https://steamcdn-a.akamaihd.net/apps/730/icons/econ/default_generated/weapon_sawedoff_sp_snake_light_large.5e65a350f30aa592de234f631d5d2cd98838fb4e.png","type":"skin","rarity":1,"price":10},"Sawed-Off | Snake Camo (Well-Worn)":{"quality":2,"skin":"Snake Camo","weapon":"Sawed-Off","short":"Sawed-Off | Snake Camo","name":"Sawed-Off | Snake Camo (Well-Worn)","src":"https://steamcdn-a.akamaihd.net/apps/730/icons/econ/default_generated/weapon_sawedoff_sp_snake_light_large.5e65a350f30aa592de234f631d5d2cd98838fb4e.png","type":"skin","rarity":1,"price":9},"Sawed-Off | Snake Camo (Battle-Scarred)":{"quality":1,"skin":"Snake Camo","weapon":"Sawed-Off","short":"Sawed-Off | Snake Camo","name":"Sawed-Off | Snake Camo (Battle-Scarred)","src":"https://steamcdn-a.akamaihd.net/apps/730/icons/econ/default_generated/weapon_sawedoff_sp_snake_light_large.5e65a350f30aa592de234f631d5d2cd98838fb4e.png","type":"skin","rarity":1,"price":9},"Souvenir Sawed-Off | Snake Camo (Factory New)":{"souvenir":true,"quality":5,"skin":"Snake Camo","weapon":"Sawed-Off","short":"Sawed-Off | Snake Camo","name":"Souvenir Sawed-Off | Snake Camo (Factory New)","src":"https://steamcdn-a.akamaihd.net/apps/730/icons/econ/default_generated/weapon_sawedoff_sp_snake_light_large.5e65a350f30aa592de234f631d5d2cd98838fb4e.png","type":"skin","rarity":1,"price":614},"Souvenir Sawed-Off | Snake Camo (Minimal Wear)":{"souvenir":true,"quality":4,"skin":"Snake Camo","weapon":"Sawed-Off","short":"Sawed-Off | Snake Camo","name":"Souvenir Sawed-Off | Snake Camo (Minimal Wear)","src":"https://steamcdn-a.akamaihd.net/apps/730/icons/econ/default_generated/weapon_sawedoff_sp_snake_light_large.5e65a350f30aa592de234f631d5d2cd98838fb4e.png","type":"skin","rarity":1,"price":65},"Souvenir Sawed-Off | Snake Camo (Field-Tested)":{"souvenir":true,"quality":3,"skin":"Snake Camo","weapon":"Sawed-Off","short":"Sawed-Off | Snake Camo","name":"Souvenir Sawed-Off | Snake Camo (Field-Tested)","src":"https://steamcdn-a.akamaihd.net/apps/730/icons/econ/default_generated/weapon_sawedoff_sp_snake_light_large.5e65a350f30aa592de234f631d5d2cd98838fb4e.png","type":"skin","rarity":1,"price":30},"Souvenir Sawed-Off | Snake Camo (Well-Worn)":{"souvenir":true,"quality":2,"skin":"Snake Camo","weapon":"Sawed-Off","short":"Sawed-Off | Snake Camo","name":"Souvenir Sawed-Off | Snake Camo (Well-Worn)","src":"https://steamcdn-a.akamaihd.net/apps/730/icons/econ/default_generated/weapon_sawedoff_sp_snake_light_large.5e65a350f30aa592de234f631d5d2cd98838fb4e.png","type":"skin","rarity":1,"price":33},"Souvenir Sawed-Off | Snake Camo (Battle-Scarred)":{"souvenir":true,"quality":1,"skin":"Snake Camo","weapon":"Sawed-Off","short":"Sawed-Off | Snake Camo","name":"Souvenir Sawed-Off | Snake Camo (Battle-Scarred)","src":"https://steamcdn-a.akamaihd.net/apps/730/icons/econ/default_generated/weapon_sawedoff_sp_snake_light_large.5e65a350f30aa592de234f631d5d2cd98838fb4e.png","type":"skin","rarity":1,"price":32},"Sawed-Off | Snake Camo":{"souvenirAvailable":true,"masterItem":true,"qualities":[5,4,3,2,1],"skin":"Snake Camo","weapon":"Sawed-Off","short":"Sawed-Off | Snake Camo","name":"Sawed-Off | Snake Camo","src":"https://steamcdn-a.akamaihd.net/apps/730/icons/econ/default_generated/weapon_sawedoff_sp_snake_light_large.5e65a350f30aa592de234f631d5d2cd98838fb4e.png","type":"skin","rarity":1,"price":614,"minPrice":9},"PP-Bizon | Brass (Factory New)":{"quality":5,"skin":"Brass","weapon":"PP-Bizon","short":"PP-Bizon | Brass","name":"PP-Bizon | Brass (Factory New)","src":"https://steamcdn-a.akamaihd.net/apps/730/icons/econ/default_generated/weapon_bizon_aq_brass_light_large.afcbbd3e31fd3600ddb45b4a0c48b6350ab761f9.png","type":"skin","rarity":2,"price":217},"PP-Bizon | Brass (Minimal Wear)":{"quality":4,"skin":"Brass","weapon":"PP-Bizon","short":"PP-Bizon | Brass","name":"PP-Bizon | Brass (Minimal Wear)","src":"https://steamcdn-a.akamaihd.net/apps/730/icons/econ/default_generated/weapon_bizon_aq_brass_light_large.afcbbd3e31fd3600ddb45b4a0c48b6350ab761f9.png","type":"skin","rarity":2,"price":138},"PP-Bizon | Brass (Field-Tested)":{"quality":3,"skin":"Brass","weapon":"PP-Bizon","short":"PP-Bizon | Brass","name":"PP-Bizon | Brass (Field-Tested)","src":"https://steamcdn-a.akamaihd.net/apps/730/icons/econ/default_generated/weapon_bizon_aq_brass_light_large.afcbbd3e31fd3600ddb45b4a0c48b6350ab761f9.png","type":"skin","rarity":2,"price":102},"PP-Bizon | Brass (Well-Worn)":{"quality":2,"skin":"Brass","weapon":"PP-Bizon","short":"PP-Bizon | Brass","name":"PP-Bizon | Brass (Well-Worn)","src":"https://steamcdn-a.akamaihd.net/apps/730/icons/econ/default_generated/weapon_bizon_aq_brass_light_large.afcbbd3e31fd3600ddb45b4a0c48b6350ab761f9.png","type":"skin","rarity":2,"price":88},"PP-Bizon | Brass (Battle-Scarred)":{"quality":1,"skin":"Brass","weapon":"PP-Bizon","short":"PP-Bizon | Brass","name":"PP-Bizon | Brass (Battle-Scarred)","src":"https://steamcdn-a.akamaihd.net/apps/730/icons/econ/default_generated/weapon_bizon_aq_brass_light_large.afcbbd3e31fd3600ddb45b4a0c48b6350ab761f9.png","type":"skin","rarity":2,"price":73},"Souvenir PP-Bizon | Brass (Factory New)":{"souvenir":true,"quality":5,"skin":"Brass","weapon":"PP-Bizon","short":"PP-Bizon | Brass","name":"Souvenir PP-Bizon | Brass (Factory New)","src":"https://steamcdn-a.akamaihd.net/apps/730/icons/econ/default_generated/weapon_bizon_aq_brass_light_large.afcbbd3e31fd3600ddb45b4a0c48b6350ab761f9.png","type":"skin","rarity":2,"price":2448},"Souvenir PP-Bizon | Brass (Minimal Wear)":{"souvenir":true,"quality":4,"skin":"Brass","weapon":"PP-Bizon","short":"PP-Bizon | Brass","name":"Souvenir PP-Bizon | Brass (Minimal Wear)","src":"https://steamcdn-a.akamaihd.net/apps/730/icons/econ/default_generated/weapon_bizon_aq_brass_light_large.afcbbd3e31fd3600ddb45b4a0c48b6350ab761f9.png","type":"skin","rarity":2,"price":527},"Souvenir PP-Bizon | Brass (Field-Tested)":{"souvenir":true,"quality":3,"skin":"Brass","weapon":"PP-Bizon","short":"PP-Bizon | Brass","name":"Souvenir PP-Bizon | Brass (Field-Tested)","src":"https://steamcdn-a.akamaihd.net/apps/730/icons/econ/default_generated/weapon_bizon_aq_brass_light_large.afcbbd3e31fd3600ddb45b4a0c48b6350ab761f9.png","type":"skin","rarity":2,"price":290},"Souvenir PP-Bizon | Brass (Well-Worn)":{"souvenir":true,"quality":2,"skin":"Brass","weapon":"PP-Bizon","short":"PP-Bizon | Brass","name":"Souvenir PP-Bizon | Brass (Well-Worn)","src":"https://steamcdn-a.akamaihd.net/apps/730/icons/econ/default_generated/weapon_bizon_aq_brass_light_large.afcbbd3e31fd3600ddb45b4a0c48b6350ab761f9.png","type":"skin","rarity":2,"price":213},"Souvenir PP-Bizon | Brass (Battle-Scarred)":{"souvenir":true,"quality":1,"skin":"Brass","weapon":"PP-Bizon","short":"PP-Bizon | Brass","name":"Souvenir PP-Bizon | Brass (Battle-Scarred)","src":"https://steamcdn-a.akamaihd.net/apps/730/icons/econ/default_generated/weapon_bizon_aq_brass_light_large.afcbbd3e31fd3600ddb45b4a0c48b6350ab761f9.png","type":"skin","rarity":2,"price":191},"PP-Bizon | Brass":{"souvenirAvailable":true,"masterItem":true,"qualities":[5,4,3,2,1],"skin":"Brass","weapon":"PP-Bizon","short":"PP-Bizon | Brass","name":"PP-Bizon | Brass","src":"https://steamcdn-a.akamaihd.net/apps/730/icons/econ/default_generated/weapon_bizon_aq_brass_light_large.afcbbd3e31fd3600ddb45b4a0c48b6350ab761f9.png","type":"skin","rarity":2,"price":2448,"minPrice":73},"AK-47 | Safari Mesh (Factory New)":{"quality":5,"skin":"Safari Mesh","weapon":"AK-47","short":"AK-47 | Safari Mesh","name":"AK-47 | Safari Mesh (Factory New)","src":"https://steamcdn-a.akamaihd.net/apps/730/icons/econ/default_generated/weapon_ak47_sp_mesh_tan_light_large.0372a5d37f473b9cf5e2ee32d2f5d36247f24a3a.png","type":"skin","rarity":1,"price":303},"AK-47 | Safari Mesh (Minimal Wear)":{"quality":4,"skin":"Safari Mesh","weapon":"AK-47","short":"AK-47 | Safari Mesh","name":"AK-47 | Safari Mesh (Minimal Wear)","src":"https://steamcdn-a.akamaihd.net/apps/730/icons/econ/default_generated/weapon_ak47_sp_mesh_tan_light_large.0372a5d37f473b9cf5e2ee32d2f5d36247f24a3a.png","type":"skin","rarity":1,"price":45},"AK-47 | Safari Mesh (Field-Tested)":{"quality":3,"skin":"Safari Mesh","weapon":"AK-47","short":"AK-47 | Safari Mesh","name":"AK-47 | Safari Mesh (Field-Tested)","src":"https://steamcdn-a.akamaihd.net/apps/730/icons/econ/default_generated/weapon_ak47_sp_mesh_tan_light_large.0372a5d37f473b9cf5e2ee32d2f5d36247f24a3a.png","type":"skin","rarity":1,"price":13},"AK-47 | Safari Mesh (Well-Worn)":{"quality":2,"skin":"Safari Mesh","weapon":"AK-47","short":"AK-47 | Safari Mesh","name":"AK-47 | Safari Mesh (Well-Worn)","src":"https://steamcdn-a.akamaihd.net/apps/730/icons/econ/default_generated/weapon_ak47_sp_mesh_tan_light_large.0372a5d37f473b9cf5e2ee32d2f5d36247f24a3a.png","type":"skin","rarity":1,"price":18},"AK-47 | Safari Mesh (Battle-Scarred)":{"quality":1,"skin":"Safari Mesh","weapon":"AK-47","short":"AK-47 | Safari Mesh","name":"AK-47 | Safari Mesh (Battle-Scarred)","src":"https://steamcdn-a.akamaihd.net/apps/730/icons/econ/default_generated/weapon_ak47_sp_mesh_tan_light_large.0372a5d37f473b9cf5e2ee32d2f5d36247f24a3a.png","type":"skin","rarity":1,"price":14},"Souvenir AK-47 | Safari Mesh (Factory New)":{"souvenir":true,"quality":5,"skin":"Safari Mesh","weapon":"AK-47","short":"AK-47 | Safari Mesh","name":"Souvenir AK-47 | Safari Mesh (Factory New)","src":"https://steamcdn-a.akamaihd.net/apps/730/icons/econ/default_generated/weapon_ak47_sp_mesh_tan_light_large.0372a5d37f473b9cf5e2ee32d2f5d36247f24a3a.png","type":"skin","rarity":1,"price":16887},"Souvenir AK-47 | Safari Mesh (Minimal Wear)":{"souvenir":true,"quality":4,"skin":"Safari Mesh","weapon":"AK-47","short":"AK-47 | Safari Mesh","name":"Souvenir AK-47 | Safari Mesh (Minimal Wear)","src":"https://steamcdn-a.akamaihd.net/apps/730/icons/econ/default_generated/weapon_ak47_sp_mesh_tan_light_large.0372a5d37f473b9cf5e2ee32d2f5d36247f24a3a.png","type":"skin","rarity":1,"price":1266},"Souvenir AK-47 | Safari Mesh (Field-Tested)":{"souvenir":true,"quality":3,"skin":"Safari Mesh","weapon":"AK-47","short":"AK-47 | Safari Mesh","name":"Souvenir AK-47 | Safari Mesh (Field-Tested)","src":"https://steamcdn-a.akamaihd.net/apps/730/icons/econ/default_generated/weapon_ak47_sp_mesh_tan_light_large.0372a5d37f473b9cf5e2ee32d2f5d36247f24a3a.png","type":"skin","rarity":1,"price":627},"Souvenir AK-47 | Safari Mesh (Well-Worn)":{"souvenir":true,"quality":2,"skin":"Safari Mesh","weapon":"AK-47","short":"AK-47 | Safari Mesh","name":"Souvenir AK-47 | Safari Mesh (Well-Worn)","src":"https://steamcdn-a.akamaihd.net/apps/730/icons/econ/default_generated/weapon_ak47_sp_mesh_tan_light_large.0372a5d37f473b9cf5e2ee32d2f5d36247f24a3a.png","type":"skin","rarity":1,"price":595},"Souvenir AK-47 | Safari Mesh (Battle-Scarred)":{"souvenir":true,"quality":1,"skin":"Safari Mesh","weapon":"AK-47","short":"AK-47 | Safari Mesh","name":"Souvenir AK-47 | Safari Mesh (Battle-Scarred)","src":"https://steamcdn-a.akamaihd.net/apps/730/icons/econ/default_generated/weapon_ak47_sp_mesh_tan_light_large.0372a5d37f473b9cf5e2ee32d2f5d36247f24a3a.png","type":"skin","rarity":1,"price":671},"AK-47 | Safari Mesh":{"souvenirAvailable":true,"masterItem":true,"qualities":[5,4,3,2,1],"skin":"Safari Mesh","weapon":"AK-47","short":"AK-47 | Safari Mesh","name":"AK-47 | Safari Mesh","src":"https://steamcdn-a.akamaihd.net/apps/730/icons/econ/default_generated/weapon_ak47_sp_mesh_tan_light_large.0372a5d37f473b9cf5e2ee32d2f5d36247f24a3a.png","type":"skin","rarity":1,"price":16887,"minPrice":13},"P250 | Sand Dune (Factory New)":{"quality":5,"skin":"Sand Dune","weapon":"P250","short":"P250 | Sand Dune","name":"P250 | Sand Dune (Factory New)","src":"https://steamcdn-a.akamaihd.net/apps/730/icons/econ/default_generated/weapon_p250_so_sand_light_large.c77b762093b4786e0c070317e6a2121c2e7b4c86.png","type":"skin","rarity":0,"price":31},"P250 | Sand Dune (Minimal Wear)":{"quality":4,"skin":"Sand Dune","weapon":"P250","short":"P250 | Sand Dune","name":"P250 | Sand Dune (Minimal Wear)","src":"https://steamcdn-a.akamaihd.net/apps/730/icons/econ/default_generated/weapon_p250_so_sand_light_large.c77b762093b4786e0c070317e6a2121c2e7b4c86.png","type":"skin","rarity":0,"price":4},"P250 | Sand Dune (Field-Tested)":{"quality":3,"skin":"Sand Dune","weapon":"P250","short":"P250 | Sand Dune","name":"P250 | Sand Dune (Field-Tested)","src":"https://steamcdn-a.akamaihd.net/apps/730/icons/econ/default_generated/weapon_p250_so_sand_light_large.c77b762093b4786e0c070317e6a2121c2e7b4c86.png","type":"skin","rarity":0,"price":3},"P250 | Sand Dune (Well-Worn)":{"quality":2,"skin":"Sand Dune","weapon":"P250","short":"P250 | Sand Dune","name":"P250 | Sand Dune (Well-Worn)","src":"https://steamcdn-a.akamaihd.net/apps/730/icons/econ/default_generated/weapon_p250_so_sand_light_large.c77b762093b4786e0c070317e6a2121c2e7b4c86.png","type":"skin","rarity":0,"price":3},"P250 | Sand Dune (Battle-Scarred)":{"quality":1,"skin":"Sand Dune","weapon":"P250","short":"P250 | Sand Dune","name":"P250 | Sand Dune (Battle-Scarred)","src":"https://steamcdn-a.akamaihd.net/apps/730/icons/econ/default_generated/weapon_p250_so_sand_light_large.c77b762093b4786e0c070317e6a2121c2e7b4c86.png","type":"skin","rarity":0,"price":4},"Souvenir P250 | Sand Dune (Factory New)":{"souvenir":true,"quality":5,"skin":"Sand Dune","weapon":"P250","short":"P250 | Sand Dune","name":"Souvenir P250 | Sand Dune (Factory New)","src":"https://steamcdn-a.akamaihd.net/apps/730/icons/econ/default_generated/weapon_p250_so_sand_light_large.c77b762093b4786e0c070317e6a2121c2e7b4c86.png","type":"skin","rarity":0,"price":2661},"Souvenir P250 | Sand Dune (Minimal Wear)":{"souvenir":true,"quality":4,"skin":"Sand Dune","weapon":"P250","short":"P250 | Sand Dune","name":"Souvenir P250 | Sand Dune (Minimal Wear)","src":"https://steamcdn-a.akamaihd.net/apps/730/icons/econ/default_generated/weapon_p250_so_sand_light_large.c77b762093b4786e0c070317e6a2121c2e7b4c86.png","type":"skin","rarity":0,"price":113},"Souvenir P250 | Sand Dune (Field-Tested)":{"souvenir":true,"quality":3,"skin":"Sand Dune","weapon":"P250","short":"P250 | Sand Dune","name":"Souvenir P250 | Sand Dune (Field-Tested)","src":"https://steamcdn-a.akamaihd.net/apps/730/icons/econ/default_generated/weapon_p250_so_sand_light_large.c77b762093b4786e0c070317e6a2121c2e7b4c86.png","type":"skin","rarity":0,"price":22},"Souvenir P250 | Sand Dune (Well-Worn)":{"souvenir":true,"quality":2,"skin":"Sand Dune","weapon":"P250","short":"P250 | Sand Dune","name":"Souvenir P250 | Sand Dune (Well-Worn)","src":"https://steamcdn-a.akamaihd.net/apps/730/icons/econ/default_generated/weapon_p250_so_sand_light_large.c77b762093b4786e0c070317e6a2121c2e7b4c86.png","type":"skin","rarity":0,"price":37},"Souvenir P250 | Sand Dune (Battle-Scarred)":{"souvenir":true,"quality":1,"skin":"Sand Dune","weapon":"P250","short":"P250 | Sand Dune","name":"Souvenir P250 | Sand Dune (Battle-Scarred)","src":"https://steamcdn-a.akamaihd.net/apps/730/icons/econ/default_generated/weapon_p250_so_sand_light_large.c77b762093b4786e0c070317e6a2121c2e7b4c86.png","type":"skin","rarity":0,"price":62},"P250 | Sand Dune":{"souvenirAvailable":true,"masterItem":true,"qualities":[5,4,3,2,1],"skin":"Sand Dune","weapon":"P250","short":"P250 | Sand Dune","name":"P250 | Sand Dune","src":"https://steamcdn-a.akamaihd.net/apps/730/icons/econ/default_generated/weapon_p250_so_sand_light_large.c77b762093b4786e0c070317e6a2121c2e7b4c86.png","type":"skin","rarity":0,"price":2661,"minPrice":3},"P90 | Sand Spray (Factory New)":{"quality":5,"skin":"Sand Spray","weapon":"P90","short":"P90 | Sand Spray","name":"P90 | Sand Spray (Factory New)","src":"https://steamcdn-a.akamaihd.net/apps/730/icons/econ/default_generated/weapon_p90_sp_spray_sand_light_large.18ac7e644639b8756fa3984055a493c5d7fc8249.png","type":"skin","rarity":0,"price":14},"P90 | Sand Spray (Minimal Wear)":{"quality":4,"skin":"Sand Spray","weapon":"P90","short":"P90 | Sand Spray","name":"P90 | Sand Spray (Minimal Wear)","src":"https://steamcdn-a.akamaihd.net/apps/730/icons/econ/default_generated/weapon_p90_sp_spray_sand_light_large.18ac7e644639b8756fa3984055a493c5d7fc8249.png","type":"skin","rarity":0,"price":3},"P90 | Sand Spray (Field-Tested)":{"quality":3,"skin":"Sand Spray","weapon":"P90","short":"P90 | Sand Spray","name":"P90 | Sand Spray (Field-Tested)","src":"https://steamcdn-a.akamaihd.net/apps/730/icons/econ/default_generated/weapon_p90_sp_spray_sand_light_large.18ac7e644639b8756fa3984055a493c5d7fc8249.png","type":"skin","rarity":0,"price":3},"P90 | Sand Spray (Well-Worn)":{"quality":2,"skin":"Sand Spray","weapon":"P90","short":"P90 | Sand Spray","name":"P90 | Sand Spray (Well-Worn)","src":"https://steamcdn-a.akamaihd.net/apps/730/icons/econ/default_generated/weapon_p90_sp_spray_sand_light_large.18ac7e644639b8756fa3984055a493c5d7fc8249.png","type":"skin","rarity":0,"price":3},"P90 | Sand Spray (Battle-Scarred)":{"quality":1,"skin":"Sand Spray","weapon":"P90","short":"P90 | Sand Spray","name":"P90 | Sand Spray (Battle-Scarred)","src":"https://steamcdn-a.akamaihd.net/apps/730/icons/econ/default_generated/weapon_p90_sp_spray_sand_light_large.18ac7e644639b8756fa3984055a493c5d7fc8249.png","type":"skin","rarity":0,"price":3},"Souvenir P90 | Sand Spray (Factory New)":{"souvenir":true,"quality":5,"skin":"Sand Spray","weapon":"P90","short":"P90 | Sand Spray","name":"Souvenir P90 | Sand Spray (Factory New)","src":"https://steamcdn-a.akamaihd.net/apps/730/icons/econ/default_generated/weapon_p90_sp_spray_sand_light_large.18ac7e644639b8756fa3984055a493c5d7fc8249.png","type":"skin","rarity":0,"price":548},"Souvenir P90 | Sand Spray (Minimal Wear)":{"souvenir":true,"quality":4,"skin":"Sand Spray","weapon":"P90","short":"P90 | Sand Spray","name":"Souvenir P90 | Sand Spray (Minimal Wear)","src":"https://steamcdn-a.akamaihd.net/apps/730/icons/econ/default_generated/weapon_p90_sp_spray_sand_light_large.18ac7e644639b8756fa3984055a493c5d7fc8249.png","type":"skin","rarity":0,"price":43},"Souvenir P90 | Sand Spray (Field-Tested)":{"souvenir":true,"quality":3,"skin":"Sand Spray","weapon":"P90","short":"P90 | Sand Spray","name":"Souvenir P90 | Sand Spray (Field-Tested)","src":"https://steamcdn-a.akamaihd.net/apps/730/icons/econ/default_generated/weapon_p90_sp_spray_sand_light_large.18ac7e644639b8756fa3984055a493c5d7fc8249.png","type":"skin","rarity":0,"price":11},"Souvenir P90 | Sand Spray (Well-Worn)":{"souvenir":true,"quality":2,"skin":"Sand Spray","weapon":"P90","short":"P90 | Sand Spray","name":"Souvenir P90 | Sand Spray (Well-Worn)","src":"https://steamcdn-a.akamaihd.net/apps/730/icons/econ/default_generated/weapon_p90_sp_spray_sand_light_large.18ac7e644639b8756fa3984055a493c5d7fc8249.png","type":"skin","rarity":0,"price":27},"Souvenir P90 | Sand Spray (Battle-Scarred)":{"souvenir":true,"quality":1,"skin":"Sand Spray","weapon":"P90","short":"P90 | Sand Spray","name":"Souvenir P90 | Sand Spray (Battle-Scarred)","src":"https://steamcdn-a.akamaihd.net/apps/730/icons/econ/default_generated/weapon_p90_sp_spray_sand_light_large.18ac7e644639b8756fa3984055a493c5d7fc8249.png","type":"skin","rarity":0,"price":53},"P90 | Sand Spray":{"souvenirAvailable":true,"masterItem":true,"qualities":[5,4,3,2,1],"skin":"Sand Spray","weapon":"P90","short":"P90 | Sand Spray","name":"P90 | Sand Spray","src":"https://steamcdn-a.akamaihd.net/apps/730/icons/econ/default_generated/weapon_p90_sp_spray_sand_light_large.18ac7e644639b8756fa3984055a493c5d7fc8249.png","type":"skin","rarity":0,"price":548,"minPrice":3},"Nova | Predator (Factory New)":{"quality":5,"skin":"Predator","weapon":"Nova","short":"Nova | Predator","name":"Nova | Predator (Factory New)","src":"https://steamcdn-a.akamaihd.net/apps/730/icons/econ/default_generated/weapon_nova_sp_zebracam_light_large.4a13bdc4fa3b5cd7d89c8cc83700d3a13326a6c3.png","type":"skin","rarity":0,"price":18},"Nova | Predator (Minimal Wear)":{"quality":4,"skin":"Predator","weapon":"Nova","short":"Nova | Predator","name":"Nova | Predator (Minimal Wear)","src":"https://steamcdn-a.akamaihd.net/apps/730/icons/econ/default_generated/weapon_nova_sp_zebracam_light_large.4a13bdc4fa3b5cd7d89c8cc83700d3a13326a6c3.png","type":"skin","rarity":0,"price":3},"Nova | Predator (Field-Tested)":{"quality":3,"skin":"Predator","weapon":"Nova","short":"Nova | Predator","name":"Nova | Predator (Field-Tested)","src":"https://steamcdn-a.akamaihd.net/apps/730/icons/econ/default_generated/weapon_nova_sp_zebracam_light_large.4a13bdc4fa3b5cd7d89c8cc83700d3a13326a6c3.png","type":"skin","rarity":0,"price":3},"Nova | Predator (Well-Worn)":{"quality":2,"skin":"Predator","weapon":"Nova","short":"Nova | Predator","name":"Nova | Predator (Well-Worn)","src":"https://steamcdn-a.akamaihd.net/apps/730/icons/econ/default_generated/weapon_nova_sp_zebracam_light_large.4a13bdc4fa3b5cd7d89c8cc83700d3a13326a6c3.png","type":"skin","rarity":0,"price":3},"Nova | Predator (Battle-Scarred)":{"quality":1,"skin":"Predator","weapon":"Nova","short":"Nova | Predator","name":"Nova | Predator (Battle-Scarred)","src":"https://steamcdn-a.akamaihd.net/apps/730/icons/econ/default_generated/weapon_nova_sp_zebracam_light_large.4a13bdc4fa3b5cd7d89c8cc83700d3a13326a6c3.png","type":"skin","rarity":0,"price":3},"Souvenir Nova | Predator (Factory New)":{"souvenir":true,"quality":5,"skin":"Predator","weapon":"Nova","short":"Nova | Predator","name":"Souvenir Nova | Predator (Factory New)","src":"https://steamcdn-a.akamaihd.net/apps/730/icons/econ/default_generated/weapon_nova_sp_zebracam_light_large.4a13bdc4fa3b5cd7d89c8cc83700d3a13326a6c3.png","type":"skin","rarity":0,"price":303},"Souvenir Nova | Predator (Minimal Wear)":{"souvenir":true,"quality":4,"skin":"Predator","weapon":"Nova","short":"Nova | Predator","name":"Souvenir Nova | Predator (Minimal Wear)","src":"https://steamcdn-a.akamaihd.net/apps/730/icons/econ/default_generated/weapon_nova_sp_zebracam_light_large.4a13bdc4fa3b5cd7d89c8cc83700d3a13326a6c3.png","type":"skin","rarity":0,"price":27},"Souvenir Nova | Predator (Field-Tested)":{"souvenir":true,"quality":3,"skin":"Predator","weapon":"Nova","short":"Nova | Predator","name":"Souvenir Nova | Predator (Field-Tested)","src":"https://steamcdn-a.akamaihd.net/apps/730/icons/econ/default_generated/weapon_nova_sp_zebracam_light_large.4a13bdc4fa3b5cd7d89c8cc83700d3a13326a6c3.png","type":"skin","rarity":0,"price":11},"Souvenir Nova | Predator (Well-Worn)":{"souvenir":true,"quality":2,"skin":"Predator","weapon":"Nova","short":"Nova | Predator","name":"Souvenir Nova | Predator (Well-Worn)","src":"https://steamcdn-a.akamaihd.net/apps/730/icons/econ/default_generated/weapon_nova_sp_zebracam_light_large.4a13bdc4fa3b5cd7d89c8cc83700d3a13326a6c3.png","type":"skin","rarity":0,"price":21},"Souvenir Nova | Predator (Battle-Scarred)":{"souvenir":true,"quality":1,"skin":"Predator","weapon":"Nova","short":"Nova | Predator","name":"Souvenir Nova | Predator (Battle-Scarred)","src":"https://steamcdn-a.akamaihd.net/apps/730/icons/econ/default_generated/weapon_nova_sp_zebracam_light_large.4a13bdc4fa3b5cd7d89c8cc83700d3a13326a6c3.png","type":"skin","rarity":0,"price":20},"Nova | Predator":{"souvenirAvailable":true,"masterItem":true,"qualities":[5,4,3,2,1],"skin":"Predator","weapon":"Nova","short":"Nova | Predator","name":"Nova | Predator","src":"https://steamcdn-a.akamaihd.net/apps/730/icons/econ/default_generated/weapon_nova_sp_zebracam_light_large.4a13bdc4fa3b5cd7d89c8cc83700d3a13326a6c3.png","type":"skin","rarity":0,"price":303,"minPrice":3},"G3SG1 | Desert Storm (Factory New)":{"quality":5,"skin":"Desert Storm","weapon":"G3SG1","short":"G3SG1 | Desert Storm","name":"G3SG1 | Desert Storm (Factory New)","src":"https://steamcdn-a.akamaihd.net/apps/730/icons/econ/default_generated/weapon_g3sg1_hy_desert_light_large.4e5561884f1cd7f8d6965b9c7991f89a702b72b4.png","type":"skin","rarity":0,"price":14},"G3SG1 | Desert Storm (Minimal Wear)":{"quality":4,"skin":"Desert Storm","weapon":"G3SG1","short":"G3SG1 | Desert Storm","name":"G3SG1 | Desert Storm (Minimal Wear)","src":"https://steamcdn-a.akamaihd.net/apps/730/icons/econ/default_generated/weapon_g3sg1_hy_desert_light_large.4e5561884f1cd7f8d6965b9c7991f89a702b72b4.png","type":"skin","rarity":0,"price":3},"G3SG1 | Desert Storm (Field-Tested)":{"quality":3,"skin":"Desert Storm","weapon":"G3SG1","short":"G3SG1 | Desert Storm","name":"G3SG1 | Desert Storm (Field-Tested)","src":"https://steamcdn-a.akamaihd.net/apps/730/icons/econ/default_generated/weapon_g3sg1_hy_desert_light_large.4e5561884f1cd7f8d6965b9c7991f89a702b72b4.png","type":"skin","rarity":0,"price":3},"G3SG1 | Desert Storm (Well-Worn)":{"quality":2,"skin":"Desert Storm","weapon":"G3SG1","short":"G3SG1 | Desert Storm","name":"G3SG1 | Desert Storm (Well-Worn)","src":"https://steamcdn-a.akamaihd.net/apps/730/icons/econ/default_generated/weapon_g3sg1_hy_desert_light_large.4e5561884f1cd7f8d6965b9c7991f89a702b72b4.png","type":"skin","rarity":0,"price":3},"G3SG1 | Desert Storm (Battle-Scarred)":{"quality":1,"skin":"Desert Storm","weapon":"G3SG1","short":"G3SG1 | Desert Storm","name":"G3SG1 | Desert Storm (Battle-Scarred)","src":"https://steamcdn-a.akamaihd.net/apps/730/icons/econ/default_generated/weapon_g3sg1_hy_desert_light_large.4e5561884f1cd7f8d6965b9c7991f89a702b72b4.png","type":"skin","rarity":0,"price":2},"Souvenir G3SG1 | Desert Storm (Factory New)":{"souvenir":true,"quality":5,"skin":"Desert Storm","weapon":"G3SG1","short":"G3SG1 | Desert Storm","name":"Souvenir G3SG1 | Desert Storm (Factory New)","src":"https://steamcdn-a.akamaihd.net/apps/730/icons/econ/default_generated/weapon_g3sg1_hy_desert_light_large.4e5561884f1cd7f8d6965b9c7991f89a702b72b4.png","type":"skin","rarity":0,"price":803},"Souvenir G3SG1 | Desert Storm (Minimal Wear)":{"souvenir":true,"quality":4,"skin":"Desert Storm","weapon":"G3SG1","short":"G3SG1 | Desert Storm","name":"Souvenir G3SG1 | Desert Storm (Minimal Wear)","src":"https://steamcdn-a.akamaihd.net/apps/730/icons/econ/default_generated/weapon_g3sg1_hy_desert_light_large.4e5561884f1cd7f8d6965b9c7991f89a702b72b4.png","type":"skin","rarity":0,"price":37},"Souvenir G3SG1 | Desert Storm (Field-Tested)":{"souvenir":true,"quality":3,"skin":"Desert Storm","weapon":"G3SG1","short":"G3SG1 | Desert Storm","name":"Souvenir G3SG1 | Desert Storm (Field-Tested)","src":"https://steamcdn-a.akamaihd.net/apps/730/icons/econ/default_generated/weapon_g3sg1_hy_desert_light_large.4e5561884f1cd7f8d6965b9c7991f89a702b72b4.png","type":"skin","rarity":0,"price":13},"Souvenir G3SG1 | Desert Storm (Well-Worn)":{"souvenir":true,"quality":2,"skin":"Desert Storm","weapon":"G3SG1","short":"G3SG1 | Desert Storm","name":"Souvenir G3SG1 | Desert Storm (Well-Worn)","src":"https://steamcdn-a.akamaihd.net/apps/730/icons/econ/default_generated/weapon_g3sg1_hy_desert_light_large.4e5561884f1cd7f8d6965b9c7991f89a702b72b4.png","type":"skin","rarity":0,"price":22},"Souvenir G3SG1 | Desert Storm (Battle-Scarred)":{"souvenir":true,"quality":1,"skin":"Desert Storm","weapon":"G3SG1","short":"G3SG1 | Desert Storm","name":"Souvenir G3SG1 | Desert Storm (Battle-Scarred)","src":"https://steamcdn-a.akamaihd.net/apps/730/icons/econ/default_generated/weapon_g3sg1_hy_desert_light_large.4e5561884f1cd7f8d6965b9c7991f89a702b72b4.png","type":"skin","rarity":0,"price":20},"G3SG1 | Desert Storm":{"souvenirAvailable":true,"masterItem":true,"qualities":[5,4,3,2,1],"skin":"Desert Storm","weapon":"G3SG1","short":"G3SG1 | Desert Storm","name":"G3SG1 | Desert Storm","src":"https://steamcdn-a.akamaihd.net/apps/730/icons/econ/default_generated/weapon_g3sg1_hy_desert_light_large.4e5561884f1cd7f8d6965b9c7991f89a702b72b4.png","type":"skin","rarity":0,"price":803,"minPrice":2}}