{
  "The Gods and Monsters Collection": {
    "name": "The Gods and Monsters Collection",
    "src": "images/items/collections/godsandmonsters.webp",
    "price": 10832,
    "type": "case",
    "rarity": 0,
    "content": {
      "items": [
        "G3SG1 | Chronos (Factory New)", "G3SG1 | Chronos (Minimal Wear)", "G3SG1 | Chronos (Field-Tested)",
        "G3SG1 | Chronos (Well-Worn)", "M4A4 | Poseidon (Factory New)", "M4A4 | Poseidon (Minimal Wear)",
        "M4A4 | Poseidon (Field-Tested)", "AWP | Medusa (Factory New)", "AWP | Medusa (Minimal Wear)",
        "AWP | Medusa (Field-Tested)", "AWP | Medusa (Well-Worn)", "AWP | Medusa (Battle-Scarred)",
        "M4A1-S | Icarus Fell (Factory New)", "M4A1-S | Icarus Fell (Minimal Wear)",
        "UMP-45 | Minotaur's Labyrinth (Factory New)", "UMP-45 | Minotaur's Labyrinth (Minimal Wear)",
        "UMP-45 | Minotaur's Labyrinth (Field-Tested)", "UMP-45 | Minotaur's Labyrinth (Well-Worn)",
        "MP9 | Pandora's Box (Factory New)", "MP9 | Pandora's Box (Minimal Wear)", "MP9 | Pandora's Box (Field-Tested)",
        "AWP | Sun in Leo (Factory New)", "AWP | Sun in Leo (Minimal Wear)", "AWP | Sun in Leo (Field-Tested)",
        "AWP | Sun in Leo (Well-Worn)", "AWP | Sun in Leo (Battle-Scarred)",
        "Dual Berettas | Moon in Libra (Factory New)", "Dual Berettas | Moon in Libra (Minimal Wear)",
        "Dual Berettas | Moon in Libra (Field-Tested)", "Dual Berettas | Moon in Libra (Well-Worn)",
        "Dual Berettas | Moon in Libra (Battle-Scarred)", "MP7 | Asterion (Factory New)",
        "MP7 | Asterion (Minimal Wear)", "MP7 | Asterion (Field-Tested)", "MP7 | Asterion (Well-Worn)",
        "MP7 | Asterion (Battle-Scarred)", "M249 | Shipping Forecast (Factory New)",
        "M249 | Shipping Forecast (Minimal Wear)", "M249 | Shipping Forecast (Field-Tested)",
        "M249 | Shipping Forecast (Well-Worn)", "M249 | Shipping Forecast (Battle-Scarred)",
        "Nova | Moon in Libra (Factory New)", "Nova | Moon in Libra (Minimal Wear)",
        "Nova | Moon in Libra (Field-Tested)", "Nova | Moon in Libra (Well-Worn)",
        "Nova | Moon in Libra (Battle-Scarred)", "AUG | Daedalus (Factory New)", "AUG | Daedalus (Minimal Wear)",
        "AUG | Daedalus (Field-Tested)", "AUG | Daedalus (Well-Worn)", "AUG | Daedalus (Battle-Scarred)",
        "Tec-9 | Hades (Factory New)", "Tec-9 | Hades (Minimal Wear)", "Tec-9 | Hades (Field-Tested)",
        "Tec-9 | Hades (Well-Worn)", "Tec-9 | Hades (Battle-Scarred)", "P2000 | Pathfinder (Factory New)",
        "P2000 | Pathfinder (Minimal Wear)", "P2000 | Pathfinder (Field-Tested)"
      ]
    }
  },
  "G3SG1 | Chronos (Factory New)": {
    "quality": 5,
    "weight": 0.05,
    "skin": "Chronos",
    "weapon": "G3SG1",
    "short": "G3SG1 | Chronos",
    "name": "G3SG1 | Chronos (Factory New)",
    "src": "https://steamcdn-a.akamaihd.net/apps/730/icons/econ/default_generated/weapon_g3sg1_cu_chronos_g3sg1_light_large.5db791048981cda0babe949ac443f09ba8aa9eb3.png",
    "type": "skin",
    "rarity": 3,
    "price": 16250
  },
  "G3SG1 | Chronos (Minimal Wear)": {
    "quality": 4,
    "weight": 0.05,
    "skin": "Chronos",
    "weapon": "G3SG1",
    "short": "G3SG1 | Chronos",
    "name": "G3SG1 | Chronos (Minimal Wear)",
    "src": "https://steamcdn-a.akamaihd.net/apps/730/icons/econ/default_generated/weapon_g3sg1_cu_chronos_g3sg1_light_large.5db791048981cda0babe949ac443f09ba8aa9eb3.png",
    "type": "skin",
    "rarity": 3,
    "price": 25265
  },
  "G3SG1 | Chronos (Field-Tested)": {
    "quality": 3,
    "weight": 0.05,
    "skin": "Chronos",
    "weapon": "G3SG1",
    "short": "G3SG1 | Chronos",
    "name": "G3SG1 | Chronos (Field-Tested)",
    "src": "https://steamcdn-a.akamaihd.net/apps/730/icons/econ/default_generated/weapon_g3sg1_cu_chronos_g3sg1_light_large.5db791048981cda0babe949ac443f09ba8aa9eb3.png",
    "type": "skin",
    "rarity": 3,
    "price": 24964
  },
  "G3SG1 | Chronos (Well-Worn)": {
    "quality": 2,
    "weight": 0.05,
    "skin": "Chronos",
    "weapon": "G3SG1",
    "short": "G3SG1 | Chronos",
    "name": "G3SG1 | Chronos (Well-Worn)",
    "src": "https://steamcdn-a.akamaihd.net/apps/730/icons/econ/default_generated/weapon_g3sg1_cu_chronos_g3sg1_light_large.5db791048981cda0babe949ac443f09ba8aa9eb3.png",
    "type": "skin",
    "rarity": 3,
    "price": 954
  },
  "G3SG1 | Chronos": {
    "masterItem": true,
    "qualities": [5, 4, 3, 2],
    "skin": "Chronos",
    "weapon": "G3SG1",
    "short": "G3SG1 | Chronos",
    "name": "G3SG1 | Chronos",
    "src": "https://steamcdn-a.akamaihd.net/apps/730/icons/econ/default_generated/weapon_g3sg1_cu_chronos_g3sg1_light_large.5db791048981cda0babe949ac443f09ba8aa9eb3.png",
    "type": "skin",
    "rarity": 3,
    "price": 25265,
    "minPrice": 954
  },
  "M4A4 | Poseidon (Factory New)": {
    "quality": 5,
    "weight": 0.05,
    "skin": "Poseidon",
    "weapon": "M4A4",
    "short": "M4A4 | Poseidon",
    "name": "M4A4 | Poseidon (Factory New)",
    "src": "https://steamcdn-a.akamaihd.net/apps/730/icons/econ/default_generated/weapon_m4a1_cu_poseidon_light_large.3db5688a5b47bd5720e7384abf13c45231a3cc03.png",
    "type": "skin",
    "rarity": 4,
    "price": 136489
  },
  "M4A4 | Poseidon (Minimal Wear)": {
    "quality": 4,
    "weight": 0.05,
    "skin": "Poseidon",
    "weapon": "M4A4",
    "short": "M4A4 | Poseidon",
    "name": "M4A4 | Poseidon (Minimal Wear)",
    "src": "https://steamcdn-a.akamaihd.net/apps/730/icons/econ/default_generated/weapon_m4a1_cu_poseidon_light_large.3db5688a5b47bd5720e7384abf13c45231a3cc03.png",
    "type": "skin",
    "rarity": 4,
    "price": 135513
  },
  "M4A4 | Poseidon (Field-Tested)": {
    "quality": 3,
    "weight": 0.05,
    "skin": "Poseidon",
    "weapon": "M4A4",
    "short": "M4A4 | Poseidon",
    "name": "M4A4 | Poseidon (Field-Tested)",
    "src": "https://steamcdn-a.akamaihd.net/apps/730/icons/econ/default_generated/weapon_m4a1_cu_poseidon_light_large.3db5688a5b47bd5720e7384abf13c45231a3cc03.png",
    "type": "skin",
    "rarity": 4,
    "price": 1862
  },
  "M4A4 | Poseidon": {
    "masterItem": true,
    "qualities": [5, 4, 3],
    "skin": "Poseidon",
    "weapon": "M4A4",
    "short": "M4A4 | Poseidon",
    "name": "M4A4 | Poseidon",
    "src": "https://steamcdn-a.akamaihd.net/apps/730/icons/econ/default_generated/weapon_m4a1_cu_poseidon_light_large.3db5688a5b47bd5720e7384abf13c45231a3cc03.png",
    "type": "skin",
    "rarity": 4,
    "price": 136489,
    "minPrice": 1862
  },
  "AWP | Medusa (Factory New)": {
    "quality": 5,
    "weight": 0.05,
    "skin": "Medusa",
    "weapon": "AWP",
    "short": "AWP | Medusa",
    "name": "AWP | Medusa (Factory New)",
    "src": "https://steamcdn-a.akamaihd.net/apps/730/icons/econ/default_generated/weapon_awp_cu_medusa_awp_light_large.05c6f5c67a2fbf7d042637568ba2ab25e44bb08c.png",
    "type": "skin",
    "rarity": 5,
    "price": 10806
  },
  "AWP | Medusa (Minimal Wear)": {
    "quality": 4,
    "weight": 0.05,
    "skin": "Medusa",
    "weapon": "AWP",
    "short": "AWP | Medusa",
    "name": "AWP | Medusa (Minimal Wear)",
    "src": "https://steamcdn-a.akamaihd.net/apps/730/icons/econ/default_generated/weapon_awp_cu_medusa_awp_light_large.05c6f5c67a2fbf7d042637568ba2ab25e44bb08c.png",
    "type": "skin",
    "rarity": 5,
    "price": 9717
  },
  "AWP | Medusa (Field-Tested)": {
    "quality": 3,
    "weight": 0.05,
    "skin": "Medusa",
    "weapon": "AWP",
    "short": "AWP | Medusa",
    "name": "AWP | Medusa (Field-Tested)",
    "src": "https://steamcdn-a.akamaihd.net/apps/730/icons/econ/default_generated/weapon_awp_cu_medusa_awp_light_large.05c6f5c67a2fbf7d042637568ba2ab25e44bb08c.png",
    "type": "skin",
    "rarity": 5,
    "price": 4536
  },
  "AWP | Medusa (Well-Worn)": {
    "quality": 2,
    "weight": 0.05,
    "skin": "Medusa",
    "weapon": "AWP",
    "short": "AWP | Medusa",
    "name": "AWP | Medusa (Well-Worn)",
    "src": "https://steamcdn-a.akamaihd.net/apps/730/icons/econ/default_generated/weapon_awp_cu_medusa_awp_light_large.05c6f5c67a2fbf7d042637568ba2ab25e44bb08c.png",
    "type": "skin",
    "rarity": 5,
    "price": 5157
  },
  "AWP | Medusa (Battle-Scarred)": {
    "quality": 1,
    "weight": 0.05,
    "skin": "Medusa",
    "weapon": "AWP",
    "short": "AWP | Medusa",
    "name": "AWP | Medusa (Battle-Scarred)",
    "src": "https://steamcdn-a.akamaihd.net/apps/730/icons/econ/default_generated/weapon_awp_cu_medusa_awp_light_large.05c6f5c67a2fbf7d042637568ba2ab25e44bb08c.png",
    "type": "skin",
    "rarity": 5,
    "price": 145055
  },
  "AWP | Medusa": {
    "masterItem": true,
    "qualities": [5, 4, 3, 2, 1],
    "skin": "Medusa",
    "weapon": "AWP",
    "short": "AWP | Medusa",
    "name": "AWP | Medusa",
    "src": "https://steamcdn-a.akamaihd.net/apps/730/icons/econ/default_generated/weapon_awp_cu_medusa_awp_light_large.05c6f5c67a2fbf7d042637568ba2ab25e44bb08c.png",
    "type": "skin",
    "rarity": 5,
    "price": 145055,
    "minPrice": 4536
  },
  "M4A1-S | Icarus Fell (Factory New)": {
    "quality": 5,
    "weight": 0.05,
    "skin": "Icarus Fell",
    "weapon": "M4A1-S",
    "short": "M4A1-S | Icarus Fell",
    "name": "M4A1-S | Icarus Fell (Factory New)",
    "src": "https://steamcdn-a.akamaihd.net/apps/730/icons/econ/default_generated/weapon_m4a1_silencer_hy_icarus_light_large.4af0a9b1122471816242601013d478ade6a0697b.png",
    "type": "skin",
    "rarity": 3,
    "price": 17061
  },
  "M4A1-S | Icarus Fell (Minimal Wear)": {
    "quality": 4,
    "weight": 0.05,
    "skin": "Icarus Fell",
    "weapon": "M4A1-S",
    "short": "M4A1-S | Icarus Fell",
    "name": "M4A1-S | Icarus Fell (Minimal Wear)",
    "src": "https://steamcdn-a.akamaihd.net/apps/730/icons/econ/default_generated/weapon_m4a1_silencer_hy_icarus_light_large.4af0a9b1122471816242601013d478ade6a0697b.png",
    "type": "skin",
    "rarity": 3,
    "price": 21474
  },
  "M4A1-S | Icarus Fell": {
    "masterItem": true,
    "qualities": [5, 4],
    "skin": "Icarus Fell",
    "weapon": "M4A1-S",
    "short": "M4A1-S | Icarus Fell",
    "name": "M4A1-S | Icarus Fell",
    "src": "https://steamcdn-a.akamaihd.net/apps/730/icons/econ/default_generated/weapon_m4a1_silencer_hy_icarus_light_large.4af0a9b1122471816242601013d478ade6a0697b.png",
    "type": "skin",
    "rarity": 3,
    "price": 21474,
    "minPrice": 17061
  },
  "UMP-45 | Minotaur's Labyrinth (Factory New)": {
    "quality": 5,
    "weight": 0.05,
    "skin": "Minotaur's Labyrinth",
    "weapon": "UMP-45",
    "short": "UMP-45 | Minotaur's Labyrinth",
    "name": "UMP-45 | Minotaur's Labyrinth (Factory New)",
    "src": "https://steamcdn-a.akamaihd.net/apps/730/icons/econ/default_generated/weapon_ump45_cu_labyrinth_light_large.62c8aa10ca8ad146809a21031194e450190f8485.png",
    "type": "skin",
    "rarity": 2,
    "price": 4585
  },
  "UMP-45 | Minotaur's Labyrinth (Minimal Wear)": {
    "quality": 4,
    "weight": 0.05,
    "skin": "Minotaur's Labyrinth",
    "weapon": "UMP-45",
    "short": "UMP-45 | Minotaur's Labyrinth",
    "name": "UMP-45 | Minotaur's Labyrinth (Minimal Wear)",
    "src": "https://steamcdn-a.akamaihd.net/apps/730/icons/econ/default_generated/weapon_ump45_cu_labyrinth_light_large.62c8aa10ca8ad146809a21031194e450190f8485.png",
    "type": "skin",
    "rarity": 2,
    "price": 4265
  },
  "UMP-45 | Minotaur's Labyrinth (Field-Tested)": {
    "quality": 3,
    "weight": 0.05,
    "skin": "Minotaur's Labyrinth",
    "weapon": "UMP-45",
    "short": "UMP-45 | Minotaur's Labyrinth",
    "name": "UMP-45 | Minotaur's Labyrinth (Field-Tested)",
    "src": "https://steamcdn-a.akamaihd.net/apps/730/icons/econ/default_generated/weapon_ump45_cu_labyrinth_light_large.62c8aa10ca8ad146809a21031194e450190f8485.png",
    "type": "skin",
    "rarity": 2,
    "price": 4018
  },
  "UMP-45 | Minotaur's Labyrinth (Well-Worn)": {
    "quality": 2,
    "weight": 0.05,
    "skin": "Minotaur's Labyrinth",
    "weapon": "UMP-45",
    "short": "UMP-45 | Minotaur's Labyrinth",
    "name": "UMP-45 | Minotaur's Labyrinth (Well-Worn)",
    "src": "https://steamcdn-a.akamaihd.net/apps/730/icons/econ/default_generated/weapon_ump45_cu_labyrinth_light_large.62c8aa10ca8ad146809a21031194e450190f8485.png",
    "type": "skin",
    "rarity": 2,
    "price": 40630
  },
  "UMP-45 | Minotaur's Labyrinth": {
    "masterItem": true,
    "qualities": [5, 4, 3, 2],
    "skin": "Minotaur's Labyrinth",
    "weapon": "UMP-45",
    "short": "UMP-45 | Minotaur's Labyrinth",
    "name": "UMP-45 | Minotaur's Labyrinth",
    "src": "https://steamcdn-a.akamaihd.net/apps/730/icons/econ/default_generated/weapon_ump45_cu_labyrinth_light_large.62c8aa10ca8ad146809a21031194e450190f8485.png",
    "type": "skin",
    "rarity": 2,
    "price": 40630,
    "minPrice": 4018
  },
  "MP9 | Pandora's Box (Factory New)": {
    "quality": 5,
    "weight": 0.05,
    "skin": "Pandora's Box",
    "weapon": "MP9",
    "short": "MP9 | Pandora's Box",
    "name": "MP9 | Pandora's Box (Factory New)",
    "src": "https://steamcdn-a.akamaihd.net/apps/730/icons/econ/default_generated/weapon_mp9_aa_pandora_light_large.837ea28260252a1f654c272289007ae3c4c3e7ec.png",
    "type": "skin",
    "rarity": 2,
    "price": 3990
  },
  "MP9 | Pandora's Box (Minimal Wear)": {
    "quality": 4,
    "weight": 0.05,
    "skin": "Pandora's Box",
    "weapon": "MP9",
    "short": "MP9 | Pandora's Box",
    "name": "MP9 | Pandora's Box (Minimal Wear)",
    "src": "https://steamcdn-a.akamaihd.net/apps/730/icons/econ/default_generated/weapon_mp9_aa_pandora_light_large.837ea28260252a1f654c272289007ae3c4c3e7ec.png",
    "type": "skin",
    "rarity": 2,
    "price": 4742
  },
  "MP9 | Pandora's Box (Field-Tested)": {
    "quality": 3,
    "weight": 0.05,
    "skin": "Pandora's Box",
    "weapon": "MP9",
    "short": "MP9 | Pandora's Box",
    "name": "MP9 | Pandora's Box (Field-Tested)",
    "src": "https://steamcdn-a.akamaihd.net/apps/730/icons/econ/default_generated/weapon_mp9_aa_pandora_light_large.837ea28260252a1f654c272289007ae3c4c3e7ec.png",
    "type": "skin",
    "rarity": 2,
    "price": 6062
  },
  "MP9 | Pandora's Box": {
    "masterItem": true,
    "qualities": [5, 4, 3],
    "skin": "Pandora's Box",
    "weapon": "MP9",
    "short": "MP9 | Pandora's Box",
    "name": "MP9 | Pandora's Box",
    "src": "https://steamcdn-a.akamaihd.net/apps/730/icons/econ/default_generated/weapon_mp9_aa_pandora_light_large.837ea28260252a1f654c272289007ae3c4c3e7ec.png",
    "type": "skin",
    "rarity": 2,
    "price": 6062,
    "minPrice": 3990
  },
  "AWP | Sun in Leo (Factory New)": {
    "quality": 5,
    "weight": 0.05,
    "skin": "Sun in Leo",
    "weapon": "AWP",
    "short": "AWP | Sun in Leo",
    "name": "AWP | Sun in Leo (Factory New)",
    "src": "https://steamcdn-a.akamaihd.net/apps/730/icons/econ/default_generated/weapon_awp_hy_zodiac2_light_large.67da534322361569bd9637688b704b57232529fa.png",
    "type": "skin",
    "rarity": 1,
    "price": 898
  },
  "AWP | Sun in Leo (Minimal Wear)": {
    "quality": 4,
    "weight": 0.05,
    "skin": "Sun in Leo",
    "weapon": "AWP",
    "short": "AWP | Sun in Leo",
    "name": "AWP | Sun in Leo (Minimal Wear)",
    "src": "https://steamcdn-a.akamaihd.net/apps/730/icons/econ/default_generated/weapon_awp_hy_zodiac2_light_large.67da534322361569bd9637688b704b57232529fa.png",
    "type": "skin",
    "rarity": 1,
    "price": 662
  },
  "AWP | Sun in Leo (Field-Tested)": {
    "quality": 3,
    "weight": 0.05,
    "skin": "Sun in Leo",
    "weapon": "AWP",
    "short": "AWP | Sun in Leo",
    "name": "AWP | Sun in Leo (Field-Tested)",
    "src": "https://steamcdn-a.akamaihd.net/apps/730/icons/econ/default_generated/weapon_awp_hy_zodiac2_light_large.67da534322361569bd9637688b704b57232529fa.png",
    "type": "skin",
    "rarity": 1,
    "price": 542
  },
  "AWP | Sun in Leo (Well-Worn)": {
    "quality": 2,
    "weight": 0.05,
    "skin": "Sun in Leo",
    "weapon": "AWP",
    "short": "AWP | Sun in Leo",
    "name": "AWP | Sun in Leo (Well-Worn)",
    "src": "https://steamcdn-a.akamaihd.net/apps/730/icons/econ/default_generated/weapon_awp_hy_zodiac2_light_large.67da534322361569bd9637688b704b57232529fa.png",
    "type": "skin",
    "rarity": 1,
    "price": 643
  },
  "AWP | Sun in Leo (Battle-Scarred)": {
    "quality": 1,
    "weight": 0.05,
    "skin": "Sun in Leo",
    "weapon": "AWP",
    "short": "AWP | Sun in Leo",
    "name": "AWP | Sun in Leo (Battle-Scarred)",
    "src": "https://steamcdn-a.akamaihd.net/apps/730/icons/econ/default_generated/weapon_awp_hy_zodiac2_light_large.67da534322361569bd9637688b704b57232529fa.png",
    "type": "skin",
    "rarity": 1,
    "price": 603
  },
  "AWP | Sun in Leo": {
    "masterItem": true,
    "qualities": [5, 4, 3, 2, 1],
    "skin": "Sun in Leo",
    "weapon": "AWP",
    "short": "AWP | Sun in Leo",
    "name": "AWP | Sun in Leo",
    "src": "https://steamcdn-a.akamaihd.net/apps/730/icons/econ/default_generated/weapon_awp_hy_zodiac2_light_large.67da534322361569bd9637688b704b57232529fa.png",
    "type": "skin",
    "rarity": 1,
    "price": 898,
    "minPrice": 542
  },
  "Dual Berettas | Moon in Libra (Factory New)": {
    "quality": 5,
    "weight": 0.05,
    "skin": "Moon in Libra",
    "weapon": "Dual Berettas",
    "short": "Dual Berettas | Moon in Libra",
    "name": "Dual Berettas | Moon in Libra (Factory New)",
    "src": "https://steamcdn-a.akamaihd.net/apps/730/icons/econ/default_generated/weapon_elite_hy_zodiac1_light_large.cedfe5166a361ccc3c32a28847addcdc66ad25d7.png",
    "type": "skin",
    "rarity": 0,
    "price": 127
  },
  "Dual Berettas | Moon in Libra (Minimal Wear)": {
    "quality": 4,
    "weight": 0.05,
    "skin": "Moon in Libra",
    "weapon": "Dual Berettas",
    "short": "Dual Berettas | Moon in Libra",
    "name": "Dual Berettas | Moon in Libra (Minimal Wear)",
    "src": "https://steamcdn-a.akamaihd.net/apps/730/icons/econ/default_generated/weapon_elite_hy_zodiac1_light_large.cedfe5166a361ccc3c32a28847addcdc66ad25d7.png",
    "type": "skin",
    "rarity": 0,
    "price": 121
  },
  "Dual Berettas | Moon in Libra (Field-Tested)": {
    "quality": 3,
    "weight": 0.05,
    "skin": "Moon in Libra",
    "weapon": "Dual Berettas",
    "short": "Dual Berettas | Moon in Libra",
    "name": "Dual Berettas | Moon in Libra (Field-Tested)",
    "src": "https://steamcdn-a.akamaihd.net/apps/730/icons/econ/default_generated/weapon_elite_hy_zodiac1_light_large.cedfe5166a361ccc3c32a28847addcdc66ad25d7.png",
    "type": "skin",
    "rarity": 0,
    "price": 102
  },
  "Dual Berettas | Moon in Libra (Well-Worn)": {
    "quality": 2,
    "weight": 0.05,
    "skin": "Moon in Libra",
    "weapon": "Dual Berettas",
    "short": "Dual Berettas | Moon in Libra",
    "name": "Dual Berettas | Moon in Libra (Well-Worn)",
    "src": "https://steamcdn-a.akamaihd.net/apps/730/icons/econ/default_generated/weapon_elite_hy_zodiac1_light_large.cedfe5166a361ccc3c32a28847addcdc66ad25d7.png",
    "type": "skin",
    "rarity": 0,
    "price": 110
  },
  "Dual Berettas | Moon in Libra (Battle-Scarred)": {
    "quality": 1,
    "weight": 0.05,
    "skin": "Moon in Libra",
    "weapon": "Dual Berettas",
    "short": "Dual Berettas | Moon in Libra",
    "name": "Dual Berettas | Moon in Libra (Battle-Scarred)",
    "src": "https://steamcdn-a.akamaihd.net/apps/730/icons/econ/default_generated/weapon_elite_hy_zodiac1_light_large.cedfe5166a361ccc3c32a28847addcdc66ad25d7.png",
    "type": "skin",
    "rarity": 0,
    "price": 107
  },
  "Dual Berettas | Moon in Libra": {
    "masterItem": true,
    "qualities": [5, 4, 3, 2, 1],
    "skin": "Moon in Libra",
    "weapon": "Dual Berettas",
    "short": "Dual Berettas | Moon in Libra",
    "name": "Dual Berettas | Moon in Libra",
    "src": "https://steamcdn-a.akamaihd.net/apps/730/icons/econ/default_generated/weapon_elite_hy_zodiac1_light_large.cedfe5166a361ccc3c32a28847addcdc66ad25d7.png",
    "type": "skin",
    "rarity": 0,
    "price": 127,
    "minPrice": 102
  },
  "MP7 | Asterion (Factory New)": {
    "quality": 5,
    "weight": 0.05,
    "skin": "Asterion",
    "weapon": "MP7",
    "short": "MP7 | Asterion",
    "name": "MP7 | Asterion (Factory New)",
    "src": "https://steamcdn-a.akamaihd.net/apps/730/icons/econ/default_generated/weapon_mp7_sp_labyrinth_light_large.05382e4a98099c6747e1a3d636b47bd617b8866a.png",
    "type": "skin",
    "rarity": 0,
    "price": 121
  },
  "MP7 | Asterion (Minimal Wear)": {
    "quality": 4,
    "weight": 0.05,
    "skin": "Asterion",
    "weapon": "MP7",
    "short": "MP7 | Asterion",
    "name": "MP7 | Asterion (Minimal Wear)",
    "src": "https://steamcdn-a.akamaihd.net/apps/730/icons/econ/default_generated/weapon_mp7_sp_labyrinth_light_large.05382e4a98099c6747e1a3d636b47bd617b8866a.png",
    "type": "skin",
    "rarity": 0,
    "price": 105
  },
  "MP7 | Asterion (Field-Tested)": {
    "quality": 3,
    "weight": 0.05,
    "skin": "Asterion",
    "weapon": "MP7",
    "short": "MP7 | Asterion",
    "name": "MP7 | Asterion (Field-Tested)",
    "src": "https://steamcdn-a.akamaihd.net/apps/730/icons/econ/default_generated/weapon_mp7_sp_labyrinth_light_large.05382e4a98099c6747e1a3d636b47bd617b8866a.png",
    "type": "skin",
    "rarity": 0,
    "price": 100
  },
  "MP7 | Asterion (Well-Worn)": {
    "quality": 2,
    "weight": 0.05,
    "skin": "Asterion",
    "weapon": "MP7",
    "short": "MP7 | Asterion",
    "name": "MP7 | Asterion (Well-Worn)",
    "src": "https://steamcdn-a.akamaihd.net/apps/730/icons/econ/default_generated/weapon_mp7_sp_labyrinth_light_large.05382e4a98099c6747e1a3d636b47bd617b8866a.png",
    "type": "skin",
    "rarity": 0,
    "price": 105
  },
  "MP7 | Asterion (Battle-Scarred)": {
    "quality": 1,
    "weight": 0.05,
    "skin": "Asterion",
    "weapon": "MP7",
    "short": "MP7 | Asterion",
    "name": "MP7 | Asterion (Battle-Scarred)",
    "src": "https://steamcdn-a.akamaihd.net/apps/730/icons/econ/default_generated/weapon_mp7_sp_labyrinth_light_large.05382e4a98099c6747e1a3d636b47bd617b8866a.png",
    "type": "skin",
    "rarity": 0,
    "price": 109
  },
  "MP7 | Asterion": {
    "masterItem": true,
    "qualities": [5, 4, 3, 2, 1],
    "skin": "Asterion",
    "weapon": "MP7",
    "short": "MP7 | Asterion",
    "name": "MP7 | Asterion",
    "src": "https://steamcdn-a.akamaihd.net/apps/730/icons/econ/default_generated/weapon_mp7_sp_labyrinth_light_large.05382e4a98099c6747e1a3d636b47bd617b8866a.png",
    "type": "skin",
    "rarity": 0,
    "price": 121,
    "minPrice": 100
  },
  "M249 | Shipping Forecast (Factory New)": {
    "quality": 5,
    "weight": 0.05,
    "skin": "Shipping Forecast",
    "weapon": "M249",
    "short": "M249 | Shipping Forecast",
    "name": "M249 | Shipping Forecast (Factory New)",
    "src": "https://steamcdn-a.akamaihd.net/apps/730/icons/econ/default_generated/weapon_m249_hy_zodiac3_light_large.299cb04c12c20280930562504161309fbb9c1e45.png",
    "type": "skin",
    "rarity": 1,
    "price": 679
  },
  "M249 | Shipping Forecast (Minimal Wear)": {
    "quality": 4,
    "weight": 0.05,
    "skin": "Shipping Forecast",
    "weapon": "M249",
    "short": "M249 | Shipping Forecast",
    "name": "M249 | Shipping Forecast (Minimal Wear)",
    "src": "https://steamcdn-a.akamaihd.net/apps/730/icons/econ/default_generated/weapon_m249_hy_zodiac3_light_large.299cb04c12c20280930562504161309fbb9c1e45.png",
    "type": "skin",
    "rarity": 1,
    "price": 619
  },
  "M249 | Shipping Forecast (Field-Tested)": {
    "quality": 3,
    "weight": 0.05,
    "skin": "Shipping Forecast",
    "weapon": "M249",
    "short": "M249 | Shipping Forecast",
    "name": "M249 | Shipping Forecast (Field-Tested)",
    "src": "https://steamcdn-a.akamaihd.net/apps/730/icons/econ/default_generated/weapon_m249_hy_zodiac3_light_large.299cb04c12c20280930562504161309fbb9c1e45.png",
    "type": "skin",
    "rarity": 1,
    "price": 530
  },
  "M249 | Shipping Forecast (Well-Worn)": {
    "quality": 2,
    "weight": 0.05,
    "skin": "Shipping Forecast",
    "weapon": "M249",
    "short": "M249 | Shipping Forecast",
    "name": "M249 | Shipping Forecast (Well-Worn)",
    "src": "https://steamcdn-a.akamaihd.net/apps/730/icons/econ/default_generated/weapon_m249_hy_zodiac3_light_large.299cb04c12c20280930562504161309fbb9c1e45.png",
    "type": "skin",
    "rarity": 1,
    "price": 686
  },
  "M249 | Shipping Forecast (Battle-Scarred)": {
    "quality": 1,
    "weight": 0.05,
    "skin": "Shipping Forecast",
    "weapon": "M249",
    "short": "M249 | Shipping Forecast",
    "name": "M249 | Shipping Forecast (Battle-Scarred)",
    "src": "https://steamcdn-a.akamaihd.net/apps/730/icons/econ/default_generated/weapon_m249_hy_zodiac3_light_large.299cb04c12c20280930562504161309fbb9c1e45.png",
    "type": "skin",
    "rarity": 1,
    "price": 756
  },
  "M249 | Shipping Forecast": {
    "masterItem": true,
    "qualities": [5, 4, 3, 2, 1],
    "skin": "Shipping Forecast",
    "weapon": "M249",
    "short": "M249 | Shipping Forecast",
    "name": "M249 | Shipping Forecast",
    "src": "https://steamcdn-a.akamaihd.net/apps/730/icons/econ/default_generated/weapon_m249_hy_zodiac3_light_large.299cb04c12c20280930562504161309fbb9c1e45.png",
    "type": "skin",
    "rarity": 1,
    "price": 756,
    "minPrice": 530
  },
  "Nova | Moon in Libra (Factory New)": {
    "quality": 5,
    "weight": 0.05,
    "skin": "Moon in Libra",
    "weapon": "Nova",
    "short": "Nova | Moon in Libra",
    "name": "Nova | Moon in Libra (Factory New)",
    "src": "https://steamcdn-a.akamaihd.net/apps/730/icons/econ/default_generated/weapon_nova_hy_zodiac1_light_large.b06536b160c1807d7aa4c8e906771d3c5c2f7c59.png",
    "type": "skin",
    "rarity": 0,
    "price": 123
  },
  "Nova | Moon in Libra (Minimal Wear)": {
    "quality": 4,
    "weight": 0.05,
    "skin": "Moon in Libra",
    "weapon": "Nova",
    "short": "Nova | Moon in Libra",
    "name": "Nova | Moon in Libra (Minimal Wear)",
    "src": "https://steamcdn-a.akamaihd.net/apps/730/icons/econ/default_generated/weapon_nova_hy_zodiac1_light_large.b06536b160c1807d7aa4c8e906771d3c5c2f7c59.png",
    "type": "skin",
    "rarity": 0,
    "price": 117
  },
  "Nova | Moon in Libra (Field-Tested)": {
    "quality": 3,
    "weight": 0.05,
    "skin": "Moon in Libra",
    "weapon": "Nova",
    "short": "Nova | Moon in Libra",
    "name": "Nova | Moon in Libra (Field-Tested)",
    "src": "https://steamcdn-a.akamaihd.net/apps/730/icons/econ/default_generated/weapon_nova_hy_zodiac1_light_large.b06536b160c1807d7aa4c8e906771d3c5c2f7c59.png",
    "type": "skin",
    "rarity": 0,
    "price": 105
  },
  "Nova | Moon in Libra (Well-Worn)": {
    "quality": 2,
    "weight": 0.05,
    "skin": "Moon in Libra",
    "weapon": "Nova",
    "short": "Nova | Moon in Libra",
    "name": "Nova | Moon in Libra (Well-Worn)",
    "src": "https://steamcdn-a.akamaihd.net/apps/730/icons/econ/default_generated/weapon_nova_hy_zodiac1_light_large.b06536b160c1807d7aa4c8e906771d3c5c2f7c59.png",
    "type": "skin",
    "rarity": 0,
    "price": 95
  },
  "Nova | Moon in Libra (Battle-Scarred)": {
    "quality": 1,
    "weight": 0.05,
    "skin": "Moon in Libra",
    "weapon": "Nova",
    "short": "Nova | Moon in Libra",
    "name": "Nova | Moon in Libra (Battle-Scarred)",
    "src": "https://steamcdn-a.akamaihd.net/apps/730/icons/econ/default_generated/weapon_nova_hy_zodiac1_light_large.b06536b160c1807d7aa4c8e906771d3c5c2f7c59.png",
    "type": "skin",
    "rarity": 0,
    "price": 109
  },
  "Nova | Moon in Libra": {
    "masterItem": true,
    "qualities": [5, 4, 3, 2, 1],
    "skin": "Moon in Libra",
    "weapon": "Nova",
    "short": "Nova | Moon in Libra",
    "name": "Nova | Moon in Libra",
    "src": "https://steamcdn-a.akamaihd.net/apps/730/icons/econ/default_generated/weapon_nova_hy_zodiac1_light_large.b06536b160c1807d7aa4c8e906771d3c5c2f7c59.png",
    "type": "skin",
    "rarity": 0,
    "price": 123,
    "minPrice": 95
  },
  "AUG | Daedalus (Factory New)": {
    "quality": 5,
    "weight": 0.05,
    "skin": "Daedalus",
    "weapon": "AUG",
    "short": "AUG | Daedalus",
    "name": "AUG | Daedalus (Factory New)",
    "src": "https://steamcdn-a.akamaihd.net/apps/730/icons/econ/default_generated/weapon_aug_sp_labyrinth3_light_large.86c4c77bbc59793e1bf632e1ef49101829a14773.png",
    "type": "skin",
    "rarity": 0,
    "price": 121
  },
  "AUG | Daedalus (Minimal Wear)": {
    "quality": 4,
    "weight": 0.05,
    "skin": "Daedalus",
    "weapon": "AUG",
    "short": "AUG | Daedalus",
    "name": "AUG | Daedalus (Minimal Wear)",
    "src": "https://steamcdn-a.akamaihd.net/apps/730/icons/econ/default_generated/weapon_aug_sp_labyrinth3_light_large.86c4c77bbc59793e1bf632e1ef49101829a14773.png",
    "type": "skin",
    "rarity": 0,
    "price": 114
  },
  "AUG | Daedalus (Field-Tested)": {
    "quality": 3,
    "weight": 0.05,
    "skin": "Daedalus",
    "weapon": "AUG",
    "short": "AUG | Daedalus",
    "name": "AUG | Daedalus (Field-Tested)",
    "src": "https://steamcdn-a.akamaihd.net/apps/730/icons/econ/default_generated/weapon_aug_sp_labyrinth3_light_large.86c4c77bbc59793e1bf632e1ef49101829a14773.png",
    "type": "skin",
    "rarity": 0,
    "price": 102
  },
  "AUG | Daedalus (Well-Worn)": {
    "quality": 2,
    "weight": 0.05,
    "skin": "Daedalus",
    "weapon": "AUG",
    "short": "AUG | Daedalus",
    "name": "AUG | Daedalus (Well-Worn)",
    "src": "https://steamcdn-a.akamaihd.net/apps/730/icons/econ/default_generated/weapon_aug_sp_labyrinth3_light_large.86c4c77bbc59793e1bf632e1ef49101829a14773.png",
    "type": "skin",
    "rarity": 0,
    "price": 114
  },
  "AUG | Daedalus (Battle-Scarred)": {
    "quality": 1,
    "weight": 0.05,
    "skin": "Daedalus",
    "weapon": "AUG",
    "short": "AUG | Daedalus",
    "name": "AUG | Daedalus (Battle-Scarred)",
    "src": "https://steamcdn-a.akamaihd.net/apps/730/icons/econ/default_generated/weapon_aug_sp_labyrinth3_light_large.86c4c77bbc59793e1bf632e1ef49101829a14773.png",
    "type": "skin",
    "rarity": 0,
    "price": 114
  },
  "AUG | Daedalus": {
    "masterItem": true,
    "qualities": [5, 4, 3, 2, 1],
    "skin": "Daedalus",
    "weapon": "AUG",
    "short": "AUG | Daedalus",
    "name": "AUG | Daedalus",
    "src": "https://steamcdn-a.akamaihd.net/apps/730/icons/econ/default_generated/weapon_aug_sp_labyrinth3_light_large.86c4c77bbc59793e1bf632e1ef49101829a14773.png",
    "type": "skin",
    "rarity": 0,
    "price": 121,
    "minPrice": 102
  },
  "Tec-9 | Hades (Factory New)": {
    "quality": 5,
    "weight": 0.05,
    "skin": "Hades",
    "weapon": "Tec-9",
    "short": "Tec-9 | Hades",
    "name": "Tec-9 | Hades (Factory New)",
    "src": "https://steamcdn-a.akamaihd.net/apps/730/icons/econ/default_generated/weapon_tec9_hy_hades_light_large.9b5757d9034889f93b907b45dffe0a3802b2e4bc.png",
    "type": "skin",
    "rarity": 1,
    "price": 673
  },
  "Tec-9 | Hades (Minimal Wear)": {
    "quality": 4,
    "weight": 0.05,
    "skin": "Hades",
    "weapon": "Tec-9",
    "short": "Tec-9 | Hades",
    "name": "Tec-9 | Hades (Minimal Wear)",
    "src": "https://steamcdn-a.akamaihd.net/apps/730/icons/econ/default_generated/weapon_tec9_hy_hades_light_large.9b5757d9034889f93b907b45dffe0a3802b2e4bc.png",
    "type": "skin",
    "rarity": 1,
    "price": 599
  },
  "Tec-9 | Hades (Field-Tested)": {
    "quality": 3,
    "weight": 0.05,
    "skin": "Hades",
    "weapon": "Tec-9",
    "short": "Tec-9 | Hades",
    "name": "Tec-9 | Hades (Field-Tested)",
    "src": "https://steamcdn-a.akamaihd.net/apps/730/icons/econ/default_generated/weapon_tec9_hy_hades_light_large.9b5757d9034889f93b907b45dffe0a3802b2e4bc.png",
    "type": "skin",
    "rarity": 1,
    "price": 592
  },
  "Tec-9 | Hades (Well-Worn)": {
    "quality": 2,
    "weight": 0.05,
    "skin": "Hades",
    "weapon": "Tec-9",
    "short": "Tec-9 | Hades",
    "name": "Tec-9 | Hades (Well-Worn)",
    "src": "https://steamcdn-a.akamaihd.net/apps/730/icons/econ/default_generated/weapon_tec9_hy_hades_light_large.9b5757d9034889f93b907b45dffe0a3802b2e4bc.png",
    "type": "skin",
    "rarity": 1,
    "price": 661
  },
  "Tec-9 | Hades (Battle-Scarred)": {
    "quality": 1,
    "weight": 0.05,
    "skin": "Hades",
    "weapon": "Tec-9",
    "short": "Tec-9 | Hades",
    "name": "Tec-9 | Hades (Battle-Scarred)",
    "src": "https://steamcdn-a.akamaihd.net/apps/730/icons/econ/default_generated/weapon_tec9_hy_hades_light_large.9b5757d9034889f93b907b45dffe0a3802b2e4bc.png",
    "type": "skin",
    "rarity": 1,
    "price": 599
  },
  "Tec-9 | Hades": {
    "masterItem": true,
    "qualities": [5, 4, 3, 2, 1],
    "skin": "Hades",
    "weapon": "Tec-9",
    "short": "Tec-9 | Hades",
    "name": "Tec-9 | Hades",
    "src": "https://steamcdn-a.akamaihd.net/apps/730/icons/econ/default_generated/weapon_tec9_hy_hades_light_large.9b5757d9034889f93b907b45dffe0a3802b2e4bc.png",
    "type": "skin",
    "rarity": 1,
    "price": 673,
    "minPrice": 592
  },
  "P2000 | Pathfinder (Factory New)": {
    "quality": 5,
    "weight": 0.05,
    "skin": "Pathfinder",
    "weapon": "P2000",
    "short": "P2000 | Pathfinder",
    "name": "P2000 | Pathfinder (Factory New)",
    "src": "https://steamcdn-a.akamaihd.net/apps/730/icons/econ/default_generated/weapon_hkp2000_sp_labyrinth2_light_large.240b91eab5dc2e0f6806dfbd2fc5d33bdebe53bb.png",
    "type": "skin",
    "rarity": 1,
    "price": 604
  },
  "P2000 | Pathfinder (Minimal Wear)": {
    "quality": 4,
    "weight": 0.05,
    "skin": "Pathfinder",
    "weapon": "P2000",
    "short": "P2000 | Pathfinder",
    "name": "P2000 | Pathfinder (Minimal Wear)",
    "src": "https://steamcdn-a.akamaihd.net/apps/730/icons/econ/default_generated/weapon_hkp2000_sp_labyrinth2_light_large.240b91eab5dc2e0f6806dfbd2fc5d33bdebe53bb.png",
    "type": "skin",
    "rarity": 1,
    "price": 595
  },
  "P2000 | Pathfinder (Field-Tested)": {
    "quality": 3,
    "weight": 0.05,
    "skin": "Pathfinder",
    "weapon": "P2000",
    "short": "P2000 | Pathfinder",
    "name": "P2000 | Pathfinder (Field-Tested)",
    "src": "https://steamcdn-a.akamaihd.net/apps/730/icons/econ/default_generated/weapon_hkp2000_sp_labyrinth2_light_large.240b91eab5dc2e0f6806dfbd2fc5d33bdebe53bb.png",
    "type": "skin",
    "rarity": 1,
    "price": 652
  },
  "P2000 | Pathfinder": {
    "masterItem": true,
    "qualities": [5, 4, 3],
    "skin": "Pathfinder",
    "weapon": "P2000",
    "short": "P2000 | Pathfinder",
    "name": "P2000 | Pathfinder",
    "src": "https://steamcdn-a.akamaihd.net/apps/730/icons/econ/default_generated/weapon_hkp2000_sp_labyrinth2_light_large.240b91eab5dc2e0f6806dfbd2fc5d33bdebe53bb.png",
    "type": "skin",
    "rarity": 1,
    "price": 652,
    "minPrice": 595
  }
}