{
  "The Havoc Collection": {
    "name": "The Havoc Collection",
    "src": "images/items/collections/havoc.webp",
    "price": 3140,
    "type": "case",
    "rarity": 0,
    "content": {
      "items": [
        "SG 553 | Hypnotic (Factory New)", "SG 553 | Hypnotic (Minimal Wear)", "AK-47 | X-Ray (Factory New)",
        "AK-47 | X-Ray (Minimal Wear)", "AK-47 | X-Ray (Field-Tested)", "AK-47 | X-Ray (Well-Worn)",
        "AK-47 | X-Ray (Battle-Scarred)", "Glock-18 | Franklin (Factory New)", "Glock-18 | Franklin (Minimal Wear)",
        "Glock-18 | Franklin (Field-Tested)", "Glock-18 | Franklin (Well-Worn)", "MAC-10 | Hot Snakes (Factory New)",
        "MAC-10 | Hot Snakes (Minimal Wear)", "MAC-10 | Hot Snakes (Field-Tested)", "MAC-10 | Hot Snakes (Well-Worn)",
        "MAC-10 | Hot Snakes (Battle-Scarred)", "AWP | Silk Tiger (Factory New)", "AWP | Silk Tiger (Minimal Wear)",
        "AWP | Silk Tiger (Field-Tested)", "AWP | Silk Tiger (Well-Worn)", "AWP | Silk Tiger (Battle-Scarred)",
        "P250 | Bengal Tiger (Factory New)", "P250 | Bengal Tiger (Minimal Wear)", "P250 | Bengal Tiger (Field-Tested)",
        "P250 | Bengal Tiger (Well-Worn)", "P250 | Bengal Tiger (Battle-Scarred)", "M249 | Predator (Factory New)",
        "M249 | Predator (Minimal Wear)", "M249 | Predator (Field-Tested)", "M249 | Predator (Well-Worn)",
        "M249 | Predator (Battle-Scarred)", "UMP-45 | Houndstooth (Factory New)", "UMP-45 | Houndstooth (Minimal Wear)",
        "UMP-45 | Houndstooth (Field-Tested)", "UMP-45 | Houndstooth (Well-Worn)",
        "UMP-45 | Houndstooth (Battle-Scarred)", "MP7 | Vault Heist (Factory New)", "MP7 | Vault Heist (Minimal Wear)",
        "MP7 | Vault Heist (Field-Tested)", "MP7 | Vault Heist (Well-Worn)", "MP7 | Vault Heist (Battle-Scarred)",
        "Tec-9 | Phoenix Chalk (Factory New)", "Tec-9 | Phoenix Chalk (Minimal Wear)",
        "Tec-9 | Phoenix Chalk (Field-Tested)", "Tec-9 | Phoenix Chalk (Well-Worn)",
        "Tec-9 | Phoenix Chalk (Battle-Scarred)", "Galil AR | Phoenix Blacklight (Factory New)",
        "Galil AR | Phoenix Blacklight (Minimal Wear)", "Galil AR | Phoenix Blacklight (Field-Tested)",
        "Galil AR | Phoenix Blacklight (Well-Worn)", "Galil AR | Phoenix Blacklight (Battle-Scarred)",
        "Desert Eagle | Night Heist (Factory New)", "Desert Eagle | Night Heist (Minimal Wear)",
        "Desert Eagle | Night Heist (Field-Tested)", "Desert Eagle | Night Heist (Well-Worn)",
        "Desert Eagle | Night Heist (Battle-Scarred)", "PP-Bizon | Death Rattle (Minimal Wear)",
        "PP-Bizon | Death Rattle (Field-Tested)", "PP-Bizon | Death Rattle (Well-Worn)",
        "PP-Bizon | Death Rattle (Battle-Scarred)", "Nova | Rust Coat (Factory New)", "Nova | Rust Coat (Minimal Wear)",
        "Nova | Rust Coat (Field-Tested)", "Nova | Rust Coat (Well-Worn)", "Nova | Rust Coat (Battle-Scarred)",
        "Sawed-Off | Clay Ambush (Factory New)", "Sawed-Off | Clay Ambush (Minimal Wear)",
        "Sawed-Off | Clay Ambush (Field-Tested)", "Sawed-Off | Clay Ambush (Well-Worn)",
        "Sawed-Off | Clay Ambush (Battle-Scarred)", "P90 | Tiger Pit (Factory New)", "P90 | Tiger Pit (Minimal Wear)",
        "P90 | Tiger Pit (Field-Tested)", "P90 | Tiger Pit (Well-Worn)", "P90 | Tiger Pit (Battle-Scarred)",
        "Dual Berettas | Heist (Factory New)", "Dual Berettas | Heist (Minimal Wear)",
        "Dual Berettas | Heist (Field-Tested)", "Dual Berettas | Heist (Well-Worn)",
        "Dual Berettas | Heist (Battle-Scarred)", "Negev | Phoenix Stencil (Factory New)",
        "Negev | Phoenix Stencil (Minimal Wear)", "Negev | Phoenix Stencil (Field-Tested)",
        "Negev | Phoenix Stencil (Well-Worn)", "Negev | Phoenix Stencil (Battle-Scarred)",
        "R8 Revolver | Phoenix Marker (Factory New)", "R8 Revolver | Phoenix Marker (Minimal Wear)",
        "R8 Revolver | Phoenix Marker (Field-Tested)", "R8 Revolver | Phoenix Marker (Well-Worn)",
        "R8 Revolver | Phoenix Marker (Battle-Scarred)"
      ]
    }
  },
  "SG 553 | Hypnotic (Factory New)": {
    "quality": 5,
    "weight": 0.05,
    "skin": "Hypnotic",
    "weapon": "SG 553",
    "short": "SG 553 | Hypnotic",
    "name": "SG 553 | Hypnotic (Factory New)",
    "src": "https://steamcdn-a.akamaihd.net/apps/730/icons/econ/default_generated/weapon_sg556_aa_vertigo_light_large.56c7e1c30b3239dbaab4ffef7905c48d77a35a50.png",
    "type": "skin",
    "rarity": 3,
    "price": 3610
  },
  "SG 553 | Hypnotic (Minimal Wear)": {
    "quality": 4,
    "weight": 0.05,
    "skin": "Hypnotic",
    "weapon": "SG 553",
    "short": "SG 553 | Hypnotic",
    "name": "SG 553 | Hypnotic (Minimal Wear)",
    "src": "https://steamcdn-a.akamaihd.net/apps/730/icons/econ/default_generated/weapon_sg556_aa_vertigo_light_large.56c7e1c30b3239dbaab4ffef7905c48d77a35a50.png",
    "type": "skin",
    "rarity": 3,
    "price": 4974
  },
  "SG 553 | Hypnotic": {
    "masterItem": true,
    "qualities": [5, 4],
    "skin": "Hypnotic",
    "weapon": "SG 553",
    "short": "SG 553 | Hypnotic",
    "name": "SG 553 | Hypnotic",
    "src": "https://steamcdn-a.akamaihd.net/apps/730/icons/econ/default_generated/weapon_sg556_aa_vertigo_light_large.56c7e1c30b3239dbaab4ffef7905c48d77a35a50.png",
    "type": "skin",
    "rarity": 3,
    "price": 4974,
    "minPrice": 3610
  },
  "AK-47 | X-Ray (Factory New)": {
    "quality": 5,
    "weight": 0.05,
    "skin": "X-Ray",
    "weapon": "AK-47",
    "short": "AK-47 | X-Ray",
    "name": "AK-47 | X-Ray (Factory New)",
    "src": "https://steamcdn-a.akamaihd.net/apps/730/icons/econ/default_generated/weapon_ak47_cu_ak_xray_light_large.a16215bb471dac8cc257c13dbc03e24514a7f018.png",
    "type": "skin",
    "rarity": 5,
    "price": 154258
  },
  "AK-47 | X-Ray (Minimal Wear)": {
    "quality": 4,
    "weight": 0.05,
    "skin": "X-Ray",
    "weapon": "AK-47",
    "short": "AK-47 | X-Ray",
    "name": "AK-47 | X-Ray (Minimal Wear)",
    "src": "https://steamcdn-a.akamaihd.net/apps/730/icons/econ/default_generated/weapon_ak47_cu_ak_xray_light_large.a16215bb471dac8cc257c13dbc03e24514a7f018.png",
    "type": "skin",
    "rarity": 5,
    "price": 140829
  },
  "AK-47 | X-Ray (Field-Tested)": {
    "quality": 3,
    "weight": 0.05,
    "skin": "X-Ray",
    "weapon": "AK-47",
    "short": "AK-47 | X-Ray",
    "name": "AK-47 | X-Ray (Field-Tested)",
    "src": "https://steamcdn-a.akamaihd.net/apps/730/icons/econ/default_generated/weapon_ak47_cu_ak_xray_light_large.a16215bb471dac8cc257c13dbc03e24514a7f018.png",
    "type": "skin",
    "rarity": 5,
    "price": 81643
  },
  "AK-47 | X-Ray (Well-Worn)": {
    "quality": 2,
    "weight": 0.05,
    "skin": "X-Ray",
    "weapon": "AK-47",
    "short": "AK-47 | X-Ray",
    "name": "AK-47 | X-Ray (Well-Worn)",
    "src": "https://steamcdn-a.akamaihd.net/apps/730/icons/econ/default_generated/weapon_ak47_cu_ak_xray_light_large.a16215bb471dac8cc257c13dbc03e24514a7f018.png",
    "type": "skin",
    "rarity": 5,
    "price": 41965
  },
  "AK-47 | X-Ray (Battle-Scarred)": {
    "quality": 1,
    "weight": 0.05,
    "skin": "X-Ray",
    "weapon": "AK-47",
    "short": "AK-47 | X-Ray",
    "name": "AK-47 | X-Ray (Battle-Scarred)",
    "src": "https://steamcdn-a.akamaihd.net/apps/730/icons/econ/default_generated/weapon_ak47_cu_ak_xray_light_large.a16215bb471dac8cc257c13dbc03e24514a7f018.png",
    "type": "skin",
    "rarity": 5,
    "price": 27351
  },
  "AK-47 | X-Ray": {
    "masterItem": true,
    "qualities": [5, 4, 3, 2, 1],
    "skin": "X-Ray",
    "weapon": "AK-47",
    "short": "AK-47 | X-Ray",
    "name": "AK-47 | X-Ray",
    "src": "https://steamcdn-a.akamaihd.net/apps/730/icons/econ/default_generated/weapon_ak47_cu_ak_xray_light_large.a16215bb471dac8cc257c13dbc03e24514a7f018.png",
    "type": "skin",
    "rarity": 5,
    "price": 154258,
    "minPrice": 27351
  },
  "Glock-18 | Franklin (Factory New)": {
    "quality": 5,
    "weight": 0.05,
    "skin": "Franklin",
    "weapon": "Glock-18",
    "short": "Glock-18 | Franklin",
    "name": "Glock-18 | Franklin (Factory New)",
    "src": "https://steamcdn-a.akamaihd.net/apps/730/icons/econ/default_generated/weapon_glock_cu_money_glock_light_large.9866d8ea7d9b5c569377aef5fb19bbc74ea4058d.png",
    "type": "skin",
    "rarity": 3,
    "price": 3696
  },
  "Glock-18 | Franklin (Minimal Wear)": {
    "quality": 4,
    "weight": 0.05,
    "skin": "Franklin",
    "weapon": "Glock-18",
    "short": "Glock-18 | Franklin",
    "name": "Glock-18 | Franklin (Minimal Wear)",
    "src": "https://steamcdn-a.akamaihd.net/apps/730/icons/econ/default_generated/weapon_glock_cu_money_glock_light_large.9866d8ea7d9b5c569377aef5fb19bbc74ea4058d.png",
    "type": "skin",
    "rarity": 3,
    "price": 2896
  },
  "Glock-18 | Franklin (Field-Tested)": {
    "quality": 3,
    "weight": 0.05,
    "skin": "Franklin",
    "weapon": "Glock-18",
    "short": "Glock-18 | Franklin",
    "name": "Glock-18 | Franklin (Field-Tested)",
    "src": "https://steamcdn-a.akamaihd.net/apps/730/icons/econ/default_generated/weapon_glock_cu_money_glock_light_large.9866d8ea7d9b5c569377aef5fb19bbc74ea4058d.png",
    "type": "skin",
    "rarity": 3,
    "price": 2646
  },
  "Glock-18 | Franklin (Well-Worn)": {
    "quality": 2,
    "weight": 0.05,
    "skin": "Franklin",
    "weapon": "Glock-18",
    "short": "Glock-18 | Franklin",
    "name": "Glock-18 | Franklin (Well-Worn)",
    "src": "https://steamcdn-a.akamaihd.net/apps/730/icons/econ/default_generated/weapon_glock_cu_money_glock_light_large.9866d8ea7d9b5c569377aef5fb19bbc74ea4058d.png",
    "type": "skin",
    "rarity": 3,
    "price": 4063
  },
  "Glock-18 | Franklin": {
    "masterItem": true,
    "qualities": [5, 4, 3, 2],
    "skin": "Franklin",
    "weapon": "Glock-18",
    "short": "Glock-18 | Franklin",
    "name": "Glock-18 | Franklin",
    "src": "https://steamcdn-a.akamaihd.net/apps/730/icons/econ/default_generated/weapon_glock_cu_money_glock_light_large.9866d8ea7d9b5c569377aef5fb19bbc74ea4058d.png",
    "type": "skin",
    "rarity": 3,
    "price": 4063,
    "minPrice": 2646
  },
  "MAC-10 | Hot Snakes (Factory New)": {
    "quality": 5,
    "weight": 0.05,
    "skin": "Hot Snakes",
    "weapon": "MAC-10",
    "short": "MAC-10 | Hot Snakes",
    "name": "MAC-10 | Hot Snakes (Factory New)",
    "src": "https://steamcdn-a.akamaihd.net/apps/730/icons/econ/default_generated/weapon_mac10_gs_mac10_snake_light_large.0b91f21def06a39df43e93f6cd25cf13e4edfd19.png",
    "type": "skin",
    "rarity": 4,
    "price": 31625
  },
  "MAC-10 | Hot Snakes (Minimal Wear)": {
    "quality": 4,
    "weight": 0.05,
    "skin": "Hot Snakes",
    "weapon": "MAC-10",
    "short": "MAC-10 | Hot Snakes",
    "name": "MAC-10 | Hot Snakes (Minimal Wear)",
    "src": "https://steamcdn-a.akamaihd.net/apps/730/icons/econ/default_generated/weapon_mac10_gs_mac10_snake_light_large.0b91f21def06a39df43e93f6cd25cf13e4edfd19.png",
    "type": "skin",
    "rarity": 4,
    "price": 29857
  },
  "MAC-10 | Hot Snakes (Field-Tested)": {
    "quality": 3,
    "weight": 0.05,
    "skin": "Hot Snakes",
    "weapon": "MAC-10",
    "short": "MAC-10 | Hot Snakes",
    "name": "MAC-10 | Hot Snakes (Field-Tested)",
    "src": "https://steamcdn-a.akamaihd.net/apps/730/icons/econ/default_generated/weapon_mac10_gs_mac10_snake_light_large.0b91f21def06a39df43e93f6cd25cf13e4edfd19.png",
    "type": "skin",
    "rarity": 4,
    "price": 17486
  },
  "MAC-10 | Hot Snakes (Well-Worn)": {
    "quality": 2,
    "weight": 0.05,
    "skin": "Hot Snakes",
    "weapon": "MAC-10",
    "short": "MAC-10 | Hot Snakes",
    "name": "MAC-10 | Hot Snakes (Well-Worn)",
    "src": "https://steamcdn-a.akamaihd.net/apps/730/icons/econ/default_generated/weapon_mac10_gs_mac10_snake_light_large.0b91f21def06a39df43e93f6cd25cf13e4edfd19.png",
    "type": "skin",
    "rarity": 4,
    "price": 15156
  },
  "MAC-10 | Hot Snakes (Battle-Scarred)": {
    "quality": 1,
    "weight": 0.05,
    "skin": "Hot Snakes",
    "weapon": "MAC-10",
    "short": "MAC-10 | Hot Snakes",
    "name": "MAC-10 | Hot Snakes (Battle-Scarred)",
    "src": "https://steamcdn-a.akamaihd.net/apps/730/icons/econ/default_generated/weapon_mac10_gs_mac10_snake_light_large.0b91f21def06a39df43e93f6cd25cf13e4edfd19.png",
    "type": "skin",
    "rarity": 4,
    "price": 13756
  },
  "MAC-10 | Hot Snakes": {
    "masterItem": true,
    "qualities": [5, 4, 3, 2, 1],
    "skin": "Hot Snakes",
    "weapon": "MAC-10",
    "short": "MAC-10 | Hot Snakes",
    "name": "MAC-10 | Hot Snakes",
    "src": "https://steamcdn-a.akamaihd.net/apps/730/icons/econ/default_generated/weapon_mac10_gs_mac10_snake_light_large.0b91f21def06a39df43e93f6cd25cf13e4edfd19.png",
    "type": "skin",
    "rarity": 4,
    "price": 31625,
    "minPrice": 13756
  },
  "AWP | Silk Tiger (Factory New)": {
    "quality": 5,
    "weight": 0.05,
    "skin": "Silk Tiger",
    "weapon": "AWP",
    "short": "AWP | Silk Tiger",
    "name": "AWP | Silk Tiger (Factory New)",
    "src": "https://steamcdn-a.akamaihd.net/apps/730/icons/econ/default_generated/weapon_awp_am_tigers_blue_light_large.4346995a5382cb8e6ba636335f3f4e94998a447f.png",
    "type": "skin",
    "rarity": 4,
    "price": 31755
  },
  "AWP | Silk Tiger (Minimal Wear)": {
    "quality": 4,
    "weight": 0.05,
    "skin": "Silk Tiger",
    "weapon": "AWP",
    "short": "AWP | Silk Tiger",
    "name": "AWP | Silk Tiger (Minimal Wear)",
    "src": "https://steamcdn-a.akamaihd.net/apps/730/icons/econ/default_generated/weapon_awp_am_tigers_blue_light_large.4346995a5382cb8e6ba636335f3f4e94998a447f.png",
    "type": "skin",
    "rarity": 4,
    "price": 26815
  },
  "AWP | Silk Tiger (Field-Tested)": {
    "quality": 3,
    "weight": 0.05,
    "skin": "Silk Tiger",
    "weapon": "AWP",
    "short": "AWP | Silk Tiger",
    "name": "AWP | Silk Tiger (Field-Tested)",
    "src": "https://steamcdn-a.akamaihd.net/apps/730/icons/econ/default_generated/weapon_awp_am_tigers_blue_light_large.4346995a5382cb8e6ba636335f3f4e94998a447f.png",
    "type": "skin",
    "rarity": 4,
    "price": 20706
  },
  "AWP | Silk Tiger (Well-Worn)": {
    "quality": 2,
    "weight": 0.05,
    "skin": "Silk Tiger",
    "weapon": "AWP",
    "short": "AWP | Silk Tiger",
    "name": "AWP | Silk Tiger (Well-Worn)",
    "src": "https://steamcdn-a.akamaihd.net/apps/730/icons/econ/default_generated/weapon_awp_am_tigers_blue_light_large.4346995a5382cb8e6ba636335f3f4e94998a447f.png",
    "type": "skin",
    "rarity": 4,
    "price": 20959
  },
  "AWP | Silk Tiger (Battle-Scarred)": {
    "quality": 1,
    "weight": 0.05,
    "skin": "Silk Tiger",
    "weapon": "AWP",
    "short": "AWP | Silk Tiger",
    "name": "AWP | Silk Tiger (Battle-Scarred)",
    "src": "https://steamcdn-a.akamaihd.net/apps/730/icons/econ/default_generated/weapon_awp_am_tigers_blue_light_large.4346995a5382cb8e6ba636335f3f4e94998a447f.png",
    "type": "skin",
    "rarity": 4,
    "price": 18148
  },
  "AWP | Silk Tiger": {
    "masterItem": true,
    "qualities": [5, 4, 3, 2, 1],
    "skin": "Silk Tiger",
    "weapon": "AWP",
    "short": "AWP | Silk Tiger",
    "name": "AWP | Silk Tiger",
    "src": "https://steamcdn-a.akamaihd.net/apps/730/icons/econ/default_generated/weapon_awp_am_tigers_blue_light_large.4346995a5382cb8e6ba636335f3f4e94998a447f.png",
    "type": "skin",
    "rarity": 4,
    "price": 31755,
    "minPrice": 18148
  },
  "P250 | Bengal Tiger (Factory New)": {
    "quality": 5,
    "weight": 0.05,
    "skin": "Bengal Tiger",
    "weapon": "P250",
    "short": "P250 | Bengal Tiger",
    "name": "P250 | Bengal Tiger (Factory New)",
    "src": "https://steamcdn-a.akamaihd.net/apps/730/icons/econ/default_generated/weapon_p250_hy_p250_tiger_light_large.c9afe189e84a6df33578138afddab06252e2621b.png",
    "type": "skin",
    "rarity": 2,
    "price": 2496
  },
  "P250 | Bengal Tiger (Minimal Wear)": {
    "quality": 4,
    "weight": 0.05,
    "skin": "Bengal Tiger",
    "weapon": "P250",
    "short": "P250 | Bengal Tiger",
    "name": "P250 | Bengal Tiger (Minimal Wear)",
    "src": "https://steamcdn-a.akamaihd.net/apps/730/icons/econ/default_generated/weapon_p250_hy_p250_tiger_light_large.c9afe189e84a6df33578138afddab06252e2621b.png",
    "type": "skin",
    "rarity": 2,
    "price": 635
  },
  "P250 | Bengal Tiger (Field-Tested)": {
    "quality": 3,
    "weight": 0.05,
    "skin": "Bengal Tiger",
    "weapon": "P250",
    "short": "P250 | Bengal Tiger",
    "name": "P250 | Bengal Tiger (Field-Tested)",
    "src": "https://steamcdn-a.akamaihd.net/apps/730/icons/econ/default_generated/weapon_p250_hy_p250_tiger_light_large.c9afe189e84a6df33578138afddab06252e2621b.png",
    "type": "skin",
    "rarity": 2,
    "price": 690
  },
  "P250 | Bengal Tiger (Well-Worn)": {
    "quality": 2,
    "weight": 0.05,
    "skin": "Bengal Tiger",
    "weapon": "P250",
    "short": "P250 | Bengal Tiger",
    "name": "P250 | Bengal Tiger (Well-Worn)",
    "src": "https://steamcdn-a.akamaihd.net/apps/730/icons/econ/default_generated/weapon_p250_hy_p250_tiger_light_large.c9afe189e84a6df33578138afddab06252e2621b.png",
    "type": "skin",
    "rarity": 2,
    "price": 777
  },
  "P250 | Bengal Tiger (Battle-Scarred)": {
    "quality": 1,
    "weight": 0.05,
    "skin": "Bengal Tiger",
    "weapon": "P250",
    "short": "P250 | Bengal Tiger",
    "name": "P250 | Bengal Tiger (Battle-Scarred)",
    "src": "https://steamcdn-a.akamaihd.net/apps/730/icons/econ/default_generated/weapon_p250_hy_p250_tiger_light_large.c9afe189e84a6df33578138afddab06252e2621b.png",
    "type": "skin",
    "rarity": 2,
    "price": 693
  },
  "P250 | Bengal Tiger": {
    "masterItem": true,
    "qualities": [5, 4, 3, 2, 1],
    "skin": "Bengal Tiger",
    "weapon": "P250",
    "short": "P250 | Bengal Tiger",
    "name": "P250 | Bengal Tiger",
    "src": "https://steamcdn-a.akamaihd.net/apps/730/icons/econ/default_generated/weapon_p250_hy_p250_tiger_light_large.c9afe189e84a6df33578138afddab06252e2621b.png",
    "type": "skin",
    "rarity": 2,
    "price": 2496,
    "minPrice": 635
  },
  "M249 | Predator (Factory New)": {
    "quality": 5,
    "weight": 0.05,
    "skin": "Predator",
    "weapon": "M249",
    "short": "M249 | Predator",
    "name": "M249 | Predator (Factory New)",
    "src": "https://steamcdn-a.akamaihd.net/apps/730/icons/econ/default_generated/weapon_m249_sp_zebracam_light_large.d0d25a58f276d6a538eab874f1f4aa5724f37b6e.png",
    "type": "skin",
    "rarity": 0,
    "price": 92
  },
  "M249 | Predator (Minimal Wear)": {
    "quality": 4,
    "weight": 0.05,
    "skin": "Predator",
    "weapon": "M249",
    "short": "M249 | Predator",
    "name": "M249 | Predator (Minimal Wear)",
    "src": "https://steamcdn-a.akamaihd.net/apps/730/icons/econ/default_generated/weapon_m249_sp_zebracam_light_large.d0d25a58f276d6a538eab874f1f4aa5724f37b6e.png",
    "type": "skin",
    "rarity": 0,
    "price": 17
  },
  "M249 | Predator (Field-Tested)": {
    "quality": 3,
    "weight": 0.05,
    "skin": "Predator",
    "weapon": "M249",
    "short": "M249 | Predator",
    "name": "M249 | Predator (Field-Tested)",
    "src": "https://steamcdn-a.akamaihd.net/apps/730/icons/econ/default_generated/weapon_m249_sp_zebracam_light_large.d0d25a58f276d6a538eab874f1f4aa5724f37b6e.png",
    "type": "skin",
    "rarity": 0,
    "price": 15
  },
  "M249 | Predator (Well-Worn)": {
    "quality": 2,
    "weight": 0.05,
    "skin": "Predator",
    "weapon": "M249",
    "short": "M249 | Predator",
    "name": "M249 | Predator (Well-Worn)",
    "src": "https://steamcdn-a.akamaihd.net/apps/730/icons/econ/default_generated/weapon_m249_sp_zebracam_light_large.d0d25a58f276d6a538eab874f1f4aa5724f37b6e.png",
    "type": "skin",
    "rarity": 0,
    "price": 17
  },
  "M249 | Predator (Battle-Scarred)": {
    "quality": 1,
    "weight": 0.05,
    "skin": "Predator",
    "weapon": "M249",
    "short": "M249 | Predator",
    "name": "M249 | Predator (Battle-Scarred)",
    "src": "https://steamcdn-a.akamaihd.net/apps/730/icons/econ/default_generated/weapon_m249_sp_zebracam_light_large.d0d25a58f276d6a538eab874f1f4aa5724f37b6e.png",
    "type": "skin",
    "rarity": 0,
    "price": 14
  },
  "M249 | Predator": {
    "masterItem": true,
    "qualities": [5, 4, 3, 2, 1],
    "skin": "Predator",
    "weapon": "M249",
    "short": "M249 | Predator",
    "name": "M249 | Predator",
    "src": "https://steamcdn-a.akamaihd.net/apps/730/icons/econ/default_generated/weapon_m249_sp_zebracam_light_large.d0d25a58f276d6a538eab874f1f4aa5724f37b6e.png",
    "type": "skin",
    "rarity": 0,
    "price": 92,
    "minPrice": 14
  },
  "UMP-45 | Houndstooth (Factory New)": {
    "quality": 5,
    "weight": 0.05,
    "skin": "Houndstooth",
    "weapon": "UMP-45",
    "short": "UMP-45 | Houndstooth",
    "name": "UMP-45 | Houndstooth (Factory New)",
    "src": "https://steamcdn-a.akamaihd.net/apps/730/icons/econ/default_generated/weapon_ump45_hy_houndstooth_brown_light_large.f90a2f46ceb0de3a2de44d92004b3a42cfa95e75.png",
    "type": "skin",
    "rarity": 1,
    "price": 150
  },
  "UMP-45 | Houndstooth (Minimal Wear)": {
    "quality": 4,
    "weight": 0.05,
    "skin": "Houndstooth",
    "weapon": "UMP-45",
    "short": "UMP-45 | Houndstooth",
    "name": "UMP-45 | Houndstooth (Minimal Wear)",
    "src": "https://steamcdn-a.akamaihd.net/apps/730/icons/econ/default_generated/weapon_ump45_hy_houndstooth_brown_light_large.f90a2f46ceb0de3a2de44d92004b3a42cfa95e75.png",
    "type": "skin",
    "rarity": 1,
    "price": 121
  },
  "UMP-45 | Houndstooth (Field-Tested)": {
    "quality": 3,
    "weight": 0.05,
    "skin": "Houndstooth",
    "weapon": "UMP-45",
    "short": "UMP-45 | Houndstooth",
    "name": "UMP-45 | Houndstooth (Field-Tested)",
    "src": "https://steamcdn-a.akamaihd.net/apps/730/icons/econ/default_generated/weapon_ump45_hy_houndstooth_brown_light_large.f90a2f46ceb0de3a2de44d92004b3a42cfa95e75.png",
    "type": "skin",
    "rarity": 1,
    "price": 107
  },
  "UMP-45 | Houndstooth (Well-Worn)": {
    "quality": 2,
    "weight": 0.05,
    "skin": "Houndstooth",
    "weapon": "UMP-45",
    "short": "UMP-45 | Houndstooth",
    "name": "UMP-45 | Houndstooth (Well-Worn)",
    "src": "https://steamcdn-a.akamaihd.net/apps/730/icons/econ/default_generated/weapon_ump45_hy_houndstooth_brown_light_large.f90a2f46ceb0de3a2de44d92004b3a42cfa95e75.png",
    "type": "skin",
    "rarity": 1,
    "price": 118
  },
  "UMP-45 | Houndstooth (Battle-Scarred)": {
    "quality": 1,
    "weight": 0.05,
    "skin": "Houndstooth",
    "weapon": "UMP-45",
    "short": "UMP-45 | Houndstooth",
    "name": "UMP-45 | Houndstooth (Battle-Scarred)",
    "src": "https://steamcdn-a.akamaihd.net/apps/730/icons/econ/default_generated/weapon_ump45_hy_houndstooth_brown_light_large.f90a2f46ceb0de3a2de44d92004b3a42cfa95e75.png",
    "type": "skin",
    "rarity": 1,
    "price": 103
  },
  "UMP-45 | Houndstooth": {
    "masterItem": true,
    "qualities": [5, 4, 3, 2, 1],
    "skin": "Houndstooth",
    "weapon": "UMP-45",
    "short": "UMP-45 | Houndstooth",
    "name": "UMP-45 | Houndstooth",
    "src": "https://steamcdn-a.akamaihd.net/apps/730/icons/econ/default_generated/weapon_ump45_hy_houndstooth_brown_light_large.f90a2f46ceb0de3a2de44d92004b3a42cfa95e75.png",
    "type": "skin",
    "rarity": 1,
    "price": 150,
    "minPrice": 103
  },
  "MP7 | Vault Heist (Factory New)": {
    "quality": 5,
    "weight": 0.05,
    "skin": "Vault Heist",
    "weapon": "MP7",
    "short": "MP7 | Vault Heist",
    "name": "MP7 | Vault Heist (Factory New)",
    "src": "https://steamcdn-a.akamaihd.net/apps/730/icons/econ/default_generated/weapon_mp7_am_heist_plans_yellow_light_large.5d416001244a233cd2e9feabc4046b5788c3b051.png",
    "type": "skin",
    "rarity": 1,
    "price": 139
  },
  "MP7 | Vault Heist (Minimal Wear)": {
    "quality": 4,
    "weight": 0.05,
    "skin": "Vault Heist",
    "weapon": "MP7",
    "short": "MP7 | Vault Heist",
    "name": "MP7 | Vault Heist (Minimal Wear)",
    "src": "https://steamcdn-a.akamaihd.net/apps/730/icons/econ/default_generated/weapon_mp7_am_heist_plans_yellow_light_large.5d416001244a233cd2e9feabc4046b5788c3b051.png",
    "type": "skin",
    "rarity": 1,
    "price": 113
  },
  "MP7 | Vault Heist (Field-Tested)": {
    "quality": 3,
    "weight": 0.05,
    "skin": "Vault Heist",
    "weapon": "MP7",
    "short": "MP7 | Vault Heist",
    "name": "MP7 | Vault Heist (Field-Tested)",
    "src": "https://steamcdn-a.akamaihd.net/apps/730/icons/econ/default_generated/weapon_mp7_am_heist_plans_yellow_light_large.5d416001244a233cd2e9feabc4046b5788c3b051.png",
    "type": "skin",
    "rarity": 1,
    "price": 112
  },
  "MP7 | Vault Heist (Well-Worn)": {
    "quality": 2,
    "weight": 0.05,
    "skin": "Vault Heist",
    "weapon": "MP7",
    "short": "MP7 | Vault Heist",
    "name": "MP7 | Vault Heist (Well-Worn)",
    "src": "https://steamcdn-a.akamaihd.net/apps/730/icons/econ/default_generated/weapon_mp7_am_heist_plans_yellow_light_large.5d416001244a233cd2e9feabc4046b5788c3b051.png",
    "type": "skin",
    "rarity": 1,
    "price": 105
  },
  "MP7 | Vault Heist (Battle-Scarred)": {
    "quality": 1,
    "weight": 0.05,
    "skin": "Vault Heist",
    "weapon": "MP7",
    "short": "MP7 | Vault Heist",
    "name": "MP7 | Vault Heist (Battle-Scarred)",
    "src": "https://steamcdn-a.akamaihd.net/apps/730/icons/econ/default_generated/weapon_mp7_am_heist_plans_yellow_light_large.5d416001244a233cd2e9feabc4046b5788c3b051.png",
    "type": "skin",
    "rarity": 1,
    "price": 109
  },
  "MP7 | Vault Heist": {
    "masterItem": true,
    "qualities": [5, 4, 3, 2, 1],
    "skin": "Vault Heist",
    "weapon": "MP7",
    "short": "MP7 | Vault Heist",
    "name": "MP7 | Vault Heist",
    "src": "https://steamcdn-a.akamaihd.net/apps/730/icons/econ/default_generated/weapon_mp7_am_heist_plans_yellow_light_large.5d416001244a233cd2e9feabc4046b5788c3b051.png",
    "type": "skin",
    "rarity": 1,
    "price": 139,
    "minPrice": 105
  },
  "Tec-9 | Phoenix Chalk (Factory New)": {
    "quality": 5,
    "weight": 0.05,
    "skin": "Phoenix Chalk",
    "weapon": "Tec-9",
    "short": "Tec-9 | Phoenix Chalk",
    "name": "Tec-9 | Phoenix Chalk (Factory New)",
    "src": "https://steamcdn-a.akamaihd.net/apps/730/icons/econ/default_generated/weapon_tec9_hy_phoenix_tags_lilac_light_large.aea02b337e17a45482f1122047c756b9c8166249.png",
    "type": "skin",
    "rarity": 0,
    "price": 33
  },
  "Tec-9 | Phoenix Chalk (Minimal Wear)": {
    "quality": 4,
    "weight": 0.05,
    "skin": "Phoenix Chalk",
    "weapon": "Tec-9",
    "short": "Tec-9 | Phoenix Chalk",
    "name": "Tec-9 | Phoenix Chalk (Minimal Wear)",
    "src": "https://steamcdn-a.akamaihd.net/apps/730/icons/econ/default_generated/weapon_tec9_hy_phoenix_tags_lilac_light_large.aea02b337e17a45482f1122047c756b9c8166249.png",
    "type": "skin",
    "rarity": 0,
    "price": 17
  },
  "Tec-9 | Phoenix Chalk (Field-Tested)": {
    "quality": 3,
    "weight": 0.05,
    "skin": "Phoenix Chalk",
    "weapon": "Tec-9",
    "short": "Tec-9 | Phoenix Chalk",
    "name": "Tec-9 | Phoenix Chalk (Field-Tested)",
    "src": "https://steamcdn-a.akamaihd.net/apps/730/icons/econ/default_generated/weapon_tec9_hy_phoenix_tags_lilac_light_large.aea02b337e17a45482f1122047c756b9c8166249.png",
    "type": "skin",
    "rarity": 0,
    "price": 14
  },
  "Tec-9 | Phoenix Chalk (Well-Worn)": {
    "quality": 2,
    "weight": 0.05,
    "skin": "Phoenix Chalk",
    "weapon": "Tec-9",
    "short": "Tec-9 | Phoenix Chalk",
    "name": "Tec-9 | Phoenix Chalk (Well-Worn)",
    "src": "https://steamcdn-a.akamaihd.net/apps/730/icons/econ/default_generated/weapon_tec9_hy_phoenix_tags_lilac_light_large.aea02b337e17a45482f1122047c756b9c8166249.png",
    "type": "skin",
    "rarity": 0,
    "price": 31
  },
  "Tec-9 | Phoenix Chalk (Battle-Scarred)": {
    "quality": 1,
    "weight": 0.05,
    "skin": "Phoenix Chalk",
    "weapon": "Tec-9",
    "short": "Tec-9 | Phoenix Chalk",
    "name": "Tec-9 | Phoenix Chalk (Battle-Scarred)",
    "src": "https://steamcdn-a.akamaihd.net/apps/730/icons/econ/default_generated/weapon_tec9_hy_phoenix_tags_lilac_light_large.aea02b337e17a45482f1122047c756b9c8166249.png",
    "type": "skin",
    "rarity": 0,
    "price": 13
  },
  "Tec-9 | Phoenix Chalk": {
    "masterItem": true,
    "qualities": [5, 4, 3, 2, 1],
    "skin": "Phoenix Chalk",
    "weapon": "Tec-9",
    "short": "Tec-9 | Phoenix Chalk",
    "name": "Tec-9 | Phoenix Chalk",
    "src": "https://steamcdn-a.akamaihd.net/apps/730/icons/econ/default_generated/weapon_tec9_hy_phoenix_tags_lilac_light_large.aea02b337e17a45482f1122047c756b9c8166249.png",
    "type": "skin",
    "rarity": 0,
    "price": 33,
    "minPrice": 13
  },
  "Galil AR | Phoenix Blacklight (Factory New)": {
    "quality": 5,
    "weight": 0.05,
    "skin": "Phoenix Blacklight",
    "weapon": "Galil AR",
    "short": "Galil AR | Phoenix Blacklight",
    "name": "Galil AR | Phoenix Blacklight (Factory New)",
    "src": "https://steamcdn-a.akamaihd.net/apps/730/icons/econ/default_generated/weapon_galilar_sp_phoenix_tags_purple_light_large.6b71292ab21580860b1dd716c5ce956bc99132ec.png",
    "type": "skin",
    "rarity": 3,
    "price": 3696
  },
  "Galil AR | Phoenix Blacklight (Minimal Wear)": {
    "quality": 4,
    "weight": 0.05,
    "skin": "Phoenix Blacklight",
    "weapon": "Galil AR",
    "short": "Galil AR | Phoenix Blacklight",
    "name": "Galil AR | Phoenix Blacklight (Minimal Wear)",
    "src": "https://steamcdn-a.akamaihd.net/apps/730/icons/econ/default_generated/weapon_galilar_sp_phoenix_tags_purple_light_large.6b71292ab21580860b1dd716c5ce956bc99132ec.png",
    "type": "skin",
    "rarity": 3,
    "price": 3794
  },
  "Galil AR | Phoenix Blacklight (Field-Tested)": {
    "quality": 3,
    "weight": 0.05,
    "skin": "Phoenix Blacklight",
    "weapon": "Galil AR",
    "short": "Galil AR | Phoenix Blacklight",
    "name": "Galil AR | Phoenix Blacklight (Field-Tested)",
    "src": "https://steamcdn-a.akamaihd.net/apps/730/icons/econ/default_generated/weapon_galilar_sp_phoenix_tags_purple_light_large.6b71292ab21580860b1dd716c5ce956bc99132ec.png",
    "type": "skin",
    "rarity": 3,
    "price": 2972
  },
  "Galil AR | Phoenix Blacklight (Well-Worn)": {
    "quality": 2,
    "weight": 0.05,
    "skin": "Phoenix Blacklight",
    "weapon": "Galil AR",
    "short": "Galil AR | Phoenix Blacklight",
    "name": "Galil AR | Phoenix Blacklight (Well-Worn)",
    "src": "https://steamcdn-a.akamaihd.net/apps/730/icons/econ/default_generated/weapon_galilar_sp_phoenix_tags_purple_light_large.6b71292ab21580860b1dd716c5ce956bc99132ec.png",
    "type": "skin",
    "rarity": 3,
    "price": 4294
  },
  "Galil AR | Phoenix Blacklight (Battle-Scarred)": {
    "quality": 1,
    "weight": 0.05,
    "skin": "Phoenix Blacklight",
    "weapon": "Galil AR",
    "short": "Galil AR | Phoenix Blacklight",
    "name": "Galil AR | Phoenix Blacklight (Battle-Scarred)",
    "src": "https://steamcdn-a.akamaihd.net/apps/730/icons/econ/default_generated/weapon_galilar_sp_phoenix_tags_purple_light_large.6b71292ab21580860b1dd716c5ce956bc99132ec.png",
    "type": "skin",
    "rarity": 3,
    "price": 3688
  },
  "Galil AR | Phoenix Blacklight": {
    "masterItem": true,
    "qualities": [5, 4, 3, 2, 1],
    "skin": "Phoenix Blacklight",
    "weapon": "Galil AR",
    "short": "Galil AR | Phoenix Blacklight",
    "name": "Galil AR | Phoenix Blacklight",
    "src": "https://steamcdn-a.akamaihd.net/apps/730/icons/econ/default_generated/weapon_galilar_sp_phoenix_tags_purple_light_large.6b71292ab21580860b1dd716c5ce956bc99132ec.png",
    "type": "skin",
    "rarity": 3,
    "price": 4294,
    "minPrice": 2972
  },
  "Desert Eagle | Night Heist (Factory New)": {
    "quality": 5,
    "weight": 0.05,
    "skin": "Night Heist",
    "weapon": "Desert Eagle",
    "short": "Desert Eagle | Night Heist",
    "name": "Desert Eagle | Night Heist (Factory New)",
    "src": "https://steamcdn-a.akamaihd.net/apps/730/icons/econ/default_generated/weapon_deagle_am_heist_plans_purple_light_large.737fb624218d14185e259e9f0af20ae1626a0e0b.png",
    "type": "skin",
    "rarity": 2,
    "price": 870
  },
  "Desert Eagle | Night Heist (Minimal Wear)": {
    "quality": 4,
    "weight": 0.05,
    "skin": "Night Heist",
    "weapon": "Desert Eagle",
    "short": "Desert Eagle | Night Heist",
    "name": "Desert Eagle | Night Heist (Minimal Wear)",
    "src": "https://steamcdn-a.akamaihd.net/apps/730/icons/econ/default_generated/weapon_deagle_am_heist_plans_purple_light_large.737fb624218d14185e259e9f0af20ae1626a0e0b.png",
    "type": "skin",
    "rarity": 2,
    "price": 627
  },
  "Desert Eagle | Night Heist (Field-Tested)": {
    "quality": 3,
    "weight": 0.05,
    "skin": "Night Heist",
    "weapon": "Desert Eagle",
    "short": "Desert Eagle | Night Heist",
    "name": "Desert Eagle | Night Heist (Field-Tested)",
    "src": "https://steamcdn-a.akamaihd.net/apps/730/icons/econ/default_generated/weapon_deagle_am_heist_plans_purple_light_large.737fb624218d14185e259e9f0af20ae1626a0e0b.png",
    "type": "skin",
    "rarity": 2,
    "price": 596
  },
  "Desert Eagle | Night Heist (Well-Worn)": {
    "quality": 2,
    "weight": 0.05,
    "skin": "Night Heist",
    "weapon": "Desert Eagle",
    "short": "Desert Eagle | Night Heist",
    "name": "Desert Eagle | Night Heist (Well-Worn)",
    "src": "https://steamcdn-a.akamaihd.net/apps/730/icons/econ/default_generated/weapon_deagle_am_heist_plans_purple_light_large.737fb624218d14185e259e9f0af20ae1626a0e0b.png",
    "type": "skin",
    "rarity": 2,
    "price": 761
  },
  "Desert Eagle | Night Heist (Battle-Scarred)": {
    "quality": 1,
    "weight": 0.05,
    "skin": "Night Heist",
    "weapon": "Desert Eagle",
    "short": "Desert Eagle | Night Heist",
    "name": "Desert Eagle | Night Heist (Battle-Scarred)",
    "src": "https://steamcdn-a.akamaihd.net/apps/730/icons/econ/default_generated/weapon_deagle_am_heist_plans_purple_light_large.737fb624218d14185e259e9f0af20ae1626a0e0b.png",
    "type": "skin",
    "rarity": 2,
    "price": 595
  },
  "Desert Eagle | Night Heist": {
    "masterItem": true,
    "qualities": [5, 4, 3, 2, 1],
    "skin": "Night Heist",
    "weapon": "Desert Eagle",
    "short": "Desert Eagle | Night Heist",
    "name": "Desert Eagle | Night Heist",
    "src": "https://steamcdn-a.akamaihd.net/apps/730/icons/econ/default_generated/weapon_deagle_am_heist_plans_purple_light_large.737fb624218d14185e259e9f0af20ae1626a0e0b.png",
    "type": "skin",
    "rarity": 2,
    "price": 870,
    "minPrice": 595
  },
  "PP-Bizon | Death Rattle (Minimal Wear)": {
    "quality": 4,
    "weight": 0.05,
    "skin": "Death Rattle",
    "weapon": "PP-Bizon",
    "short": "PP-Bizon | Death Rattle",
    "name": "PP-Bizon | Death Rattle (Minimal Wear)",
    "src": "https://steamcdn-a.akamaihd.net/apps/730/icons/econ/default_generated/weapon_bizon_hy_nerodia_light_large.6bef659d5403a53618b7bf7f5448d537395114f9.png",
    "type": "skin",
    "rarity": 0,
    "price": 20
  },
  "PP-Bizon | Death Rattle (Field-Tested)": {
    "quality": 3,
    "weight": 0.05,
    "skin": "Death Rattle",
    "weapon": "PP-Bizon",
    "short": "PP-Bizon | Death Rattle",
    "name": "PP-Bizon | Death Rattle (Field-Tested)",
    "src": "https://steamcdn-a.akamaihd.net/apps/730/icons/econ/default_generated/weapon_bizon_hy_nerodia_light_large.6bef659d5403a53618b7bf7f5448d537395114f9.png",
    "type": "skin",
    "rarity": 0,
    "price": 14
  },
  "PP-Bizon | Death Rattle (Well-Worn)": {
    "quality": 2,
    "weight": 0.05,
    "skin": "Death Rattle",
    "weapon": "PP-Bizon",
    "short": "PP-Bizon | Death Rattle",
    "name": "PP-Bizon | Death Rattle (Well-Worn)",
    "src": "https://steamcdn-a.akamaihd.net/apps/730/icons/econ/default_generated/weapon_bizon_hy_nerodia_light_large.6bef659d5403a53618b7bf7f5448d537395114f9.png",
    "type": "skin",
    "rarity": 0,
    "price": 20
  },
  "PP-Bizon | Death Rattle (Battle-Scarred)": {
    "quality": 1,
    "weight": 0.05,
    "skin": "Death Rattle",
    "weapon": "PP-Bizon",
    "short": "PP-Bizon | Death Rattle",
    "name": "PP-Bizon | Death Rattle (Battle-Scarred)",
    "src": "https://steamcdn-a.akamaihd.net/apps/730/icons/econ/default_generated/weapon_bizon_hy_nerodia_light_large.6bef659d5403a53618b7bf7f5448d537395114f9.png",
    "type": "skin",
    "rarity": 0,
    "price": 15
  },
  "PP-Bizon | Death Rattle": {
    "masterItem": true,
    "qualities": [4, 3, 2, 1],
    "skin": "Death Rattle",
    "weapon": "PP-Bizon",
    "short": "PP-Bizon | Death Rattle",
    "name": "PP-Bizon | Death Rattle",
    "src": "https://steamcdn-a.akamaihd.net/apps/730/icons/econ/default_generated/weapon_bizon_hy_nerodia_light_large.6bef659d5403a53618b7bf7f5448d537395114f9.png",
    "type": "skin",
    "rarity": 0,
    "price": 20,
    "minPrice": 14
  },
  "Nova | Rust Coat (Factory New)": {
    "quality": 5,
    "weight": 0.05,
    "skin": "Rust Coat",
    "weapon": "Nova",
    "short": "Nova | Rust Coat",
    "name": "Nova | Rust Coat (Factory New)",
    "src": "https://steamcdn-a.akamaihd.net/apps/730/icons/econ/default_generated/weapon_nova_aq_steel_light_large.01de004c646bf108c25c61e88af29720164da476.png",
    "type": "skin",
    "rarity": 1,
    "price": 161
  },
  "Nova | Rust Coat (Minimal Wear)": {
    "quality": 4,
    "weight": 0.05,
    "skin": "Rust Coat",
    "weapon": "Nova",
    "short": "Nova | Rust Coat",
    "name": "Nova | Rust Coat (Minimal Wear)",
    "src": "https://steamcdn-a.akamaihd.net/apps/730/icons/econ/default_generated/weapon_nova_aq_steel_light_large.01de004c646bf108c25c61e88af29720164da476.png",
    "type": "skin",
    "rarity": 1,
    "price": 114
  },
  "Nova | Rust Coat (Field-Tested)": {
    "quality": 3,
    "weight": 0.05,
    "skin": "Rust Coat",
    "weapon": "Nova",
    "short": "Nova | Rust Coat",
    "name": "Nova | Rust Coat (Field-Tested)",
    "src": "https://steamcdn-a.akamaihd.net/apps/730/icons/econ/default_generated/weapon_nova_aq_steel_light_large.01de004c646bf108c25c61e88af29720164da476.png",
    "type": "skin",
    "rarity": 1,
    "price": 98
  },
  "Nova | Rust Coat (Well-Worn)": {
    "quality": 2,
    "weight": 0.05,
    "skin": "Rust Coat",
    "weapon": "Nova",
    "short": "Nova | Rust Coat",
    "name": "Nova | Rust Coat (Well-Worn)",
    "src": "https://steamcdn-a.akamaihd.net/apps/730/icons/econ/default_generated/weapon_nova_aq_steel_light_large.01de004c646bf108c25c61e88af29720164da476.png",
    "type": "skin",
    "rarity": 1,
    "price": 115
  },
  "Nova | Rust Coat (Battle-Scarred)": {
    "quality": 1,
    "weight": 0.05,
    "skin": "Rust Coat",
    "weapon": "Nova",
    "short": "Nova | Rust Coat",
    "name": "Nova | Rust Coat (Battle-Scarred)",
    "src": "https://steamcdn-a.akamaihd.net/apps/730/icons/econ/default_generated/weapon_nova_aq_steel_light_large.01de004c646bf108c25c61e88af29720164da476.png",
    "type": "skin",
    "rarity": 1,
    "price": 105
  },
  "Nova | Rust Coat": {
    "masterItem": true,
    "qualities": [5, 4, 3, 2, 1],
    "skin": "Rust Coat",
    "weapon": "Nova",
    "short": "Nova | Rust Coat",
    "name": "Nova | Rust Coat",
    "src": "https://steamcdn-a.akamaihd.net/apps/730/icons/econ/default_generated/weapon_nova_aq_steel_light_large.01de004c646bf108c25c61e88af29720164da476.png",
    "type": "skin",
    "rarity": 1,
    "price": 161,
    "minPrice": 98
  },
  "Sawed-Off | Clay Ambush (Factory New)": {
    "quality": 5,
    "weight": 0.05,
    "skin": "Clay Ambush",
    "weapon": "Sawed-Off",
    "short": "Sawed-Off | Clay Ambush",
    "name": "Sawed-Off | Clay Ambush (Factory New)",
    "src": "https://steamcdn-a.akamaihd.net/apps/730/icons/econ/default_generated/weapon_sawedoff_hy_tigers_tan_light_large.6e52ecbb72de6bd0786141efefc3e7040989b6d7.png",
    "type": "skin",
    "rarity": 0,
    "price": 42
  },
  "Sawed-Off | Clay Ambush (Minimal Wear)": {
    "quality": 4,
    "weight": 0.05,
    "skin": "Clay Ambush",
    "weapon": "Sawed-Off",
    "short": "Sawed-Off | Clay Ambush",
    "name": "Sawed-Off | Clay Ambush (Minimal Wear)",
    "src": "https://steamcdn-a.akamaihd.net/apps/730/icons/econ/default_generated/weapon_sawedoff_hy_tigers_tan_light_large.6e52ecbb72de6bd0786141efefc3e7040989b6d7.png",
    "type": "skin",
    "rarity": 0,
    "price": 17
  },
  "Sawed-Off | Clay Ambush (Field-Tested)": {
    "quality": 3,
    "weight": 0.05,
    "skin": "Clay Ambush",
    "weapon": "Sawed-Off",
    "short": "Sawed-Off | Clay Ambush",
    "name": "Sawed-Off | Clay Ambush (Field-Tested)",
    "src": "https://steamcdn-a.akamaihd.net/apps/730/icons/econ/default_generated/weapon_sawedoff_hy_tigers_tan_light_large.6e52ecbb72de6bd0786141efefc3e7040989b6d7.png",
    "type": "skin",
    "rarity": 0,
    "price": 14
  },
  "Sawed-Off | Clay Ambush (Well-Worn)": {
    "quality": 2,
    "weight": 0.05,
    "skin": "Clay Ambush",
    "weapon": "Sawed-Off",
    "short": "Sawed-Off | Clay Ambush",
    "name": "Sawed-Off | Clay Ambush (Well-Worn)",
    "src": "https://steamcdn-a.akamaihd.net/apps/730/icons/econ/default_generated/weapon_sawedoff_hy_tigers_tan_light_large.6e52ecbb72de6bd0786141efefc3e7040989b6d7.png",
    "type": "skin",
    "rarity": 0,
    "price": 20
  },
  "Sawed-Off | Clay Ambush (Battle-Scarred)": {
    "quality": 1,
    "weight": 0.05,
    "skin": "Clay Ambush",
    "weapon": "Sawed-Off",
    "short": "Sawed-Off | Clay Ambush",
    "name": "Sawed-Off | Clay Ambush (Battle-Scarred)",
    "src": "https://steamcdn-a.akamaihd.net/apps/730/icons/econ/default_generated/weapon_sawedoff_hy_tigers_tan_light_large.6e52ecbb72de6bd0786141efefc3e7040989b6d7.png",
    "type": "skin",
    "rarity": 0,
    "price": 12
  },
  "Sawed-Off | Clay Ambush": {
    "masterItem": true,
    "qualities": [5, 4, 3, 2, 1],
    "skin": "Clay Ambush",
    "weapon": "Sawed-Off",
    "short": "Sawed-Off | Clay Ambush",
    "name": "Sawed-Off | Clay Ambush",
    "src": "https://steamcdn-a.akamaihd.net/apps/730/icons/econ/default_generated/weapon_sawedoff_hy_tigers_tan_light_large.6e52ecbb72de6bd0786141efefc3e7040989b6d7.png",
    "type": "skin",
    "rarity": 0,
    "price": 42,
    "minPrice": 12
  },
  "P90 | Tiger Pit (Factory New)": {
    "quality": 5,
    "weight": 0.05,
    "skin": "Tiger Pit",
    "weapon": "P90",
    "short": "P90 | Tiger Pit",
    "name": "P90 | Tiger Pit (Factory New)",
    "src": "https://steamcdn-a.akamaihd.net/apps/730/icons/econ/default_generated/weapon_p90_am_tigers_brown_light_large.853f8f5151285d07fa9e03527bf14dc40347c25e.png",
    "type": "skin",
    "rarity": 2,
    "price": 812
  },
  "P90 | Tiger Pit (Minimal Wear)": {
    "quality": 4,
    "weight": 0.05,
    "skin": "Tiger Pit",
    "weapon": "P90",
    "short": "P90 | Tiger Pit",
    "name": "P90 | Tiger Pit (Minimal Wear)",
    "src": "https://steamcdn-a.akamaihd.net/apps/730/icons/econ/default_generated/weapon_p90_am_tigers_brown_light_large.853f8f5151285d07fa9e03527bf14dc40347c25e.png",
    "type": "skin",
    "rarity": 2,
    "price": 742
  },
  "P90 | Tiger Pit (Field-Tested)": {
    "quality": 3,
    "weight": 0.05,
    "skin": "Tiger Pit",
    "weapon": "P90",
    "short": "P90 | Tiger Pit",
    "name": "P90 | Tiger Pit (Field-Tested)",
    "src": "https://steamcdn-a.akamaihd.net/apps/730/icons/econ/default_generated/weapon_p90_am_tigers_brown_light_large.853f8f5151285d07fa9e03527bf14dc40347c25e.png",
    "type": "skin",
    "rarity": 2,
    "price": 670
  },
  "P90 | Tiger Pit (Well-Worn)": {
    "quality": 2,
    "weight": 0.05,
    "skin": "Tiger Pit",
    "weapon": "P90",
    "short": "P90 | Tiger Pit",
    "name": "P90 | Tiger Pit (Well-Worn)",
    "src": "https://steamcdn-a.akamaihd.net/apps/730/icons/econ/default_generated/weapon_p90_am_tigers_brown_light_large.853f8f5151285d07fa9e03527bf14dc40347c25e.png",
    "type": "skin",
    "rarity": 2,
    "price": 719
  },
  "P90 | Tiger Pit (Battle-Scarred)": {
    "quality": 1,
    "weight": 0.05,
    "skin": "Tiger Pit",
    "weapon": "P90",
    "short": "P90 | Tiger Pit",
    "name": "P90 | Tiger Pit (Battle-Scarred)",
    "src": "https://steamcdn-a.akamaihd.net/apps/730/icons/econ/default_generated/weapon_p90_am_tigers_brown_light_large.853f8f5151285d07fa9e03527bf14dc40347c25e.png",
    "type": "skin",
    "rarity": 2,
    "price": 856
  },
  "P90 | Tiger Pit": {
    "masterItem": true,
    "qualities": [5, 4, 3, 2, 1],
    "skin": "Tiger Pit",
    "weapon": "P90",
    "short": "P90 | Tiger Pit",
    "name": "P90 | Tiger Pit",
    "src": "https://steamcdn-a.akamaihd.net/apps/730/icons/econ/default_generated/weapon_p90_am_tigers_brown_light_large.853f8f5151285d07fa9e03527bf14dc40347c25e.png",
    "type": "skin",
    "rarity": 2,
    "price": 856,
    "minPrice": 670
  },
  "Dual Berettas | Heist (Factory New)": {
    "quality": 5,
    "weight": 0.05,
    "skin": "Heist",
    "weapon": "Dual Berettas",
    "short": "Dual Berettas | Heist",
    "name": "Dual Berettas | Heist (Factory New)",
    "src": "https://steamcdn-a.akamaihd.net/apps/730/icons/econ/default_generated/weapon_elite_am_heist_plans_green_light_large.a4c7acda57bfceac6b4e25708bfd4881e9bed5e2.png",
    "type": "skin",
    "rarity": 0,
    "price": 34
  },
  "Dual Berettas | Heist (Minimal Wear)": {
    "quality": 4,
    "weight": 0.05,
    "skin": "Heist",
    "weapon": "Dual Berettas",
    "short": "Dual Berettas | Heist",
    "name": "Dual Berettas | Heist (Minimal Wear)",
    "src": "https://steamcdn-a.akamaihd.net/apps/730/icons/econ/default_generated/weapon_elite_am_heist_plans_green_light_large.a4c7acda57bfceac6b4e25708bfd4881e9bed5e2.png",
    "type": "skin",
    "rarity": 0,
    "price": 17
  },
  "Dual Berettas | Heist (Field-Tested)": {
    "quality": 3,
    "weight": 0.05,
    "skin": "Heist",
    "weapon": "Dual Berettas",
    "short": "Dual Berettas | Heist",
    "name": "Dual Berettas | Heist (Field-Tested)",
    "src": "https://steamcdn-a.akamaihd.net/apps/730/icons/econ/default_generated/weapon_elite_am_heist_plans_green_light_large.a4c7acda57bfceac6b4e25708bfd4881e9bed5e2.png",
    "type": "skin",
    "rarity": 0,
    "price": 15
  },
  "Dual Berettas | Heist (Well-Worn)": {
    "quality": 2,
    "weight": 0.05,
    "skin": "Heist",
    "weapon": "Dual Berettas",
    "short": "Dual Berettas | Heist",
    "name": "Dual Berettas | Heist (Well-Worn)",
    "src": "https://steamcdn-a.akamaihd.net/apps/730/icons/econ/default_generated/weapon_elite_am_heist_plans_green_light_large.a4c7acda57bfceac6b4e25708bfd4881e9bed5e2.png",
    "type": "skin",
    "rarity": 0,
    "price": 15
  },
  "Dual Berettas | Heist (Battle-Scarred)": {
    "quality": 1,
    "weight": 0.05,
    "skin": "Heist",
    "weapon": "Dual Berettas",
    "short": "Dual Berettas | Heist",
    "name": "Dual Berettas | Heist (Battle-Scarred)",
    "src": "https://steamcdn-a.akamaihd.net/apps/730/icons/econ/default_generated/weapon_elite_am_heist_plans_green_light_large.a4c7acda57bfceac6b4e25708bfd4881e9bed5e2.png",
    "type": "skin",
    "rarity": 0,
    "price": 13
  },
  "Dual Berettas | Heist": {
    "masterItem": true,
    "qualities": [5, 4, 3, 2, 1],
    "skin": "Heist",
    "weapon": "Dual Berettas",
    "short": "Dual Berettas | Heist",
    "name": "Dual Berettas | Heist",
    "src": "https://steamcdn-a.akamaihd.net/apps/730/icons/econ/default_generated/weapon_elite_am_heist_plans_green_light_large.a4c7acda57bfceac6b4e25708bfd4881e9bed5e2.png",
    "type": "skin",
    "rarity": 0,
    "price": 34,
    "minPrice": 13
  },
  "Negev | Phoenix Stencil (Factory New)": {
    "quality": 5,
    "weight": 0.05,
    "skin": "Phoenix Stencil",
    "weapon": "Negev",
    "short": "Negev | Phoenix Stencil",
    "name": "Negev | Phoenix Stencil (Factory New)",
    "src": "https://steamcdn-a.akamaihd.net/apps/730/icons/econ/default_generated/weapon_negev_hy_phoenix_tags_red_light_large.6d8ee0ad8e74ea1a6c6af60824445bd1450e34ac.png",
    "type": "skin",
    "rarity": 2,
    "price": 804
  },
  "Negev | Phoenix Stencil (Minimal Wear)": {
    "quality": 4,
    "weight": 0.05,
    "skin": "Phoenix Stencil",
    "weapon": "Negev",
    "short": "Negev | Phoenix Stencil",
    "name": "Negev | Phoenix Stencil (Minimal Wear)",
    "src": "https://steamcdn-a.akamaihd.net/apps/730/icons/econ/default_generated/weapon_negev_hy_phoenix_tags_red_light_large.6d8ee0ad8e74ea1a6c6af60824445bd1450e34ac.png",
    "type": "skin",
    "rarity": 2,
    "price": 766
  },
  "Negev | Phoenix Stencil (Field-Tested)": {
    "quality": 3,
    "weight": 0.05,
    "skin": "Phoenix Stencil",
    "weapon": "Negev",
    "short": "Negev | Phoenix Stencil",
    "name": "Negev | Phoenix Stencil (Field-Tested)",
    "src": "https://steamcdn-a.akamaihd.net/apps/730/icons/econ/default_generated/weapon_negev_hy_phoenix_tags_red_light_large.6d8ee0ad8e74ea1a6c6af60824445bd1450e34ac.png",
    "type": "skin",
    "rarity": 2,
    "price": 661
  },
  "Negev | Phoenix Stencil (Well-Worn)": {
    "quality": 2,
    "weight": 0.05,
    "skin": "Phoenix Stencil",
    "weapon": "Negev",
    "short": "Negev | Phoenix Stencil",
    "name": "Negev | Phoenix Stencil (Well-Worn)",
    "src": "https://steamcdn-a.akamaihd.net/apps/730/icons/econ/default_generated/weapon_negev_hy_phoenix_tags_red_light_large.6d8ee0ad8e74ea1a6c6af60824445bd1450e34ac.png",
    "type": "skin",
    "rarity": 2,
    "price": 879
  },
  "Negev | Phoenix Stencil (Battle-Scarred)": {
    "quality": 1,
    "weight": 0.05,
    "skin": "Phoenix Stencil",
    "weapon": "Negev",
    "short": "Negev | Phoenix Stencil",
    "name": "Negev | Phoenix Stencil (Battle-Scarred)",
    "src": "https://steamcdn-a.akamaihd.net/apps/730/icons/econ/default_generated/weapon_negev_hy_phoenix_tags_red_light_large.6d8ee0ad8e74ea1a6c6af60824445bd1450e34ac.png",
    "type": "skin",
    "rarity": 2,
    "price": 658
  },
  "Negev | Phoenix Stencil": {
    "masterItem": true,
    "qualities": [5, 4, 3, 2, 1],
    "skin": "Phoenix Stencil",
    "weapon": "Negev",
    "short": "Negev | Phoenix Stencil",
    "name": "Negev | Phoenix Stencil",
    "src": "https://steamcdn-a.akamaihd.net/apps/730/icons/econ/default_generated/weapon_negev_hy_phoenix_tags_red_light_large.6d8ee0ad8e74ea1a6c6af60824445bd1450e34ac.png",
    "type": "skin",
    "rarity": 2,
    "price": 879,
    "minPrice": 658
  },
  "R8 Revolver | Phoenix Marker (Factory New)": {
    "quality": 5,
    "weight": 0.05,
    "skin": "Phoenix Marker",
    "weapon": "R8 Revolver",
    "short": "R8 Revolver | Phoenix Marker",
    "name": "R8 Revolver | Phoenix Marker (Factory New)",
    "src": "https://steamcdn-a.akamaihd.net/apps/730/icons/econ/default_generated/weapon_revolver_am_phoenix_tags_blue_light_large.c98c31a965c8c89fe1c7ee5c5774daebef5a5c27.png",
    "type": "skin",
    "rarity": 1,
    "price": 160
  },
  "R8 Revolver | Phoenix Marker (Minimal Wear)": {
    "quality": 4,
    "weight": 0.05,
    "skin": "Phoenix Marker",
    "weapon": "R8 Revolver",
    "short": "R8 Revolver | Phoenix Marker",
    "name": "R8 Revolver | Phoenix Marker (Minimal Wear)",
    "src": "https://steamcdn-a.akamaihd.net/apps/730/icons/econ/default_generated/weapon_revolver_am_phoenix_tags_blue_light_large.c98c31a965c8c89fe1c7ee5c5774daebef5a5c27.png",
    "type": "skin",
    "rarity": 1,
    "price": 115
  },
  "R8 Revolver | Phoenix Marker (Field-Tested)": {
    "quality": 3,
    "weight": 0.05,
    "skin": "Phoenix Marker",
    "weapon": "R8 Revolver",
    "short": "R8 Revolver | Phoenix Marker",
    "name": "R8 Revolver | Phoenix Marker (Field-Tested)",
    "src": "https://steamcdn-a.akamaihd.net/apps/730/icons/econ/default_generated/weapon_revolver_am_phoenix_tags_blue_light_large.c98c31a965c8c89fe1c7ee5c5774daebef5a5c27.png",
    "type": "skin",
    "rarity": 1,
    "price": 112
  },
  "R8 Revolver | Phoenix Marker (Well-Worn)": {
    "quality": 2,
    "weight": 0.05,
    "skin": "Phoenix Marker",
    "weapon": "R8 Revolver",
    "short": "R8 Revolver | Phoenix Marker",
    "name": "R8 Revolver | Phoenix Marker (Well-Worn)",
    "src": "https://steamcdn-a.akamaihd.net/apps/730/icons/econ/default_generated/weapon_revolver_am_phoenix_tags_blue_light_large.c98c31a965c8c89fe1c7ee5c5774daebef5a5c27.png",
    "type": "skin",
    "rarity": 1,
    "price": 127
  },
  "R8 Revolver | Phoenix Marker (Battle-Scarred)": {
    "quality": 1,
    "weight": 0.05,
    "skin": "Phoenix Marker",
    "weapon": "R8 Revolver",
    "short": "R8 Revolver | Phoenix Marker",
    "name": "R8 Revolver | Phoenix Marker (Battle-Scarred)",
    "src": "https://steamcdn-a.akamaihd.net/apps/730/icons/econ/default_generated/weapon_revolver_am_phoenix_tags_blue_light_large.c98c31a965c8c89fe1c7ee5c5774daebef5a5c27.png",
    "type": "skin",
    "rarity": 1,
    "price": 110
  },
  "R8 Revolver | Phoenix Marker": {
    "masterItem": true,
    "qualities": [5, 4, 3, 2, 1],
    "skin": "Phoenix Marker",
    "weapon": "R8 Revolver",
    "short": "R8 Revolver | Phoenix Marker",
    "name": "R8 Revolver | Phoenix Marker",
    "src": "https://steamcdn-a.akamaihd.net/apps/730/icons/econ/default_generated/weapon_revolver_am_phoenix_tags_blue_light_large.c98c31a965c8c89fe1c7ee5c5774daebef5a5c27.png",
    "type": "skin",
    "rarity": 1,
    "price": 160,
    "minPrice": 110
  }
}