{"The 2018 Inferno Collection":{"name":"The 2018 Inferno Collection","src":"images/items/collections/inferno2018.webp","price":943,"type":"case","rarity":0,"content":{"items":["M4A4 | Converter (Factory New)","M4A4 | Converter (Minimal Wear)","M4A4 | Converter (Field-Tested)","M4A4 | Converter (Well-Worn)","Souvenir M4A4 | Converter (Factory New)","Souvenir M4A4 | Converter (Minimal Wear)","Souvenir M4A4 | Converter (Field-Tested)","Souvenir M4A4 | Converter (Well-Worn)","P250 | Vino Primo (Factory New)","P250 | Vino Primo (Minimal Wear)","P250 | Vino Primo (Field-Tested)","P250 | Vino Primo (Well-Worn)","P250 | Vino Primo (Battle-Scarred)","Souvenir P250 | Vino Primo (Factory New)","Souvenir P250 | Vino Primo (Minimal Wear)","Souvenir P250 | Vino Primo (Field-Tested)","Souvenir P250 | Vino Primo (Well-Worn)","Souvenir P250 | Vino Primo (Battle-Scarred)","SSG 08 | Hand Brake (Factory New)","SSG 08 | Hand Brake (Minimal Wear)","SSG 08 | Hand Brake (Field-Tested)","SSG 08 | Hand Brake (Well-Worn)","SSG 08 | Hand Brake (Battle-Scarred)","Souvenir SSG 08 | Hand Brake (Factory New)","Souvenir SSG 08 | Hand Brake (Minimal Wear)","Souvenir SSG 08 | Hand Brake (Field-Tested)","Souvenir SSG 08 | Hand Brake (Well-Worn)","Souvenir SSG 08 | Hand Brake (Battle-Scarred)","Glock-18 | High Beam (Factory New)","Glock-18 | High Beam (Minimal Wear)","Souvenir Glock-18 | High Beam (Factory New)","Souvenir Glock-18 | High Beam (Minimal Wear)","MP7 | Fade (Factory New)","MP7 | Fade (Minimal Wear)","MP7 | Fade (Field-Tested)","Souvenir MP7 | Fade (Factory New)","Souvenir MP7 | Fade (Minimal Wear)","Souvenir MP7 | Fade (Field-Tested)","Dual Berettas | Twin Turbo (Factory New)","Dual Berettas | Twin Turbo (Minimal Wear)","Dual Berettas | Twin Turbo (Field-Tested)","Dual Berettas | Twin Turbo (Well-Worn)","Dual Berettas | Twin Turbo (Battle-Scarred)","Souvenir Dual Berettas | Twin Turbo (Factory New)","Souvenir Dual Berettas | Twin Turbo (Minimal Wear)","Souvenir Dual Berettas | Twin Turbo (Field-Tested)","Souvenir Dual Berettas | Twin Turbo (Well-Worn)","Souvenir Dual Berettas | Twin Turbo (Battle-Scarred)","SG 553 | Integrale (Factory New)","SG 553 | Integrale (Minimal Wear)","SG 553 | Integrale (Field-Tested)","SG 553 | Integrale (Well-Worn)","SG 553 | Integrale (Battle-Scarred)","Souvenir SG 553 | Integrale (Factory New)","Souvenir SG 553 | Integrale (Minimal Wear)","Souvenir SG 553 | Integrale (Field-Tested)","Souvenir SG 553 | Integrale (Well-Worn)","Souvenir SG 553 | Integrale (Battle-Scarred)","Sawed-Off | Brake Light (Factory New)","Sawed-Off | Brake Light (Minimal Wear)","Souvenir Sawed-Off | Brake Light (Factory New)","Souvenir Sawed-Off | Brake Light (Minimal Wear)","MAC-10 | Calf Skin (Factory New)","MAC-10 | Calf Skin (Minimal Wear)","MAC-10 | Calf Skin (Field-Tested)","MAC-10 | Calf Skin (Well-Worn)","MAC-10 | Calf Skin (Battle-Scarred)","Souvenir MAC-10 | Calf Skin (Factory New)","Souvenir MAC-10 | Calf Skin (Minimal Wear)","Souvenir MAC-10 | Calf Skin (Field-Tested)","Souvenir MAC-10 | Calf Skin (Well-Worn)","Souvenir MAC-10 | Calf Skin (Battle-Scarred)","PP-Bizon | Candy Apple (Factory New)","PP-Bizon | Candy Apple (Minimal Wear)","PP-Bizon | Candy Apple (Field-Tested)","Souvenir PP-Bizon | Candy Apple (Factory New)","Souvenir PP-Bizon | Candy Apple (Minimal Wear)","Souvenir PP-Bizon | Candy Apple (Field-Tested)","R8 Revolver | Nitro (Factory New)","R8 Revolver | Nitro (Minimal Wear)","R8 Revolver | Nitro (Field-Tested)","R8 Revolver | Nitro (Well-Worn)","R8 Revolver | Nitro (Battle-Scarred)","Souvenir R8 Revolver | Nitro (Factory New)","Souvenir R8 Revolver | Nitro (Minimal Wear)","Souvenir R8 Revolver | Nitro (Field-Tested)","Souvenir R8 Revolver | Nitro (Well-Worn)","Souvenir R8 Revolver | Nitro (Battle-Scarred)","AUG | Sweeper (Factory New)","AUG | Sweeper (Minimal Wear)","AUG | Sweeper (Field-Tested)","AUG | Sweeper (Well-Worn)","AUG | Sweeper (Battle-Scarred)","Souvenir AUG | Sweeper (Factory New)","Souvenir AUG | Sweeper (Minimal Wear)","Souvenir AUG | Sweeper (Field-Tested)","Souvenir AUG | Sweeper (Well-Worn)","Souvenir AUG | Sweeper (Battle-Scarred)","USP-S | Check Engine (Factory New)","USP-S | Check Engine (Minimal Wear)","USP-S | Check Engine (Field-Tested)","USP-S | Check Engine (Well-Worn)","USP-S | Check Engine (Battle-Scarred)","Souvenir USP-S | Check Engine (Factory New)","Souvenir USP-S | Check Engine (Minimal Wear)","Souvenir USP-S | Check Engine (Field-Tested)","Souvenir USP-S | Check Engine (Well-Worn)","Souvenir USP-S | Check Engine (Battle-Scarred)","AK-47 | Safety Net (Factory New)","AK-47 | Safety Net (Minimal Wear)","AK-47 | Safety Net (Field-Tested)","AK-47 | Safety Net (Well-Worn)","AK-47 | Safety Net (Battle-Scarred)","Souvenir AK-47 | Safety Net (Factory New)","Souvenir AK-47 | Safety Net (Minimal Wear)","Souvenir AK-47 | Safety Net (Field-Tested)","Souvenir AK-47 | Safety Net (Well-Worn)","Souvenir AK-47 | Safety Net (Battle-Scarred)","MAG-7 | Rust Coat (Factory New)","MAG-7 | Rust Coat (Minimal Wear)","MAG-7 | Rust Coat (Field-Tested)","MAG-7 | Rust Coat (Well-Worn)","MAG-7 | Rust Coat (Battle-Scarred)","Souvenir MAG-7 | Rust Coat (Factory New)","Souvenir MAG-7 | Rust Coat (Minimal Wear)","Souvenir MAG-7 | Rust Coat (Field-Tested)","Souvenir MAG-7 | Rust Coat (Well-Worn)","Souvenir MAG-7 | Rust Coat (Battle-Scarred)","MP5-SD | Dirt Drop (Factory New)","MP5-SD | Dirt Drop (Minimal Wear)","MP5-SD | Dirt Drop (Field-Tested)","MP5-SD | Dirt Drop (Well-Worn)","MP5-SD | Dirt Drop (Battle-Scarred)","Souvenir MP5-SD | Dirt Drop (Factory New)","Souvenir MP5-SD | Dirt Drop (Minimal Wear)","Souvenir MP5-SD | Dirt Drop (Field-Tested)","Souvenir MP5-SD | Dirt Drop (Well-Worn)","Souvenir MP5-SD | Dirt Drop (Battle-Scarred)","UMP-45 | Mudder (Factory New)","UMP-45 | Mudder (Minimal Wear)","UMP-45 | Mudder (Field-Tested)","UMP-45 | Mudder (Well-Worn)","UMP-45 | Mudder (Battle-Scarred)","Souvenir UMP-45 | Mudder (Factory New)","Souvenir UMP-45 | Mudder (Minimal Wear)","Souvenir UMP-45 | Mudder (Field-Tested)","Souvenir UMP-45 | Mudder (Well-Worn)","Souvenir UMP-45 | Mudder (Battle-Scarred)","MP9 | Slide (Factory New)","MP9 | Slide (Minimal Wear)","MP9 | Slide (Field-Tested)","MP9 | Slide (Well-Worn)","MP9 | Slide (Battle-Scarred)","Souvenir MP9 | Slide (Factory New)","Souvenir MP9 | Slide (Minimal Wear)","Souvenir MP9 | Slide (Field-Tested)","Souvenir MP9 | Slide (Well-Worn)","Souvenir MP9 | Slide (Battle-Scarred)"]}},"M4A4 | Converter (Factory New)":{"quality":5,"skin":"Converter","weapon":"M4A4","short":"M4A4 | Converter","name":"M4A4 | Converter (Factory New)","src":"https://steamcdn-a.akamaihd.net/apps/730/icons/econ/default_generated/weapon_m4a1_hy_red_hex_light_large.cd2153af94a302c0293620289716a29d9fbfbeca.png","type":"skin","rarity":2,"price":92},"M4A4 | Converter (Minimal Wear)":{"quality":4,"skin":"Converter","weapon":"M4A4","short":"M4A4 | Converter","name":"M4A4 | Converter (Minimal Wear)","src":"https://steamcdn-a.akamaihd.net/apps/730/icons/econ/default_generated/weapon_m4a1_hy_red_hex_light_large.cd2153af94a302c0293620289716a29d9fbfbeca.png","type":"skin","rarity":2,"price":72},"M4A4 | Converter (Field-Tested)":{"quality":3,"skin":"Converter","weapon":"M4A4","short":"M4A4 | Converter","name":"M4A4 | Converter (Field-Tested)","src":"https://steamcdn-a.akamaihd.net/apps/730/icons/econ/default_generated/weapon_m4a1_hy_red_hex_light_large.cd2153af94a302c0293620289716a29d9fbfbeca.png","type":"skin","rarity":2,"price":56},"M4A4 | Converter (Well-Worn)":{"quality":2,"skin":"Converter","weapon":"M4A4","short":"M4A4 | Converter","name":"M4A4 | Converter (Well-Worn)","src":"https://steamcdn-a.akamaihd.net/apps/730/icons/econ/default_generated/weapon_m4a1_hy_red_hex_light_large.cd2153af94a302c0293620289716a29d9fbfbeca.png","type":"skin","rarity":2,"price":108},"Souvenir M4A4 | Converter (Factory New)":{"souvenir":true,"quality":5,"skin":"Converter","weapon":"M4A4","short":"M4A4 | Converter","name":"Souvenir M4A4 | Converter (Factory New)","src":"https://steamcdn-a.akamaihd.net/apps/730/icons/econ/default_generated/weapon_m4a1_hy_red_hex_light_large.cd2153af94a302c0293620289716a29d9fbfbeca.png","type":"skin","rarity":2,"price":602},"Souvenir M4A4 | Converter (Minimal Wear)":{"souvenir":true,"quality":4,"skin":"Converter","weapon":"M4A4","short":"M4A4 | Converter","name":"Souvenir M4A4 | Converter (Minimal Wear)","src":"https://steamcdn-a.akamaihd.net/apps/730/icons/econ/default_generated/weapon_m4a1_hy_red_hex_light_large.cd2153af94a302c0293620289716a29d9fbfbeca.png","type":"skin","rarity":2,"price":385},"Souvenir M4A4 | Converter (Field-Tested)":{"souvenir":true,"quality":3,"skin":"Converter","weapon":"M4A4","short":"M4A4 | Converter","name":"Souvenir M4A4 | Converter (Field-Tested)","src":"https://steamcdn-a.akamaihd.net/apps/730/icons/econ/default_generated/weapon_m4a1_hy_red_hex_light_large.cd2153af94a302c0293620289716a29d9fbfbeca.png","type":"skin","rarity":2,"price":199},"Souvenir M4A4 | Converter (Well-Worn)":{"souvenir":true,"quality":2,"skin":"Converter","weapon":"M4A4","short":"M4A4 | Converter","name":"Souvenir M4A4 | Converter (Well-Worn)","src":"https://steamcdn-a.akamaihd.net/apps/730/icons/econ/default_generated/weapon_m4a1_hy_red_hex_light_large.cd2153af94a302c0293620289716a29d9fbfbeca.png","type":"skin","rarity":2,"price":955},"M4A4 | Converter":{"souvenirAvailable":true,"masterItem":true,"qualities":[5,4,3,2],"skin":"Converter","weapon":"M4A4","short":"M4A4 | Converter","name":"M4A4 | Converter","src":"https://steamcdn-a.akamaihd.net/apps/730/icons/econ/default_generated/weapon_m4a1_hy_red_hex_light_large.cd2153af94a302c0293620289716a29d9fbfbeca.png","type":"skin","rarity":2,"price":955,"minPrice":56},"P250 | Vino Primo (Factory New)":{"quality":5,"skin":"Vino Primo","weapon":"P250","short":"P250 | Vino Primo","name":"P250 | Vino Primo (Factory New)","src":"https://steamcdn-a.akamaihd.net/apps/730/icons/econ/default_generated/weapon_p250_gs_p250_checker_light_large.ed544cb647f7bf4e4ccc103a0b687b562d2fb297.png","type":"skin","rarity":3,"price":922},"P250 | Vino Primo (Minimal Wear)":{"quality":4,"skin":"Vino Primo","weapon":"P250","short":"P250 | Vino Primo","name":"P250 | Vino Primo (Minimal Wear)","src":"https://steamcdn-a.akamaihd.net/apps/730/icons/econ/default_generated/weapon_p250_gs_p250_checker_light_large.ed544cb647f7bf4e4ccc103a0b687b562d2fb297.png","type":"skin","rarity":3,"price":551},"P250 | Vino Primo (Field-Tested)":{"quality":3,"skin":"Vino Primo","weapon":"P250","short":"P250 | Vino Primo","name":"P250 | Vino Primo (Field-Tested)","src":"https://steamcdn-a.akamaihd.net/apps/730/icons/econ/default_generated/weapon_p250_gs_p250_checker_light_large.ed544cb647f7bf4e4ccc103a0b687b562d2fb297.png","type":"skin","rarity":3,"price":307},"P250 | Vino Primo (Well-Worn)":{"quality":2,"skin":"Vino Primo","weapon":"P250","short":"P250 | Vino Primo","name":"P250 | Vino Primo (Well-Worn)","src":"https://steamcdn-a.akamaihd.net/apps/730/icons/econ/default_generated/weapon_p250_gs_p250_checker_light_large.ed544cb647f7bf4e4ccc103a0b687b562d2fb297.png","type":"skin","rarity":3,"price":224},"P250 | Vino Primo (Battle-Scarred)":{"quality":1,"skin":"Vino Primo","weapon":"P250","short":"P250 | Vino Primo","name":"P250 | Vino Primo (Battle-Scarred)","src":"https://steamcdn-a.akamaihd.net/apps/730/icons/econ/default_generated/weapon_p250_gs_p250_checker_light_large.ed544cb647f7bf4e4ccc103a0b687b562d2fb297.png","type":"skin","rarity":3,"price":191},"Souvenir P250 | Vino Primo (Factory New)":{"souvenir":true,"quality":5,"skin":"Vino Primo","weapon":"P250","short":"P250 | Vino Primo","name":"Souvenir P250 | Vino Primo (Factory New)","src":"https://steamcdn-a.akamaihd.net/apps/730/icons/econ/default_generated/weapon_p250_gs_p250_checker_light_large.ed544cb647f7bf4e4ccc103a0b687b562d2fb297.png","type":"skin","rarity":3,"price":15821},"Souvenir P250 | Vino Primo (Minimal Wear)":{"souvenir":true,"quality":4,"skin":"Vino Primo","weapon":"P250","short":"P250 | Vino Primo","name":"Souvenir P250 | Vino Primo (Minimal Wear)","src":"https://steamcdn-a.akamaihd.net/apps/730/icons/econ/default_generated/weapon_p250_gs_p250_checker_light_large.ed544cb647f7bf4e4ccc103a0b687b562d2fb297.png","type":"skin","rarity":3,"price":1278},"Souvenir P250 | Vino Primo (Field-Tested)":{"souvenir":true,"quality":3,"skin":"Vino Primo","weapon":"P250","short":"P250 | Vino Primo","name":"Souvenir P250 | Vino Primo (Field-Tested)","src":"https://steamcdn-a.akamaihd.net/apps/730/icons/econ/default_generated/weapon_p250_gs_p250_checker_light_large.ed544cb647f7bf4e4ccc103a0b687b562d2fb297.png","type":"skin","rarity":3,"price":694},"Souvenir P250 | Vino Primo (Well-Worn)":{"souvenir":true,"quality":2,"skin":"Vino Primo","weapon":"P250","short":"P250 | Vino Primo","name":"Souvenir P250 | Vino Primo (Well-Worn)","src":"https://steamcdn-a.akamaihd.net/apps/730/icons/econ/default_generated/weapon_p250_gs_p250_checker_light_large.ed544cb647f7bf4e4ccc103a0b687b562d2fb297.png","type":"skin","rarity":3,"price":497},"Souvenir P250 | Vino Primo (Battle-Scarred)":{"souvenir":true,"quality":1,"skin":"Vino Primo","weapon":"P250","short":"P250 | Vino Primo","name":"Souvenir P250 | Vino Primo (Battle-Scarred)","src":"https://steamcdn-a.akamaihd.net/apps/730/icons/econ/default_generated/weapon_p250_gs_p250_checker_light_large.ed544cb647f7bf4e4ccc103a0b687b562d2fb297.png","type":"skin","rarity":3,"price":509},"P250 | Vino Primo":{"souvenirAvailable":true,"masterItem":true,"qualities":[5,4,3,2,1],"skin":"Vino Primo","weapon":"P250","short":"P250 | Vino Primo","name":"P250 | Vino Primo","src":"https://steamcdn-a.akamaihd.net/apps/730/icons/econ/default_generated/weapon_p250_gs_p250_checker_light_large.ed544cb647f7bf4e4ccc103a0b687b562d2fb297.png","type":"skin","rarity":3,"price":15821,"minPrice":191},"SSG 08 | Hand Brake (Factory New)":{"quality":5,"skin":"Hand Brake","weapon":"SSG 08","short":"SSG 08 | Hand Brake","name":"SSG 08 | Hand Brake (Factory New)","src":"https://steamcdn-a.akamaihd.net/apps/730/icons/econ/default_generated/weapon_ssg08_gs_ssg08_checker_light_large.26b2d6ca1e703c0427c31fa43bb1bf9fca58690e.png","type":"skin","rarity":2,"price":144},"SSG 08 | Hand Brake (Minimal Wear)":{"quality":4,"skin":"Hand Brake","weapon":"SSG 08","short":"SSG 08 | Hand Brake","name":"SSG 08 | Hand Brake (Minimal Wear)","src":"https://steamcdn-a.akamaihd.net/apps/730/icons/econ/default_generated/weapon_ssg08_gs_ssg08_checker_light_large.26b2d6ca1e703c0427c31fa43bb1bf9fca58690e.png","type":"skin","rarity":2,"price":72},"SSG 08 | Hand Brake (Field-Tested)":{"quality":3,"skin":"Hand Brake","weapon":"SSG 08","short":"SSG 08 | Hand Brake","name":"SSG 08 | Hand Brake (Field-Tested)","src":"https://steamcdn-a.akamaihd.net/apps/730/icons/econ/default_generated/weapon_ssg08_gs_ssg08_checker_light_large.26b2d6ca1e703c0427c31fa43bb1bf9fca58690e.png","type":"skin","rarity":2,"price":57},"SSG 08 | Hand Brake (Well-Worn)":{"quality":2,"skin":"Hand Brake","weapon":"SSG 08","short":"SSG 08 | Hand Brake","name":"SSG 08 | Hand Brake (Well-Worn)","src":"https://steamcdn-a.akamaihd.net/apps/730/icons/econ/default_generated/weapon_ssg08_gs_ssg08_checker_light_large.26b2d6ca1e703c0427c31fa43bb1bf9fca58690e.png","type":"skin","rarity":2,"price":44},"SSG 08 | Hand Brake (Battle-Scarred)":{"quality":1,"skin":"Hand Brake","weapon":"SSG 08","short":"SSG 08 | Hand Brake","name":"SSG 08 | Hand Brake (Battle-Scarred)","src":"https://steamcdn-a.akamaihd.net/apps/730/icons/econ/default_generated/weapon_ssg08_gs_ssg08_checker_light_large.26b2d6ca1e703c0427c31fa43bb1bf9fca58690e.png","type":"skin","rarity":2,"price":44},"Souvenir SSG 08 | Hand Brake (Factory New)":{"souvenir":true,"quality":5,"skin":"Hand Brake","weapon":"SSG 08","short":"SSG 08 | Hand Brake","name":"Souvenir SSG 08 | Hand Brake (Factory New)","src":"https://steamcdn-a.akamaihd.net/apps/730/icons/econ/default_generated/weapon_ssg08_gs_ssg08_checker_light_large.26b2d6ca1e703c0427c31fa43bb1bf9fca58690e.png","type":"skin","rarity":2,"price":3972},"Souvenir SSG 08 | Hand Brake (Minimal Wear)":{"souvenir":true,"quality":4,"skin":"Hand Brake","weapon":"SSG 08","short":"SSG 08 | Hand Brake","name":"Souvenir SSG 08 | Hand Brake (Minimal Wear)","src":"https://steamcdn-a.akamaihd.net/apps/730/icons/econ/default_generated/weapon_ssg08_gs_ssg08_checker_light_large.26b2d6ca1e703c0427c31fa43bb1bf9fca58690e.png","type":"skin","rarity":2,"price":468},"Souvenir SSG 08 | Hand Brake (Field-Tested)":{"souvenir":true,"quality":3,"skin":"Hand Brake","weapon":"SSG 08","short":"SSG 08 | Hand Brake","name":"Souvenir SSG 08 | Hand Brake (Field-Tested)","src":"https://steamcdn-a.akamaihd.net/apps/730/icons/econ/default_generated/weapon_ssg08_gs_ssg08_checker_light_large.26b2d6ca1e703c0427c31fa43bb1bf9fca58690e.png","type":"skin","rarity":2,"price":242},"Souvenir SSG 08 | Hand Brake (Well-Worn)":{"souvenir":true,"quality":2,"skin":"Hand Brake","weapon":"SSG 08","short":"SSG 08 | Hand Brake","name":"Souvenir SSG 08 | Hand Brake (Well-Worn)","src":"https://steamcdn-a.akamaihd.net/apps/730/icons/econ/default_generated/weapon_ssg08_gs_ssg08_checker_light_large.26b2d6ca1e703c0427c31fa43bb1bf9fca58690e.png","type":"skin","rarity":2,"price":173},"Souvenir SSG 08 | Hand Brake (Battle-Scarred)":{"souvenir":true,"quality":1,"skin":"Hand Brake","weapon":"SSG 08","short":"SSG 08 | Hand Brake","name":"Souvenir SSG 08 | Hand Brake (Battle-Scarred)","src":"https://steamcdn-a.akamaihd.net/apps/730/icons/econ/default_generated/weapon_ssg08_gs_ssg08_checker_light_large.26b2d6ca1e703c0427c31fa43bb1bf9fca58690e.png","type":"skin","rarity":2,"price":141},"SSG 08 | Hand Brake":{"souvenirAvailable":true,"masterItem":true,"qualities":[5,4,3,2,1],"skin":"Hand Brake","weapon":"SSG 08","short":"SSG 08 | Hand Brake","name":"SSG 08 | Hand Brake","src":"https://steamcdn-a.akamaihd.net/apps/730/icons/econ/default_generated/weapon_ssg08_gs_ssg08_checker_light_large.26b2d6ca1e703c0427c31fa43bb1bf9fca58690e.png","type":"skin","rarity":2,"price":3972,"minPrice":44},"Glock-18 | High Beam (Factory New)":{"quality":5,"skin":"High Beam","weapon":"Glock-18","short":"Glock-18 | High Beam","name":"Glock-18 | High Beam (Factory New)","src":"https://steamcdn-a.akamaihd.net/apps/730/icons/econ/default_generated/weapon_glock_aa_vertigo_blue_light_large.0f4a3ec87faf17bb8557aa3b57a99606ac24c44e.png","type":"skin","rarity":1,"price":15},"Glock-18 | High Beam (Minimal Wear)":{"quality":4,"skin":"High Beam","weapon":"Glock-18","short":"Glock-18 | High Beam","name":"Glock-18 | High Beam (Minimal Wear)","src":"https://steamcdn-a.akamaihd.net/apps/730/icons/econ/default_generated/weapon_glock_aa_vertigo_blue_light_large.0f4a3ec87faf17bb8557aa3b57a99606ac24c44e.png","type":"skin","rarity":1,"price":34},"Souvenir Glock-18 | High Beam (Factory New)":{"souvenir":true,"quality":5,"skin":"High Beam","weapon":"Glock-18","short":"Glock-18 | High Beam","name":"Souvenir Glock-18 | High Beam (Factory New)","src":"https://steamcdn-a.akamaihd.net/apps/730/icons/econ/default_generated/weapon_glock_aa_vertigo_blue_light_large.0f4a3ec87faf17bb8557aa3b57a99606ac24c44e.png","type":"skin","rarity":1,"price":228},"Souvenir Glock-18 | High Beam (Minimal Wear)":{"souvenir":true,"quality":4,"skin":"High Beam","weapon":"Glock-18","short":"Glock-18 | High Beam","name":"Souvenir Glock-18 | High Beam (Minimal Wear)","src":"https://steamcdn-a.akamaihd.net/apps/730/icons/econ/default_generated/weapon_glock_aa_vertigo_blue_light_large.0f4a3ec87faf17bb8557aa3b57a99606ac24c44e.png","type":"skin","rarity":1,"price":464},"Glock-18 | High Beam":{"souvenirAvailable":true,"masterItem":true,"qualities":[5,4],"skin":"High Beam","weapon":"Glock-18","short":"Glock-18 | High Beam","name":"Glock-18 | High Beam","src":"https://steamcdn-a.akamaihd.net/apps/730/icons/econ/default_generated/weapon_glock_aa_vertigo_blue_light_large.0f4a3ec87faf17bb8557aa3b57a99606ac24c44e.png","type":"skin","rarity":1,"price":464,"minPrice":15},"MP7 | Fade (Factory New)":{"quality":5,"skin":"Fade","weapon":"MP7","short":"MP7 | Fade","name":"MP7 | Fade (Factory New)","src":"https://steamcdn-a.akamaihd.net/apps/730/icons/econ/default_generated/weapon_mp7_aa_fade_mp7_light_large.ed53795666c445f3b00a4968062514b3bb5dd166.png","type":"skin","rarity":3,"price":846},"MP7 | Fade (Minimal Wear)":{"quality":4,"skin":"Fade","weapon":"MP7","short":"MP7 | Fade","name":"MP7 | Fade (Minimal Wear)","src":"https://steamcdn-a.akamaihd.net/apps/730/icons/econ/default_generated/weapon_mp7_aa_fade_mp7_light_large.ed53795666c445f3b00a4968062514b3bb5dd166.png","type":"skin","rarity":3,"price":557},"MP7 | Fade (Field-Tested)":{"quality":3,"skin":"Fade","weapon":"MP7","short":"MP7 | Fade","name":"MP7 | Fade (Field-Tested)","src":"https://steamcdn-a.akamaihd.net/apps/730/icons/econ/default_generated/weapon_mp7_aa_fade_mp7_light_large.ed53795666c445f3b00a4968062514b3bb5dd166.png","type":"skin","rarity":3,"price":373},"Souvenir MP7 | Fade (Factory New)":{"souvenir":true,"quality":5,"skin":"Fade","weapon":"MP7","short":"MP7 | Fade","name":"Souvenir MP7 | Fade (Factory New)","src":"https://steamcdn-a.akamaihd.net/apps/730/icons/econ/default_generated/weapon_mp7_aa_fade_mp7_light_large.ed53795666c445f3b00a4968062514b3bb5dd166.png","type":"skin","rarity":3,"price":3013},"Souvenir MP7 | Fade (Minimal Wear)":{"souvenir":true,"quality":4,"skin":"Fade","weapon":"MP7","short":"MP7 | Fade","name":"Souvenir MP7 | Fade (Minimal Wear)","src":"https://steamcdn-a.akamaihd.net/apps/730/icons/econ/default_generated/weapon_mp7_aa_fade_mp7_light_large.ed53795666c445f3b00a4968062514b3bb5dd166.png","type":"skin","rarity":3,"price":1210},"Souvenir MP7 | Fade (Field-Tested)":{"souvenir":true,"quality":3,"skin":"Fade","weapon":"MP7","short":"MP7 | Fade","name":"Souvenir MP7 | Fade (Field-Tested)","src":"https://steamcdn-a.akamaihd.net/apps/730/icons/econ/default_generated/weapon_mp7_aa_fade_mp7_light_large.ed53795666c445f3b00a4968062514b3bb5dd166.png","type":"skin","rarity":3,"price":1063},"MP7 | Fade":{"souvenirAvailable":true,"masterItem":true,"qualities":[5,4,3],"skin":"Fade","weapon":"MP7","short":"MP7 | Fade","name":"MP7 | Fade","src":"https://steamcdn-a.akamaihd.net/apps/730/icons/econ/default_generated/weapon_mp7_aa_fade_mp7_light_large.ed53795666c445f3b00a4968062514b3bb5dd166.png","type":"skin","rarity":3,"price":3013,"minPrice":373},"Dual Berettas | Twin Turbo (Factory New)":{"quality":5,"skin":"Twin Turbo","weapon":"Dual Berettas","short":"Dual Berettas | Twin Turbo","name":"Dual Berettas | Twin Turbo (Factory New)","src":"https://steamcdn-a.akamaihd.net/apps/730/icons/econ/default_generated/weapon_elite_cu_dual_elites_rally_light_large.5b3cf9c54a4e7927724560a210955a77887ecb2e.png","type":"skin","rarity":4,"price":1164},"Dual Berettas | Twin Turbo (Minimal Wear)":{"quality":4,"skin":"Twin Turbo","weapon":"Dual Berettas","short":"Dual Berettas | Twin Turbo","name":"Dual Berettas | Twin Turbo (Minimal Wear)","src":"https://steamcdn-a.akamaihd.net/apps/730/icons/econ/default_generated/weapon_elite_cu_dual_elites_rally_light_large.5b3cf9c54a4e7927724560a210955a77887ecb2e.png","type":"skin","rarity":4,"price":740},"Dual Berettas | Twin Turbo (Field-Tested)":{"quality":3,"skin":"Twin Turbo","weapon":"Dual Berettas","short":"Dual Berettas | Twin Turbo","name":"Dual Berettas | Twin Turbo (Field-Tested)","src":"https://steamcdn-a.akamaihd.net/apps/730/icons/econ/default_generated/weapon_elite_cu_dual_elites_rally_light_large.5b3cf9c54a4e7927724560a210955a77887ecb2e.png","type":"skin","rarity":4,"price":506},"Dual Berettas | Twin Turbo (Well-Worn)":{"quality":2,"skin":"Twin Turbo","weapon":"Dual Berettas","short":"Dual Berettas | Twin Turbo","name":"Dual Berettas | Twin Turbo (Well-Worn)","src":"https://steamcdn-a.akamaihd.net/apps/730/icons/econ/default_generated/weapon_elite_cu_dual_elites_rally_light_large.5b3cf9c54a4e7927724560a210955a77887ecb2e.png","type":"skin","rarity":4,"price":290},"Dual Berettas | Twin Turbo (Battle-Scarred)":{"quality":1,"skin":"Twin Turbo","weapon":"Dual Berettas","short":"Dual Berettas | Twin Turbo","name":"Dual Berettas | Twin Turbo (Battle-Scarred)","src":"https://steamcdn-a.akamaihd.net/apps/730/icons/econ/default_generated/weapon_elite_cu_dual_elites_rally_light_large.5b3cf9c54a4e7927724560a210955a77887ecb2e.png","type":"skin","rarity":4,"price":213},"Souvenir Dual Berettas | Twin Turbo (Factory New)":{"souvenir":true,"quality":5,"skin":"Twin Turbo","weapon":"Dual Berettas","short":"Dual Berettas | Twin Turbo","name":"Souvenir Dual Berettas | Twin Turbo (Factory New)","src":"https://steamcdn-a.akamaihd.net/apps/730/icons/econ/default_generated/weapon_elite_cu_dual_elites_rally_light_large.5b3cf9c54a4e7927724560a210955a77887ecb2e.png","type":"skin","rarity":4,"price":3064},"Souvenir Dual Berettas | Twin Turbo (Minimal Wear)":{"souvenir":true,"quality":4,"skin":"Twin Turbo","weapon":"Dual Berettas","short":"Dual Berettas | Twin Turbo","name":"Souvenir Dual Berettas | Twin Turbo (Minimal Wear)","src":"https://steamcdn-a.akamaihd.net/apps/730/icons/econ/default_generated/weapon_elite_cu_dual_elites_rally_light_large.5b3cf9c54a4e7927724560a210955a77887ecb2e.png","type":"skin","rarity":4,"price":17480},"Souvenir Dual Berettas | Twin Turbo (Field-Tested)":{"souvenir":true,"quality":3,"skin":"Twin Turbo","weapon":"Dual Berettas","short":"Dual Berettas | Twin Turbo","name":"Souvenir Dual Berettas | Twin Turbo (Field-Tested)","src":"https://steamcdn-a.akamaihd.net/apps/730/icons/econ/default_generated/weapon_elite_cu_dual_elites_rally_light_large.5b3cf9c54a4e7927724560a210955a77887ecb2e.png","type":"skin","rarity":4,"price":2915},"Souvenir Dual Berettas | Twin Turbo (Well-Worn)":{"souvenir":true,"quality":2,"skin":"Twin Turbo","weapon":"Dual Berettas","short":"Dual Berettas | Twin Turbo","name":"Souvenir Dual Berettas | Twin Turbo (Well-Worn)","src":"https://steamcdn-a.akamaihd.net/apps/730/icons/econ/default_generated/weapon_elite_cu_dual_elites_rally_light_large.5b3cf9c54a4e7927724560a210955a77887ecb2e.png","type":"skin","rarity":4,"price":1516},"Souvenir Dual Berettas | Twin Turbo (Battle-Scarred)":{"souvenir":true,"quality":1,"skin":"Twin Turbo","weapon":"Dual Berettas","short":"Dual Berettas | Twin Turbo","name":"Souvenir Dual Berettas | Twin Turbo (Battle-Scarred)","src":"https://steamcdn-a.akamaihd.net/apps/730/icons/econ/default_generated/weapon_elite_cu_dual_elites_rally_light_large.5b3cf9c54a4e7927724560a210955a77887ecb2e.png","type":"skin","rarity":4,"price":1857},"Dual Berettas | Twin Turbo":{"souvenirAvailable":true,"masterItem":true,"qualities":[5,4,3,2,1],"skin":"Twin Turbo","weapon":"Dual Berettas","short":"Dual Berettas | Twin Turbo","name":"Dual Berettas | Twin Turbo","src":"https://steamcdn-a.akamaihd.net/apps/730/icons/econ/default_generated/weapon_elite_cu_dual_elites_rally_light_large.5b3cf9c54a4e7927724560a210955a77887ecb2e.png","type":"skin","rarity":4,"price":17480,"minPrice":213},"SG 553 | Integrale (Factory New)":{"quality":5,"skin":"Integrale","weapon":"SG 553","short":"SG 553 | Integrale","name":"SG 553 | Integrale (Factory New)","src":"https://steamcdn-a.akamaihd.net/apps/730/icons/econ/default_generated/weapon_sg556_cu_sg553_rally_light_large.904b6f70dc7c8fe107d2cdb5acbdd0be6f686a3f.png","type":"skin","rarity":4,"price":11183},"SG 553 | Integrale (Minimal Wear)":{"quality":4,"skin":"Integrale","weapon":"SG 553","short":"SG 553 | Integrale","name":"SG 553 | Integrale (Minimal Wear)","src":"https://steamcdn-a.akamaihd.net/apps/730/icons/econ/default_generated/weapon_sg556_cu_sg553_rally_light_large.904b6f70dc7c8fe107d2cdb5acbdd0be6f686a3f.png","type":"skin","rarity":4,"price":5832},"SG 553 | Integrale (Field-Tested)":{"quality":3,"skin":"Integrale","weapon":"SG 553","short":"SG 553 | Integrale","name":"SG 553 | Integrale (Field-Tested)","src":"https://steamcdn-a.akamaihd.net/apps/730/icons/econ/default_generated/weapon_sg556_cu_sg553_rally_light_large.904b6f70dc7c8fe107d2cdb5acbdd0be6f686a3f.png","type":"skin","rarity":4,"price":3086},"SG 553 | Integrale (Well-Worn)":{"quality":2,"skin":"Integrale","weapon":"SG 553","short":"SG 553 | Integrale","name":"SG 553 | Integrale (Well-Worn)","src":"https://steamcdn-a.akamaihd.net/apps/730/icons/econ/default_generated/weapon_sg556_cu_sg553_rally_light_large.904b6f70dc7c8fe107d2cdb5acbdd0be6f686a3f.png","type":"skin","rarity":4,"price":1503},"SG 553 | Integrale (Battle-Scarred)":{"quality":1,"skin":"Integrale","weapon":"SG 553","short":"SG 553 | Integrale","name":"SG 553 | Integrale (Battle-Scarred)","src":"https://steamcdn-a.akamaihd.net/apps/730/icons/econ/default_generated/weapon_sg556_cu_sg553_rally_light_large.904b6f70dc7c8fe107d2cdb5acbdd0be6f686a3f.png","type":"skin","rarity":4,"price":1020},"Souvenir SG 553 | Integrale (Factory New)":{"souvenir":true,"quality":5,"skin":"Integrale","weapon":"SG 553","short":"SG 553 | Integrale","name":"Souvenir SG 553 | Integrale (Factory New)","src":"https://steamcdn-a.akamaihd.net/apps/730/icons/econ/default_generated/weapon_sg556_cu_sg553_rally_light_large.904b6f70dc7c8fe107d2cdb5acbdd0be6f686a3f.png","type":"skin","rarity":4,"price":3144},"Souvenir SG 553 | Integrale (Minimal Wear)":{"souvenir":true,"quality":4,"skin":"Integrale","weapon":"SG 553","short":"SG 553 | Integrale","name":"Souvenir SG 553 | Integrale (Minimal Wear)","src":"https://steamcdn-a.akamaihd.net/apps/730/icons/econ/default_generated/weapon_sg556_cu_sg553_rally_light_large.904b6f70dc7c8fe107d2cdb5acbdd0be6f686a3f.png","type":"skin","rarity":4,"price":59648},"Souvenir SG 553 | Integrale (Field-Tested)":{"souvenir":true,"quality":3,"skin":"Integrale","weapon":"SG 553","short":"SG 553 | Integrale","name":"Souvenir SG 553 | Integrale (Field-Tested)","src":"https://steamcdn-a.akamaihd.net/apps/730/icons/econ/default_generated/weapon_sg556_cu_sg553_rally_light_large.904b6f70dc7c8fe107d2cdb5acbdd0be6f686a3f.png","type":"skin","rarity":4,"price":15793},"Souvenir SG 553 | Integrale (Well-Worn)":{"souvenir":true,"quality":2,"skin":"Integrale","weapon":"SG 553","short":"SG 553 | Integrale","name":"Souvenir SG 553 | Integrale (Well-Worn)","src":"https://steamcdn-a.akamaihd.net/apps/730/icons/econ/default_generated/weapon_sg556_cu_sg553_rally_light_large.904b6f70dc7c8fe107d2cdb5acbdd0be6f686a3f.png","type":"skin","rarity":4,"price":7813},"Souvenir SG 553 | Integrale (Battle-Scarred)":{"souvenir":true,"quality":1,"skin":"Integrale","weapon":"SG 553","short":"SG 553 | Integrale","name":"Souvenir SG 553 | Integrale (Battle-Scarred)","src":"https://steamcdn-a.akamaihd.net/apps/730/icons/econ/default_generated/weapon_sg556_cu_sg553_rally_light_large.904b6f70dc7c8fe107d2cdb5acbdd0be6f686a3f.png","type":"skin","rarity":4,"price":10442},"SG 553 | Integrale":{"souvenirAvailable":true,"masterItem":true,"qualities":[5,4,3,2,1],"skin":"Integrale","weapon":"SG 553","short":"SG 553 | Integrale","name":"SG 553 | Integrale","src":"https://steamcdn-a.akamaihd.net/apps/730/icons/econ/default_generated/weapon_sg556_cu_sg553_rally_light_large.904b6f70dc7c8fe107d2cdb5acbdd0be6f686a3f.png","type":"skin","rarity":4,"price":59648,"minPrice":1020},"Sawed-Off | Brake Light (Factory New)":{"quality":5,"skin":"Brake Light","weapon":"Sawed-Off","short":"Sawed-Off | Brake Light","name":"Sawed-Off | Brake Light (Factory New)","src":"https://steamcdn-a.akamaihd.net/apps/730/icons/econ/default_generated/weapon_sawedoff_aa_vertigo_red_light_large.999797e68b2d5df290b2e5771b6c4bfb0de1ec8c.png","type":"skin","rarity":2,"price":94},"Sawed-Off | Brake Light (Minimal Wear)":{"quality":4,"skin":"Brake Light","weapon":"Sawed-Off","short":"Sawed-Off | Brake Light","name":"Sawed-Off | Brake Light (Minimal Wear)","src":"https://steamcdn-a.akamaihd.net/apps/730/icons/econ/default_generated/weapon_sawedoff_aa_vertigo_red_light_large.999797e68b2d5df290b2e5771b6c4bfb0de1ec8c.png","type":"skin","rarity":2,"price":87},"Souvenir Sawed-Off | Brake Light (Factory New)":{"souvenir":true,"quality":5,"skin":"Brake Light","weapon":"Sawed-Off","short":"Sawed-Off | Brake Light","name":"Souvenir Sawed-Off | Brake Light (Factory New)","src":"https://steamcdn-a.akamaihd.net/apps/730/icons/econ/default_generated/weapon_sawedoff_aa_vertigo_red_light_large.999797e68b2d5df290b2e5771b6c4bfb0de1ec8c.png","type":"skin","rarity":2,"price":72},"Souvenir Sawed-Off | Brake Light (Minimal Wear)":{"souvenir":true,"quality":4,"skin":"Brake Light","weapon":"Sawed-Off","short":"Sawed-Off | Brake Light","name":"Souvenir Sawed-Off | Brake Light (Minimal Wear)","src":"https://steamcdn-a.akamaihd.net/apps/730/icons/econ/default_generated/weapon_sawedoff_aa_vertigo_red_light_large.999797e68b2d5df290b2e5771b6c4bfb0de1ec8c.png","type":"skin","rarity":2,"price":132},"Sawed-Off | Brake Light":{"souvenirAvailable":true,"masterItem":true,"qualities":[5,4],"skin":"Brake Light","weapon":"Sawed-Off","short":"Sawed-Off | Brake Light","name":"Sawed-Off | Brake Light","src":"https://steamcdn-a.akamaihd.net/apps/730/icons/econ/default_generated/weapon_sawedoff_aa_vertigo_red_light_large.999797e68b2d5df290b2e5771b6c4bfb0de1ec8c.png","type":"skin","rarity":2,"price":132,"minPrice":72},"MAC-10 | Calf Skin (Factory New)":{"quality":5,"skin":"Calf Skin","weapon":"MAC-10","short":"MAC-10 | Calf Skin","name":"MAC-10 | Calf Skin (Factory New)","src":"https://steamcdn-a.akamaihd.net/apps/730/icons/econ/default_generated/weapon_mac10_gs_mac10_checker_light_large.15e4936899fbfca7c5980be83993e57aca446422.png","type":"skin","rarity":1,"price":41},"MAC-10 | Calf Skin (Minimal Wear)":{"quality":4,"skin":"Calf Skin","weapon":"MAC-10","short":"MAC-10 | Calf Skin","name":"MAC-10 | Calf Skin (Minimal Wear)","src":"https://steamcdn-a.akamaihd.net/apps/730/icons/econ/default_generated/weapon_mac10_gs_mac10_checker_light_large.15e4936899fbfca7c5980be83993e57aca446422.png","type":"skin","rarity":1,"price":10},"MAC-10 | Calf Skin (Field-Tested)":{"quality":3,"skin":"Calf Skin","weapon":"MAC-10","short":"MAC-10 | Calf Skin","name":"MAC-10 | Calf Skin (Field-Tested)","src":"https://steamcdn-a.akamaihd.net/apps/730/icons/econ/default_generated/weapon_mac10_gs_mac10_checker_light_large.15e4936899fbfca7c5980be83993e57aca446422.png","type":"skin","rarity":1,"price":8},"MAC-10 | Calf Skin (Well-Worn)":{"quality":2,"skin":"Calf Skin","weapon":"MAC-10","short":"MAC-10 | Calf Skin","name":"MAC-10 | Calf Skin (Well-Worn)","src":"https://steamcdn-a.akamaihd.net/apps/730/icons/econ/default_generated/weapon_mac10_gs_mac10_checker_light_large.15e4936899fbfca7c5980be83993e57aca446422.png","type":"skin","rarity":1,"price":8},"MAC-10 | Calf Skin (Battle-Scarred)":{"quality":1,"skin":"Calf Skin","weapon":"MAC-10","short":"MAC-10 | Calf Skin","name":"MAC-10 | Calf Skin (Battle-Scarred)","src":"https://steamcdn-a.akamaihd.net/apps/730/icons/econ/default_generated/weapon_mac10_gs_mac10_checker_light_large.15e4936899fbfca7c5980be83993e57aca446422.png","type":"skin","rarity":1,"price":7},"Souvenir MAC-10 | Calf Skin (Factory New)":{"souvenir":true,"quality":5,"skin":"Calf Skin","weapon":"MAC-10","short":"MAC-10 | Calf Skin","name":"Souvenir MAC-10 | Calf Skin (Factory New)","src":"https://steamcdn-a.akamaihd.net/apps/730/icons/econ/default_generated/weapon_mac10_gs_mac10_checker_light_large.15e4936899fbfca7c5980be83993e57aca446422.png","type":"skin","rarity":1,"price":529},"Souvenir MAC-10 | Calf Skin (Minimal Wear)":{"souvenir":true,"quality":4,"skin":"Calf Skin","weapon":"MAC-10","short":"MAC-10 | Calf Skin","name":"Souvenir MAC-10 | Calf Skin (Minimal Wear)","src":"https://steamcdn-a.akamaihd.net/apps/730/icons/econ/default_generated/weapon_mac10_gs_mac10_checker_light_large.15e4936899fbfca7c5980be83993e57aca446422.png","type":"skin","rarity":1,"price":117},"Souvenir MAC-10 | Calf Skin (Field-Tested)":{"souvenir":true,"quality":3,"skin":"Calf Skin","weapon":"MAC-10","short":"MAC-10 | Calf Skin","name":"Souvenir MAC-10 | Calf Skin (Field-Tested)","src":"https://steamcdn-a.akamaihd.net/apps/730/icons/econ/default_generated/weapon_mac10_gs_mac10_checker_light_large.15e4936899fbfca7c5980be83993e57aca446422.png","type":"skin","rarity":1,"price":60},"Souvenir MAC-10 | Calf Skin (Well-Worn)":{"souvenir":true,"quality":2,"skin":"Calf Skin","weapon":"MAC-10","short":"MAC-10 | Calf Skin","name":"Souvenir MAC-10 | Calf Skin (Well-Worn)","src":"https://steamcdn-a.akamaihd.net/apps/730/icons/econ/default_generated/weapon_mac10_gs_mac10_checker_light_large.15e4936899fbfca7c5980be83993e57aca446422.png","type":"skin","rarity":1,"price":37},"Souvenir MAC-10 | Calf Skin (Battle-Scarred)":{"souvenir":true,"quality":1,"skin":"Calf Skin","weapon":"MAC-10","short":"MAC-10 | Calf Skin","name":"Souvenir MAC-10 | Calf Skin (Battle-Scarred)","src":"https://steamcdn-a.akamaihd.net/apps/730/icons/econ/default_generated/weapon_mac10_gs_mac10_checker_light_large.15e4936899fbfca7c5980be83993e57aca446422.png","type":"skin","rarity":1,"price":36},"MAC-10 | Calf Skin":{"souvenirAvailable":true,"masterItem":true,"qualities":[5,4,3,2,1],"skin":"Calf Skin","weapon":"MAC-10","short":"MAC-10 | Calf Skin","name":"MAC-10 | Calf Skin","src":"https://steamcdn-a.akamaihd.net/apps/730/icons/econ/default_generated/weapon_mac10_gs_mac10_checker_light_large.15e4936899fbfca7c5980be83993e57aca446422.png","type":"skin","rarity":1,"price":529,"minPrice":7},"PP-Bizon | Candy Apple (Factory New)":{"quality":5,"skin":"Candy Apple","weapon":"PP-Bizon","short":"PP-Bizon | Candy Apple","name":"PP-Bizon | Candy Apple (Factory New)","src":"https://steamcdn-a.akamaihd.net/apps/730/icons/econ/default_generated/weapon_bizon_so_red_light_large.0ee9cada135b87096b447521a05c0a2d437bf9ff.png","type":"skin","rarity":1,"price":14},"PP-Bizon | Candy Apple (Minimal Wear)":{"quality":4,"skin":"Candy Apple","weapon":"PP-Bizon","short":"PP-Bizon | Candy Apple","name":"PP-Bizon | Candy Apple (Minimal Wear)","src":"https://steamcdn-a.akamaihd.net/apps/730/icons/econ/default_generated/weapon_bizon_so_red_light_large.0ee9cada135b87096b447521a05c0a2d437bf9ff.png","type":"skin","rarity":1,"price":9},"PP-Bizon | Candy Apple (Field-Tested)":{"quality":3,"skin":"Candy Apple","weapon":"PP-Bizon","short":"PP-Bizon | Candy Apple","name":"PP-Bizon | Candy Apple (Field-Tested)","src":"https://steamcdn-a.akamaihd.net/apps/730/icons/econ/default_generated/weapon_bizon_so_red_light_large.0ee9cada135b87096b447521a05c0a2d437bf9ff.png","type":"skin","rarity":1,"price":8},"Souvenir PP-Bizon | Candy Apple (Factory New)":{"souvenir":true,"quality":5,"skin":"Candy Apple","weapon":"PP-Bizon","short":"PP-Bizon | Candy Apple","name":"Souvenir PP-Bizon | Candy Apple (Factory New)","src":"https://steamcdn-a.akamaihd.net/apps/730/icons/econ/default_generated/weapon_bizon_so_red_light_large.0ee9cada135b87096b447521a05c0a2d437bf9ff.png","type":"skin","rarity":1,"price":108},"Souvenir PP-Bizon | Candy Apple (Minimal Wear)":{"souvenir":true,"quality":4,"skin":"Candy Apple","weapon":"PP-Bizon","short":"PP-Bizon | Candy Apple","name":"Souvenir PP-Bizon | Candy Apple (Minimal Wear)","src":"https://steamcdn-a.akamaihd.net/apps/730/icons/econ/default_generated/weapon_bizon_so_red_light_large.0ee9cada135b87096b447521a05c0a2d437bf9ff.png","type":"skin","rarity":1,"price":42},"Souvenir PP-Bizon | Candy Apple (Field-Tested)":{"souvenir":true,"quality":3,"skin":"Candy Apple","weapon":"PP-Bizon","short":"PP-Bizon | Candy Apple","name":"Souvenir PP-Bizon | Candy Apple (Field-Tested)","src":"https://steamcdn-a.akamaihd.net/apps/730/icons/econ/default_generated/weapon_bizon_so_red_light_large.0ee9cada135b87096b447521a05c0a2d437bf9ff.png","type":"skin","rarity":1,"price":27},"PP-Bizon | Candy Apple":{"souvenirAvailable":true,"masterItem":true,"qualities":[5,4,3],"skin":"Candy Apple","weapon":"PP-Bizon","short":"PP-Bizon | Candy Apple","name":"PP-Bizon | Candy Apple","src":"https://steamcdn-a.akamaihd.net/apps/730/icons/econ/default_generated/weapon_bizon_so_red_light_large.0ee9cada135b87096b447521a05c0a2d437bf9ff.png","type":"skin","rarity":1,"price":108,"minPrice":8},"R8 Revolver | Nitro (Factory New)":{"quality":5,"skin":"Nitro","weapon":"R8 Revolver","short":"R8 Revolver | Nitro","name":"R8 Revolver | Nitro (Factory New)","src":"https://steamcdn-a.akamaihd.net/apps/730/icons/econ/default_generated/weapon_revolver_so_orange_accents3_light_large.00867f70c109a7934345f92aae1be055b6a98abb.png","type":"skin","rarity":1,"price":50},"R8 Revolver | Nitro (Minimal Wear)":{"quality":4,"skin":"Nitro","weapon":"R8 Revolver","short":"R8 Revolver | Nitro","name":"R8 Revolver | Nitro (Minimal Wear)","src":"https://steamcdn-a.akamaihd.net/apps/730/icons/econ/default_generated/weapon_revolver_so_orange_accents3_light_large.00867f70c109a7934345f92aae1be055b6a98abb.png","type":"skin","rarity":1,"price":10},"R8 Revolver | Nitro (Field-Tested)":{"quality":3,"skin":"Nitro","weapon":"R8 Revolver","short":"R8 Revolver | Nitro","name":"R8 Revolver | Nitro (Field-Tested)","src":"https://steamcdn-a.akamaihd.net/apps/730/icons/econ/default_generated/weapon_revolver_so_orange_accents3_light_large.00867f70c109a7934345f92aae1be055b6a98abb.png","type":"skin","rarity":1,"price":7},"R8 Revolver | Nitro (Well-Worn)":{"quality":2,"skin":"Nitro","weapon":"R8 Revolver","short":"R8 Revolver | Nitro","name":"R8 Revolver | Nitro (Well-Worn)","src":"https://steamcdn-a.akamaihd.net/apps/730/icons/econ/default_generated/weapon_revolver_so_orange_accents3_light_large.00867f70c109a7934345f92aae1be055b6a98abb.png","type":"skin","rarity":1,"price":8},"R8 Revolver | Nitro (Battle-Scarred)":{"quality":1,"skin":"Nitro","weapon":"R8 Revolver","short":"R8 Revolver | Nitro","name":"R8 Revolver | Nitro (Battle-Scarred)","src":"https://steamcdn-a.akamaihd.net/apps/730/icons/econ/default_generated/weapon_revolver_so_orange_accents3_light_large.00867f70c109a7934345f92aae1be055b6a98abb.png","type":"skin","rarity":1,"price":8},"Souvenir R8 Revolver | Nitro (Factory New)":{"souvenir":true,"quality":5,"skin":"Nitro","weapon":"R8 Revolver","short":"R8 Revolver | Nitro","name":"Souvenir R8 Revolver | Nitro (Factory New)","src":"https://steamcdn-a.akamaihd.net/apps/730/icons/econ/default_generated/weapon_revolver_so_orange_accents3_light_large.00867f70c109a7934345f92aae1be055b6a98abb.png","type":"skin","rarity":1,"price":909},"Souvenir R8 Revolver | Nitro (Minimal Wear)":{"souvenir":true,"quality":4,"skin":"Nitro","weapon":"R8 Revolver","short":"R8 Revolver | Nitro","name":"Souvenir R8 Revolver | Nitro (Minimal Wear)","src":"https://steamcdn-a.akamaihd.net/apps/730/icons/econ/default_generated/weapon_revolver_so_orange_accents3_light_large.00867f70c109a7934345f92aae1be055b6a98abb.png","type":"skin","rarity":1,"price":53},"Souvenir R8 Revolver | Nitro (Field-Tested)":{"souvenir":true,"quality":3,"skin":"Nitro","weapon":"R8 Revolver","short":"R8 Revolver | Nitro","name":"Souvenir R8 Revolver | Nitro (Field-Tested)","src":"https://steamcdn-a.akamaihd.net/apps/730/icons/econ/default_generated/weapon_revolver_so_orange_accents3_light_large.00867f70c109a7934345f92aae1be055b6a98abb.png","type":"skin","rarity":1,"price":10},"Souvenir R8 Revolver | Nitro (Well-Worn)":{"souvenir":true,"quality":2,"skin":"Nitro","weapon":"R8 Revolver","short":"R8 Revolver | Nitro","name":"Souvenir R8 Revolver | Nitro (Well-Worn)","src":"https://steamcdn-a.akamaihd.net/apps/730/icons/econ/default_generated/weapon_revolver_so_orange_accents3_light_large.00867f70c109a7934345f92aae1be055b6a98abb.png","type":"skin","rarity":1,"price":44},"Souvenir R8 Revolver | Nitro (Battle-Scarred)":{"souvenir":true,"quality":1,"skin":"Nitro","weapon":"R8 Revolver","short":"R8 Revolver | Nitro","name":"Souvenir R8 Revolver | Nitro (Battle-Scarred)","src":"https://steamcdn-a.akamaihd.net/apps/730/icons/econ/default_generated/weapon_revolver_so_orange_accents3_light_large.00867f70c109a7934345f92aae1be055b6a98abb.png","type":"skin","rarity":1,"price":20},"R8 Revolver | Nitro":{"souvenirAvailable":true,"masterItem":true,"qualities":[5,4,3,2,1],"skin":"Nitro","weapon":"R8 Revolver","short":"R8 Revolver | Nitro","name":"R8 Revolver | Nitro","src":"https://steamcdn-a.akamaihd.net/apps/730/icons/econ/default_generated/weapon_revolver_so_orange_accents3_light_large.00867f70c109a7934345f92aae1be055b6a98abb.png","type":"skin","rarity":1,"price":909,"minPrice":7},"AUG | Sweeper (Factory New)":{"quality":5,"skin":"Sweeper","weapon":"AUG","short":"AUG | Sweeper","name":"AUG | Sweeper (Factory New)","src":"https://steamcdn-a.akamaihd.net/apps/730/icons/econ/default_generated/weapon_aug_sp_mesh_safetyblack_light_large.41766cdb86c7b662a4c6316b2864751c54940faf.png","type":"skin","rarity":0,"price":6},"AUG | Sweeper (Minimal Wear)":{"quality":4,"skin":"Sweeper","weapon":"AUG","short":"AUG | Sweeper","name":"AUG | Sweeper (Minimal Wear)","src":"https://steamcdn-a.akamaihd.net/apps/730/icons/econ/default_generated/weapon_aug_sp_mesh_safetyblack_light_large.41766cdb86c7b662a4c6316b2864751c54940faf.png","type":"skin","rarity":0,"price":3},"AUG | Sweeper (Field-Tested)":{"quality":3,"skin":"Sweeper","weapon":"AUG","short":"AUG | Sweeper","name":"AUG | Sweeper (Field-Tested)","src":"https://steamcdn-a.akamaihd.net/apps/730/icons/econ/default_generated/weapon_aug_sp_mesh_safetyblack_light_large.41766cdb86c7b662a4c6316b2864751c54940faf.png","type":"skin","rarity":0,"price":3},"AUG | Sweeper (Well-Worn)":{"quality":2,"skin":"Sweeper","weapon":"AUG","short":"AUG | Sweeper","name":"AUG | Sweeper (Well-Worn)","src":"https://steamcdn-a.akamaihd.net/apps/730/icons/econ/default_generated/weapon_aug_sp_mesh_safetyblack_light_large.41766cdb86c7b662a4c6316b2864751c54940faf.png","type":"skin","rarity":0,"price":3},"AUG | Sweeper (Battle-Scarred)":{"quality":1,"skin":"Sweeper","weapon":"AUG","short":"AUG | Sweeper","name":"AUG | Sweeper (Battle-Scarred)","src":"https://steamcdn-a.akamaihd.net/apps/730/icons/econ/default_generated/weapon_aug_sp_mesh_safetyblack_light_large.41766cdb86c7b662a4c6316b2864751c54940faf.png","type":"skin","rarity":0,"price":3},"Souvenir AUG | Sweeper (Factory New)":{"souvenir":true,"quality":5,"skin":"Sweeper","weapon":"AUG","short":"AUG | Sweeper","name":"Souvenir AUG | Sweeper (Factory New)","src":"https://steamcdn-a.akamaihd.net/apps/730/icons/econ/default_generated/weapon_aug_sp_mesh_safetyblack_light_large.41766cdb86c7b662a4c6316b2864751c54940faf.png","type":"skin","rarity":0,"price":31},"Souvenir AUG | Sweeper (Minimal Wear)":{"souvenir":true,"quality":4,"skin":"Sweeper","weapon":"AUG","short":"AUG | Sweeper","name":"Souvenir AUG | Sweeper (Minimal Wear)","src":"https://steamcdn-a.akamaihd.net/apps/730/icons/econ/default_generated/weapon_aug_sp_mesh_safetyblack_light_large.41766cdb86c7b662a4c6316b2864751c54940faf.png","type":"skin","rarity":0,"price":12},"Souvenir AUG | Sweeper (Field-Tested)":{"souvenir":true,"quality":3,"skin":"Sweeper","weapon":"AUG","short":"AUG | Sweeper","name":"Souvenir AUG | Sweeper (Field-Tested)","src":"https://steamcdn-a.akamaihd.net/apps/730/icons/econ/default_generated/weapon_aug_sp_mesh_safetyblack_light_large.41766cdb86c7b662a4c6316b2864751c54940faf.png","type":"skin","rarity":0,"price":8},"Souvenir AUG | Sweeper (Well-Worn)":{"souvenir":true,"quality":2,"skin":"Sweeper","weapon":"AUG","short":"AUG | Sweeper","name":"Souvenir AUG | Sweeper (Well-Worn)","src":"https://steamcdn-a.akamaihd.net/apps/730/icons/econ/default_generated/weapon_aug_sp_mesh_safetyblack_light_large.41766cdb86c7b662a4c6316b2864751c54940faf.png","type":"skin","rarity":0,"price":25},"Souvenir AUG | Sweeper (Battle-Scarred)":{"souvenir":true,"quality":1,"skin":"Sweeper","weapon":"AUG","short":"AUG | Sweeper","name":"Souvenir AUG | Sweeper (Battle-Scarred)","src":"https://steamcdn-a.akamaihd.net/apps/730/icons/econ/default_generated/weapon_aug_sp_mesh_safetyblack_light_large.41766cdb86c7b662a4c6316b2864751c54940faf.png","type":"skin","rarity":0,"price":14},"AUG | Sweeper":{"souvenirAvailable":true,"masterItem":true,"qualities":[5,4,3,2,1],"skin":"Sweeper","weapon":"AUG","short":"AUG | Sweeper","name":"AUG | Sweeper","src":"https://steamcdn-a.akamaihd.net/apps/730/icons/econ/default_generated/weapon_aug_sp_mesh_safetyblack_light_large.41766cdb86c7b662a4c6316b2864751c54940faf.png","type":"skin","rarity":0,"price":31,"minPrice":3},"USP-S | Check Engine (Factory New)":{"quality":5,"skin":"Check Engine","weapon":"USP-S","short":"USP-S | Check Engine","name":"USP-S | Check Engine (Factory New)","src":"https://steamcdn-a.akamaihd.net/apps/730/icons/econ/default_generated/weapon_usp_silencer_sp_mesh_safetyred_light_large.2236c5b787e251c103ddf44209b4b7731b3d9a43.png","type":"skin","rarity":2,"price":137},"USP-S | Check Engine (Minimal Wear)":{"quality":4,"skin":"Check Engine","weapon":"USP-S","short":"USP-S | Check Engine","name":"USP-S | Check Engine (Minimal Wear)","src":"https://steamcdn-a.akamaihd.net/apps/730/icons/econ/default_generated/weapon_usp_silencer_sp_mesh_safetyred_light_large.2236c5b787e251c103ddf44209b4b7731b3d9a43.png","type":"skin","rarity":2,"price":85},"USP-S | Check Engine (Field-Tested)":{"quality":3,"skin":"Check Engine","weapon":"USP-S","short":"USP-S | Check Engine","name":"USP-S | Check Engine (Field-Tested)","src":"https://steamcdn-a.akamaihd.net/apps/730/icons/econ/default_generated/weapon_usp_silencer_sp_mesh_safetyred_light_large.2236c5b787e251c103ddf44209b4b7731b3d9a43.png","type":"skin","rarity":2,"price":55},"USP-S | Check Engine (Well-Worn)":{"quality":2,"skin":"Check Engine","weapon":"USP-S","short":"USP-S | Check Engine","name":"USP-S | Check Engine (Well-Worn)","src":"https://steamcdn-a.akamaihd.net/apps/730/icons/econ/default_generated/weapon_usp_silencer_sp_mesh_safetyred_light_large.2236c5b787e251c103ddf44209b4b7731b3d9a43.png","type":"skin","rarity":2,"price":72},"USP-S | Check Engine (Battle-Scarred)":{"quality":1,"skin":"Check Engine","weapon":"USP-S","short":"USP-S | Check Engine","name":"USP-S | Check Engine (Battle-Scarred)","src":"https://steamcdn-a.akamaihd.net/apps/730/icons/econ/default_generated/weapon_usp_silencer_sp_mesh_safetyred_light_large.2236c5b787e251c103ddf44209b4b7731b3d9a43.png","type":"skin","rarity":2,"price":45},"Souvenir USP-S | Check Engine (Factory New)":{"souvenir":true,"quality":5,"skin":"Check Engine","weapon":"USP-S","short":"USP-S | Check Engine","name":"Souvenir USP-S | Check Engine (Factory New)","src":"https://steamcdn-a.akamaihd.net/apps/730/icons/econ/default_generated/weapon_usp_silencer_sp_mesh_safetyred_light_large.2236c5b787e251c103ddf44209b4b7731b3d9a43.png","type":"skin","rarity":2,"price":1204},"Souvenir USP-S | Check Engine (Minimal Wear)":{"souvenir":true,"quality":4,"skin":"Check Engine","weapon":"USP-S","short":"USP-S | Check Engine","name":"Souvenir USP-S | Check Engine (Minimal Wear)","src":"https://steamcdn-a.akamaihd.net/apps/730/icons/econ/default_generated/weapon_usp_silencer_sp_mesh_safetyred_light_large.2236c5b787e251c103ddf44209b4b7731b3d9a43.png","type":"skin","rarity":2,"price":631},"Souvenir USP-S | Check Engine (Field-Tested)":{"souvenir":true,"quality":3,"skin":"Check Engine","weapon":"USP-S","short":"USP-S | Check Engine","name":"Souvenir USP-S | Check Engine (Field-Tested)","src":"https://steamcdn-a.akamaihd.net/apps/730/icons/econ/default_generated/weapon_usp_silencer_sp_mesh_safetyred_light_large.2236c5b787e251c103ddf44209b4b7731b3d9a43.png","type":"skin","rarity":2,"price":337},"Souvenir USP-S | Check Engine (Well-Worn)":{"souvenir":true,"quality":2,"skin":"Check Engine","weapon":"USP-S","short":"USP-S | Check Engine","name":"Souvenir USP-S | Check Engine (Well-Worn)","src":"https://steamcdn-a.akamaihd.net/apps/730/icons/econ/default_generated/weapon_usp_silencer_sp_mesh_safetyred_light_large.2236c5b787e251c103ddf44209b4b7731b3d9a43.png","type":"skin","rarity":2,"price":477},"Souvenir USP-S | Check Engine (Battle-Scarred)":{"souvenir":true,"quality":1,"skin":"Check Engine","weapon":"USP-S","short":"USP-S | Check Engine","name":"Souvenir USP-S | Check Engine (Battle-Scarred)","src":"https://steamcdn-a.akamaihd.net/apps/730/icons/econ/default_generated/weapon_usp_silencer_sp_mesh_safetyred_light_large.2236c5b787e251c103ddf44209b4b7731b3d9a43.png","type":"skin","rarity":2,"price":358},"USP-S | Check Engine":{"souvenirAvailable":true,"masterItem":true,"qualities":[5,4,3,2,1],"skin":"Check Engine","weapon":"USP-S","short":"USP-S | Check Engine","name":"USP-S | Check Engine","src":"https://steamcdn-a.akamaihd.net/apps/730/icons/econ/default_generated/weapon_usp_silencer_sp_mesh_safetyred_light_large.2236c5b787e251c103ddf44209b4b7731b3d9a43.png","type":"skin","rarity":2,"price":1204,"minPrice":45},"AK-47 | Safety Net (Factory New)":{"quality":5,"skin":"Safety Net","weapon":"AK-47","short":"AK-47 | Safety Net","name":"AK-47 | Safety Net (Factory New)","src":"https://steamcdn-a.akamaihd.net/apps/730/icons/econ/default_generated/weapon_ak47_hy_mesh_safetyorange_light_large.f4ee68bc3bbd972ded65ec36b66259199b7fafb7.png","type":"skin","rarity":3,"price":880},"AK-47 | Safety Net (Minimal Wear)":{"quality":4,"skin":"Safety Net","weapon":"AK-47","short":"AK-47 | Safety Net","name":"AK-47 | Safety Net (Minimal Wear)","src":"https://steamcdn-a.akamaihd.net/apps/730/icons/econ/default_generated/weapon_ak47_hy_mesh_safetyorange_light_large.f4ee68bc3bbd972ded65ec36b66259199b7fafb7.png","type":"skin","rarity":3,"price":606},"AK-47 | Safety Net (Field-Tested)":{"quality":3,"skin":"Safety Net","weapon":"AK-47","short":"AK-47 | Safety Net","name":"AK-47 | Safety Net (Field-Tested)","src":"https://steamcdn-a.akamaihd.net/apps/730/icons/econ/default_generated/weapon_ak47_hy_mesh_safetyorange_light_large.f4ee68bc3bbd972ded65ec36b66259199b7fafb7.png","type":"skin","rarity":3,"price":421},"AK-47 | Safety Net (Well-Worn)":{"quality":2,"skin":"Safety Net","weapon":"AK-47","short":"AK-47 | Safety Net","name":"AK-47 | Safety Net (Well-Worn)","src":"https://steamcdn-a.akamaihd.net/apps/730/icons/econ/default_generated/weapon_ak47_hy_mesh_safetyorange_light_large.f4ee68bc3bbd972ded65ec36b66259199b7fafb7.png","type":"skin","rarity":3,"price":424},"AK-47 | Safety Net (Battle-Scarred)":{"quality":1,"skin":"Safety Net","weapon":"AK-47","short":"AK-47 | Safety Net","name":"AK-47 | Safety Net (Battle-Scarred)","src":"https://steamcdn-a.akamaihd.net/apps/730/icons/econ/default_generated/weapon_ak47_hy_mesh_safetyorange_light_large.f4ee68bc3bbd972ded65ec36b66259199b7fafb7.png","type":"skin","rarity":3,"price":404},"Souvenir AK-47 | Safety Net (Factory New)":{"souvenir":true,"quality":5,"skin":"Safety Net","weapon":"AK-47","short":"AK-47 | Safety Net","name":"Souvenir AK-47 | Safety Net (Factory New)","src":"https://steamcdn-a.akamaihd.net/apps/730/icons/econ/default_generated/weapon_ak47_hy_mesh_safetyorange_light_large.f4ee68bc3bbd972ded65ec36b66259199b7fafb7.png","type":"skin","rarity":3,"price":5533},"Souvenir AK-47 | Safety Net (Minimal Wear)":{"souvenir":true,"quality":4,"skin":"Safety Net","weapon":"AK-47","short":"AK-47 | Safety Net","name":"Souvenir AK-47 | Safety Net (Minimal Wear)","src":"https://steamcdn-a.akamaihd.net/apps/730/icons/econ/default_generated/weapon_ak47_hy_mesh_safetyorange_light_large.f4ee68bc3bbd972ded65ec36b66259199b7fafb7.png","type":"skin","rarity":3,"price":2598},"Souvenir AK-47 | Safety Net (Field-Tested)":{"souvenir":true,"quality":3,"skin":"Safety Net","weapon":"AK-47","short":"AK-47 | Safety Net","name":"Souvenir AK-47 | Safety Net (Field-Tested)","src":"https://steamcdn-a.akamaihd.net/apps/730/icons/econ/default_generated/weapon_ak47_hy_mesh_safetyorange_light_large.f4ee68bc3bbd972ded65ec36b66259199b7fafb7.png","type":"skin","rarity":3,"price":1253},"Souvenir AK-47 | Safety Net (Well-Worn)":{"souvenir":true,"quality":2,"skin":"Safety Net","weapon":"AK-47","short":"AK-47 | Safety Net","name":"Souvenir AK-47 | Safety Net (Well-Worn)","src":"https://steamcdn-a.akamaihd.net/apps/730/icons/econ/default_generated/weapon_ak47_hy_mesh_safetyorange_light_large.f4ee68bc3bbd972ded65ec36b66259199b7fafb7.png","type":"skin","rarity":3,"price":2516},"Souvenir AK-47 | Safety Net (Battle-Scarred)":{"souvenir":true,"quality":1,"skin":"Safety Net","weapon":"AK-47","short":"AK-47 | Safety Net","name":"Souvenir AK-47 | Safety Net (Battle-Scarred)","src":"https://steamcdn-a.akamaihd.net/apps/730/icons/econ/default_generated/weapon_ak47_hy_mesh_safetyorange_light_large.f4ee68bc3bbd972ded65ec36b66259199b7fafb7.png","type":"skin","rarity":3,"price":2109},"AK-47 | Safety Net":{"souvenirAvailable":true,"masterItem":true,"qualities":[5,4,3,2,1],"skin":"Safety Net","weapon":"AK-47","short":"AK-47 | Safety Net","name":"AK-47 | Safety Net","src":"https://steamcdn-a.akamaihd.net/apps/730/icons/econ/default_generated/weapon_ak47_hy_mesh_safetyorange_light_large.f4ee68bc3bbd972ded65ec36b66259199b7fafb7.png","type":"skin","rarity":3,"price":5533,"minPrice":404},"MAG-7 | Rust Coat (Factory New)":{"quality":5,"skin":"Rust Coat","weapon":"MAG-7","short":"MAG-7 | Rust Coat","name":"MAG-7 | Rust Coat (Factory New)","src":"https://steamcdn-a.akamaihd.net/apps/730/icons/econ/default_generated/weapon_mag7_aq_steel_inferno_light_large.4313699bf1fb212a490703f11b20dab3479ebe9c.png","type":"skin","rarity":0,"price":8},"MAG-7 | Rust Coat (Minimal Wear)":{"quality":4,"skin":"Rust Coat","weapon":"MAG-7","short":"MAG-7 | Rust Coat","name":"MAG-7 | Rust Coat (Minimal Wear)","src":"https://steamcdn-a.akamaihd.net/apps/730/icons/econ/default_generated/weapon_mag7_aq_steel_inferno_light_large.4313699bf1fb212a490703f11b20dab3479ebe9c.png","type":"skin","rarity":0,"price":3},"MAG-7 | Rust Coat (Field-Tested)":{"quality":3,"skin":"Rust Coat","weapon":"MAG-7","short":"MAG-7 | Rust Coat","name":"MAG-7 | Rust Coat (Field-Tested)","src":"https://steamcdn-a.akamaihd.net/apps/730/icons/econ/default_generated/weapon_mag7_aq_steel_inferno_light_large.4313699bf1fb212a490703f11b20dab3479ebe9c.png","type":"skin","rarity":0,"price":3},"MAG-7 | Rust Coat (Well-Worn)":{"quality":2,"skin":"Rust Coat","weapon":"MAG-7","short":"MAG-7 | Rust Coat","name":"MAG-7 | Rust Coat (Well-Worn)","src":"https://steamcdn-a.akamaihd.net/apps/730/icons/econ/default_generated/weapon_mag7_aq_steel_inferno_light_large.4313699bf1fb212a490703f11b20dab3479ebe9c.png","type":"skin","rarity":0,"price":3},"MAG-7 | Rust Coat (Battle-Scarred)":{"quality":1,"skin":"Rust Coat","weapon":"MAG-7","short":"MAG-7 | Rust Coat","name":"MAG-7 | Rust Coat (Battle-Scarred)","src":"https://steamcdn-a.akamaihd.net/apps/730/icons/econ/default_generated/weapon_mag7_aq_steel_inferno_light_large.4313699bf1fb212a490703f11b20dab3479ebe9c.png","type":"skin","rarity":0,"price":3},"Souvenir MAG-7 | Rust Coat (Factory New)":{"souvenir":true,"quality":5,"skin":"Rust Coat","weapon":"MAG-7","short":"MAG-7 | Rust Coat","name":"Souvenir MAG-7 | Rust Coat (Factory New)","src":"https://steamcdn-a.akamaihd.net/apps/730/icons/econ/default_generated/weapon_mag7_aq_steel_inferno_light_large.4313699bf1fb212a490703f11b20dab3479ebe9c.png","type":"skin","rarity":0,"price":28},"Souvenir MAG-7 | Rust Coat (Minimal Wear)":{"souvenir":true,"quality":4,"skin":"Rust Coat","weapon":"MAG-7","short":"MAG-7 | Rust Coat","name":"Souvenir MAG-7 | Rust Coat (Minimal Wear)","src":"https://steamcdn-a.akamaihd.net/apps/730/icons/econ/default_generated/weapon_mag7_aq_steel_inferno_light_large.4313699bf1fb212a490703f11b20dab3479ebe9c.png","type":"skin","rarity":0,"price":4},"Souvenir MAG-7 | Rust Coat (Field-Tested)":{"souvenir":true,"quality":3,"skin":"Rust Coat","weapon":"MAG-7","short":"MAG-7 | Rust Coat","name":"Souvenir MAG-7 | Rust Coat (Field-Tested)","src":"https://steamcdn-a.akamaihd.net/apps/730/icons/econ/default_generated/weapon_mag7_aq_steel_inferno_light_large.4313699bf1fb212a490703f11b20dab3479ebe9c.png","type":"skin","rarity":0,"price":3},"Souvenir MAG-7 | Rust Coat (Well-Worn)":{"souvenir":true,"quality":2,"skin":"Rust Coat","weapon":"MAG-7","short":"MAG-7 | Rust Coat","name":"Souvenir MAG-7 | Rust Coat (Well-Worn)","src":"https://steamcdn-a.akamaihd.net/apps/730/icons/econ/default_generated/weapon_mag7_aq_steel_inferno_light_large.4313699bf1fb212a490703f11b20dab3479ebe9c.png","type":"skin","rarity":0,"price":3},"Souvenir MAG-7 | Rust Coat (Battle-Scarred)":{"souvenir":true,"quality":1,"skin":"Rust Coat","weapon":"MAG-7","short":"MAG-7 | Rust Coat","name":"Souvenir MAG-7 | Rust Coat (Battle-Scarred)","src":"https://steamcdn-a.akamaihd.net/apps/730/icons/econ/default_generated/weapon_mag7_aq_steel_inferno_light_large.4313699bf1fb212a490703f11b20dab3479ebe9c.png","type":"skin","rarity":0,"price":7},"MAG-7 | Rust Coat":{"souvenirAvailable":true,"masterItem":true,"qualities":[5,4,3,2,1],"skin":"Rust Coat","weapon":"MAG-7","short":"MAG-7 | Rust Coat","name":"MAG-7 | Rust Coat","src":"https://steamcdn-a.akamaihd.net/apps/730/icons/econ/default_generated/weapon_mag7_aq_steel_inferno_light_large.4313699bf1fb212a490703f11b20dab3479ebe9c.png","type":"skin","rarity":0,"price":28,"minPrice":3},"MP5-SD | Dirt Drop (Factory New)":{"quality":5,"skin":"Dirt Drop","weapon":"MP5-SD","short":"MP5-SD | Dirt Drop","name":"MP5-SD | Dirt Drop (Factory New)","src":"https://steamcdn-a.akamaihd.net/apps/730/icons/econ/default_generated/weapon_mp5sd_sp_tape_short_rally_light_large.2fdb10eba1dbf17030a2c0867fc385fe0449b974.png","type":"skin","rarity":0,"price":10},"MP5-SD | Dirt Drop (Minimal Wear)":{"quality":4,"skin":"Dirt Drop","weapon":"MP5-SD","short":"MP5-SD | Dirt Drop","name":"MP5-SD | Dirt Drop (Minimal Wear)","src":"https://steamcdn-a.akamaihd.net/apps/730/icons/econ/default_generated/weapon_mp5sd_sp_tape_short_rally_light_large.2fdb10eba1dbf17030a2c0867fc385fe0449b974.png","type":"skin","rarity":0,"price":3},"MP5-SD | Dirt Drop (Field-Tested)":{"quality":3,"skin":"Dirt Drop","weapon":"MP5-SD","short":"MP5-SD | Dirt Drop","name":"MP5-SD | Dirt Drop (Field-Tested)","src":"https://steamcdn-a.akamaihd.net/apps/730/icons/econ/default_generated/weapon_mp5sd_sp_tape_short_rally_light_large.2fdb10eba1dbf17030a2c0867fc385fe0449b974.png","type":"skin","rarity":0,"price":3},"MP5-SD | Dirt Drop (Well-Worn)":{"quality":2,"skin":"Dirt Drop","weapon":"MP5-SD","short":"MP5-SD | Dirt Drop","name":"MP5-SD | Dirt Drop (Well-Worn)","src":"https://steamcdn-a.akamaihd.net/apps/730/icons/econ/default_generated/weapon_mp5sd_sp_tape_short_rally_light_large.2fdb10eba1dbf17030a2c0867fc385fe0449b974.png","type":"skin","rarity":0,"price":3},"MP5-SD | Dirt Drop (Battle-Scarred)":{"quality":1,"skin":"Dirt Drop","weapon":"MP5-SD","short":"MP5-SD | Dirt Drop","name":"MP5-SD | Dirt Drop (Battle-Scarred)","src":"https://steamcdn-a.akamaihd.net/apps/730/icons/econ/default_generated/weapon_mp5sd_sp_tape_short_rally_light_large.2fdb10eba1dbf17030a2c0867fc385fe0449b974.png","type":"skin","rarity":0,"price":3},"Souvenir MP5-SD | Dirt Drop (Factory New)":{"souvenir":true,"quality":5,"skin":"Dirt Drop","weapon":"MP5-SD","short":"MP5-SD | Dirt Drop","name":"Souvenir MP5-SD | Dirt Drop (Factory New)","src":"https://steamcdn-a.akamaihd.net/apps/730/icons/econ/default_generated/weapon_mp5sd_sp_tape_short_rally_light_large.2fdb10eba1dbf17030a2c0867fc385fe0449b974.png","type":"skin","rarity":0,"price":191},"Souvenir MP5-SD | Dirt Drop (Minimal Wear)":{"souvenir":true,"quality":4,"skin":"Dirt Drop","weapon":"MP5-SD","short":"MP5-SD | Dirt Drop","name":"Souvenir MP5-SD | Dirt Drop (Minimal Wear)","src":"https://steamcdn-a.akamaihd.net/apps/730/icons/econ/default_generated/weapon_mp5sd_sp_tape_short_rally_light_large.2fdb10eba1dbf17030a2c0867fc385fe0449b974.png","type":"skin","rarity":0,"price":10},"Souvenir MP5-SD | Dirt Drop (Field-Tested)":{"souvenir":true,"quality":3,"skin":"Dirt Drop","weapon":"MP5-SD","short":"MP5-SD | Dirt Drop","name":"Souvenir MP5-SD | Dirt Drop (Field-Tested)","src":"https://steamcdn-a.akamaihd.net/apps/730/icons/econ/default_generated/weapon_mp5sd_sp_tape_short_rally_light_large.2fdb10eba1dbf17030a2c0867fc385fe0449b974.png","type":"skin","rarity":0,"price":5},"Souvenir MP5-SD | Dirt Drop (Well-Worn)":{"souvenir":true,"quality":2,"skin":"Dirt Drop","weapon":"MP5-SD","short":"MP5-SD | Dirt Drop","name":"Souvenir MP5-SD | Dirt Drop (Well-Worn)","src":"https://steamcdn-a.akamaihd.net/apps/730/icons/econ/default_generated/weapon_mp5sd_sp_tape_short_rally_light_large.2fdb10eba1dbf17030a2c0867fc385fe0449b974.png","type":"skin","rarity":0,"price":6},"Souvenir MP5-SD | Dirt Drop (Battle-Scarred)":{"souvenir":true,"quality":1,"skin":"Dirt Drop","weapon":"MP5-SD","short":"MP5-SD | Dirt Drop","name":"Souvenir MP5-SD | Dirt Drop (Battle-Scarred)","src":"https://steamcdn-a.akamaihd.net/apps/730/icons/econ/default_generated/weapon_mp5sd_sp_tape_short_rally_light_large.2fdb10eba1dbf17030a2c0867fc385fe0449b974.png","type":"skin","rarity":0,"price":6},"MP5-SD | Dirt Drop":{"souvenirAvailable":true,"masterItem":true,"qualities":[5,4,3,2,1],"skin":"Dirt Drop","weapon":"MP5-SD","short":"MP5-SD | Dirt Drop","name":"MP5-SD | Dirt Drop","src":"https://steamcdn-a.akamaihd.net/apps/730/icons/econ/default_generated/weapon_mp5sd_sp_tape_short_rally_light_large.2fdb10eba1dbf17030a2c0867fc385fe0449b974.png","type":"skin","rarity":0,"price":191,"minPrice":3},"UMP-45 | Mudder (Factory New)":{"quality":5,"skin":"Mudder","weapon":"UMP-45","short":"UMP-45 | Mudder","name":"UMP-45 | Mudder (Factory New)","src":"https://steamcdn-a.akamaihd.net/apps/730/icons/econ/default_generated/weapon_ump45_hy_mottled_sand_light_large.14c5d59d597a00bdccaefe47a99de0e5b1f884d6.png","type":"skin","rarity":0,"price":8},"UMP-45 | Mudder (Minimal Wear)":{"quality":4,"skin":"Mudder","weapon":"UMP-45","short":"UMP-45 | Mudder","name":"UMP-45 | Mudder (Minimal Wear)","src":"https://steamcdn-a.akamaihd.net/apps/730/icons/econ/default_generated/weapon_ump45_hy_mottled_sand_light_large.14c5d59d597a00bdccaefe47a99de0e5b1f884d6.png","type":"skin","rarity":0,"price":3},"UMP-45 | Mudder (Field-Tested)":{"quality":3,"skin":"Mudder","weapon":"UMP-45","short":"UMP-45 | Mudder","name":"UMP-45 | Mudder (Field-Tested)","src":"https://steamcdn-a.akamaihd.net/apps/730/icons/econ/default_generated/weapon_ump45_hy_mottled_sand_light_large.14c5d59d597a00bdccaefe47a99de0e5b1f884d6.png","type":"skin","rarity":0,"price":3},"UMP-45 | Mudder (Well-Worn)":{"quality":2,"skin":"Mudder","weapon":"UMP-45","short":"UMP-45 | Mudder","name":"UMP-45 | Mudder (Well-Worn)","src":"https://steamcdn-a.akamaihd.net/apps/730/icons/econ/default_generated/weapon_ump45_hy_mottled_sand_light_large.14c5d59d597a00bdccaefe47a99de0e5b1f884d6.png","type":"skin","rarity":0,"price":3},"UMP-45 | Mudder (Battle-Scarred)":{"quality":1,"skin":"Mudder","weapon":"UMP-45","short":"UMP-45 | Mudder","name":"UMP-45 | Mudder (Battle-Scarred)","src":"https://steamcdn-a.akamaihd.net/apps/730/icons/econ/default_generated/weapon_ump45_hy_mottled_sand_light_large.14c5d59d597a00bdccaefe47a99de0e5b1f884d6.png","type":"skin","rarity":0,"price":3},"Souvenir UMP-45 | Mudder (Factory New)":{"souvenir":true,"quality":5,"skin":"Mudder","weapon":"UMP-45","short":"UMP-45 | Mudder","name":"Souvenir UMP-45 | Mudder (Factory New)","src":"https://steamcdn-a.akamaihd.net/apps/730/icons/econ/default_generated/weapon_ump45_hy_mottled_sand_light_large.14c5d59d597a00bdccaefe47a99de0e5b1f884d6.png","type":"skin","rarity":0,"price":123},"Souvenir UMP-45 | Mudder (Minimal Wear)":{"souvenir":true,"quality":4,"skin":"Mudder","weapon":"UMP-45","short":"UMP-45 | Mudder","name":"Souvenir UMP-45 | Mudder (Minimal Wear)","src":"https://steamcdn-a.akamaihd.net/apps/730/icons/econ/default_generated/weapon_ump45_hy_mottled_sand_light_large.14c5d59d597a00bdccaefe47a99de0e5b1f884d6.png","type":"skin","rarity":0,"price":6},"Souvenir UMP-45 | Mudder (Field-Tested)":{"souvenir":true,"quality":3,"skin":"Mudder","weapon":"UMP-45","short":"UMP-45 | Mudder","name":"Souvenir UMP-45 | Mudder (Field-Tested)","src":"https://steamcdn-a.akamaihd.net/apps/730/icons/econ/default_generated/weapon_ump45_hy_mottled_sand_light_large.14c5d59d597a00bdccaefe47a99de0e5b1f884d6.png","type":"skin","rarity":0,"price":4},"Souvenir UMP-45 | Mudder (Well-Worn)":{"souvenir":true,"quality":2,"skin":"Mudder","weapon":"UMP-45","short":"UMP-45 | Mudder","name":"Souvenir UMP-45 | Mudder (Well-Worn)","src":"https://steamcdn-a.akamaihd.net/apps/730/icons/econ/default_generated/weapon_ump45_hy_mottled_sand_light_large.14c5d59d597a00bdccaefe47a99de0e5b1f884d6.png","type":"skin","rarity":0,"price":5},"Souvenir UMP-45 | Mudder (Battle-Scarred)":{"souvenir":true,"quality":1,"skin":"Mudder","weapon":"UMP-45","short":"UMP-45 | Mudder","name":"Souvenir UMP-45 | Mudder (Battle-Scarred)","src":"https://steamcdn-a.akamaihd.net/apps/730/icons/econ/default_generated/weapon_ump45_hy_mottled_sand_light_large.14c5d59d597a00bdccaefe47a99de0e5b1f884d6.png","type":"skin","rarity":0,"price":4},"UMP-45 | Mudder":{"souvenirAvailable":true,"masterItem":true,"qualities":[5,4,3,2,1],"skin":"Mudder","weapon":"UMP-45","short":"UMP-45 | Mudder","name":"UMP-45 | Mudder","src":"https://steamcdn-a.akamaihd.net/apps/730/icons/econ/default_generated/weapon_ump45_hy_mottled_sand_light_large.14c5d59d597a00bdccaefe47a99de0e5b1f884d6.png","type":"skin","rarity":0,"price":123,"minPrice":3},"MP9 | Slide (Factory New)":{"quality":5,"skin":"Slide","weapon":"MP9","short":"MP9 | Slide","name":"MP9 | Slide (Factory New)","src":"https://steamcdn-a.akamaihd.net/apps/730/icons/econ/default_generated/weapon_mp9_hy_splatter3_light_large.e87822a5caeb6a7181e0e866612c755f78f66be1.png","type":"skin","rarity":0,"price":8},"MP9 | Slide (Minimal Wear)":{"quality":4,"skin":"Slide","weapon":"MP9","short":"MP9 | Slide","name":"MP9 | Slide (Minimal Wear)","src":"https://steamcdn-a.akamaihd.net/apps/730/icons/econ/default_generated/weapon_mp9_hy_splatter3_light_large.e87822a5caeb6a7181e0e866612c755f78f66be1.png","type":"skin","rarity":0,"price":3},"MP9 | Slide (Field-Tested)":{"quality":3,"skin":"Slide","weapon":"MP9","short":"MP9 | Slide","name":"MP9 | Slide (Field-Tested)","src":"https://steamcdn-a.akamaihd.net/apps/730/icons/econ/default_generated/weapon_mp9_hy_splatter3_light_large.e87822a5caeb6a7181e0e866612c755f78f66be1.png","type":"skin","rarity":0,"price":3},"MP9 | Slide (Well-Worn)":{"quality":2,"skin":"Slide","weapon":"MP9","short":"MP9 | Slide","name":"MP9 | Slide (Well-Worn)","src":"https://steamcdn-a.akamaihd.net/apps/730/icons/econ/default_generated/weapon_mp9_hy_splatter3_light_large.e87822a5caeb6a7181e0e866612c755f78f66be1.png","type":"skin","rarity":0,"price":3},"MP9 | Slide (Battle-Scarred)":{"quality":1,"skin":"Slide","weapon":"MP9","short":"MP9 | Slide","name":"MP9 | Slide (Battle-Scarred)","src":"https://steamcdn-a.akamaihd.net/apps/730/icons/econ/default_generated/weapon_mp9_hy_splatter3_light_large.e87822a5caeb6a7181e0e866612c755f78f66be1.png","type":"skin","rarity":0,"price":3},"Souvenir MP9 | Slide (Factory New)":{"souvenir":true,"quality":5,"skin":"Slide","weapon":"MP9","short":"MP9 | Slide","name":"Souvenir MP9 | Slide (Factory New)","src":"https://steamcdn-a.akamaihd.net/apps/730/icons/econ/default_generated/weapon_mp9_hy_splatter3_light_large.e87822a5caeb6a7181e0e866612c755f78f66be1.png","type":"skin","rarity":0,"price":113},"Souvenir MP9 | Slide (Minimal Wear)":{"souvenir":true,"quality":4,"skin":"Slide","weapon":"MP9","short":"MP9 | Slide","name":"Souvenir MP9 | Slide (Minimal Wear)","src":"https://steamcdn-a.akamaihd.net/apps/730/icons/econ/default_generated/weapon_mp9_hy_splatter3_light_large.e87822a5caeb6a7181e0e866612c755f78f66be1.png","type":"skin","rarity":0,"price":14},"Souvenir MP9 | Slide (Field-Tested)":{"souvenir":true,"quality":3,"skin":"Slide","weapon":"MP9","short":"MP9 | Slide","name":"Souvenir MP9 | Slide (Field-Tested)","src":"https://steamcdn-a.akamaihd.net/apps/730/icons/econ/default_generated/weapon_mp9_hy_splatter3_light_large.e87822a5caeb6a7181e0e866612c755f78f66be1.png","type":"skin","rarity":0,"price":5},"Souvenir MP9 | Slide (Well-Worn)":{"souvenir":true,"quality":2,"skin":"Slide","weapon":"MP9","short":"MP9 | Slide","name":"Souvenir MP9 | Slide (Well-Worn)","src":"https://steamcdn-a.akamaihd.net/apps/730/icons/econ/default_generated/weapon_mp9_hy_splatter3_light_large.e87822a5caeb6a7181e0e866612c755f78f66be1.png","type":"skin","rarity":0,"price":6},"Souvenir MP9 | Slide (Battle-Scarred)":{"souvenir":true,"quality":1,"skin":"Slide","weapon":"MP9","short":"MP9 | Slide","name":"Souvenir MP9 | Slide (Battle-Scarred)","src":"https://steamcdn-a.akamaihd.net/apps/730/icons/econ/default_generated/weapon_mp9_hy_splatter3_light_large.e87822a5caeb6a7181e0e866612c755f78f66be1.png","type":"skin","rarity":0,"price":5},"MP9 | Slide":{"souvenirAvailable":true,"masterItem":true,"qualities":[5,4,3,2,1],"skin":"Slide","weapon":"MP9","short":"MP9 | Slide","name":"MP9 | Slide","src":"https://steamcdn-a.akamaihd.net/apps/730/icons/econ/default_generated/weapon_mp9_hy_splatter3_light_large.e87822a5caeb6a7181e0e866612c755f78f66be1.png","type":"skin","rarity":0,"price":113,"minPrice":3}}