{
  "The Inferno Collection": {
    "name": "The Inferno Collection",
    "src": "images/items/collections/inferno.png",
    "price": 1376,
    "type": "case",
    "rarity": 0,
    "content": {
      "items": [
        "Tec-9 | Brass (Factory New)", "Tec-9 | Brass (Minimal Wear)", "Tec-9 | Brass (Field-Tested)",
        "Tec-9 | Brass (Well-Worn)", "Tec-9 | Brass (Battle-Scarred)", "Souvenir Tec-9 | Brass (Factory New)",
        "Souvenir Tec-9 | Brass (Minimal Wear)", "Souvenir Tec-9 | Brass (Field-Tested)",
        "Souvenir Tec-9 | Brass (Well-Worn)", "Souvenir Tec-9 | Brass (Battle-Scarred)",
        "Dual Berettas | Anodized Navy (Factory New)", "Dual Berettas | Anodized Navy (Minimal Wear)",
        "Souvenir Dual Berettas | Anodized Navy (Factory New)", "Souvenir Dual Berettas | Anodized Navy (Minimal Wear)",
        "P250 | Gunsmoke (Factory New)", "P250 | Gunsmoke (Minimal Wear)", "P250 | Gunsmoke (Field-Tested)",
        "P250 | Gunsmoke (Well-Worn)", "P250 | Gunsmoke (Battle-Scarred)", "Souvenir P250 | Gunsmoke (Factory New)",
        "Souvenir P250 | Gunsmoke (Minimal Wear)", "Souvenir P250 | Gunsmoke (Field-Tested)",
        "Souvenir P250 | Gunsmoke (Well-Worn)", "Souvenir P250 | Gunsmoke (Battle-Scarred)",
        "M4A4 | Tornado (Factory New)", "M4A4 | Tornado (Minimal Wear)", "M4A4 | Tornado (Field-Tested)",
        "M4A4 | Tornado (Well-Worn)", "M4A4 | Tornado (Battle-Scarred)", "Souvenir M4A4 | Tornado (Factory New)",
        "Souvenir M4A4 | Tornado (Minimal Wear)", "Souvenir M4A4 | Tornado (Field-Tested)",
        "Souvenir M4A4 | Tornado (Well-Worn)", "Souvenir M4A4 | Tornado (Battle-Scarred)",
        "Nova | Walnut (Factory New)", "Nova | Walnut (Minimal Wear)", "Nova | Walnut (Field-Tested)",
        "Nova | Walnut (Well-Worn)", "Nova | Walnut (Battle-Scarred)", "Souvenir Nova | Walnut (Factory New)",
        "Souvenir Nova | Walnut (Minimal Wear)", "Souvenir Nova | Walnut (Field-Tested)",
        "Souvenir Nova | Walnut (Well-Worn)", "Souvenir Nova | Walnut (Battle-Scarred)",
        "MAG-7 | Sand Dune (Factory New)", "MAG-7 | Sand Dune (Minimal Wear)", "MAG-7 | Sand Dune (Field-Tested)",
        "MAG-7 | Sand Dune (Well-Worn)", "MAG-7 | Sand Dune (Battle-Scarred)",
        "Souvenir MAG-7 | Sand Dune (Factory New)", "Souvenir MAG-7 | Sand Dune (Minimal Wear)",
        "Souvenir MAG-7 | Sand Dune (Field-Tested)", "Souvenir MAG-7 | Sand Dune (Well-Worn)",
        "Souvenir MAG-7 | Sand Dune (Battle-Scarred)"
      ]
    }
  },
  "Tec-9 | Brass (Factory New)": {
    "quality": 5,
    "weight": 0.01,
    "skin": "Brass",
    "weapon": "Tec-9",
    "short": "Tec-9 | Brass",
    "name": "Tec-9 | Brass (Factory New)",
    "src": "https://steamcdn-a.akamaihd.net/apps/730/icons/econ/default_generated/weapon_tec9_aq_brass_light_large.0e78665f494e390a064c8a838030b4458536d9ae.png",
    "type": "skin",
    "rarity": 2,
    "price": 1121
  },
  "Tec-9 | Brass (Minimal Wear)": {
    "quality": 4,
    "weight": 0.01,
    "skin": "Brass",
    "weapon": "Tec-9",
    "short": "Tec-9 | Brass",
    "name": "Tec-9 | Brass (Minimal Wear)",
    "src": "https://steamcdn-a.akamaihd.net/apps/730/icons/econ/default_generated/weapon_tec9_aq_brass_light_large.0e78665f494e390a064c8a838030b4458536d9ae.png",
    "type": "skin",
    "rarity": 2,
    "price": 138
  },
  "Tec-9 | Brass (Field-Tested)": {
    "quality": 3,
    "weight": 0.01,
    "skin": "Brass",
    "weapon": "Tec-9",
    "short": "Tec-9 | Brass",
    "name": "Tec-9 | Brass (Field-Tested)",
    "src": "https://steamcdn-a.akamaihd.net/apps/730/icons/econ/default_generated/weapon_tec9_aq_brass_light_large.0e78665f494e390a064c8a838030b4458536d9ae.png",
    "type": "skin",
    "rarity": 2,
    "price": 52
  },
  "Tec-9 | Brass (Well-Worn)": {
    "quality": 2,
    "weight": 0.01,
    "skin": "Brass",
    "weapon": "Tec-9",
    "short": "Tec-9 | Brass",
    "name": "Tec-9 | Brass (Well-Worn)",
    "src": "https://steamcdn-a.akamaihd.net/apps/730/icons/econ/default_generated/weapon_tec9_aq_brass_light_large.0e78665f494e390a064c8a838030b4458536d9ae.png",
    "type": "skin",
    "rarity": 2,
    "price": 41
  },
  "Tec-9 | Brass (Battle-Scarred)": {
    "quality": 1,
    "weight": 0.01,
    "skin": "Brass",
    "weapon": "Tec-9",
    "short": "Tec-9 | Brass",
    "name": "Tec-9 | Brass (Battle-Scarred)",
    "src": "https://steamcdn-a.akamaihd.net/apps/730/icons/econ/default_generated/weapon_tec9_aq_brass_light_large.0e78665f494e390a064c8a838030b4458536d9ae.png",
    "type": "skin",
    "rarity": 2,
    "price": 39
  },
  "Souvenir Tec-9 | Brass (Factory New)": {
    "souvenir": true,
    "quality": 5,
    "weight": 0.01,
    "skin": "Brass",
    "weapon": "Tec-9",
    "short": "Tec-9 | Brass",
    "name": "Souvenir Tec-9 | Brass (Factory New)",
    "src": "https://steamcdn-a.akamaihd.net/apps/730/icons/econ/default_generated/weapon_tec9_aq_brass_light_large.0e78665f494e390a064c8a838030b4458536d9ae.png",
    "type": "skin",
    "rarity": 2,
    "price": 4624
  },
  "Souvenir Tec-9 | Brass (Minimal Wear)": {
    "souvenir": true,
    "quality": 4,
    "weight": 0.01,
    "skin": "Brass",
    "weapon": "Tec-9",
    "short": "Tec-9 | Brass",
    "name": "Souvenir Tec-9 | Brass (Minimal Wear)",
    "src": "https://steamcdn-a.akamaihd.net/apps/730/icons/econ/default_generated/weapon_tec9_aq_brass_light_large.0e78665f494e390a064c8a838030b4458536d9ae.png",
    "type": "skin",
    "rarity": 2,
    "price": 1043
  },
  "Souvenir Tec-9 | Brass (Field-Tested)": {
    "souvenir": true,
    "quality": 3,
    "weight": 0.01,
    "skin": "Brass",
    "weapon": "Tec-9",
    "short": "Tec-9 | Brass",
    "name": "Souvenir Tec-9 | Brass (Field-Tested)",
    "src": "https://steamcdn-a.akamaihd.net/apps/730/icons/econ/default_generated/weapon_tec9_aq_brass_light_large.0e78665f494e390a064c8a838030b4458536d9ae.png",
    "type": "skin",
    "rarity": 2,
    "price": 675
  },
  "Souvenir Tec-9 | Brass (Well-Worn)": {
    "souvenir": true,
    "quality": 2,
    "weight": 0.01,
    "skin": "Brass",
    "weapon": "Tec-9",
    "short": "Tec-9 | Brass",
    "name": "Souvenir Tec-9 | Brass (Well-Worn)",
    "src": "https://steamcdn-a.akamaihd.net/apps/730/icons/econ/default_generated/weapon_tec9_aq_brass_light_large.0e78665f494e390a064c8a838030b4458536d9ae.png",
    "type": "skin",
    "rarity": 2,
    "price": 437
  },
  "Souvenir Tec-9 | Brass (Battle-Scarred)": {
    "souvenir": true,
    "quality": 1,
    "weight": 0.01,
    "skin": "Brass",
    "weapon": "Tec-9",
    "short": "Tec-9 | Brass",
    "name": "Souvenir Tec-9 | Brass (Battle-Scarred)",
    "src": "https://steamcdn-a.akamaihd.net/apps/730/icons/econ/default_generated/weapon_tec9_aq_brass_light_large.0e78665f494e390a064c8a838030b4458536d9ae.png",
    "type": "skin",
    "rarity": 2,
    "price": 469
  },
  "Tec-9 | Brass": {
    "souvenirAvailable": true,
    "masterItem": true,
    "qualities": [5, 4, 3, 2, 1],
    "skin": "Brass",
    "weapon": "Tec-9",
    "short": "Tec-9 | Brass",
    "name": "Tec-9 | Brass",
    "src": "https://steamcdn-a.akamaihd.net/apps/730/icons/econ/default_generated/weapon_tec9_aq_brass_light_large.0e78665f494e390a064c8a838030b4458536d9ae.png",
    "type": "skin",
    "rarity": 2,
    "price": 4624,
    "minPrice": 39
  },
  "Dual Berettas | Anodized Navy (Factory New)": {
    "quality": 5,
    "weight": 0.01,
    "skin": "Anodized Navy",
    "weapon": "Dual Berettas",
    "short": "Dual Berettas | Anodized Navy",
    "name": "Dual Berettas | Anodized Navy (Factory New)",
    "src": "https://steamcdn-a.akamaihd.net/apps/730/icons/econ/default_generated/weapon_elite_an_navy_light_large.87999cce45a03f8e83c28db98874810a5c990c10.png",
    "type": "skin",
    "rarity": 2,
    "price": 55
  },
  "Dual Berettas | Anodized Navy (Minimal Wear)": {
    "quality": 4,
    "weight": 0.01,
    "skin": "Anodized Navy",
    "weapon": "Dual Berettas",
    "short": "Dual Berettas | Anodized Navy",
    "name": "Dual Berettas | Anodized Navy (Minimal Wear)",
    "src": "https://steamcdn-a.akamaihd.net/apps/730/icons/econ/default_generated/weapon_elite_an_navy_light_large.87999cce45a03f8e83c28db98874810a5c990c10.png",
    "type": "skin",
    "rarity": 2,
    "price": 188
  },
  "Souvenir Dual Berettas | Anodized Navy (Factory New)": {
    "souvenir": true,
    "quality": 5,
    "weight": 0.01,
    "skin": "Anodized Navy",
    "weapon": "Dual Berettas",
    "short": "Dual Berettas | Anodized Navy",
    "name": "Souvenir Dual Berettas | Anodized Navy (Factory New)",
    "src": "https://steamcdn-a.akamaihd.net/apps/730/icons/econ/default_generated/weapon_elite_an_navy_light_large.87999cce45a03f8e83c28db98874810a5c990c10.png",
    "type": "skin",
    "rarity": 2,
    "price": 338
  },
  "Souvenir Dual Berettas | Anodized Navy (Minimal Wear)": {
    "souvenir": true,
    "quality": 4,
    "weight": 0.01,
    "skin": "Anodized Navy",
    "weapon": "Dual Berettas",
    "short": "Dual Berettas | Anodized Navy",
    "name": "Souvenir Dual Berettas | Anodized Navy (Minimal Wear)",
    "src": "https://steamcdn-a.akamaihd.net/apps/730/icons/econ/default_generated/weapon_elite_an_navy_light_large.87999cce45a03f8e83c28db98874810a5c990c10.png",
    "type": "skin",
    "rarity": 2,
    "price": 370
  },
  "Dual Berettas | Anodized Navy": {
    "souvenirAvailable": true,
    "masterItem": true,
    "qualities": [5, 4],
    "skin": "Anodized Navy",
    "weapon": "Dual Berettas",
    "short": "Dual Berettas | Anodized Navy",
    "name": "Dual Berettas | Anodized Navy",
    "src": "https://steamcdn-a.akamaihd.net/apps/730/icons/econ/default_generated/weapon_elite_an_navy_light_large.87999cce45a03f8e83c28db98874810a5c990c10.png",
    "type": "skin",
    "rarity": 2,
    "price": 370,
    "minPrice": 55
  },
  "P250 | Gunsmoke (Factory New)": {
    "quality": 5,
    "weight": 0.01,
    "skin": "Gunsmoke",
    "weapon": "P250",
    "short": "P250 | Gunsmoke",
    "name": "P250 | Gunsmoke (Factory New)",
    "src": "https://steamcdn-a.akamaihd.net/apps/730/icons/econ/default_generated/weapon_p250_hy_gelpen_light_large.214a92b3bec9ab81ad0c13276fa4ac552530f31f.png",
    "type": "skin",
    "rarity": 1,
    "price": 1481
  },
  "P250 | Gunsmoke (Minimal Wear)": {
    "quality": 4,
    "weight": 0.01,
    "skin": "Gunsmoke",
    "weapon": "P250",
    "short": "P250 | Gunsmoke",
    "name": "P250 | Gunsmoke (Minimal Wear)",
    "src": "https://steamcdn-a.akamaihd.net/apps/730/icons/econ/default_generated/weapon_p250_hy_gelpen_light_large.214a92b3bec9ab81ad0c13276fa4ac552530f31f.png",
    "type": "skin",
    "rarity": 1,
    "price": 150
  },
  "P250 | Gunsmoke (Field-Tested)": {
    "quality": 3,
    "weight": 0.01,
    "skin": "Gunsmoke",
    "weapon": "P250",
    "short": "P250 | Gunsmoke",
    "name": "P250 | Gunsmoke (Field-Tested)",
    "src": "https://steamcdn-a.akamaihd.net/apps/730/icons/econ/default_generated/weapon_p250_hy_gelpen_light_large.214a92b3bec9ab81ad0c13276fa4ac552530f31f.png",
    "type": "skin",
    "rarity": 1,
    "price": 75
  },
  "P250 | Gunsmoke (Well-Worn)": {
    "quality": 2,
    "weight": 0.01,
    "skin": "Gunsmoke",
    "weapon": "P250",
    "short": "P250 | Gunsmoke",
    "name": "P250 | Gunsmoke (Well-Worn)",
    "src": "https://steamcdn-a.akamaihd.net/apps/730/icons/econ/default_generated/weapon_p250_hy_gelpen_light_large.214a92b3bec9ab81ad0c13276fa4ac552530f31f.png",
    "type": "skin",
    "rarity": 1,
    "price": 75
  },
  "P250 | Gunsmoke (Battle-Scarred)": {
    "quality": 1,
    "weight": 0.01,
    "skin": "Gunsmoke",
    "weapon": "P250",
    "short": "P250 | Gunsmoke",
    "name": "P250 | Gunsmoke (Battle-Scarred)",
    "src": "https://steamcdn-a.akamaihd.net/apps/730/icons/econ/default_generated/weapon_p250_hy_gelpen_light_large.214a92b3bec9ab81ad0c13276fa4ac552530f31f.png",
    "type": "skin",
    "rarity": 1,
    "price": 67
  },
  "Souvenir P250 | Gunsmoke (Factory New)": {
    "souvenir": true,
    "quality": 5,
    "weight": 0.01,
    "skin": "Gunsmoke",
    "weapon": "P250",
    "short": "P250 | Gunsmoke",
    "name": "Souvenir P250 | Gunsmoke (Factory New)",
    "src": "https://steamcdn-a.akamaihd.net/apps/730/icons/econ/default_generated/weapon_p250_hy_gelpen_light_large.214a92b3bec9ab81ad0c13276fa4ac552530f31f.png",
    "type": "skin",
    "rarity": 1,
    "price": 4021
  },
  "Souvenir P250 | Gunsmoke (Minimal Wear)": {
    "souvenir": true,
    "quality": 4,
    "weight": 0.01,
    "skin": "Gunsmoke",
    "weapon": "P250",
    "short": "P250 | Gunsmoke",
    "name": "Souvenir P250 | Gunsmoke (Minimal Wear)",
    "src": "https://steamcdn-a.akamaihd.net/apps/730/icons/econ/default_generated/weapon_p250_hy_gelpen_light_large.214a92b3bec9ab81ad0c13276fa4ac552530f31f.png",
    "type": "skin",
    "rarity": 1,
    "price": 435
  },
  "Souvenir P250 | Gunsmoke (Field-Tested)": {
    "souvenir": true,
    "quality": 3,
    "weight": 0.01,
    "skin": "Gunsmoke",
    "weapon": "P250",
    "short": "P250 | Gunsmoke",
    "name": "Souvenir P250 | Gunsmoke (Field-Tested)",
    "src": "https://steamcdn-a.akamaihd.net/apps/730/icons/econ/default_generated/weapon_p250_hy_gelpen_light_large.214a92b3bec9ab81ad0c13276fa4ac552530f31f.png",
    "type": "skin",
    "rarity": 1,
    "price": 150
  },
  "Souvenir P250 | Gunsmoke (Well-Worn)": {
    "souvenir": true,
    "quality": 2,
    "weight": 0.01,
    "skin": "Gunsmoke",
    "weapon": "P250",
    "short": "P250 | Gunsmoke",
    "name": "Souvenir P250 | Gunsmoke (Well-Worn)",
    "src": "https://steamcdn-a.akamaihd.net/apps/730/icons/econ/default_generated/weapon_p250_hy_gelpen_light_large.214a92b3bec9ab81ad0c13276fa4ac552530f31f.png",
    "type": "skin",
    "rarity": 1,
    "price": 152
  },
  "Souvenir P250 | Gunsmoke (Battle-Scarred)": {
    "souvenir": true,
    "quality": 1,
    "weight": 0.01,
    "skin": "Gunsmoke",
    "weapon": "P250",
    "short": "P250 | Gunsmoke",
    "name": "Souvenir P250 | Gunsmoke (Battle-Scarred)",
    "src": "https://steamcdn-a.akamaihd.net/apps/730/icons/econ/default_generated/weapon_p250_hy_gelpen_light_large.214a92b3bec9ab81ad0c13276fa4ac552530f31f.png",
    "type": "skin",
    "rarity": 1,
    "price": 90
  },
  "P250 | Gunsmoke": {
    "souvenirAvailable": true,
    "masterItem": true,
    "qualities": [5, 4, 3, 2, 1],
    "skin": "Gunsmoke",
    "weapon": "P250",
    "short": "P250 | Gunsmoke",
    "name": "P250 | Gunsmoke",
    "src": "https://steamcdn-a.akamaihd.net/apps/730/icons/econ/default_generated/weapon_p250_hy_gelpen_light_large.214a92b3bec9ab81ad0c13276fa4ac552530f31f.png",
    "type": "skin",
    "rarity": 1,
    "price": 4021,
    "minPrice": 67
  },
  "M4A4 | Tornado (Factory New)": {
    "quality": 5,
    "weight": 0.01,
    "skin": "Tornado",
    "weapon": "M4A4",
    "short": "M4A4 | Tornado",
    "name": "M4A4 | Tornado (Factory New)",
    "src": "https://steamcdn-a.akamaihd.net/apps/730/icons/econ/default_generated/weapon_m4a1_so_tornado_light_large.5e852b0952af47cde9b8c60edf137f34b81fe812.png",
    "type": "skin",
    "rarity": 1,
    "price": 3973
  },
  "M4A4 | Tornado (Minimal Wear)": {
    "quality": 4,
    "weight": 0.01,
    "skin": "Tornado",
    "weapon": "M4A4",
    "short": "M4A4 | Tornado",
    "name": "M4A4 | Tornado (Minimal Wear)",
    "src": "https://steamcdn-a.akamaihd.net/apps/730/icons/econ/default_generated/weapon_m4a1_so_tornado_light_large.5e852b0952af47cde9b8c60edf137f34b81fe812.png",
    "type": "skin",
    "rarity": 1,
    "price": 458
  },
  "M4A4 | Tornado (Field-Tested)": {
    "quality": 3,
    "weight": 0.01,
    "skin": "Tornado",
    "weapon": "M4A4",
    "short": "M4A4 | Tornado",
    "name": "M4A4 | Tornado (Field-Tested)",
    "src": "https://steamcdn-a.akamaihd.net/apps/730/icons/econ/default_generated/weapon_m4a1_so_tornado_light_large.5e852b0952af47cde9b8c60edf137f34b81fe812.png",
    "type": "skin",
    "rarity": 1,
    "price": 148
  },
  "M4A4 | Tornado (Well-Worn)": {
    "quality": 2,
    "weight": 0.01,
    "skin": "Tornado",
    "weapon": "M4A4",
    "short": "M4A4 | Tornado",
    "name": "M4A4 | Tornado (Well-Worn)",
    "src": "https://steamcdn-a.akamaihd.net/apps/730/icons/econ/default_generated/weapon_m4a1_so_tornado_light_large.5e852b0952af47cde9b8c60edf137f34b81fe812.png",
    "type": "skin",
    "rarity": 1,
    "price": 227
  },
  "M4A4 | Tornado (Battle-Scarred)": {
    "quality": 1,
    "weight": 0.01,
    "skin": "Tornado",
    "weapon": "M4A4",
    "short": "M4A4 | Tornado",
    "name": "M4A4 | Tornado (Battle-Scarred)",
    "src": "https://steamcdn-a.akamaihd.net/apps/730/icons/econ/default_generated/weapon_m4a1_so_tornado_light_large.5e852b0952af47cde9b8c60edf137f34b81fe812.png",
    "type": "skin",
    "rarity": 1,
    "price": 145
  },
  "Souvenir M4A4 | Tornado (Factory New)": {
    "souvenir": true,
    "quality": 5,
    "weight": 0.01,
    "skin": "Tornado",
    "weapon": "M4A4",
    "short": "M4A4 | Tornado",
    "name": "Souvenir M4A4 | Tornado (Factory New)",
    "src": "https://steamcdn-a.akamaihd.net/apps/730/icons/econ/default_generated/weapon_m4a1_so_tornado_light_large.5e852b0952af47cde9b8c60edf137f34b81fe812.png",
    "type": "skin",
    "rarity": 1,
    "price": 10266
  },
  "Souvenir M4A4 | Tornado (Minimal Wear)": {
    "souvenir": true,
    "quality": 4,
    "weight": 0.01,
    "skin": "Tornado",
    "weapon": "M4A4",
    "short": "M4A4 | Tornado",
    "name": "Souvenir M4A4 | Tornado (Minimal Wear)",
    "src": "https://steamcdn-a.akamaihd.net/apps/730/icons/econ/default_generated/weapon_m4a1_so_tornado_light_large.5e852b0952af47cde9b8c60edf137f34b81fe812.png",
    "type": "skin",
    "rarity": 1,
    "price": 1058
  },
  "Souvenir M4A4 | Tornado (Field-Tested)": {
    "souvenir": true,
    "quality": 3,
    "weight": 0.01,
    "skin": "Tornado",
    "weapon": "M4A4",
    "short": "M4A4 | Tornado",
    "name": "Souvenir M4A4 | Tornado (Field-Tested)",
    "src": "https://steamcdn-a.akamaihd.net/apps/730/icons/econ/default_generated/weapon_m4a1_so_tornado_light_large.5e852b0952af47cde9b8c60edf137f34b81fe812.png",
    "type": "skin",
    "rarity": 1,
    "price": 413
  },
  "Souvenir M4A4 | Tornado (Well-Worn)": {
    "souvenir": true,
    "quality": 2,
    "weight": 0.01,
    "skin": "Tornado",
    "weapon": "M4A4",
    "short": "M4A4 | Tornado",
    "name": "Souvenir M4A4 | Tornado (Well-Worn)",
    "src": "https://steamcdn-a.akamaihd.net/apps/730/icons/econ/default_generated/weapon_m4a1_so_tornado_light_large.5e852b0952af47cde9b8c60edf137f34b81fe812.png",
    "type": "skin",
    "rarity": 1,
    "price": 424
  },
  "Souvenir M4A4 | Tornado (Battle-Scarred)": {
    "souvenir": true,
    "quality": 1,
    "weight": 0.01,
    "skin": "Tornado",
    "weapon": "M4A4",
    "short": "M4A4 | Tornado",
    "name": "Souvenir M4A4 | Tornado (Battle-Scarred)",
    "src": "https://steamcdn-a.akamaihd.net/apps/730/icons/econ/default_generated/weapon_m4a1_so_tornado_light_large.5e852b0952af47cde9b8c60edf137f34b81fe812.png",
    "type": "skin",
    "rarity": 1,
    "price": 389
  },
  "M4A4 | Tornado": {
    "souvenirAvailable": true,
    "masterItem": true,
    "qualities": [5, 4, 3, 2, 1],
    "skin": "Tornado",
    "weapon": "M4A4",
    "short": "M4A4 | Tornado",
    "name": "M4A4 | Tornado",
    "src": "https://steamcdn-a.akamaihd.net/apps/730/icons/econ/default_generated/weapon_m4a1_so_tornado_light_large.5e852b0952af47cde9b8c60edf137f34b81fe812.png",
    "type": "skin",
    "rarity": 1,
    "price": 10266,
    "minPrice": 145
  },
  "Nova | Walnut (Factory New)": {
    "quality": 5,
    "weight": 0.01,
    "skin": "Walnut",
    "weapon": "Nova",
    "short": "Nova | Walnut",
    "name": "Nova | Walnut (Factory New)",
    "src": "https://steamcdn-a.akamaihd.net/apps/730/icons/econ/default_generated/weapon_nova_cu_walnut_nova_light_large.38cd0f88162ed88eb81df71f5fb18139c3a36c77.png",
    "type": "skin",
    "rarity": 0,
    "price": 591
  },
  "Nova | Walnut (Minimal Wear)": {
    "quality": 4,
    "weight": 0.01,
    "skin": "Walnut",
    "weapon": "Nova",
    "short": "Nova | Walnut",
    "name": "Nova | Walnut (Minimal Wear)",
    "src": "https://steamcdn-a.akamaihd.net/apps/730/icons/econ/default_generated/weapon_nova_cu_walnut_nova_light_large.38cd0f88162ed88eb81df71f5fb18139c3a36c77.png",
    "type": "skin",
    "rarity": 0,
    "price": 93
  },
  "Nova | Walnut (Field-Tested)": {
    "quality": 3,
    "weight": 0.01,
    "skin": "Walnut",
    "weapon": "Nova",
    "short": "Nova | Walnut",
    "name": "Nova | Walnut (Field-Tested)",
    "src": "https://steamcdn-a.akamaihd.net/apps/730/icons/econ/default_generated/weapon_nova_cu_walnut_nova_light_large.38cd0f88162ed88eb81df71f5fb18139c3a36c77.png",
    "type": "skin",
    "rarity": 0,
    "price": 49
  },
  "Nova | Walnut (Well-Worn)": {
    "quality": 2,
    "weight": 0.01,
    "skin": "Walnut",
    "weapon": "Nova",
    "short": "Nova | Walnut",
    "name": "Nova | Walnut (Well-Worn)",
    "src": "https://steamcdn-a.akamaihd.net/apps/730/icons/econ/default_generated/weapon_nova_cu_walnut_nova_light_large.38cd0f88162ed88eb81df71f5fb18139c3a36c77.png",
    "type": "skin",
    "rarity": 0,
    "price": 60
  },
  "Nova | Walnut (Battle-Scarred)": {
    "quality": 1,
    "weight": 0.01,
    "skin": "Walnut",
    "weapon": "Nova",
    "short": "Nova | Walnut",
    "name": "Nova | Walnut (Battle-Scarred)",
    "src": "https://steamcdn-a.akamaihd.net/apps/730/icons/econ/default_generated/weapon_nova_cu_walnut_nova_light_large.38cd0f88162ed88eb81df71f5fb18139c3a36c77.png",
    "type": "skin",
    "rarity": 0,
    "price": 46
  },
  "Souvenir Nova | Walnut (Factory New)": {
    "souvenir": true,
    "quality": 5,
    "weight": 0.01,
    "skin": "Walnut",
    "weapon": "Nova",
    "short": "Nova | Walnut",
    "name": "Souvenir Nova | Walnut (Factory New)",
    "src": "https://steamcdn-a.akamaihd.net/apps/730/icons/econ/default_generated/weapon_nova_cu_walnut_nova_light_large.38cd0f88162ed88eb81df71f5fb18139c3a36c77.png",
    "type": "skin",
    "rarity": 0,
    "price": 849
  },
  "Souvenir Nova | Walnut (Minimal Wear)": {
    "souvenir": true,
    "quality": 4,
    "weight": 0.01,
    "skin": "Walnut",
    "weapon": "Nova",
    "short": "Nova | Walnut",
    "name": "Souvenir Nova | Walnut (Minimal Wear)",
    "src": "https://steamcdn-a.akamaihd.net/apps/730/icons/econ/default_generated/weapon_nova_cu_walnut_nova_light_large.38cd0f88162ed88eb81df71f5fb18139c3a36c77.png",
    "type": "skin",
    "rarity": 0,
    "price": 101
  },
  "Souvenir Nova | Walnut (Field-Tested)": {
    "souvenir": true,
    "quality": 3,
    "weight": 0.01,
    "skin": "Walnut",
    "weapon": "Nova",
    "short": "Nova | Walnut",
    "name": "Souvenir Nova | Walnut (Field-Tested)",
    "src": "https://steamcdn-a.akamaihd.net/apps/730/icons/econ/default_generated/weapon_nova_cu_walnut_nova_light_large.38cd0f88162ed88eb81df71f5fb18139c3a36c77.png",
    "type": "skin",
    "rarity": 0,
    "price": 41
  },
  "Souvenir Nova | Walnut (Well-Worn)": {
    "souvenir": true,
    "quality": 2,
    "weight": 0.01,
    "skin": "Walnut",
    "weapon": "Nova",
    "short": "Nova | Walnut",
    "name": "Souvenir Nova | Walnut (Well-Worn)",
    "src": "https://steamcdn-a.akamaihd.net/apps/730/icons/econ/default_generated/weapon_nova_cu_walnut_nova_light_large.38cd0f88162ed88eb81df71f5fb18139c3a36c77.png",
    "type": "skin",
    "rarity": 0,
    "price": 52
  },
  "Souvenir Nova | Walnut (Battle-Scarred)": {
    "souvenir": true,
    "quality": 1,
    "weight": 0.01,
    "skin": "Walnut",
    "weapon": "Nova",
    "short": "Nova | Walnut",
    "name": "Souvenir Nova | Walnut (Battle-Scarred)",
    "src": "https://steamcdn-a.akamaihd.net/apps/730/icons/econ/default_generated/weapon_nova_cu_walnut_nova_light_large.38cd0f88162ed88eb81df71f5fb18139c3a36c77.png",
    "type": "skin",
    "rarity": 0,
    "price": 36
  },
  "Nova | Walnut": {
    "souvenirAvailable": true,
    "masterItem": true,
    "qualities": [5, 4, 3, 2, 1],
    "skin": "Walnut",
    "weapon": "Nova",
    "short": "Nova | Walnut",
    "name": "Nova | Walnut",
    "src": "https://steamcdn-a.akamaihd.net/apps/730/icons/econ/default_generated/weapon_nova_cu_walnut_nova_light_large.38cd0f88162ed88eb81df71f5fb18139c3a36c77.png",
    "type": "skin",
    "rarity": 0,
    "price": 849,
    "minPrice": 36
  },
  "MAG-7 | Sand Dune (Factory New)": {
    "quality": 5,
    "weight": 0.01,
    "skin": "Sand Dune",
    "weapon": "MAG-7",
    "short": "MAG-7 | Sand Dune",
    "name": "MAG-7 | Sand Dune (Factory New)",
    "src": "https://steamcdn-a.akamaihd.net/apps/730/icons/econ/default_generated/weapon_mag7_so_sand_light_large.9dfc46fd60aa92768b02d39371d5aac04b892ff8.png",
    "type": "skin",
    "rarity": 0,
    "price": 710
  },
  "MAG-7 | Sand Dune (Minimal Wear)": {
    "quality": 4,
    "weight": 0.01,
    "skin": "Sand Dune",
    "weapon": "MAG-7",
    "short": "MAG-7 | Sand Dune",
    "name": "MAG-7 | Sand Dune (Minimal Wear)",
    "src": "https://steamcdn-a.akamaihd.net/apps/730/icons/econ/default_generated/weapon_mag7_so_sand_light_large.9dfc46fd60aa92768b02d39371d5aac04b892ff8.png",
    "type": "skin",
    "rarity": 0,
    "price": 101
  },
  "MAG-7 | Sand Dune (Field-Tested)": {
    "quality": 3,
    "weight": 0.01,
    "skin": "Sand Dune",
    "weapon": "MAG-7",
    "short": "MAG-7 | Sand Dune",
    "name": "MAG-7 | Sand Dune (Field-Tested)",
    "src": "https://steamcdn-a.akamaihd.net/apps/730/icons/econ/default_generated/weapon_mag7_so_sand_light_large.9dfc46fd60aa92768b02d39371d5aac04b892ff8.png",
    "type": "skin",
    "rarity": 0,
    "price": 36
  },
  "MAG-7 | Sand Dune (Well-Worn)": {
    "quality": 2,
    "weight": 0.01,
    "skin": "Sand Dune",
    "weapon": "MAG-7",
    "short": "MAG-7 | Sand Dune",
    "name": "MAG-7 | Sand Dune (Well-Worn)",
    "src": "https://steamcdn-a.akamaihd.net/apps/730/icons/econ/default_generated/weapon_mag7_so_sand_light_large.9dfc46fd60aa92768b02d39371d5aac04b892ff8.png",
    "type": "skin",
    "rarity": 0,
    "price": 45
  },
  "MAG-7 | Sand Dune (Battle-Scarred)": {
    "quality": 1,
    "weight": 0.01,
    "skin": "Sand Dune",
    "weapon": "MAG-7",
    "short": "MAG-7 | Sand Dune",
    "name": "MAG-7 | Sand Dune (Battle-Scarred)",
    "src": "https://steamcdn-a.akamaihd.net/apps/730/icons/econ/default_generated/weapon_mag7_so_sand_light_large.9dfc46fd60aa92768b02d39371d5aac04b892ff8.png",
    "type": "skin",
    "rarity": 0,
    "price": 48
  },
  "Souvenir MAG-7 | Sand Dune (Factory New)": {
    "souvenir": true,
    "quality": 5,
    "weight": 0.01,
    "skin": "Sand Dune",
    "weapon": "MAG-7",
    "short": "MAG-7 | Sand Dune",
    "name": "Souvenir MAG-7 | Sand Dune (Factory New)",
    "src": "https://steamcdn-a.akamaihd.net/apps/730/icons/econ/default_generated/weapon_mag7_so_sand_light_large.9dfc46fd60aa92768b02d39371d5aac04b892ff8.png",
    "type": "skin",
    "rarity": 0,
    "price": 442
  },
  "Souvenir MAG-7 | Sand Dune (Minimal Wear)": {
    "souvenir": true,
    "quality": 4,
    "weight": 0.01,
    "skin": "Sand Dune",
    "weapon": "MAG-7",
    "short": "MAG-7 | Sand Dune",
    "name": "Souvenir MAG-7 | Sand Dune (Minimal Wear)",
    "src": "https://steamcdn-a.akamaihd.net/apps/730/icons/econ/default_generated/weapon_mag7_so_sand_light_large.9dfc46fd60aa92768b02d39371d5aac04b892ff8.png",
    "type": "skin",
    "rarity": 0,
    "price": 35
  },
  "Souvenir MAG-7 | Sand Dune (Field-Tested)": {
    "souvenir": true,
    "quality": 3,
    "weight": 0.01,
    "skin": "Sand Dune",
    "weapon": "MAG-7",
    "short": "MAG-7 | Sand Dune",
    "name": "Souvenir MAG-7 | Sand Dune (Field-Tested)",
    "src": "https://steamcdn-a.akamaihd.net/apps/730/icons/econ/default_generated/weapon_mag7_so_sand_light_large.9dfc46fd60aa92768b02d39371d5aac04b892ff8.png",
    "type": "skin",
    "rarity": 0,
    "price": 13
  },
  "Souvenir MAG-7 | Sand Dune (Well-Worn)": {
    "souvenir": true,
    "quality": 2,
    "weight": 0.01,
    "skin": "Sand Dune",
    "weapon": "MAG-7",
    "short": "MAG-7 | Sand Dune",
    "name": "Souvenir MAG-7 | Sand Dune (Well-Worn)",
    "src": "https://steamcdn-a.akamaihd.net/apps/730/icons/econ/default_generated/weapon_mag7_so_sand_light_large.9dfc46fd60aa92768b02d39371d5aac04b892ff8.png",
    "type": "skin",
    "rarity": 0,
    "price": 16
  },
  "Souvenir MAG-7 | Sand Dune (Battle-Scarred)": {
    "souvenir": true,
    "quality": 1,
    "weight": 0.01,
    "skin": "Sand Dune",
    "weapon": "MAG-7",
    "short": "MAG-7 | Sand Dune",
    "name": "Souvenir MAG-7 | Sand Dune (Battle-Scarred)",
    "src": "https://steamcdn-a.akamaihd.net/apps/730/icons/econ/default_generated/weapon_mag7_so_sand_light_large.9dfc46fd60aa92768b02d39371d5aac04b892ff8.png",
    "type": "skin",
    "rarity": 0,
    "price": 14
  },
  "MAG-7 | Sand Dune": {
    "souvenirAvailable": true,
    "masterItem": true,
    "qualities": [5, 4, 3, 2, 1],
    "skin": "Sand Dune",
    "weapon": "MAG-7",
    "short": "MAG-7 | Sand Dune",
    "name": "MAG-7 | Sand Dune",
    "src": "https://steamcdn-a.akamaihd.net/apps/730/icons/econ/default_generated/weapon_mag7_so_sand_light_large.9dfc46fd60aa92768b02d39371d5aac04b892ff8.png",
    "type": "skin",
    "rarity": 0,
    "price": 710,
    "minPrice": 13
  }
}