{"The Italy Collection":{"name":"The Italy Collection","src":"images/items/collections/italy.png","price":6510,"type":"case","rarity":0,"content":{"items":["Sawed-Off | Full Stop (Factory New)","Sawed-Off | Full Stop (Minimal Wear)","Sawed-Off | Full Stop (Field-Tested)","Sawed-Off | Full Stop (Well-Worn)","Sawed-Off | Full Stop (Battle-Scarred)","Souvenir Sawed-Off | Full Stop (Factory New)","Souvenir Sawed-Off | Full Stop (Minimal Wear)","Souvenir Sawed-Off | Full Stop (Field-Tested)","Souvenir Sawed-Off | Full Stop (Well-Worn)","Souvenir Sawed-Off | Full Stop (Battle-Scarred)","FAMAS | Colony (Factory New)","FAMAS | Colony (Minimal Wear)","FAMAS | Colony (Field-Tested)","FAMAS | Colony (Well-Worn)","FAMAS | Colony (Battle-Scarred)","Souvenir FAMAS | Colony (Factory New)","Souvenir FAMAS | Colony (Minimal Wear)","Souvenir FAMAS | Colony (Field-Tested)","Souvenir FAMAS | Colony (Well-Worn)","Souvenir FAMAS | Colony (Battle-Scarred)","UMP-45 | Gunsmoke (Factory New)","UMP-45 | Gunsmoke (Minimal Wear)","UMP-45 | Gunsmoke (Field-Tested)","UMP-45 | Gunsmoke (Well-Worn)","UMP-45 | Gunsmoke (Battle-Scarred)","Souvenir UMP-45 | Gunsmoke (Factory New)","Souvenir UMP-45 | Gunsmoke (Minimal Wear)","Souvenir UMP-45 | Gunsmoke (Field-Tested)","Souvenir UMP-45 | Gunsmoke (Well-Worn)","Souvenir UMP-45 | Gunsmoke (Battle-Scarred)","MP7 | Anodized Navy (Factory New)","MP7 | Anodized Navy (Minimal Wear)","Souvenir MP7 | Anodized Navy (Factory New)","Souvenir MP7 | Anodized Navy (Minimal Wear)","XM1014 | CaliCamo (Factory New)","XM1014 | CaliCamo (Minimal Wear)","XM1014 | CaliCamo (Field-Tested)","XM1014 | CaliCamo (Well-Worn)","XM1014 | CaliCamo (Battle-Scarred)","Souvenir XM1014 | CaliCamo (Factory New)","Souvenir XM1014 | CaliCamo (Minimal Wear)","Souvenir XM1014 | CaliCamo (Field-Tested)","Souvenir XM1014 | CaliCamo (Well-Worn)","Souvenir XM1014 | CaliCamo (Battle-Scarred)","AWP | Pit Viper (Minimal Wear)","AWP | Pit Viper (Field-Tested)","AWP | Pit Viper (Well-Worn)","AWP | Pit Viper (Battle-Scarred)","Souvenir AWP | Pit Viper (Minimal Wear)","Souvenir AWP | Pit Viper (Field-Tested)","Souvenir AWP | Pit Viper (Well-Worn)","Souvenir AWP | Pit Viper (Battle-Scarred)","AUG | Contractor (Factory New)","AUG | Contractor (Minimal Wear)","AUG | Contractor (Field-Tested)","AUG | Contractor (Well-Worn)","AUG | Contractor (Battle-Scarred)","Souvenir AUG | Contractor (Factory New)","Souvenir AUG | Contractor (Minimal Wear)","Souvenir AUG | Contractor (Field-Tested)","Souvenir AUG | Contractor (Well-Worn)","Souvenir AUG | Contractor (Battle-Scarred)","Glock-18 | Candy Apple (Factory New)","Glock-18 | Candy Apple (Minimal Wear)","Glock-18 | Candy Apple (Field-Tested)","Souvenir Glock-18 | Candy Apple (Factory New)","Souvenir Glock-18 | Candy Apple (Minimal Wear)","Souvenir Glock-18 | Candy Apple (Field-Tested)","Dual Berettas | Stained (Factory New)","Dual Berettas | Stained (Minimal Wear)","Dual Berettas | Stained (Field-Tested)","Dual Berettas | Stained (Well-Worn)","Dual Berettas | Stained (Battle-Scarred)","Souvenir Dual Berettas | Stained (Factory New)","Souvenir Dual Berettas | Stained (Minimal Wear)","Souvenir Dual Berettas | Stained (Field-Tested)","Souvenir Dual Berettas | Stained (Well-Worn)","Souvenir Dual Berettas | Stained (Battle-Scarred)","P2000 | Granite Marbleized (Factory New)","P2000 | Granite Marbleized (Minimal Wear)","P2000 | Granite Marbleized (Field-Tested)","P2000 | Granite Marbleized (Well-Worn)","P2000 | Granite Marbleized (Battle-Scarred)","Souvenir P2000 | Granite Marbleized (Factory New)","Souvenir P2000 | Granite Marbleized (Minimal Wear)","Souvenir P2000 | Granite Marbleized (Field-Tested)","Souvenir P2000 | Granite Marbleized (Well-Worn)","Souvenir P2000 | Granite Marbleized (Battle-Scarred)","Nova | Sand Dune (Factory New)","Nova | Sand Dune (Minimal Wear)","Nova | Sand Dune (Field-Tested)","Nova | Sand Dune (Well-Worn)","Nova | Sand Dune (Battle-Scarred)","Souvenir Nova | Sand Dune (Factory New)","Souvenir Nova | Sand Dune (Minimal Wear)","Souvenir Nova | Sand Dune (Field-Tested)","Souvenir Nova | Sand Dune (Well-Worn)","Souvenir Nova | Sand Dune (Battle-Scarred)","M4A1-S | Boreal Forest (Factory New)","M4A1-S | Boreal Forest (Minimal Wear)","M4A1-S | Boreal Forest (Field-Tested)","M4A1-S | Boreal Forest (Well-Worn)","M4A1-S | Boreal Forest (Battle-Scarred)","Souvenir M4A1-S | Boreal Forest (Factory New)","Souvenir M4A1-S | Boreal Forest (Minimal Wear)","Souvenir M4A1-S | Boreal Forest (Field-Tested)","Souvenir M4A1-S | Boreal Forest (Well-Worn)","Souvenir M4A1-S | Boreal Forest (Battle-Scarred)","PP-Bizon | Sand Dashed (Factory New)","PP-Bizon | Sand Dashed (Minimal Wear)","PP-Bizon | Sand Dashed (Field-Tested)","PP-Bizon | Sand Dashed (Well-Worn)","PP-Bizon | Sand Dashed (Battle-Scarred)","Souvenir PP-Bizon | Sand Dashed (Factory New)","Souvenir PP-Bizon | Sand Dashed (Minimal Wear)","Souvenir PP-Bizon | Sand Dashed (Field-Tested)","Souvenir PP-Bizon | Sand Dashed (Well-Worn)","Souvenir PP-Bizon | Sand Dashed (Battle-Scarred)","Nova | Candy Apple (Factory New)","Nova | Candy Apple (Minimal Wear)","Nova | Candy Apple (Field-Tested)","Souvenir Nova | Candy Apple (Factory New)","Souvenir Nova | Candy Apple (Minimal Wear)","Souvenir Nova | Candy Apple (Field-Tested)","Tec-9 | Groundwater (Factory New)","Tec-9 | Groundwater (Minimal Wear)","Tec-9 | Groundwater (Field-Tested)","Tec-9 | Groundwater (Well-Worn)","Tec-9 | Groundwater (Battle-Scarred)","Souvenir Tec-9 | Groundwater (Factory New)","Souvenir Tec-9 | Groundwater (Minimal Wear)","Souvenir Tec-9 | Groundwater (Field-Tested)","Souvenir Tec-9 | Groundwater (Well-Worn)","Souvenir Tec-9 | Groundwater (Battle-Scarred)"]}},"Sawed-Off | Full Stop (Factory New)":{"quality":5,"skin":"Full Stop","weapon":"Sawed-Off","short":"Sawed-Off | Full Stop","name":"Sawed-Off | Full Stop (Factory New)","src":"https://steamcdn-a.akamaihd.net/apps/730/icons/econ/default_generated/weapon_sawedoff_hy_varicamo_red_light_large.8db408c4317e19bfdf8adc6c3183327866423445.png","type":"skin","rarity":2,"price":95},"Sawed-Off | Full Stop (Minimal Wear)":{"quality":4,"skin":"Full Stop","weapon":"Sawed-Off","short":"Sawed-Off | Full Stop","name":"Sawed-Off | Full Stop (Minimal Wear)","src":"https://steamcdn-a.akamaihd.net/apps/730/icons/econ/default_generated/weapon_sawedoff_hy_varicamo_red_light_large.8db408c4317e19bfdf8adc6c3183327866423445.png","type":"skin","rarity":2,"price":74},"Sawed-Off | Full Stop (Field-Tested)":{"quality":3,"skin":"Full Stop","weapon":"Sawed-Off","short":"Sawed-Off | Full Stop","name":"Sawed-Off | Full Stop (Field-Tested)","src":"https://steamcdn-a.akamaihd.net/apps/730/icons/econ/default_generated/weapon_sawedoff_hy_varicamo_red_light_large.8db408c4317e19bfdf8adc6c3183327866423445.png","type":"skin","rarity":2,"price":58},"Sawed-Off | Full Stop (Well-Worn)":{"quality":2,"skin":"Full Stop","weapon":"Sawed-Off","short":"Sawed-Off | Full Stop","name":"Sawed-Off | Full Stop (Well-Worn)","src":"https://steamcdn-a.akamaihd.net/apps/730/icons/econ/default_generated/weapon_sawedoff_hy_varicamo_red_light_large.8db408c4317e19bfdf8adc6c3183327866423445.png","type":"skin","rarity":2,"price":57},"Sawed-Off | Full Stop (Battle-Scarred)":{"quality":1,"skin":"Full Stop","weapon":"Sawed-Off","short":"Sawed-Off | Full Stop","name":"Sawed-Off | Full Stop (Battle-Scarred)","src":"https://steamcdn-a.akamaihd.net/apps/730/icons/econ/default_generated/weapon_sawedoff_hy_varicamo_red_light_large.8db408c4317e19bfdf8adc6c3183327866423445.png","type":"skin","rarity":2,"price":56},"Souvenir Sawed-Off | Full Stop (Factory New)":{"souvenir":true,"quality":5,"skin":"Full Stop","weapon":"Sawed-Off","short":"Sawed-Off | Full Stop","name":"Souvenir Sawed-Off | Full Stop (Factory New)","src":"https://steamcdn-a.akamaihd.net/apps/730/icons/econ/default_generated/weapon_sawedoff_hy_varicamo_red_light_large.8db408c4317e19bfdf8adc6c3183327866423445.png","type":"skin","rarity":2,"price":43860},"Souvenir Sawed-Off | Full Stop (Minimal Wear)":{"souvenir":true,"quality":4,"skin":"Full Stop","weapon":"Sawed-Off","short":"Sawed-Off | Full Stop","name":"Souvenir Sawed-Off | Full Stop (Minimal Wear)","src":"https://steamcdn-a.akamaihd.net/apps/730/icons/econ/default_generated/weapon_sawedoff_hy_varicamo_red_light_large.8db408c4317e19bfdf8adc6c3183327866423445.png","type":"skin","rarity":2,"price":7277},"Souvenir Sawed-Off | Full Stop (Field-Tested)":{"souvenir":true,"quality":3,"skin":"Full Stop","weapon":"Sawed-Off","short":"Sawed-Off | Full Stop","name":"Souvenir Sawed-Off | Full Stop (Field-Tested)","src":"https://steamcdn-a.akamaihd.net/apps/730/icons/econ/default_generated/weapon_sawedoff_hy_varicamo_red_light_large.8db408c4317e19bfdf8adc6c3183327866423445.png","type":"skin","rarity":2,"price":3921},"Souvenir Sawed-Off | Full Stop (Well-Worn)":{"souvenir":true,"quality":2,"skin":"Full Stop","weapon":"Sawed-Off","short":"Sawed-Off | Full Stop","name":"Souvenir Sawed-Off | Full Stop (Well-Worn)","src":"https://steamcdn-a.akamaihd.net/apps/730/icons/econ/default_generated/weapon_sawedoff_hy_varicamo_red_light_large.8db408c4317e19bfdf8adc6c3183327866423445.png","type":"skin","rarity":2,"price":26235},"Souvenir Sawed-Off | Full Stop (Battle-Scarred)":{"souvenir":true,"quality":1,"skin":"Full Stop","weapon":"Sawed-Off","short":"Sawed-Off | Full Stop","name":"Souvenir Sawed-Off | Full Stop (Battle-Scarred)","src":"https://steamcdn-a.akamaihd.net/apps/730/icons/econ/default_generated/weapon_sawedoff_hy_varicamo_red_light_large.8db408c4317e19bfdf8adc6c3183327866423445.png","type":"skin","rarity":2,"price":7871},"Sawed-Off | Full Stop":{"souvenirAvailable":true,"masterItem":true,"qualities":[5,4,3,2,1],"skin":"Full Stop","weapon":"Sawed-Off","short":"Sawed-Off | Full Stop","name":"Sawed-Off | Full Stop","src":"https://steamcdn-a.akamaihd.net/apps/730/icons/econ/default_generated/weapon_sawedoff_hy_varicamo_red_light_large.8db408c4317e19bfdf8adc6c3183327866423445.png","type":"skin","rarity":2,"price":43860,"minPrice":56},"FAMAS | Colony (Factory New)":{"quality":5,"skin":"Colony","weapon":"FAMAS","short":"FAMAS | Colony","name":"FAMAS | Colony (Factory New)","src":"https://steamcdn-a.akamaihd.net/apps/730/icons/econ/default_generated/weapon_famas_so_space_marine_light_large.bc0a11080c9b3b50c13ddbe4afa3f6f96311fec4.png","type":"skin","rarity":0,"price":12},"FAMAS | Colony (Minimal Wear)":{"quality":4,"skin":"Colony","weapon":"FAMAS","short":"FAMAS | Colony","name":"FAMAS | Colony (Minimal Wear)","src":"https://steamcdn-a.akamaihd.net/apps/730/icons/econ/default_generated/weapon_famas_so_space_marine_light_large.bc0a11080c9b3b50c13ddbe4afa3f6f96311fec4.png","type":"skin","rarity":0,"price":3},"FAMAS | Colony (Field-Tested)":{"quality":3,"skin":"Colony","weapon":"FAMAS","short":"FAMAS | Colony","name":"FAMAS | Colony (Field-Tested)","src":"https://steamcdn-a.akamaihd.net/apps/730/icons/econ/default_generated/weapon_famas_so_space_marine_light_large.bc0a11080c9b3b50c13ddbe4afa3f6f96311fec4.png","type":"skin","rarity":0,"price":3},"FAMAS | Colony (Well-Worn)":{"quality":2,"skin":"Colony","weapon":"FAMAS","short":"FAMAS | Colony","name":"FAMAS | Colony (Well-Worn)","src":"https://steamcdn-a.akamaihd.net/apps/730/icons/econ/default_generated/weapon_famas_so_space_marine_light_large.bc0a11080c9b3b50c13ddbe4afa3f6f96311fec4.png","type":"skin","rarity":0,"price":3},"FAMAS | Colony (Battle-Scarred)":{"quality":1,"skin":"Colony","weapon":"FAMAS","short":"FAMAS | Colony","name":"FAMAS | Colony (Battle-Scarred)","src":"https://steamcdn-a.akamaihd.net/apps/730/icons/econ/default_generated/weapon_famas_so_space_marine_light_large.bc0a11080c9b3b50c13ddbe4afa3f6f96311fec4.png","type":"skin","rarity":0,"price":3},"Souvenir FAMAS | Colony (Factory New)":{"souvenir":true,"quality":5,"skin":"Colony","weapon":"FAMAS","short":"FAMAS | Colony","name":"Souvenir FAMAS | Colony (Factory New)","src":"https://steamcdn-a.akamaihd.net/apps/730/icons/econ/default_generated/weapon_famas_so_space_marine_light_large.bc0a11080c9b3b50c13ddbe4afa3f6f96311fec4.png","type":"skin","rarity":0,"price":11559},"Souvenir FAMAS | Colony (Minimal Wear)":{"souvenir":true,"quality":4,"skin":"Colony","weapon":"FAMAS","short":"FAMAS | Colony","name":"Souvenir FAMAS | Colony (Minimal Wear)","src":"https://steamcdn-a.akamaihd.net/apps/730/icons/econ/default_generated/weapon_famas_so_space_marine_light_large.bc0a11080c9b3b50c13ddbe4afa3f6f96311fec4.png","type":"skin","rarity":0,"price":606},"Souvenir FAMAS | Colony (Field-Tested)":{"souvenir":true,"quality":3,"skin":"Colony","weapon":"FAMAS","short":"FAMAS | Colony","name":"Souvenir FAMAS | Colony (Field-Tested)","src":"https://steamcdn-a.akamaihd.net/apps/730/icons/econ/default_generated/weapon_famas_so_space_marine_light_large.bc0a11080c9b3b50c13ddbe4afa3f6f96311fec4.png","type":"skin","rarity":0,"price":272},"Souvenir FAMAS | Colony (Well-Worn)":{"souvenir":true,"quality":2,"skin":"Colony","weapon":"FAMAS","short":"FAMAS | Colony","name":"Souvenir FAMAS | Colony (Well-Worn)","src":"https://steamcdn-a.akamaihd.net/apps/730/icons/econ/default_generated/weapon_famas_so_space_marine_light_large.bc0a11080c9b3b50c13ddbe4afa3f6f96311fec4.png","type":"skin","rarity":0,"price":410},"Souvenir FAMAS | Colony (Battle-Scarred)":{"souvenir":true,"quality":1,"skin":"Colony","weapon":"FAMAS","short":"FAMAS | Colony","name":"Souvenir FAMAS | Colony (Battle-Scarred)","src":"https://steamcdn-a.akamaihd.net/apps/730/icons/econ/default_generated/weapon_famas_so_space_marine_light_large.bc0a11080c9b3b50c13ddbe4afa3f6f96311fec4.png","type":"skin","rarity":0,"price":346},"FAMAS | Colony":{"souvenirAvailable":true,"masterItem":true,"qualities":[5,4,3,2,1],"skin":"Colony","weapon":"FAMAS","short":"FAMAS | Colony","name":"FAMAS | Colony","src":"https://steamcdn-a.akamaihd.net/apps/730/icons/econ/default_generated/weapon_famas_so_space_marine_light_large.bc0a11080c9b3b50c13ddbe4afa3f6f96311fec4.png","type":"skin","rarity":0,"price":11559,"minPrice":3},"UMP-45 | Gunsmoke (Factory New)":{"quality":5,"skin":"Gunsmoke","weapon":"UMP-45","short":"UMP-45 | Gunsmoke","name":"UMP-45 | Gunsmoke (Factory New)","src":"https://steamcdn-a.akamaihd.net/apps/730/icons/econ/default_generated/weapon_ump45_hy_gelpen_light_large.79d22fa00d44408a719b7a840aa4497eebca68fb.png","type":"skin","rarity":1,"price":26},"UMP-45 | Gunsmoke (Minimal Wear)":{"quality":4,"skin":"Gunsmoke","weapon":"UMP-45","short":"UMP-45 | Gunsmoke","name":"UMP-45 | Gunsmoke (Minimal Wear)","src":"https://steamcdn-a.akamaihd.net/apps/730/icons/econ/default_generated/weapon_ump45_hy_gelpen_light_large.79d22fa00d44408a719b7a840aa4497eebca68fb.png","type":"skin","rarity":1,"price":9},"UMP-45 | Gunsmoke (Field-Tested)":{"quality":3,"skin":"Gunsmoke","weapon":"UMP-45","short":"UMP-45 | Gunsmoke","name":"UMP-45 | Gunsmoke (Field-Tested)","src":"https://steamcdn-a.akamaihd.net/apps/730/icons/econ/default_generated/weapon_ump45_hy_gelpen_light_large.79d22fa00d44408a719b7a840aa4497eebca68fb.png","type":"skin","rarity":1,"price":8},"UMP-45 | Gunsmoke (Well-Worn)":{"quality":2,"skin":"Gunsmoke","weapon":"UMP-45","short":"UMP-45 | Gunsmoke","name":"UMP-45 | Gunsmoke (Well-Worn)","src":"https://steamcdn-a.akamaihd.net/apps/730/icons/econ/default_generated/weapon_ump45_hy_gelpen_light_large.79d22fa00d44408a719b7a840aa4497eebca68fb.png","type":"skin","rarity":1,"price":8},"UMP-45 | Gunsmoke (Battle-Scarred)":{"quality":1,"skin":"Gunsmoke","weapon":"UMP-45","short":"UMP-45 | Gunsmoke","name":"UMP-45 | Gunsmoke (Battle-Scarred)","src":"https://steamcdn-a.akamaihd.net/apps/730/icons/econ/default_generated/weapon_ump45_hy_gelpen_light_large.79d22fa00d44408a719b7a840aa4497eebca68fb.png","type":"skin","rarity":1,"price":8},"Souvenir UMP-45 | Gunsmoke (Factory New)":{"souvenir":true,"quality":5,"skin":"Gunsmoke","weapon":"UMP-45","short":"UMP-45 | Gunsmoke","name":"Souvenir UMP-45 | Gunsmoke (Factory New)","src":"https://steamcdn-a.akamaihd.net/apps/730/icons/econ/default_generated/weapon_ump45_hy_gelpen_light_large.79d22fa00d44408a719b7a840aa4497eebca68fb.png","type":"skin","rarity":1,"price":180},"Souvenir UMP-45 | Gunsmoke (Minimal Wear)":{"souvenir":true,"quality":4,"skin":"Gunsmoke","weapon":"UMP-45","short":"UMP-45 | Gunsmoke","name":"Souvenir UMP-45 | Gunsmoke (Minimal Wear)","src":"https://steamcdn-a.akamaihd.net/apps/730/icons/econ/default_generated/weapon_ump45_hy_gelpen_light_large.79d22fa00d44408a719b7a840aa4497eebca68fb.png","type":"skin","rarity":1,"price":1416},"Souvenir UMP-45 | Gunsmoke (Field-Tested)":{"souvenir":true,"quality":3,"skin":"Gunsmoke","weapon":"UMP-45","short":"UMP-45 | Gunsmoke","name":"Souvenir UMP-45 | Gunsmoke (Field-Tested)","src":"https://steamcdn-a.akamaihd.net/apps/730/icons/econ/default_generated/weapon_ump45_hy_gelpen_light_large.79d22fa00d44408a719b7a840aa4497eebca68fb.png","type":"skin","rarity":1,"price":611},"Souvenir UMP-45 | Gunsmoke (Well-Worn)":{"souvenir":true,"quality":2,"skin":"Gunsmoke","weapon":"UMP-45","short":"UMP-45 | Gunsmoke","name":"Souvenir UMP-45 | Gunsmoke (Well-Worn)","src":"https://steamcdn-a.akamaihd.net/apps/730/icons/econ/default_generated/weapon_ump45_hy_gelpen_light_large.79d22fa00d44408a719b7a840aa4497eebca68fb.png","type":"skin","rarity":1,"price":2461},"Souvenir UMP-45 | Gunsmoke (Battle-Scarred)":{"souvenir":true,"quality":1,"skin":"Gunsmoke","weapon":"UMP-45","short":"UMP-45 | Gunsmoke","name":"Souvenir UMP-45 | Gunsmoke (Battle-Scarred)","src":"https://steamcdn-a.akamaihd.net/apps/730/icons/econ/default_generated/weapon_ump45_hy_gelpen_light_large.79d22fa00d44408a719b7a840aa4497eebca68fb.png","type":"skin","rarity":1,"price":1075},"UMP-45 | Gunsmoke":{"souvenirAvailable":true,"masterItem":true,"qualities":[5,4,3,2,1],"skin":"Gunsmoke","weapon":"UMP-45","short":"UMP-45 | Gunsmoke","name":"UMP-45 | Gunsmoke","src":"https://steamcdn-a.akamaihd.net/apps/730/icons/econ/default_generated/weapon_ump45_hy_gelpen_light_large.79d22fa00d44408a719b7a840aa4497eebca68fb.png","type":"skin","rarity":1,"price":2461,"minPrice":8},"MP7 | Anodized Navy (Factory New)":{"quality":5,"skin":"Anodized Navy","weapon":"MP7","short":"MP7 | Anodized Navy","name":"MP7 | Anodized Navy (Factory New)","src":"https://steamcdn-a.akamaihd.net/apps/730/icons/econ/default_generated/weapon_mp7_an_navy_light_large.7b705336c3ee472db933931597f0ab191217b3dc.png","type":"skin","rarity":2,"price":94},"MP7 | Anodized Navy (Minimal Wear)":{"quality":4,"skin":"Anodized Navy","weapon":"MP7","short":"MP7 | Anodized Navy","name":"MP7 | Anodized Navy (Minimal Wear)","src":"https://steamcdn-a.akamaihd.net/apps/730/icons/econ/default_generated/weapon_mp7_an_navy_light_large.7b705336c3ee472db933931597f0ab191217b3dc.png","type":"skin","rarity":2,"price":101},"Souvenir MP7 | Anodized Navy (Factory New)":{"souvenir":true,"quality":5,"skin":"Anodized Navy","weapon":"MP7","short":"MP7 | Anodized Navy","name":"Souvenir MP7 | Anodized Navy (Factory New)","src":"https://steamcdn-a.akamaihd.net/apps/730/icons/econ/default_generated/weapon_mp7_an_navy_light_large.7b705336c3ee472db933931597f0ab191217b3dc.png","type":"skin","rarity":2,"price":3009},"Souvenir MP7 | Anodized Navy (Minimal Wear)":{"souvenir":true,"quality":4,"skin":"Anodized Navy","weapon":"MP7","short":"MP7 | Anodized Navy","name":"Souvenir MP7 | Anodized Navy (Minimal Wear)","src":"https://steamcdn-a.akamaihd.net/apps/730/icons/econ/default_generated/weapon_mp7_an_navy_light_large.7b705336c3ee472db933931597f0ab191217b3dc.png","type":"skin","rarity":2,"price":272},"MP7 | Anodized Navy":{"souvenirAvailable":true,"masterItem":true,"qualities":[5,4],"skin":"Anodized Navy","weapon":"MP7","short":"MP7 | Anodized Navy","name":"MP7 | Anodized Navy","src":"https://steamcdn-a.akamaihd.net/apps/730/icons/econ/default_generated/weapon_mp7_an_navy_light_large.7b705336c3ee472db933931597f0ab191217b3dc.png","type":"skin","rarity":2,"price":3009,"minPrice":94},"XM1014 | CaliCamo (Factory New)":{"quality":5,"skin":"CaliCamo","weapon":"XM1014","short":"XM1014 | CaliCamo","name":"XM1014 | CaliCamo (Factory New)","src":"https://steamcdn-a.akamaihd.net/apps/730/icons/econ/default_generated/weapon_xm1014_hy_varicamo_desert_light_large.8931cbff2aa329928977420d05616b306eb0a91f.png","type":"skin","rarity":1,"price":14},"XM1014 | CaliCamo (Minimal Wear)":{"quality":4,"skin":"CaliCamo","weapon":"XM1014","short":"XM1014 | CaliCamo","name":"XM1014 | CaliCamo (Minimal Wear)","src":"https://steamcdn-a.akamaihd.net/apps/730/icons/econ/default_generated/weapon_xm1014_hy_varicamo_desert_light_large.8931cbff2aa329928977420d05616b306eb0a91f.png","type":"skin","rarity":1,"price":9},"XM1014 | CaliCamo (Field-Tested)":{"quality":3,"skin":"CaliCamo","weapon":"XM1014","short":"XM1014 | CaliCamo","name":"XM1014 | CaliCamo (Field-Tested)","src":"https://steamcdn-a.akamaihd.net/apps/730/icons/econ/default_generated/weapon_xm1014_hy_varicamo_desert_light_large.8931cbff2aa329928977420d05616b306eb0a91f.png","type":"skin","rarity":1,"price":9},"XM1014 | CaliCamo (Well-Worn)":{"quality":2,"skin":"CaliCamo","weapon":"XM1014","short":"XM1014 | CaliCamo","name":"XM1014 | CaliCamo (Well-Worn)","src":"https://steamcdn-a.akamaihd.net/apps/730/icons/econ/default_generated/weapon_xm1014_hy_varicamo_desert_light_large.8931cbff2aa329928977420d05616b306eb0a91f.png","type":"skin","rarity":1,"price":9},"XM1014 | CaliCamo (Battle-Scarred)":{"quality":1,"skin":"CaliCamo","weapon":"XM1014","short":"XM1014 | CaliCamo","name":"XM1014 | CaliCamo (Battle-Scarred)","src":"https://steamcdn-a.akamaihd.net/apps/730/icons/econ/default_generated/weapon_xm1014_hy_varicamo_desert_light_large.8931cbff2aa329928977420d05616b306eb0a91f.png","type":"skin","rarity":1,"price":8},"Souvenir XM1014 | CaliCamo (Factory New)":{"souvenir":true,"quality":5,"skin":"CaliCamo","weapon":"XM1014","short":"XM1014 | CaliCamo","name":"Souvenir XM1014 | CaliCamo (Factory New)","src":"https://steamcdn-a.akamaihd.net/apps/730/icons/econ/default_generated/weapon_xm1014_hy_varicamo_desert_light_large.8931cbff2aa329928977420d05616b306eb0a91f.png","type":"skin","rarity":1,"price":2585},"Souvenir XM1014 | CaliCamo (Minimal Wear)":{"souvenir":true,"quality":4,"skin":"CaliCamo","weapon":"XM1014","short":"XM1014 | CaliCamo","name":"Souvenir XM1014 | CaliCamo (Minimal Wear)","src":"https://steamcdn-a.akamaihd.net/apps/730/icons/econ/default_generated/weapon_xm1014_hy_varicamo_desert_light_large.8931cbff2aa329928977420d05616b306eb0a91f.png","type":"skin","rarity":1,"price":1416},"Souvenir XM1014 | CaliCamo (Field-Tested)":{"souvenir":true,"quality":3,"skin":"CaliCamo","weapon":"XM1014","short":"XM1014 | CaliCamo","name":"Souvenir XM1014 | CaliCamo (Field-Tested)","src":"https://steamcdn-a.akamaihd.net/apps/730/icons/econ/default_generated/weapon_xm1014_hy_varicamo_desert_light_large.8931cbff2aa329928977420d05616b306eb0a91f.png","type":"skin","rarity":1,"price":509},"Souvenir XM1014 | CaliCamo (Well-Worn)":{"souvenir":true,"quality":2,"skin":"CaliCamo","weapon":"XM1014","short":"XM1014 | CaliCamo","name":"Souvenir XM1014 | CaliCamo (Well-Worn)","src":"https://steamcdn-a.akamaihd.net/apps/730/icons/econ/default_generated/weapon_xm1014_hy_varicamo_desert_light_large.8931cbff2aa329928977420d05616b306eb0a91f.png","type":"skin","rarity":1,"price":3027},"Souvenir XM1014 | CaliCamo (Battle-Scarred)":{"souvenir":true,"quality":1,"skin":"CaliCamo","weapon":"XM1014","short":"XM1014 | CaliCamo","name":"Souvenir XM1014 | CaliCamo (Battle-Scarred)","src":"https://steamcdn-a.akamaihd.net/apps/730/icons/econ/default_generated/weapon_xm1014_hy_varicamo_desert_light_large.8931cbff2aa329928977420d05616b306eb0a91f.png","type":"skin","rarity":1,"price":1389},"XM1014 | CaliCamo":{"souvenirAvailable":true,"masterItem":true,"qualities":[5,4,3,2,1],"skin":"CaliCamo","weapon":"XM1014","short":"XM1014 | CaliCamo","name":"XM1014 | CaliCamo","src":"https://steamcdn-a.akamaihd.net/apps/730/icons/econ/default_generated/weapon_xm1014_hy_varicamo_desert_light_large.8931cbff2aa329928977420d05616b306eb0a91f.png","type":"skin","rarity":1,"price":3027,"minPrice":8},"AWP | Pit Viper (Minimal Wear)":{"quality":4,"skin":"Pit Viper","weapon":"AWP","short":"AWP | Pit Viper","name":"AWP | Pit Viper (Minimal Wear)","src":"https://steamcdn-a.akamaihd.net/apps/730/icons/econ/default_generated/weapon_awp_hy_snakeskin_light_large.e6addbb49a7024f800a35c9e081402a2c8631028.png","type":"skin","rarity":3,"price":41},"AWP | Pit Viper (Field-Tested)":{"quality":3,"skin":"Pit Viper","weapon":"AWP","short":"AWP | Pit Viper","name":"AWP | Pit Viper (Field-Tested)","src":"https://steamcdn-a.akamaihd.net/apps/730/icons/econ/default_generated/weapon_awp_hy_snakeskin_light_large.e6addbb49a7024f800a35c9e081402a2c8631028.png","type":"skin","rarity":3,"price":23},"AWP | Pit Viper (Well-Worn)":{"quality":2,"skin":"Pit Viper","weapon":"AWP","short":"AWP | Pit Viper","name":"AWP | Pit Viper (Well-Worn)","src":"https://steamcdn-a.akamaihd.net/apps/730/icons/econ/default_generated/weapon_awp_hy_snakeskin_light_large.e6addbb49a7024f800a35c9e081402a2c8631028.png","type":"skin","rarity":3,"price":36},"AWP | Pit Viper (Battle-Scarred)":{"quality":1,"skin":"Pit Viper","weapon":"AWP","short":"AWP | Pit Viper","name":"AWP | Pit Viper (Battle-Scarred)","src":"https://steamcdn-a.akamaihd.net/apps/730/icons/econ/default_generated/weapon_awp_hy_snakeskin_light_large.e6addbb49a7024f800a35c9e081402a2c8631028.png","type":"skin","rarity":3,"price":36},"Souvenir AWP | Pit Viper (Minimal Wear)":{"souvenir":true,"quality":4,"skin":"Pit Viper","weapon":"AWP","short":"AWP | Pit Viper","name":"Souvenir AWP | Pit Viper (Minimal Wear)","src":"https://steamcdn-a.akamaihd.net/apps/730/icons/econ/default_generated/weapon_awp_hy_snakeskin_light_large.e6addbb49a7024f800a35c9e081402a2c8631028.png","type":"skin","rarity":3,"price":1122},"Souvenir AWP | Pit Viper (Field-Tested)":{"souvenir":true,"quality":3,"skin":"Pit Viper","weapon":"AWP","short":"AWP | Pit Viper","name":"Souvenir AWP | Pit Viper (Field-Tested)","src":"https://steamcdn-a.akamaihd.net/apps/730/icons/econ/default_generated/weapon_awp_hy_snakeskin_light_large.e6addbb49a7024f800a35c9e081402a2c8631028.png","type":"skin","rarity":3,"price":46240},"Souvenir AWP | Pit Viper (Well-Worn)":{"souvenir":true,"quality":2,"skin":"Pit Viper","weapon":"AWP","short":"AWP | Pit Viper","name":"Souvenir AWP | Pit Viper (Well-Worn)","src":"https://steamcdn-a.akamaihd.net/apps/730/icons/econ/default_generated/weapon_awp_hy_snakeskin_light_large.e6addbb49a7024f800a35c9e081402a2c8631028.png","type":"skin","rarity":3,"price":885},"Souvenir AWP | Pit Viper (Battle-Scarred)":{"souvenir":true,"quality":1,"skin":"Pit Viper","weapon":"AWP","short":"AWP | Pit Viper","name":"Souvenir AWP | Pit Viper (Battle-Scarred)","src":"https://steamcdn-a.akamaihd.net/apps/730/icons/econ/default_generated/weapon_awp_hy_snakeskin_light_large.e6addbb49a7024f800a35c9e081402a2c8631028.png","type":"skin","rarity":3,"price":470},"AWP | Pit Viper":{"souvenirAvailable":true,"masterItem":true,"qualities":[4,3,2,1],"skin":"Pit Viper","weapon":"AWP","short":"AWP | Pit Viper","name":"AWP | Pit Viper","src":"https://steamcdn-a.akamaihd.net/apps/730/icons/econ/default_generated/weapon_awp_hy_snakeskin_light_large.e6addbb49a7024f800a35c9e081402a2c8631028.png","type":"skin","rarity":3,"price":46240,"minPrice":23},"AUG | Contractor (Factory New)":{"quality":5,"skin":"Contractor","weapon":"AUG","short":"AUG | Contractor","name":"AUG | Contractor (Factory New)","src":"https://steamcdn-a.akamaihd.net/apps/730/icons/econ/default_generated/weapon_aug_so_pmc_light_large.e2a06ba5d6c412408d2447e162572817ee052bd3.png","type":"skin","rarity":0,"price":10},"AUG | Contractor (Minimal Wear)":{"quality":4,"skin":"Contractor","weapon":"AUG","short":"AUG | Contractor","name":"AUG | Contractor (Minimal Wear)","src":"https://steamcdn-a.akamaihd.net/apps/730/icons/econ/default_generated/weapon_aug_so_pmc_light_large.e2a06ba5d6c412408d2447e162572817ee052bd3.png","type":"skin","rarity":0,"price":3},"AUG | Contractor (Field-Tested)":{"quality":3,"skin":"Contractor","weapon":"AUG","short":"AUG | Contractor","name":"AUG | Contractor (Field-Tested)","src":"https://steamcdn-a.akamaihd.net/apps/730/icons/econ/default_generated/weapon_aug_so_pmc_light_large.e2a06ba5d6c412408d2447e162572817ee052bd3.png","type":"skin","rarity":0,"price":3},"AUG | Contractor (Well-Worn)":{"quality":2,"skin":"Contractor","weapon":"AUG","short":"AUG | Contractor","name":"AUG | Contractor (Well-Worn)","src":"https://steamcdn-a.akamaihd.net/apps/730/icons/econ/default_generated/weapon_aug_so_pmc_light_large.e2a06ba5d6c412408d2447e162572817ee052bd3.png","type":"skin","rarity":0,"price":3},"AUG | Contractor (Battle-Scarred)":{"quality":1,"skin":"Contractor","weapon":"AUG","short":"AUG | Contractor","name":"AUG | Contractor (Battle-Scarred)","src":"https://steamcdn-a.akamaihd.net/apps/730/icons/econ/default_generated/weapon_aug_so_pmc_light_large.e2a06ba5d6c412408d2447e162572817ee052bd3.png","type":"skin","rarity":0,"price":3},"Souvenir AUG | Contractor (Factory New)":{"souvenir":true,"quality":5,"skin":"Contractor","weapon":"AUG","short":"AUG | Contractor","name":"Souvenir AUG | Contractor (Factory New)","src":"https://steamcdn-a.akamaihd.net/apps/730/icons/econ/default_generated/weapon_aug_so_pmc_light_large.e2a06ba5d6c412408d2447e162572817ee052bd3.png","type":"skin","rarity":0,"price":22413},"Souvenir AUG | Contractor (Minimal Wear)":{"souvenir":true,"quality":4,"skin":"Contractor","weapon":"AUG","short":"AUG | Contractor","name":"Souvenir AUG | Contractor (Minimal Wear)","src":"https://steamcdn-a.akamaihd.net/apps/730/icons/econ/default_generated/weapon_aug_so_pmc_light_large.e2a06ba5d6c412408d2447e162572817ee052bd3.png","type":"skin","rarity":0,"price":498},"Souvenir AUG | Contractor (Field-Tested)":{"souvenir":true,"quality":3,"skin":"Contractor","weapon":"AUG","short":"AUG | Contractor","name":"Souvenir AUG | Contractor (Field-Tested)","src":"https://steamcdn-a.akamaihd.net/apps/730/icons/econ/default_generated/weapon_aug_so_pmc_light_large.e2a06ba5d6c412408d2447e162572817ee052bd3.png","type":"skin","rarity":0,"price":340},"Souvenir AUG | Contractor (Well-Worn)":{"souvenir":true,"quality":2,"skin":"Contractor","weapon":"AUG","short":"AUG | Contractor","name":"Souvenir AUG | Contractor (Well-Worn)","src":"https://steamcdn-a.akamaihd.net/apps/730/icons/econ/default_generated/weapon_aug_so_pmc_light_large.e2a06ba5d6c412408d2447e162572817ee052bd3.png","type":"skin","rarity":0,"price":783},"Souvenir AUG | Contractor (Battle-Scarred)":{"souvenir":true,"quality":1,"skin":"Contractor","weapon":"AUG","short":"AUG | Contractor","name":"Souvenir AUG | Contractor (Battle-Scarred)","src":"https://steamcdn-a.akamaihd.net/apps/730/icons/econ/default_generated/weapon_aug_so_pmc_light_large.e2a06ba5d6c412408d2447e162572817ee052bd3.png","type":"skin","rarity":0,"price":376},"AUG | Contractor":{"souvenirAvailable":true,"masterItem":true,"qualities":[5,4,3,2,1],"skin":"Contractor","weapon":"AUG","short":"AUG | Contractor","name":"AUG | Contractor","src":"https://steamcdn-a.akamaihd.net/apps/730/icons/econ/default_generated/weapon_aug_so_pmc_light_large.e2a06ba5d6c412408d2447e162572817ee052bd3.png","type":"skin","rarity":0,"price":22413,"minPrice":3},"Glock-18 | Candy Apple (Factory New)":{"quality":5,"skin":"Candy Apple","weapon":"Glock-18","short":"Glock-18 | Candy Apple","name":"Glock-18 | Candy Apple (Factory New)","src":"https://steamcdn-a.akamaihd.net/apps/730/icons/econ/default_generated/weapon_glock_so_red_light_large.17b18a34a4d840905587e918a8500576e91b0cb9.png","type":"skin","rarity":2,"price":101},"Glock-18 | Candy Apple (Minimal Wear)":{"quality":4,"skin":"Candy Apple","weapon":"Glock-18","short":"Glock-18 | Candy Apple","name":"Glock-18 | Candy Apple (Minimal Wear)","src":"https://steamcdn-a.akamaihd.net/apps/730/icons/econ/default_generated/weapon_glock_so_red_light_large.17b18a34a4d840905587e918a8500576e91b0cb9.png","type":"skin","rarity":2,"price":75},"Glock-18 | Candy Apple (Field-Tested)":{"quality":3,"skin":"Candy Apple","weapon":"Glock-18","short":"Glock-18 | Candy Apple","name":"Glock-18 | Candy Apple (Field-Tested)","src":"https://steamcdn-a.akamaihd.net/apps/730/icons/econ/default_generated/weapon_glock_so_red_light_large.17b18a34a4d840905587e918a8500576e91b0cb9.png","type":"skin","rarity":2,"price":65},"Souvenir Glock-18 | Candy Apple (Factory New)":{"souvenir":true,"quality":5,"skin":"Candy Apple","weapon":"Glock-18","short":"Glock-18 | Candy Apple","name":"Souvenir Glock-18 | Candy Apple (Factory New)","src":"https://steamcdn-a.akamaihd.net/apps/730/icons/econ/default_generated/weapon_glock_so_red_light_large.17b18a34a4d840905587e918a8500576e91b0cb9.png","type":"skin","rarity":2,"price":99679},"Souvenir Glock-18 | Candy Apple (Minimal Wear)":{"souvenir":true,"quality":4,"skin":"Candy Apple","weapon":"Glock-18","short":"Glock-18 | Candy Apple","name":"Souvenir Glock-18 | Candy Apple (Minimal Wear)","src":"https://steamcdn-a.akamaihd.net/apps/730/icons/econ/default_generated/weapon_glock_so_red_light_large.17b18a34a4d840905587e918a8500576e91b0cb9.png","type":"skin","rarity":2,"price":30781},"Souvenir Glock-18 | Candy Apple (Field-Tested)":{"souvenir":true,"quality":3,"skin":"Candy Apple","weapon":"Glock-18","short":"Glock-18 | Candy Apple","name":"Souvenir Glock-18 | Candy Apple (Field-Tested)","src":"https://steamcdn-a.akamaihd.net/apps/730/icons/econ/default_generated/weapon_glock_so_red_light_large.17b18a34a4d840905587e918a8500576e91b0cb9.png","type":"skin","rarity":2,"price":21582},"Glock-18 | Candy Apple":{"souvenirAvailable":true,"masterItem":true,"qualities":[5,4,3],"skin":"Candy Apple","weapon":"Glock-18","short":"Glock-18 | Candy Apple","name":"Glock-18 | Candy Apple","src":"https://steamcdn-a.akamaihd.net/apps/730/icons/econ/default_generated/weapon_glock_so_red_light_large.17b18a34a4d840905587e918a8500576e91b0cb9.png","type":"skin","rarity":2,"price":99679,"minPrice":65},"Dual Berettas | Stained (Factory New)":{"quality":5,"skin":"Stained","weapon":"Dual Berettas","short":"Dual Berettas | Stained","name":"Dual Berettas | Stained (Factory New)","src":"https://steamcdn-a.akamaihd.net/apps/730/icons/econ/default_generated/weapon_elite_aq_forced_light_large.c654256613e0893b16be27a7621ec469a63a9955.png","type":"skin","rarity":1,"price":24},"Dual Berettas | Stained (Minimal Wear)":{"quality":4,"skin":"Stained","weapon":"Dual Berettas","short":"Dual Berettas | Stained","name":"Dual Berettas | Stained (Minimal Wear)","src":"https://steamcdn-a.akamaihd.net/apps/730/icons/econ/default_generated/weapon_elite_aq_forced_light_large.c654256613e0893b16be27a7621ec469a63a9955.png","type":"skin","rarity":1,"price":11},"Dual Berettas | Stained (Field-Tested)":{"quality":3,"skin":"Stained","weapon":"Dual Berettas","short":"Dual Berettas | Stained","name":"Dual Berettas | Stained (Field-Tested)","src":"https://steamcdn-a.akamaihd.net/apps/730/icons/econ/default_generated/weapon_elite_aq_forced_light_large.c654256613e0893b16be27a7621ec469a63a9955.png","type":"skin","rarity":1,"price":8},"Dual Berettas | Stained (Well-Worn)":{"quality":2,"skin":"Stained","weapon":"Dual Berettas","short":"Dual Berettas | Stained","name":"Dual Berettas | Stained (Well-Worn)","src":"https://steamcdn-a.akamaihd.net/apps/730/icons/econ/default_generated/weapon_elite_aq_forced_light_large.c654256613e0893b16be27a7621ec469a63a9955.png","type":"skin","rarity":1,"price":8},"Dual Berettas | Stained (Battle-Scarred)":{"quality":1,"skin":"Stained","weapon":"Dual Berettas","short":"Dual Berettas | Stained","name":"Dual Berettas | Stained (Battle-Scarred)","src":"https://steamcdn-a.akamaihd.net/apps/730/icons/econ/default_generated/weapon_elite_aq_forced_light_large.c654256613e0893b16be27a7621ec469a63a9955.png","type":"skin","rarity":1,"price":8},"Souvenir Dual Berettas | Stained (Factory New)":{"souvenir":true,"quality":5,"skin":"Stained","weapon":"Dual Berettas","short":"Dual Berettas | Stained","name":"Souvenir Dual Berettas | Stained (Factory New)","src":"https://steamcdn-a.akamaihd.net/apps/730/icons/econ/default_generated/weapon_elite_aq_forced_light_large.c654256613e0893b16be27a7621ec469a63a9955.png","type":"skin","rarity":1,"price":169},"Souvenir Dual Berettas | Stained (Minimal Wear)":{"souvenir":true,"quality":4,"skin":"Stained","weapon":"Dual Berettas","short":"Dual Berettas | Stained","name":"Souvenir Dual Berettas | Stained (Minimal Wear)","src":"https://steamcdn-a.akamaihd.net/apps/730/icons/econ/default_generated/weapon_elite_aq_forced_light_large.c654256613e0893b16be27a7621ec469a63a9955.png","type":"skin","rarity":1,"price":5607},"Souvenir Dual Berettas | Stained (Field-Tested)":{"souvenir":true,"quality":3,"skin":"Stained","weapon":"Dual Berettas","short":"Dual Berettas | Stained","name":"Souvenir Dual Berettas | Stained (Field-Tested)","src":"https://steamcdn-a.akamaihd.net/apps/730/icons/econ/default_generated/weapon_elite_aq_forced_light_large.c654256613e0893b16be27a7621ec469a63a9955.png","type":"skin","rarity":1,"price":859},"Souvenir Dual Berettas | Stained (Well-Worn)":{"souvenir":true,"quality":2,"skin":"Stained","weapon":"Dual Berettas","short":"Dual Berettas | Stained","name":"Souvenir Dual Berettas | Stained (Well-Worn)","src":"https://steamcdn-a.akamaihd.net/apps/730/icons/econ/default_generated/weapon_elite_aq_forced_light_large.c654256613e0893b16be27a7621ec469a63a9955.png","type":"skin","rarity":1,"price":1419},"Souvenir Dual Berettas | Stained (Battle-Scarred)":{"souvenir":true,"quality":1,"skin":"Stained","weapon":"Dual Berettas","short":"Dual Berettas | Stained","name":"Souvenir Dual Berettas | Stained (Battle-Scarred)","src":"https://steamcdn-a.akamaihd.net/apps/730/icons/econ/default_generated/weapon_elite_aq_forced_light_large.c654256613e0893b16be27a7621ec469a63a9955.png","type":"skin","rarity":1,"price":664},"Dual Berettas | Stained":{"souvenirAvailable":true,"masterItem":true,"qualities":[5,4,3,2,1],"skin":"Stained","weapon":"Dual Berettas","short":"Dual Berettas | Stained","name":"Dual Berettas | Stained","src":"https://steamcdn-a.akamaihd.net/apps/730/icons/econ/default_generated/weapon_elite_aq_forced_light_large.c654256613e0893b16be27a7621ec469a63a9955.png","type":"skin","rarity":1,"price":5607,"minPrice":8},"P2000 | Granite Marbleized (Factory New)":{"quality":5,"skin":"Granite Marbleized","weapon":"P2000","short":"P2000 | Granite Marbleized","name":"P2000 | Granite Marbleized (Factory New)","src":"https://steamcdn-a.akamaihd.net/apps/730/icons/econ/default_generated/weapon_hkp2000_hy_granite_light_large.30d6a68c522ae5dd0cf7a67e07eccb66cf50b04c.png","type":"skin","rarity":1,"price":27},"P2000 | Granite Marbleized (Minimal Wear)":{"quality":4,"skin":"Granite Marbleized","weapon":"P2000","short":"P2000 | Granite Marbleized","name":"P2000 | Granite Marbleized (Minimal Wear)","src":"https://steamcdn-a.akamaihd.net/apps/730/icons/econ/default_generated/weapon_hkp2000_hy_granite_light_large.30d6a68c522ae5dd0cf7a67e07eccb66cf50b04c.png","type":"skin","rarity":1,"price":10},"P2000 | Granite Marbleized (Field-Tested)":{"quality":3,"skin":"Granite Marbleized","weapon":"P2000","short":"P2000 | Granite Marbleized","name":"P2000 | Granite Marbleized (Field-Tested)","src":"https://steamcdn-a.akamaihd.net/apps/730/icons/econ/default_generated/weapon_hkp2000_hy_granite_light_large.30d6a68c522ae5dd0cf7a67e07eccb66cf50b04c.png","type":"skin","rarity":1,"price":8},"P2000 | Granite Marbleized (Well-Worn)":{"quality":2,"skin":"Granite Marbleized","weapon":"P2000","short":"P2000 | Granite Marbleized","name":"P2000 | Granite Marbleized (Well-Worn)","src":"https://steamcdn-a.akamaihd.net/apps/730/icons/econ/default_generated/weapon_hkp2000_hy_granite_light_large.30d6a68c522ae5dd0cf7a67e07eccb66cf50b04c.png","type":"skin","rarity":1,"price":8},"P2000 | Granite Marbleized (Battle-Scarred)":{"quality":1,"skin":"Granite Marbleized","weapon":"P2000","short":"P2000 | Granite Marbleized","name":"P2000 | Granite Marbleized (Battle-Scarred)","src":"https://steamcdn-a.akamaihd.net/apps/730/icons/econ/default_generated/weapon_hkp2000_hy_granite_light_large.30d6a68c522ae5dd0cf7a67e07eccb66cf50b04c.png","type":"skin","rarity":1,"price":8},"Souvenir P2000 | Granite Marbleized (Factory New)":{"souvenir":true,"quality":5,"skin":"Granite Marbleized","weapon":"P2000","short":"P2000 | Granite Marbleized","name":"Souvenir P2000 | Granite Marbleized (Factory New)","src":"https://steamcdn-a.akamaihd.net/apps/730/icons/econ/default_generated/weapon_hkp2000_hy_granite_light_large.30d6a68c522ae5dd0cf7a67e07eccb66cf50b04c.png","type":"skin","rarity":1,"price":140},"Souvenir P2000 | Granite Marbleized (Minimal Wear)":{"souvenir":true,"quality":4,"skin":"Granite Marbleized","weapon":"P2000","short":"P2000 | Granite Marbleized","name":"Souvenir P2000 | Granite Marbleized (Minimal Wear)","src":"https://steamcdn-a.akamaihd.net/apps/730/icons/econ/default_generated/weapon_hkp2000_hy_granite_light_large.30d6a68c522ae5dd0cf7a67e07eccb66cf50b04c.png","type":"skin","rarity":1,"price":3019},"Souvenir P2000 | Granite Marbleized (Field-Tested)":{"souvenir":true,"quality":3,"skin":"Granite Marbleized","weapon":"P2000","short":"P2000 | Granite Marbleized","name":"Souvenir P2000 | Granite Marbleized (Field-Tested)","src":"https://steamcdn-a.akamaihd.net/apps/730/icons/econ/default_generated/weapon_hkp2000_hy_granite_light_large.30d6a68c522ae5dd0cf7a67e07eccb66cf50b04c.png","type":"skin","rarity":1,"price":629},"Souvenir P2000 | Granite Marbleized (Well-Worn)":{"souvenir":true,"quality":2,"skin":"Granite Marbleized","weapon":"P2000","short":"P2000 | Granite Marbleized","name":"Souvenir P2000 | Granite Marbleized (Well-Worn)","src":"https://steamcdn-a.akamaihd.net/apps/730/icons/econ/default_generated/weapon_hkp2000_hy_granite_light_large.30d6a68c522ae5dd0cf7a67e07eccb66cf50b04c.png","type":"skin","rarity":1,"price":2088},"Souvenir P2000 | Granite Marbleized (Battle-Scarred)":{"souvenir":true,"quality":1,"skin":"Granite Marbleized","weapon":"P2000","short":"P2000 | Granite Marbleized","name":"Souvenir P2000 | Granite Marbleized (Battle-Scarred)","src":"https://steamcdn-a.akamaihd.net/apps/730/icons/econ/default_generated/weapon_hkp2000_hy_granite_light_large.30d6a68c522ae5dd0cf7a67e07eccb66cf50b04c.png","type":"skin","rarity":1,"price":1361},"P2000 | Granite Marbleized":{"souvenirAvailable":true,"masterItem":true,"qualities":[5,4,3,2,1],"skin":"Granite Marbleized","weapon":"P2000","short":"P2000 | Granite Marbleized","name":"P2000 | Granite Marbleized","src":"https://steamcdn-a.akamaihd.net/apps/730/icons/econ/default_generated/weapon_hkp2000_hy_granite_light_large.30d6a68c522ae5dd0cf7a67e07eccb66cf50b04c.png","type":"skin","rarity":1,"price":3019,"minPrice":8},"Nova | Sand Dune (Factory New)":{"quality":5,"skin":"Sand Dune","weapon":"Nova","short":"Nova | Sand Dune","name":"Nova | Sand Dune (Factory New)","src":"https://steamcdn-a.akamaihd.net/apps/730/icons/econ/default_generated/weapon_nova_so_sand_light_large.33854508338eb4801380c7d7d328f2285ad3a746.png","type":"skin","rarity":0,"price":10},"Nova | Sand Dune (Minimal Wear)":{"quality":4,"skin":"Sand Dune","weapon":"Nova","short":"Nova | Sand Dune","name":"Nova | Sand Dune (Minimal Wear)","src":"https://steamcdn-a.akamaihd.net/apps/730/icons/econ/default_generated/weapon_nova_so_sand_light_large.33854508338eb4801380c7d7d328f2285ad3a746.png","type":"skin","rarity":0,"price":3},"Nova | Sand Dune (Field-Tested)":{"quality":3,"skin":"Sand Dune","weapon":"Nova","short":"Nova | Sand Dune","name":"Nova | Sand Dune (Field-Tested)","src":"https://steamcdn-a.akamaihd.net/apps/730/icons/econ/default_generated/weapon_nova_so_sand_light_large.33854508338eb4801380c7d7d328f2285ad3a746.png","type":"skin","rarity":0,"price":3},"Nova | Sand Dune (Well-Worn)":{"quality":2,"skin":"Sand Dune","weapon":"Nova","short":"Nova | Sand Dune","name":"Nova | Sand Dune (Well-Worn)","src":"https://steamcdn-a.akamaihd.net/apps/730/icons/econ/default_generated/weapon_nova_so_sand_light_large.33854508338eb4801380c7d7d328f2285ad3a746.png","type":"skin","rarity":0,"price":3},"Nova | Sand Dune (Battle-Scarred)":{"quality":1,"skin":"Sand Dune","weapon":"Nova","short":"Nova | Sand Dune","name":"Nova | Sand Dune (Battle-Scarred)","src":"https://steamcdn-a.akamaihd.net/apps/730/icons/econ/default_generated/weapon_nova_so_sand_light_large.33854508338eb4801380c7d7d328f2285ad3a746.png","type":"skin","rarity":0,"price":3},"Souvenir Nova | Sand Dune (Factory New)":{"souvenir":true,"quality":5,"skin":"Sand Dune","weapon":"Nova","short":"Nova | Sand Dune","name":"Souvenir Nova | Sand Dune (Factory New)","src":"https://steamcdn-a.akamaihd.net/apps/730/icons/econ/default_generated/weapon_nova_so_sand_light_large.33854508338eb4801380c7d7d328f2285ad3a746.png","type":"skin","rarity":0,"price":49257},"Souvenir Nova | Sand Dune (Minimal Wear)":{"souvenir":true,"quality":4,"skin":"Sand Dune","weapon":"Nova","short":"Nova | Sand Dune","name":"Souvenir Nova | Sand Dune (Minimal Wear)","src":"https://steamcdn-a.akamaihd.net/apps/730/icons/econ/default_generated/weapon_nova_so_sand_light_large.33854508338eb4801380c7d7d328f2285ad3a746.png","type":"skin","rarity":0,"price":493},"Souvenir Nova | Sand Dune (Field-Tested)":{"souvenir":true,"quality":3,"skin":"Sand Dune","weapon":"Nova","short":"Nova | Sand Dune","name":"Souvenir Nova | Sand Dune (Field-Tested)","src":"https://steamcdn-a.akamaihd.net/apps/730/icons/econ/default_generated/weapon_nova_so_sand_light_large.33854508338eb4801380c7d7d328f2285ad3a746.png","type":"skin","rarity":0,"price":153},"Souvenir Nova | Sand Dune (Well-Worn)":{"souvenir":true,"quality":2,"skin":"Sand Dune","weapon":"Nova","short":"Nova | Sand Dune","name":"Souvenir Nova | Sand Dune (Well-Worn)","src":"https://steamcdn-a.akamaihd.net/apps/730/icons/econ/default_generated/weapon_nova_so_sand_light_large.33854508338eb4801380c7d7d328f2285ad3a746.png","type":"skin","rarity":0,"price":242},"Souvenir Nova | Sand Dune (Battle-Scarred)":{"souvenir":true,"quality":1,"skin":"Sand Dune","weapon":"Nova","short":"Nova | Sand Dune","name":"Souvenir Nova | Sand Dune (Battle-Scarred)","src":"https://steamcdn-a.akamaihd.net/apps/730/icons/econ/default_generated/weapon_nova_so_sand_light_large.33854508338eb4801380c7d7d328f2285ad3a746.png","type":"skin","rarity":0,"price":404},"Nova | Sand Dune":{"souvenirAvailable":true,"masterItem":true,"qualities":[5,4,3,2,1],"skin":"Sand Dune","weapon":"Nova","short":"Nova | Sand Dune","name":"Nova | Sand Dune","src":"https://steamcdn-a.akamaihd.net/apps/730/icons/econ/default_generated/weapon_nova_so_sand_light_large.33854508338eb4801380c7d7d328f2285ad3a746.png","type":"skin","rarity":0,"price":49257,"minPrice":3},"M4A1-S | Boreal Forest (Factory New)":{"quality":5,"skin":"Boreal Forest","weapon":"M4A1-S","short":"M4A1-S | Boreal Forest","name":"M4A1-S | Boreal Forest (Factory New)","src":"https://steamcdn-a.akamaihd.net/apps/730/icons/econ/default_generated/weapon_m4a1_silencer_hy_forest_boreal_light_large.1a7f334b65d1ff1a4ca0bb4a1b164d643169f982.png","type":"skin","rarity":1,"price":325},"M4A1-S | Boreal Forest (Minimal Wear)":{"quality":4,"skin":"Boreal Forest","weapon":"M4A1-S","short":"M4A1-S | Boreal Forest","name":"M4A1-S | Boreal Forest (Minimal Wear)","src":"https://steamcdn-a.akamaihd.net/apps/730/icons/econ/default_generated/weapon_m4a1_silencer_hy_forest_boreal_light_large.1a7f334b65d1ff1a4ca0bb4a1b164d643169f982.png","type":"skin","rarity":1,"price":44},"M4A1-S | Boreal Forest (Field-Tested)":{"quality":3,"skin":"Boreal Forest","weapon":"M4A1-S","short":"M4A1-S | Boreal Forest","name":"M4A1-S | Boreal Forest (Field-Tested)","src":"https://steamcdn-a.akamaihd.net/apps/730/icons/econ/default_generated/weapon_m4a1_silencer_hy_forest_boreal_light_large.1a7f334b65d1ff1a4ca0bb4a1b164d643169f982.png","type":"skin","rarity":1,"price":11},"M4A1-S | Boreal Forest (Well-Worn)":{"quality":2,"skin":"Boreal Forest","weapon":"M4A1-S","short":"M4A1-S | Boreal Forest","name":"M4A1-S | Boreal Forest (Well-Worn)","src":"https://steamcdn-a.akamaihd.net/apps/730/icons/econ/default_generated/weapon_m4a1_silencer_hy_forest_boreal_light_large.1a7f334b65d1ff1a4ca0bb4a1b164d643169f982.png","type":"skin","rarity":1,"price":14},"M4A1-S | Boreal Forest (Battle-Scarred)":{"quality":1,"skin":"Boreal Forest","weapon":"M4A1-S","short":"M4A1-S | Boreal Forest","name":"M4A1-S | Boreal Forest (Battle-Scarred)","src":"https://steamcdn-a.akamaihd.net/apps/730/icons/econ/default_generated/weapon_m4a1_silencer_hy_forest_boreal_light_large.1a7f334b65d1ff1a4ca0bb4a1b164d643169f982.png","type":"skin","rarity":1,"price":11},"Souvenir M4A1-S | Boreal Forest (Factory New)":{"souvenir":true,"quality":5,"skin":"Boreal Forest","weapon":"M4A1-S","short":"M4A1-S | Boreal Forest","name":"Souvenir M4A1-S | Boreal Forest (Factory New)","src":"https://steamcdn-a.akamaihd.net/apps/730/icons/econ/default_generated/weapon_m4a1_silencer_hy_forest_boreal_light_large.1a7f334b65d1ff1a4ca0bb4a1b164d643169f982.png","type":"skin","rarity":1,"price":212},"Souvenir M4A1-S | Boreal Forest (Minimal Wear)":{"souvenir":true,"quality":4,"skin":"Boreal Forest","weapon":"M4A1-S","short":"M4A1-S | Boreal Forest","name":"Souvenir M4A1-S | Boreal Forest (Minimal Wear)","src":"https://steamcdn-a.akamaihd.net/apps/730/icons/econ/default_generated/weapon_m4a1_silencer_hy_forest_boreal_light_large.1a7f334b65d1ff1a4ca0bb4a1b164d643169f982.png","type":"skin","rarity":1,"price":10283},"Souvenir M4A1-S | Boreal Forest (Field-Tested)":{"souvenir":true,"quality":3,"skin":"Boreal Forest","weapon":"M4A1-S","short":"M4A1-S | Boreal Forest","name":"Souvenir M4A1-S | Boreal Forest (Field-Tested)","src":"https://steamcdn-a.akamaihd.net/apps/730/icons/econ/default_generated/weapon_m4a1_silencer_hy_forest_boreal_light_large.1a7f334b65d1ff1a4ca0bb4a1b164d643169f982.png","type":"skin","rarity":1,"price":4140},"Souvenir M4A1-S | Boreal Forest (Well-Worn)":{"souvenir":true,"quality":2,"skin":"Boreal Forest","weapon":"M4A1-S","short":"M4A1-S | Boreal Forest","name":"Souvenir M4A1-S | Boreal Forest (Well-Worn)","src":"https://steamcdn-a.akamaihd.net/apps/730/icons/econ/default_generated/weapon_m4a1_silencer_hy_forest_boreal_light_large.1a7f334b65d1ff1a4ca0bb4a1b164d643169f982.png","type":"skin","rarity":1,"price":99},"Souvenir M4A1-S | Boreal Forest (Battle-Scarred)":{"souvenir":true,"quality":1,"skin":"Boreal Forest","weapon":"M4A1-S","short":"M4A1-S | Boreal Forest","name":"Souvenir M4A1-S | Boreal Forest (Battle-Scarred)","src":"https://steamcdn-a.akamaihd.net/apps/730/icons/econ/default_generated/weapon_m4a1_silencer_hy_forest_boreal_light_large.1a7f334b65d1ff1a4ca0bb4a1b164d643169f982.png","type":"skin","rarity":1,"price":23325},"M4A1-S | Boreal Forest":{"souvenirAvailable":true,"masterItem":true,"qualities":[5,4,3,2,1],"skin":"Boreal Forest","weapon":"M4A1-S","short":"M4A1-S | Boreal Forest","name":"M4A1-S | Boreal Forest","src":"https://steamcdn-a.akamaihd.net/apps/730/icons/econ/default_generated/weapon_m4a1_silencer_hy_forest_boreal_light_large.1a7f334b65d1ff1a4ca0bb4a1b164d643169f982.png","type":"skin","rarity":1,"price":23325,"minPrice":11},"PP-Bizon | Sand Dashed (Factory New)":{"quality":5,"skin":"Sand Dashed","weapon":"PP-Bizon","short":"PP-Bizon | Sand Dashed","name":"PP-Bizon | Sand Dashed (Factory New)","src":"https://steamcdn-a.akamaihd.net/apps/730/icons/econ/default_generated/weapon_bizon_sp_tape_short_sand_light_large.dcf913a3a4fcd421012482e8c1cb55d05d9828f9.png","type":"skin","rarity":0,"price":9},"PP-Bizon | Sand Dashed (Minimal Wear)":{"quality":4,"skin":"Sand Dashed","weapon":"PP-Bizon","short":"PP-Bizon | Sand Dashed","name":"PP-Bizon | Sand Dashed (Minimal Wear)","src":"https://steamcdn-a.akamaihd.net/apps/730/icons/econ/default_generated/weapon_bizon_sp_tape_short_sand_light_large.dcf913a3a4fcd421012482e8c1cb55d05d9828f9.png","type":"skin","rarity":0,"price":3},"PP-Bizon | Sand Dashed (Field-Tested)":{"quality":3,"skin":"Sand Dashed","weapon":"PP-Bizon","short":"PP-Bizon | Sand Dashed","name":"PP-Bizon | Sand Dashed (Field-Tested)","src":"https://steamcdn-a.akamaihd.net/apps/730/icons/econ/default_generated/weapon_bizon_sp_tape_short_sand_light_large.dcf913a3a4fcd421012482e8c1cb55d05d9828f9.png","type":"skin","rarity":0,"price":3},"PP-Bizon | Sand Dashed (Well-Worn)":{"quality":2,"skin":"Sand Dashed","weapon":"PP-Bizon","short":"PP-Bizon | Sand Dashed","name":"PP-Bizon | Sand Dashed (Well-Worn)","src":"https://steamcdn-a.akamaihd.net/apps/730/icons/econ/default_generated/weapon_bizon_sp_tape_short_sand_light_large.dcf913a3a4fcd421012482e8c1cb55d05d9828f9.png","type":"skin","rarity":0,"price":3},"PP-Bizon | Sand Dashed (Battle-Scarred)":{"quality":1,"skin":"Sand Dashed","weapon":"PP-Bizon","short":"PP-Bizon | Sand Dashed","name":"PP-Bizon | Sand Dashed (Battle-Scarred)","src":"https://steamcdn-a.akamaihd.net/apps/730/icons/econ/default_generated/weapon_bizon_sp_tape_short_sand_light_large.dcf913a3a4fcd421012482e8c1cb55d05d9828f9.png","type":"skin","rarity":0,"price":3},"Souvenir PP-Bizon | Sand Dashed (Factory New)":{"souvenir":true,"quality":5,"skin":"Sand Dashed","weapon":"PP-Bizon","short":"PP-Bizon | Sand Dashed","name":"Souvenir PP-Bizon | Sand Dashed (Factory New)","src":"https://steamcdn-a.akamaihd.net/apps/730/icons/econ/default_generated/weapon_bizon_sp_tape_short_sand_light_large.dcf913a3a4fcd421012482e8c1cb55d05d9828f9.png","type":"skin","rarity":0,"price":70},"Souvenir PP-Bizon | Sand Dashed (Minimal Wear)":{"souvenir":true,"quality":4,"skin":"Sand Dashed","weapon":"PP-Bizon","short":"PP-Bizon | Sand Dashed","name":"Souvenir PP-Bizon | Sand Dashed (Minimal Wear)","src":"https://steamcdn-a.akamaihd.net/apps/730/icons/econ/default_generated/weapon_bizon_sp_tape_short_sand_light_large.dcf913a3a4fcd421012482e8c1cb55d05d9828f9.png","type":"skin","rarity":0,"price":404},"Souvenir PP-Bizon | Sand Dashed (Field-Tested)":{"souvenir":true,"quality":3,"skin":"Sand Dashed","weapon":"PP-Bizon","short":"PP-Bizon | Sand Dashed","name":"Souvenir PP-Bizon | Sand Dashed (Field-Tested)","src":"https://steamcdn-a.akamaihd.net/apps/730/icons/econ/default_generated/weapon_bizon_sp_tape_short_sand_light_large.dcf913a3a4fcd421012482e8c1cb55d05d9828f9.png","type":"skin","rarity":0,"price":210},"Souvenir PP-Bizon | Sand Dashed (Well-Worn)":{"souvenir":true,"quality":2,"skin":"Sand Dashed","weapon":"PP-Bizon","short":"PP-Bizon | Sand Dashed","name":"Souvenir PP-Bizon | Sand Dashed (Well-Worn)","src":"https://steamcdn-a.akamaihd.net/apps/730/icons/econ/default_generated/weapon_bizon_sp_tape_short_sand_light_large.dcf913a3a4fcd421012482e8c1cb55d05d9828f9.png","type":"skin","rarity":0,"price":230},"Souvenir PP-Bizon | Sand Dashed (Battle-Scarred)":{"souvenir":true,"quality":1,"skin":"Sand Dashed","weapon":"PP-Bizon","short":"PP-Bizon | Sand Dashed","name":"Souvenir PP-Bizon | Sand Dashed (Battle-Scarred)","src":"https://steamcdn-a.akamaihd.net/apps/730/icons/econ/default_generated/weapon_bizon_sp_tape_short_sand_light_large.dcf913a3a4fcd421012482e8c1cb55d05d9828f9.png","type":"skin","rarity":0,"price":199},"PP-Bizon | Sand Dashed":{"souvenirAvailable":true,"masterItem":true,"qualities":[5,4,3,2,1],"skin":"Sand Dashed","weapon":"PP-Bizon","short":"PP-Bizon | Sand Dashed","name":"PP-Bizon | Sand Dashed","src":"https://steamcdn-a.akamaihd.net/apps/730/icons/econ/default_generated/weapon_bizon_sp_tape_short_sand_light_large.dcf913a3a4fcd421012482e8c1cb55d05d9828f9.png","type":"skin","rarity":0,"price":404,"minPrice":3},"Nova | Candy Apple (Factory New)":{"quality":5,"skin":"Candy Apple","weapon":"Nova","short":"Nova | Candy Apple","name":"Nova | Candy Apple (Factory New)","src":"https://steamcdn-a.akamaihd.net/apps/730/icons/econ/default_generated/weapon_nova_so_red_light_large.f19886d0d01e730fc1e050416a6642488526a94c.png","type":"skin","rarity":1,"price":14},"Nova | Candy Apple (Minimal Wear)":{"quality":4,"skin":"Candy Apple","weapon":"Nova","short":"Nova | Candy Apple","name":"Nova | Candy Apple (Minimal Wear)","src":"https://steamcdn-a.akamaihd.net/apps/730/icons/econ/default_generated/weapon_nova_so_red_light_large.f19886d0d01e730fc1e050416a6642488526a94c.png","type":"skin","rarity":1,"price":10},"Nova | Candy Apple (Field-Tested)":{"quality":3,"skin":"Candy Apple","weapon":"Nova","short":"Nova | Candy Apple","name":"Nova | Candy Apple (Field-Tested)","src":"https://steamcdn-a.akamaihd.net/apps/730/icons/econ/default_generated/weapon_nova_so_red_light_large.f19886d0d01e730fc1e050416a6642488526a94c.png","type":"skin","rarity":1,"price":9},"Souvenir Nova | Candy Apple (Factory New)":{"souvenir":true,"quality":5,"skin":"Candy Apple","weapon":"Nova","short":"Nova | Candy Apple","name":"Souvenir Nova | Candy Apple (Factory New)","src":"https://steamcdn-a.akamaihd.net/apps/730/icons/econ/default_generated/weapon_nova_so_red_light_large.f19886d0d01e730fc1e050416a6642488526a94c.png","type":"skin","rarity":1,"price":10547},"Souvenir Nova | Candy Apple (Minimal Wear)":{"souvenir":true,"quality":4,"skin":"Candy Apple","weapon":"Nova","short":"Nova | Candy Apple","name":"Souvenir Nova | Candy Apple (Minimal Wear)","src":"https://steamcdn-a.akamaihd.net/apps/730/icons/econ/default_generated/weapon_nova_so_red_light_large.f19886d0d01e730fc1e050416a6642488526a94c.png","type":"skin","rarity":1,"price":3621},"Souvenir Nova | Candy Apple (Field-Tested)":{"souvenir":true,"quality":3,"skin":"Candy Apple","weapon":"Nova","short":"Nova | Candy Apple","name":"Souvenir Nova | Candy Apple (Field-Tested)","src":"https://steamcdn-a.akamaihd.net/apps/730/icons/econ/default_generated/weapon_nova_so_red_light_large.f19886d0d01e730fc1e050416a6642488526a94c.png","type":"skin","rarity":1,"price":2957},"Nova | Candy Apple":{"souvenirAvailable":true,"masterItem":true,"qualities":[5,4,3],"skin":"Candy Apple","weapon":"Nova","short":"Nova | Candy Apple","name":"Nova | Candy Apple","src":"https://steamcdn-a.akamaihd.net/apps/730/icons/econ/default_generated/weapon_nova_so_red_light_large.f19886d0d01e730fc1e050416a6642488526a94c.png","type":"skin","rarity":1,"price":10547,"minPrice":9},"Tec-9 | Groundwater (Factory New)":{"quality":5,"skin":"Groundwater","weapon":"Tec-9","short":"Tec-9 | Groundwater","name":"Tec-9 | Groundwater (Factory New)","src":"https://steamcdn-a.akamaihd.net/apps/730/icons/econ/default_generated/weapon_tec9_so_olive_light_large.6c35f2cb6ef0f893f02d70759c528fe4958adebc.png","type":"skin","rarity":0,"price":17},"Tec-9 | Groundwater (Minimal Wear)":{"quality":4,"skin":"Groundwater","weapon":"Tec-9","short":"Tec-9 | Groundwater","name":"Tec-9 | Groundwater (Minimal Wear)","src":"https://steamcdn-a.akamaihd.net/apps/730/icons/econ/default_generated/weapon_tec9_so_olive_light_large.6c35f2cb6ef0f893f02d70759c528fe4958adebc.png","type":"skin","rarity":0,"price":3},"Tec-9 | Groundwater (Field-Tested)":{"quality":3,"skin":"Groundwater","weapon":"Tec-9","short":"Tec-9 | Groundwater","name":"Tec-9 | Groundwater (Field-Tested)","src":"https://steamcdn-a.akamaihd.net/apps/730/icons/econ/default_generated/weapon_tec9_so_olive_light_large.6c35f2cb6ef0f893f02d70759c528fe4958adebc.png","type":"skin","rarity":0,"price":3},"Tec-9 | Groundwater (Well-Worn)":{"quality":2,"skin":"Groundwater","weapon":"Tec-9","short":"Tec-9 | Groundwater","name":"Tec-9 | Groundwater (Well-Worn)","src":"https://steamcdn-a.akamaihd.net/apps/730/icons/econ/default_generated/weapon_tec9_so_olive_light_large.6c35f2cb6ef0f893f02d70759c528fe4958adebc.png","type":"skin","rarity":0,"price":3},"Tec-9 | Groundwater (Battle-Scarred)":{"quality":1,"skin":"Groundwater","weapon":"Tec-9","short":"Tec-9 | Groundwater","name":"Tec-9 | Groundwater (Battle-Scarred)","src":"https://steamcdn-a.akamaihd.net/apps/730/icons/econ/default_generated/weapon_tec9_so_olive_light_large.6c35f2cb6ef0f893f02d70759c528fe4958adebc.png","type":"skin","rarity":0,"price":3},"Souvenir Tec-9 | Groundwater (Factory New)":{"souvenir":true,"quality":5,"skin":"Groundwater","weapon":"Tec-9","short":"Tec-9 | Groundwater","name":"Souvenir Tec-9 | Groundwater (Factory New)","src":"https://steamcdn-a.akamaihd.net/apps/730/icons/econ/default_generated/weapon_tec9_so_olive_light_large.6c35f2cb6ef0f893f02d70759c528fe4958adebc.png","type":"skin","rarity":0,"price":71},"Souvenir Tec-9 | Groundwater (Minimal Wear)":{"souvenir":true,"quality":4,"skin":"Groundwater","weapon":"Tec-9","short":"Tec-9 | Groundwater","name":"Souvenir Tec-9 | Groundwater (Minimal Wear)","src":"https://steamcdn-a.akamaihd.net/apps/730/icons/econ/default_generated/weapon_tec9_so_olive_light_large.6c35f2cb6ef0f893f02d70759c528fe4958adebc.png","type":"skin","rarity":0,"price":818},"Souvenir Tec-9 | Groundwater (Field-Tested)":{"souvenir":true,"quality":3,"skin":"Groundwater","weapon":"Tec-9","short":"Tec-9 | Groundwater","name":"Souvenir Tec-9 | Groundwater (Field-Tested)","src":"https://steamcdn-a.akamaihd.net/apps/730/icons/econ/default_generated/weapon_tec9_so_olive_light_large.6c35f2cb6ef0f893f02d70759c528fe4958adebc.png","type":"skin","rarity":0,"price":381},"Souvenir Tec-9 | Groundwater (Well-Worn)":{"souvenir":true,"quality":2,"skin":"Groundwater","weapon":"Tec-9","short":"Tec-9 | Groundwater","name":"Souvenir Tec-9 | Groundwater (Well-Worn)","src":"https://steamcdn-a.akamaihd.net/apps/730/icons/econ/default_generated/weapon_tec9_so_olive_light_large.6c35f2cb6ef0f893f02d70759c528fe4958adebc.png","type":"skin","rarity":0,"price":338},"Souvenir Tec-9 | Groundwater (Battle-Scarred)":{"souvenir":true,"quality":1,"skin":"Groundwater","weapon":"Tec-9","short":"Tec-9 | Groundwater","name":"Souvenir Tec-9 | Groundwater (Battle-Scarred)","src":"https://steamcdn-a.akamaihd.net/apps/730/icons/econ/default_generated/weapon_tec9_so_olive_light_large.6c35f2cb6ef0f893f02d70759c528fe4958adebc.png","type":"skin","rarity":0,"price":525},"Tec-9 | Groundwater":{"souvenirAvailable":true,"masterItem":true,"qualities":[5,4,3,2,1],"skin":"Groundwater","weapon":"Tec-9","short":"Tec-9 | Groundwater","name":"Tec-9 | Groundwater","src":"https://steamcdn-a.akamaihd.net/apps/730/icons/econ/default_generated/weapon_tec9_so_olive_light_large.6c35f2cb6ef0f893f02d70759c528fe4958adebc.png","type":"skin","rarity":0,"price":818,"minPrice":3}}