{"The Lake Collection":{"name":"The Lake Collection","src":"images/items/collections/lake.png","price": 4811,"type":"case","rarity":0,"content":{"items":["Dual Berettas | Cobalt Quartz (Factory New)","Dual Berettas | Cobalt Quartz (Minimal Wear)","Dual Berettas | Cobalt Quartz (Field-Tested)","Dual Berettas | Cobalt Quartz (Well-Worn)","Souvenir Dual Berettas | Cobalt Quartz (Factory New)","Souvenir Dual Berettas | Cobalt Quartz (Minimal Wear)","Souvenir Dual Berettas | Cobalt Quartz (Field-Tested)","Souvenir Dual Berettas | Cobalt Quartz (Well-Worn)","USP-S | Night Ops (Factory New)","USP-S | Night Ops (Minimal Wear)","USP-S | Night Ops (Field-Tested)","USP-S | Night Ops (Well-Worn)","USP-S | Night Ops (Battle-Scarred)","Souvenir USP-S | Night Ops (Factory New)","Souvenir USP-S | Night Ops (Minimal Wear)","Souvenir USP-S | Night Ops (Field-Tested)","Souvenir USP-S | Night Ops (Well-Worn)","Souvenir USP-S | Night Ops (Battle-Scarred)","Desert Eagle | Mudder (Factory New)","Desert Eagle | Mudder (Minimal Wear)","Desert Eagle | Mudder (Field-Tested)","Desert Eagle | Mudder (Well-Worn)","Desert Eagle | Mudder (Battle-Scarred)","Souvenir Desert Eagle | Mudder (Factory New)","Souvenir Desert Eagle | Mudder (Minimal Wear)","Souvenir Desert Eagle | Mudder (Field-Tested)","Souvenir Desert Eagle | Mudder (Well-Worn)","Souvenir Desert Eagle | Mudder (Battle-Scarred)","AWP | Safari Mesh (Factory New)","AWP | Safari Mesh (Minimal Wear)","AWP | Safari Mesh (Field-Tested)","AWP | Safari Mesh (Well-Worn)","AWP | Safari Mesh (Battle-Scarred)","Souvenir AWP | Safari Mesh (Factory New)","Souvenir AWP | Safari Mesh (Minimal Wear)","Souvenir AWP | Safari Mesh (Field-Tested)","Souvenir AWP | Safari Mesh (Well-Worn)","Souvenir AWP | Safari Mesh (Battle-Scarred)","SG 553 | Anodized Navy (Factory New)","SG 553 | Anodized Navy (Minimal Wear)","Souvenir SG 553 | Anodized Navy (Factory New)","Souvenir SG 553 | Anodized Navy (Minimal Wear)","XM1014 | Blue Steel (Factory New)","XM1014 | Blue Steel (Minimal Wear)","XM1014 | Blue Steel (Field-Tested)","XM1014 | Blue Steel (Well-Worn)","XM1014 | Blue Steel (Battle-Scarred)","Souvenir XM1014 | Blue Steel (Factory New)","Souvenir XM1014 | Blue Steel (Minimal Wear)","Souvenir XM1014 | Blue Steel (Field-Tested)","Souvenir XM1014 | Blue Steel (Well-Worn)","Souvenir XM1014 | Blue Steel (Battle-Scarred)","Galil AR | Sage Spray (Factory New)","Galil AR | Sage Spray (Minimal Wear)","Galil AR | Sage Spray (Field-Tested)","Galil AR | Sage Spray (Well-Worn)","Galil AR | Sage Spray (Battle-Scarred)","Souvenir Galil AR | Sage Spray (Factory New)","Souvenir Galil AR | Sage Spray (Minimal Wear)","Souvenir Galil AR | Sage Spray (Field-Tested)","Souvenir Galil AR | Sage Spray (Well-Worn)","Souvenir Galil AR | Sage Spray (Battle-Scarred)","P90 | Teardown (Factory New)","P90 | Teardown (Minimal Wear)","P90 | Teardown (Field-Tested)","P90 | Teardown (Well-Worn)","P90 | Teardown (Battle-Scarred)","Souvenir P90 | Teardown (Factory New)","Souvenir P90 | Teardown (Minimal Wear)","Souvenir P90 | Teardown (Field-Tested)","Souvenir P90 | Teardown (Well-Worn)","Souvenir P90 | Teardown (Battle-Scarred)","SG 553 | Waves Perforated (Factory New)","SG 553 | Waves Perforated (Minimal Wear)","SG 553 | Waves Perforated (Field-Tested)","SG 553 | Waves Perforated (Well-Worn)","SG 553 | Waves Perforated (Battle-Scarred)","Souvenir SG 553 | Waves Perforated (Factory New)","Souvenir SG 553 | Waves Perforated (Minimal Wear)","Souvenir SG 553 | Waves Perforated (Field-Tested)","Souvenir SG 553 | Waves Perforated (Well-Worn)","Souvenir SG 553 | Waves Perforated (Battle-Scarred)","AUG | Storm (Factory New)","AUG | Storm (Minimal Wear)","AUG | Storm (Field-Tested)","AUG | Storm (Well-Worn)","AUG | Storm (Battle-Scarred)","Souvenir AUG | Storm (Factory New)","Souvenir AUG | Storm (Minimal Wear)","Souvenir AUG | Storm (Field-Tested)","Souvenir AUG | Storm (Well-Worn)","Souvenir AUG | Storm (Battle-Scarred)","P250 | Boreal Forest (Factory New)","P250 | Boreal Forest (Minimal Wear)","P250 | Boreal Forest (Field-Tested)","P250 | Boreal Forest (Well-Worn)","P250 | Boreal Forest (Battle-Scarred)","Souvenir P250 | Boreal Forest (Factory New)","Souvenir P250 | Boreal Forest (Minimal Wear)","Souvenir P250 | Boreal Forest (Field-Tested)","Souvenir P250 | Boreal Forest (Well-Worn)","Souvenir P250 | Boreal Forest (Battle-Scarred)","PP-Bizon | Night Ops (Factory New)","PP-Bizon | Night Ops (Minimal Wear)","PP-Bizon | Night Ops (Field-Tested)","PP-Bizon | Night Ops (Well-Worn)","PP-Bizon | Night Ops (Battle-Scarred)","Souvenir PP-Bizon | Night Ops (Factory New)","Souvenir PP-Bizon | Night Ops (Minimal Wear)","Souvenir PP-Bizon | Night Ops (Field-Tested)","Souvenir PP-Bizon | Night Ops (Well-Worn)","Souvenir PP-Bizon | Night Ops (Battle-Scarred)","G3SG1 | Jungle Dashed (Factory New)","G3SG1 | Jungle Dashed (Minimal Wear)","G3SG1 | Jungle Dashed (Field-Tested)","G3SG1 | Jungle Dashed (Well-Worn)","G3SG1 | Jungle Dashed (Battle-Scarred)","Souvenir G3SG1 | Jungle Dashed (Factory New)","Souvenir G3SG1 | Jungle Dashed (Minimal Wear)","Souvenir G3SG1 | Jungle Dashed (Field-Tested)","Souvenir G3SG1 | Jungle Dashed (Well-Worn)","Souvenir G3SG1 | Jungle Dashed (Battle-Scarred)","FAMAS | Cyanospatter (Factory New)","FAMAS | Cyanospatter (Minimal Wear)","FAMAS | Cyanospatter (Field-Tested)","FAMAS | Cyanospatter (Well-Worn)","FAMAS | Cyanospatter (Battle-Scarred)","Souvenir FAMAS | Cyanospatter (Factory New)","Souvenir FAMAS | Cyanospatter (Minimal Wear)","Souvenir FAMAS | Cyanospatter (Field-Tested)","Souvenir FAMAS | Cyanospatter (Well-Worn)","Souvenir FAMAS | Cyanospatter (Battle-Scarred)","XM1014 | Blue Spruce (Factory New)","XM1014 | Blue Spruce (Minimal Wear)","XM1014 | Blue Spruce (Field-Tested)","XM1014 | Blue Spruce (Well-Worn)","XM1014 | Blue Spruce (Battle-Scarred)","Souvenir XM1014 | Blue Spruce (Factory New)","Souvenir XM1014 | Blue Spruce (Minimal Wear)","Souvenir XM1014 | Blue Spruce (Field-Tested)","Souvenir XM1014 | Blue Spruce (Well-Worn)","Souvenir XM1014 | Blue Spruce (Battle-Scarred)"]}},"Dual Berettas | Cobalt Quartz (Factory New)":{"quality":5,"skin":"Cobalt Quartz","weapon":"Dual Berettas","short":"Dual Berettas | Cobalt Quartz","name":"Dual Berettas | Cobalt Quartz (Factory New)","src":"https://steamcdn-a.akamaihd.net/apps/730/icons/econ/default_generated/weapon_elite_am_crystallized_blue_light_large.5756d02f9908e1c4d70e6f1d9dae53b3731fc0fd.png","type":"skin","rarity":3,"price":23},"Dual Berettas | Cobalt Quartz (Minimal Wear)":{"quality":4,"skin":"Cobalt Quartz","weapon":"Dual Berettas","short":"Dual Berettas | Cobalt Quartz","name":"Dual Berettas | Cobalt Quartz (Minimal Wear)","src":"https://steamcdn-a.akamaihd.net/apps/730/icons/econ/default_generated/weapon_elite_am_crystallized_blue_light_large.5756d02f9908e1c4d70e6f1d9dae53b3731fc0fd.png","type":"skin","rarity":3,"price":14},"Dual Berettas | Cobalt Quartz (Field-Tested)":{"quality":3,"skin":"Cobalt Quartz","weapon":"Dual Berettas","short":"Dual Berettas | Cobalt Quartz","name":"Dual Berettas | Cobalt Quartz (Field-Tested)","src":"https://steamcdn-a.akamaihd.net/apps/730/icons/econ/default_generated/weapon_elite_am_crystallized_blue_light_large.5756d02f9908e1c4d70e6f1d9dae53b3731fc0fd.png","type":"skin","rarity":3,"price":14},"Dual Berettas | Cobalt Quartz (Well-Worn)":{"quality":2,"skin":"Cobalt Quartz","weapon":"Dual Berettas","short":"Dual Berettas | Cobalt Quartz","name":"Dual Berettas | Cobalt Quartz (Well-Worn)","src":"https://steamcdn-a.akamaihd.net/apps/730/icons/econ/default_generated/weapon_elite_am_crystallized_blue_light_large.5756d02f9908e1c4d70e6f1d9dae53b3731fc0fd.png","type":"skin","rarity":3,"price":21},"Souvenir Dual Berettas | Cobalt Quartz (Factory New)":{"souvenir":true,"quality":5,"skin":"Cobalt Quartz","weapon":"Dual Berettas","short":"Dual Berettas | Cobalt Quartz","name":"Souvenir Dual Berettas | Cobalt Quartz (Factory New)","src":"https://steamcdn-a.akamaihd.net/apps/730/icons/econ/default_generated/weapon_elite_am_crystallized_blue_light_large.5756d02f9908e1c4d70e6f1d9dae53b3731fc0fd.png","type":"skin","rarity":3,"price":1216},"Souvenir Dual Berettas | Cobalt Quartz (Minimal Wear)":{"souvenir":true,"quality":4,"skin":"Cobalt Quartz","weapon":"Dual Berettas","short":"Dual Berettas | Cobalt Quartz","name":"Souvenir Dual Berettas | Cobalt Quartz (Minimal Wear)","src":"https://steamcdn-a.akamaihd.net/apps/730/icons/econ/default_generated/weapon_elite_am_crystallized_blue_light_large.5756d02f9908e1c4d70e6f1d9dae53b3731fc0fd.png","type":"skin","rarity":3,"price":1083},"Souvenir Dual Berettas | Cobalt Quartz (Field-Tested)":{"souvenir":true,"quality":3,"skin":"Cobalt Quartz","weapon":"Dual Berettas","short":"Dual Berettas | Cobalt Quartz","name":"Souvenir Dual Berettas | Cobalt Quartz (Field-Tested)","src":"https://steamcdn-a.akamaihd.net/apps/730/icons/econ/default_generated/weapon_elite_am_crystallized_blue_light_large.5756d02f9908e1c4d70e6f1d9dae53b3731fc0fd.png","type":"skin","rarity":3,"price":24049},"Souvenir Dual Berettas | Cobalt Quartz (Well-Worn)":{"souvenir":true,"quality":2,"skin":"Cobalt Quartz","weapon":"Dual Berettas","short":"Dual Berettas | Cobalt Quartz","name":"Souvenir Dual Berettas | Cobalt Quartz (Well-Worn)","src":"https://steamcdn-a.akamaihd.net/apps/730/icons/econ/default_generated/weapon_elite_am_crystallized_blue_light_large.5756d02f9908e1c4d70e6f1d9dae53b3731fc0fd.png","type":"skin","rarity":3,"price":962},"Dual Berettas | Cobalt Quartz":{"souvenirAvailable":true,"masterItem":true,"qualities":[5,4,3,2],"skin":"Cobalt Quartz","weapon":"Dual Berettas","short":"Dual Berettas | Cobalt Quartz","name":"Dual Berettas | Cobalt Quartz","src":"https://steamcdn-a.akamaihd.net/apps/730/icons/econ/default_generated/weapon_elite_am_crystallized_blue_light_large.5756d02f9908e1c4d70e6f1d9dae53b3731fc0fd.png","type":"skin","rarity":3,"price":24049,"minPrice":14},"USP-S | Night Ops (Factory New)":{"quality":5,"skin":"Night Ops","weapon":"USP-S","short":"USP-S | Night Ops","name":"USP-S | Night Ops (Factory New)","src":"https://steamcdn-a.akamaihd.net/apps/730/icons/econ/default_generated/weapon_usp_silencer_hy_varicamo_night_light_large.df1cac3f27ea81237acbc9d56137f5e3ddf072d5.png","type":"skin","rarity":2,"price":98},"USP-S | Night Ops (Minimal Wear)":{"quality":4,"skin":"Night Ops","weapon":"USP-S","short":"USP-S | Night Ops","name":"USP-S | Night Ops (Minimal Wear)","src":"https://steamcdn-a.akamaihd.net/apps/730/icons/econ/default_generated/weapon_usp_silencer_hy_varicamo_night_light_large.df1cac3f27ea81237acbc9d56137f5e3ddf072d5.png","type":"skin","rarity":2,"price":77},"USP-S | Night Ops (Field-Tested)":{"quality":3,"skin":"Night Ops","weapon":"USP-S","short":"USP-S | Night Ops","name":"USP-S | Night Ops (Field-Tested)","src":"https://steamcdn-a.akamaihd.net/apps/730/icons/econ/default_generated/weapon_usp_silencer_hy_varicamo_night_light_large.df1cac3f27ea81237acbc9d56137f5e3ddf072d5.png","type":"skin","rarity":2,"price":58},"USP-S | Night Ops (Well-Worn)":{"quality":2,"skin":"Night Ops","weapon":"USP-S","short":"USP-S | Night Ops","name":"USP-S | Night Ops (Well-Worn)","src":"https://steamcdn-a.akamaihd.net/apps/730/icons/econ/default_generated/weapon_usp_silencer_hy_varicamo_night_light_large.df1cac3f27ea81237acbc9d56137f5e3ddf072d5.png","type":"skin","rarity":2,"price":55},"USP-S | Night Ops (Battle-Scarred)":{"quality":1,"skin":"Night Ops","weapon":"USP-S","short":"USP-S | Night Ops","name":"USP-S | Night Ops (Battle-Scarred)","src":"https://steamcdn-a.akamaihd.net/apps/730/icons/econ/default_generated/weapon_usp_silencer_hy_varicamo_night_light_large.df1cac3f27ea81237acbc9d56137f5e3ddf072d5.png","type":"skin","rarity":2,"price":53},"Souvenir USP-S | Night Ops (Factory New)":{"souvenir":true,"quality":5,"skin":"Night Ops","weapon":"USP-S","short":"USP-S | Night Ops","name":"Souvenir USP-S | Night Ops (Factory New)","src":"https://steamcdn-a.akamaihd.net/apps/730/icons/econ/default_generated/weapon_usp_silencer_hy_varicamo_night_light_large.df1cac3f27ea81237acbc9d56137f5e3ddf072d5.png","type":"skin","rarity":2,"price":391},"Souvenir USP-S | Night Ops (Minimal Wear)":{"souvenir":true,"quality":4,"skin":"Night Ops","weapon":"USP-S","short":"USP-S | Night Ops","name":"Souvenir USP-S | Night Ops (Minimal Wear)","src":"https://steamcdn-a.akamaihd.net/apps/730/icons/econ/default_generated/weapon_usp_silencer_hy_varicamo_night_light_large.df1cac3f27ea81237acbc9d56137f5e3ddf072d5.png","type":"skin","rarity":2,"price":383},"Souvenir USP-S | Night Ops (Field-Tested)":{"souvenir":true,"quality":3,"skin":"Night Ops","weapon":"USP-S","short":"USP-S | Night Ops","name":"Souvenir USP-S | Night Ops (Field-Tested)","src":"https://steamcdn-a.akamaihd.net/apps/730/icons/econ/default_generated/weapon_usp_silencer_hy_varicamo_night_light_large.df1cac3f27ea81237acbc9d56137f5e3ddf072d5.png","type":"skin","rarity":2,"price":12984},"Souvenir USP-S | Night Ops (Well-Worn)":{"souvenir":true,"quality":2,"skin":"Night Ops","weapon":"USP-S","short":"USP-S | Night Ops","name":"Souvenir USP-S | Night Ops (Well-Worn)","src":"https://steamcdn-a.akamaihd.net/apps/730/icons/econ/default_generated/weapon_usp_silencer_hy_varicamo_night_light_large.df1cac3f27ea81237acbc9d56137f5e3ddf072d5.png","type":"skin","rarity":2,"price":6466},"Souvenir USP-S | Night Ops (Battle-Scarred)":{"souvenir":true,"quality":1,"skin":"Night Ops","weapon":"USP-S","short":"USP-S | Night Ops","name":"Souvenir USP-S | Night Ops (Battle-Scarred)","src":"https://steamcdn-a.akamaihd.net/apps/730/icons/econ/default_generated/weapon_usp_silencer_hy_varicamo_night_light_large.df1cac3f27ea81237acbc9d56137f5e3ddf072d5.png","type":"skin","rarity":2,"price":286},"USP-S | Night Ops":{"souvenirAvailable":true,"masterItem":true,"qualities":[5,4,3,2,1],"skin":"Night Ops","weapon":"USP-S","short":"USP-S | Night Ops","name":"USP-S | Night Ops","src":"https://steamcdn-a.akamaihd.net/apps/730/icons/econ/default_generated/weapon_usp_silencer_hy_varicamo_night_light_large.df1cac3f27ea81237acbc9d56137f5e3ddf072d5.png","type":"skin","rarity":2,"price":12984,"minPrice":53},"Desert Eagle | Mudder (Factory New)":{"quality":5,"skin":"Mudder","weapon":"Desert Eagle","short":"Desert Eagle | Mudder","name":"Desert Eagle | Mudder (Factory New)","src":"https://steamcdn-a.akamaihd.net/apps/730/icons/econ/default_generated/weapon_deagle_hy_mottled_sand_light_large.615be084d4bc9db8c98451f13351cae1fa0ec69c.png","type":"skin","rarity":1,"price":72},"Desert Eagle | Mudder (Minimal Wear)":{"quality":4,"skin":"Mudder","weapon":"Desert Eagle","short":"Desert Eagle | Mudder","name":"Desert Eagle | Mudder (Minimal Wear)","src":"https://steamcdn-a.akamaihd.net/apps/730/icons/econ/default_generated/weapon_deagle_hy_mottled_sand_light_large.615be084d4bc9db8c98451f13351cae1fa0ec69c.png","type":"skin","rarity":1,"price":10},"Desert Eagle | Mudder (Field-Tested)":{"quality":3,"skin":"Mudder","weapon":"Desert Eagle","short":"Desert Eagle | Mudder","name":"Desert Eagle | Mudder (Field-Tested)","src":"https://steamcdn-a.akamaihd.net/apps/730/icons/econ/default_generated/weapon_deagle_hy_mottled_sand_light_large.615be084d4bc9db8c98451f13351cae1fa0ec69c.png","type":"skin","rarity":1,"price":8},"Desert Eagle | Mudder (Well-Worn)":{"quality":2,"skin":"Mudder","weapon":"Desert Eagle","short":"Desert Eagle | Mudder","name":"Desert Eagle | Mudder (Well-Worn)","src":"https://steamcdn-a.akamaihd.net/apps/730/icons/econ/default_generated/weapon_deagle_hy_mottled_sand_light_large.615be084d4bc9db8c98451f13351cae1fa0ec69c.png","type":"skin","rarity":1,"price":8},"Desert Eagle | Mudder (Battle-Scarred)":{"quality":1,"skin":"Mudder","weapon":"Desert Eagle","short":"Desert Eagle | Mudder","name":"Desert Eagle | Mudder (Battle-Scarred)","src":"https://steamcdn-a.akamaihd.net/apps/730/icons/econ/default_generated/weapon_deagle_hy_mottled_sand_light_large.615be084d4bc9db8c98451f13351cae1fa0ec69c.png","type":"skin","rarity":1,"price":8},"Souvenir Desert Eagle | Mudder (Factory New)":{"souvenir":true,"quality":5,"skin":"Mudder","weapon":"Desert Eagle","short":"Desert Eagle | Mudder","name":"Souvenir Desert Eagle | Mudder (Factory New)","src":"https://steamcdn-a.akamaihd.net/apps/730/icons/econ/default_generated/weapon_deagle_hy_mottled_sand_light_large.615be084d4bc9db8c98451f13351cae1fa0ec69c.png","type":"skin","rarity":1,"price":161},"Souvenir Desert Eagle | Mudder (Minimal Wear)":{"souvenir":true,"quality":4,"skin":"Mudder","weapon":"Desert Eagle","short":"Desert Eagle | Mudder","name":"Souvenir Desert Eagle | Mudder (Minimal Wear)","src":"https://steamcdn-a.akamaihd.net/apps/730/icons/econ/default_generated/weapon_deagle_hy_mottled_sand_light_large.615be084d4bc9db8c98451f13351cae1fa0ec69c.png","type":"skin","rarity":1,"price":17508},"Souvenir Desert Eagle | Mudder (Field-Tested)":{"souvenir":true,"quality":3,"skin":"Mudder","weapon":"Desert Eagle","short":"Desert Eagle | Mudder","name":"Souvenir Desert Eagle | Mudder (Field-Tested)","src":"https://steamcdn-a.akamaihd.net/apps/730/icons/econ/default_generated/weapon_deagle_hy_mottled_sand_light_large.615be084d4bc9db8c98451f13351cae1fa0ec69c.png","type":"skin","rarity":1,"price":2784},"Souvenir Desert Eagle | Mudder (Well-Worn)":{"souvenir":true,"quality":2,"skin":"Mudder","weapon":"Desert Eagle","short":"Desert Eagle | Mudder","name":"Souvenir Desert Eagle | Mudder (Well-Worn)","src":"https://steamcdn-a.akamaihd.net/apps/730/icons/econ/default_generated/weapon_deagle_hy_mottled_sand_light_large.615be084d4bc9db8c98451f13351cae1fa0ec69c.png","type":"skin","rarity":1,"price":3117},"Souvenir Desert Eagle | Mudder (Battle-Scarred)":{"souvenir":true,"quality":1,"skin":"Mudder","weapon":"Desert Eagle","short":"Desert Eagle | Mudder","name":"Souvenir Desert Eagle | Mudder (Battle-Scarred)","src":"https://steamcdn-a.akamaihd.net/apps/730/icons/econ/default_generated/weapon_deagle_hy_mottled_sand_light_large.615be084d4bc9db8c98451f13351cae1fa0ec69c.png","type":"skin","rarity":1,"price":15293},"Desert Eagle | Mudder":{"souvenirAvailable":true,"masterItem":true,"qualities":[5,4,3,2,1],"skin":"Mudder","weapon":"Desert Eagle","short":"Desert Eagle | Mudder","name":"Desert Eagle | Mudder","src":"https://steamcdn-a.akamaihd.net/apps/730/icons/econ/default_generated/weapon_deagle_hy_mottled_sand_light_large.615be084d4bc9db8c98451f13351cae1fa0ec69c.png","type":"skin","rarity":1,"price":17508,"minPrice":8},"AWP | Safari Mesh (Factory New)":{"quality":5,"skin":"Safari Mesh","weapon":"AWP","short":"AWP | Safari Mesh","name":"AWP | Safari Mesh (Factory New)","src":"https://steamcdn-a.akamaihd.net/apps/730/icons/econ/default_generated/weapon_awp_sp_mesh_tan_light_large.3608cbeb9bb163bfd2becb4ebcce2576b9ca78d9.png","type":"skin","rarity":1,"price":148},"AWP | Safari Mesh (Minimal Wear)":{"quality":4,"skin":"Safari Mesh","weapon":"AWP","short":"AWP | Safari Mesh","name":"AWP | Safari Mesh (Minimal Wear)","src":"https://steamcdn-a.akamaihd.net/apps/730/icons/econ/default_generated/weapon_awp_sp_mesh_tan_light_large.3608cbeb9bb163bfd2becb4ebcce2576b9ca78d9.png","type":"skin","rarity":1,"price":13},"AWP | Safari Mesh (Field-Tested)":{"quality":3,"skin":"Safari Mesh","weapon":"AWP","short":"AWP | Safari Mesh","name":"AWP | Safari Mesh (Field-Tested)","src":"https://steamcdn-a.akamaihd.net/apps/730/icons/econ/default_generated/weapon_awp_sp_mesh_tan_light_large.3608cbeb9bb163bfd2becb4ebcce2576b9ca78d9.png","type":"skin","rarity":1,"price":8},"AWP | Safari Mesh (Well-Worn)":{"quality":2,"skin":"Safari Mesh","weapon":"AWP","short":"AWP | Safari Mesh","name":"AWP | Safari Mesh (Well-Worn)","src":"https://steamcdn-a.akamaihd.net/apps/730/icons/econ/default_generated/weapon_awp_sp_mesh_tan_light_large.3608cbeb9bb163bfd2becb4ebcce2576b9ca78d9.png","type":"skin","rarity":1,"price":9},"AWP | Safari Mesh (Battle-Scarred)":{"quality":1,"skin":"Safari Mesh","weapon":"AWP","short":"AWP | Safari Mesh","name":"AWP | Safari Mesh (Battle-Scarred)","src":"https://steamcdn-a.akamaihd.net/apps/730/icons/econ/default_generated/weapon_awp_sp_mesh_tan_light_large.3608cbeb9bb163bfd2becb4ebcce2576b9ca78d9.png","type":"skin","rarity":1,"price":14},"Souvenir AWP | Safari Mesh (Factory New)":{"souvenir":true,"quality":5,"skin":"Safari Mesh","weapon":"AWP","short":"AWP | Safari Mesh","name":"Souvenir AWP | Safari Mesh (Factory New)","src":"https://steamcdn-a.akamaihd.net/apps/730/icons/econ/default_generated/weapon_awp_sp_mesh_tan_light_large.3608cbeb9bb163bfd2becb4ebcce2576b9ca78d9.png","type":"skin","rarity":1,"price":187},"Souvenir AWP | Safari Mesh (Minimal Wear)":{"souvenir":true,"quality":4,"skin":"Safari Mesh","weapon":"AWP","short":"AWP | Safari Mesh","name":"Souvenir AWP | Safari Mesh (Minimal Wear)","src":"https://steamcdn-a.akamaihd.net/apps/730/icons/econ/default_generated/weapon_awp_sp_mesh_tan_light_large.3608cbeb9bb163bfd2becb4ebcce2576b9ca78d9.png","type":"skin","rarity":1,"price":26993},"Souvenir AWP | Safari Mesh (Field-Tested)":{"souvenir":true,"quality":3,"skin":"Safari Mesh","weapon":"AWP","short":"AWP | Safari Mesh","name":"Souvenir AWP | Safari Mesh (Field-Tested)","src":"https://steamcdn-a.akamaihd.net/apps/730/icons/econ/default_generated/weapon_awp_sp_mesh_tan_light_large.3608cbeb9bb163bfd2becb4ebcce2576b9ca78d9.png","type":"skin","rarity":1,"price":5779},"Souvenir AWP | Safari Mesh (Well-Worn)":{"souvenir":true,"quality":2,"skin":"Safari Mesh","weapon":"AWP","short":"AWP | Safari Mesh","name":"Souvenir AWP | Safari Mesh (Well-Worn)","src":"https://steamcdn-a.akamaihd.net/apps/730/icons/econ/default_generated/weapon_awp_sp_mesh_tan_light_large.3608cbeb9bb163bfd2becb4ebcce2576b9ca78d9.png","type":"skin","rarity":1,"price":12913},"Souvenir AWP | Safari Mesh (Battle-Scarred)":{"souvenir":true,"quality":1,"skin":"Safari Mesh","weapon":"AWP","short":"AWP | Safari Mesh","name":"Souvenir AWP | Safari Mesh (Battle-Scarred)","src":"https://steamcdn-a.akamaihd.net/apps/730/icons/econ/default_generated/weapon_awp_sp_mesh_tan_light_large.3608cbeb9bb163bfd2becb4ebcce2576b9ca78d9.png","type":"skin","rarity":1,"price":15381},"AWP | Safari Mesh":{"souvenirAvailable":true,"masterItem":true,"qualities":[5,4,3,2,1],"skin":"Safari Mesh","weapon":"AWP","short":"AWP | Safari Mesh","name":"AWP | Safari Mesh","src":"https://steamcdn-a.akamaihd.net/apps/730/icons/econ/default_generated/weapon_awp_sp_mesh_tan_light_large.3608cbeb9bb163bfd2becb4ebcce2576b9ca78d9.png","type":"skin","rarity":1,"price":26993,"minPrice":8},"SG 553 | Anodized Navy (Factory New)":{"quality":5,"skin":"Anodized Navy","weapon":"SG 553","short":"SG 553 | Anodized Navy","name":"SG 553 | Anodized Navy (Factory New)","src":"https://steamcdn-a.akamaihd.net/apps/730/icons/econ/default_generated/weapon_sg556_an_navy_light_large.5c45c1c33100694fc010a39ba92e3afab1d7c5e7.png","type":"skin","rarity":2,"price":94},"SG 553 | Anodized Navy (Minimal Wear)":{"quality":4,"skin":"Anodized Navy","weapon":"SG 553","short":"SG 553 | Anodized Navy","name":"SG 553 | Anodized Navy (Minimal Wear)","src":"https://steamcdn-a.akamaihd.net/apps/730/icons/econ/default_generated/weapon_sg556_an_navy_light_large.5c45c1c33100694fc010a39ba92e3afab1d7c5e7.png","type":"skin","rarity":2,"price":104},"Souvenir SG 553 | Anodized Navy (Factory New)":{"souvenir":true,"quality":5,"skin":"Anodized Navy","weapon":"SG 553","short":"SG 553 | Anodized Navy","name":"Souvenir SG 553 | Anodized Navy (Factory New)","src":"https://steamcdn-a.akamaihd.net/apps/730/icons/econ/default_generated/weapon_sg556_an_navy_light_large.5c45c1c33100694fc010a39ba92e3afab1d7c5e7.png","type":"skin","rarity":2,"price":28900},"Souvenir SG 553 | Anodized Navy (Minimal Wear)":{"souvenir":true,"quality":4,"skin":"Anodized Navy","weapon":"SG 553","short":"SG 553 | Anodized Navy","name":"Souvenir SG 553 | Anodized Navy (Minimal Wear)","src":"https://steamcdn-a.akamaihd.net/apps/730/icons/econ/default_generated/weapon_sg556_an_navy_light_large.5c45c1c33100694fc010a39ba92e3afab1d7c5e7.png","type":"skin","rarity":2,"price":496},"SG 553 | Anodized Navy":{"souvenirAvailable":true,"masterItem":true,"qualities":[5,4],"skin":"Anodized Navy","weapon":"SG 553","short":"SG 553 | Anodized Navy","name":"SG 553 | Anodized Navy","src":"https://steamcdn-a.akamaihd.net/apps/730/icons/econ/default_generated/weapon_sg556_an_navy_light_large.5c45c1c33100694fc010a39ba92e3afab1d7c5e7.png","type":"skin","rarity":2,"price":28900,"minPrice":94},"XM1014 | Blue Steel (Factory New)":{"quality":5,"skin":"Blue Steel","weapon":"XM1014","short":"XM1014 | Blue Steel","name":"XM1014 | Blue Steel (Factory New)","src":"https://steamcdn-a.akamaihd.net/apps/730/icons/econ/default_generated/weapon_xm1014_aq_blued_light_large.322850eb06df5352f302b6d4dffb1d2472dac596.png","type":"skin","rarity":1,"price":21},"XM1014 | Blue Steel (Minimal Wear)":{"quality":4,"skin":"Blue Steel","weapon":"XM1014","short":"XM1014 | Blue Steel","name":"XM1014 | Blue Steel (Minimal Wear)","src":"https://steamcdn-a.akamaihd.net/apps/730/icons/econ/default_generated/weapon_xm1014_aq_blued_light_large.322850eb06df5352f302b6d4dffb1d2472dac596.png","type":"skin","rarity":1,"price":10},"XM1014 | Blue Steel (Field-Tested)":{"quality":3,"skin":"Blue Steel","weapon":"XM1014","short":"XM1014 | Blue Steel","name":"XM1014 | Blue Steel (Field-Tested)","src":"https://steamcdn-a.akamaihd.net/apps/730/icons/econ/default_generated/weapon_xm1014_aq_blued_light_large.322850eb06df5352f302b6d4dffb1d2472dac596.png","type":"skin","rarity":1,"price":8},"XM1014 | Blue Steel (Well-Worn)":{"quality":2,"skin":"Blue Steel","weapon":"XM1014","short":"XM1014 | Blue Steel","name":"XM1014 | Blue Steel (Well-Worn)","src":"https://steamcdn-a.akamaihd.net/apps/730/icons/econ/default_generated/weapon_xm1014_aq_blued_light_large.322850eb06df5352f302b6d4dffb1d2472dac596.png","type":"skin","rarity":1,"price":8},"XM1014 | Blue Steel (Battle-Scarred)":{"quality":1,"skin":"Blue Steel","weapon":"XM1014","short":"XM1014 | Blue Steel","name":"XM1014 | Blue Steel (Battle-Scarred)","src":"https://steamcdn-a.akamaihd.net/apps/730/icons/econ/default_generated/weapon_xm1014_aq_blued_light_large.322850eb06df5352f302b6d4dffb1d2472dac596.png","type":"skin","rarity":1,"price":8},"Souvenir XM1014 | Blue Steel (Factory New)":{"souvenir":true,"quality":5,"skin":"Blue Steel","weapon":"XM1014","short":"XM1014 | Blue Steel","name":"Souvenir XM1014 | Blue Steel (Factory New)","src":"https://steamcdn-a.akamaihd.net/apps/730/icons/econ/default_generated/weapon_xm1014_aq_blued_light_large.322850eb06df5352f302b6d4dffb1d2472dac596.png","type":"skin","rarity":1,"price":9501},"Souvenir XM1014 | Blue Steel (Minimal Wear)":{"souvenir":true,"quality":4,"skin":"Blue Steel","weapon":"XM1014","short":"XM1014 | Blue Steel","name":"Souvenir XM1014 | Blue Steel (Minimal Wear)","src":"https://steamcdn-a.akamaihd.net/apps/730/icons/econ/default_generated/weapon_xm1014_aq_blued_light_large.322850eb06df5352f302b6d4dffb1d2472dac596.png","type":"skin","rarity":1,"price":2729},"Souvenir XM1014 | Blue Steel (Field-Tested)":{"souvenir":true,"quality":3,"skin":"Blue Steel","weapon":"XM1014","short":"XM1014 | Blue Steel","name":"Souvenir XM1014 | Blue Steel (Field-Tested)","src":"https://steamcdn-a.akamaihd.net/apps/730/icons/econ/default_generated/weapon_xm1014_aq_blued_light_large.322850eb06df5352f302b6d4dffb1d2472dac596.png","type":"skin","rarity":1,"price":1936},"Souvenir XM1014 | Blue Steel (Well-Worn)":{"souvenir":true,"quality":2,"skin":"Blue Steel","weapon":"XM1014","short":"XM1014 | Blue Steel","name":"Souvenir XM1014 | Blue Steel (Well-Worn)","src":"https://steamcdn-a.akamaihd.net/apps/730/icons/econ/default_generated/weapon_xm1014_aq_blued_light_large.322850eb06df5352f302b6d4dffb1d2472dac596.png","type":"skin","rarity":1,"price":1498},"Souvenir XM1014 | Blue Steel (Battle-Scarred)":{"souvenir":true,"quality":1,"skin":"Blue Steel","weapon":"XM1014","short":"XM1014 | Blue Steel","name":"Souvenir XM1014 | Blue Steel (Battle-Scarred)","src":"https://steamcdn-a.akamaihd.net/apps/730/icons/econ/default_generated/weapon_xm1014_aq_blued_light_large.322850eb06df5352f302b6d4dffb1d2472dac596.png","type":"skin","rarity":1,"price":3509},"XM1014 | Blue Steel":{"souvenirAvailable":true,"masterItem":true,"qualities":[5,4,3,2,1],"skin":"Blue Steel","weapon":"XM1014","short":"XM1014 | Blue Steel","name":"XM1014 | Blue Steel","src":"https://steamcdn-a.akamaihd.net/apps/730/icons/econ/default_generated/weapon_xm1014_aq_blued_light_large.322850eb06df5352f302b6d4dffb1d2472dac596.png","type":"skin","rarity":1,"price":9501,"minPrice":8},"Galil AR | Sage Spray (Factory New)":{"quality":5,"skin":"Sage Spray","weapon":"Galil AR","short":"Galil AR | Sage Spray","name":"Galil AR | Sage Spray (Factory New)","src":"https://steamcdn-a.akamaihd.net/apps/730/icons/econ/default_generated/weapon_galilar_sp_spray_desert_sage_light_large.34f1268c2cf12e7794538b7140456d3716d81142.png","type":"skin","rarity":0,"price":14},"Galil AR | Sage Spray (Minimal Wear)":{"quality":4,"skin":"Sage Spray","weapon":"Galil AR","short":"Galil AR | Sage Spray","name":"Galil AR | Sage Spray (Minimal Wear)","src":"https://steamcdn-a.akamaihd.net/apps/730/icons/econ/default_generated/weapon_galilar_sp_spray_desert_sage_light_large.34f1268c2cf12e7794538b7140456d3716d81142.png","type":"skin","rarity":0,"price":3},"Galil AR | Sage Spray (Field-Tested)":{"quality":3,"skin":"Sage Spray","weapon":"Galil AR","short":"Galil AR | Sage Spray","name":"Galil AR | Sage Spray (Field-Tested)","src":"https://steamcdn-a.akamaihd.net/apps/730/icons/econ/default_generated/weapon_galilar_sp_spray_desert_sage_light_large.34f1268c2cf12e7794538b7140456d3716d81142.png","type":"skin","rarity":0,"price":3},"Galil AR | Sage Spray (Well-Worn)":{"quality":2,"skin":"Sage Spray","weapon":"Galil AR","short":"Galil AR | Sage Spray","name":"Galil AR | Sage Spray (Well-Worn)","src":"https://steamcdn-a.akamaihd.net/apps/730/icons/econ/default_generated/weapon_galilar_sp_spray_desert_sage_light_large.34f1268c2cf12e7794538b7140456d3716d81142.png","type":"skin","rarity":0,"price":3},"Galil AR | Sage Spray (Battle-Scarred)":{"quality":1,"skin":"Sage Spray","weapon":"Galil AR","short":"Galil AR | Sage Spray","name":"Galil AR | Sage Spray (Battle-Scarred)","src":"https://steamcdn-a.akamaihd.net/apps/730/icons/econ/default_generated/weapon_galilar_sp_spray_desert_sage_light_large.34f1268c2cf12e7794538b7140456d3716d81142.png","type":"skin","rarity":0,"price":3},"Souvenir Galil AR | Sage Spray (Factory New)":{"souvenir":true,"quality":5,"skin":"Sage Spray","weapon":"Galil AR","short":"Galil AR | Sage Spray","name":"Souvenir Galil AR | Sage Spray (Factory New)","src":"https://steamcdn-a.akamaihd.net/apps/730/icons/econ/default_generated/weapon_galilar_sp_spray_desert_sage_light_large.34f1268c2cf12e7794538b7140456d3716d81142.png","type":"skin","rarity":0,"price":77},"Souvenir Galil AR | Sage Spray (Minimal Wear)":{"souvenir":true,"quality":4,"skin":"Sage Spray","weapon":"Galil AR","short":"Galil AR | Sage Spray","name":"Souvenir Galil AR | Sage Spray (Minimal Wear)","src":"https://steamcdn-a.akamaihd.net/apps/730/icons/econ/default_generated/weapon_galilar_sp_spray_desert_sage_light_large.34f1268c2cf12e7794538b7140456d3716d81142.png","type":"skin","rarity":0,"price":952},"Souvenir Galil AR | Sage Spray (Field-Tested)":{"souvenir":true,"quality":3,"skin":"Sage Spray","weapon":"Galil AR","short":"Galil AR | Sage Spray","name":"Souvenir Galil AR | Sage Spray (Field-Tested)","src":"https://steamcdn-a.akamaihd.net/apps/730/icons/econ/default_generated/weapon_galilar_sp_spray_desert_sage_light_large.34f1268c2cf12e7794538b7140456d3716d81142.png","type":"skin","rarity":0,"price":273},"Souvenir Galil AR | Sage Spray (Well-Worn)":{"souvenir":true,"quality":2,"skin":"Sage Spray","weapon":"Galil AR","short":"Galil AR | Sage Spray","name":"Souvenir Galil AR | Sage Spray (Well-Worn)","src":"https://steamcdn-a.akamaihd.net/apps/730/icons/econ/default_generated/weapon_galilar_sp_spray_desert_sage_light_large.34f1268c2cf12e7794538b7140456d3716d81142.png","type":"skin","rarity":0,"price":498},"Souvenir Galil AR | Sage Spray (Battle-Scarred)":{"souvenir":true,"quality":1,"skin":"Sage Spray","weapon":"Galil AR","short":"Galil AR | Sage Spray","name":"Souvenir Galil AR | Sage Spray (Battle-Scarred)","src":"https://steamcdn-a.akamaihd.net/apps/730/icons/econ/default_generated/weapon_galilar_sp_spray_desert_sage_light_large.34f1268c2cf12e7794538b7140456d3716d81142.png","type":"skin","rarity":0,"price":844},"Galil AR | Sage Spray":{"souvenirAvailable":true,"masterItem":true,"qualities":[5,4,3,2,1],"skin":"Sage Spray","weapon":"Galil AR","short":"Galil AR | Sage Spray","name":"Galil AR | Sage Spray","src":"https://steamcdn-a.akamaihd.net/apps/730/icons/econ/default_generated/weapon_galilar_sp_spray_desert_sage_light_large.34f1268c2cf12e7794538b7140456d3716d81142.png","type":"skin","rarity":0,"price":952,"minPrice":3},"P90 | Teardown (Factory New)":{"quality":5,"skin":"Teardown","weapon":"P90","short":"P90 | Teardown","name":"P90 | Teardown (Factory New)","src":"https://steamcdn-a.akamaihd.net/apps/730/icons/econ/default_generated/weapon_p90_sp_mesh_hot_and_cold_light_large.b1e759ec76815883bf3e293215e3858eaa0763b1.png","type":"skin","rarity":2,"price":110},"P90 | Teardown (Minimal Wear)":{"quality":4,"skin":"Teardown","weapon":"P90","short":"P90 | Teardown","name":"P90 | Teardown (Minimal Wear)","src":"https://steamcdn-a.akamaihd.net/apps/730/icons/econ/default_generated/weapon_p90_sp_mesh_hot_and_cold_light_large.b1e759ec76815883bf3e293215e3858eaa0763b1.png","type":"skin","rarity":2,"price":77},"P90 | Teardown (Field-Tested)":{"quality":3,"skin":"Teardown","weapon":"P90","short":"P90 | Teardown","name":"P90 | Teardown (Field-Tested)","src":"https://steamcdn-a.akamaihd.net/apps/730/icons/econ/default_generated/weapon_p90_sp_mesh_hot_and_cold_light_large.b1e759ec76815883bf3e293215e3858eaa0763b1.png","type":"skin","rarity":2,"price":56},"P90 | Teardown (Well-Worn)":{"quality":2,"skin":"Teardown","weapon":"P90","short":"P90 | Teardown","name":"P90 | Teardown (Well-Worn)","src":"https://steamcdn-a.akamaihd.net/apps/730/icons/econ/default_generated/weapon_p90_sp_mesh_hot_and_cold_light_large.b1e759ec76815883bf3e293215e3858eaa0763b1.png","type":"skin","rarity":2,"price":56},"P90 | Teardown (Battle-Scarred)":{"quality":1,"skin":"Teardown","weapon":"P90","short":"P90 | Teardown","name":"P90 | Teardown (Battle-Scarred)","src":"https://steamcdn-a.akamaihd.net/apps/730/icons/econ/default_generated/weapon_p90_sp_mesh_hot_and_cold_light_large.b1e759ec76815883bf3e293215e3858eaa0763b1.png","type":"skin","rarity":2,"price":52},"Souvenir P90 | Teardown (Factory New)":{"souvenir":true,"quality":5,"skin":"Teardown","weapon":"P90","short":"P90 | Teardown","name":"Souvenir P90 | Teardown (Factory New)","src":"https://steamcdn-a.akamaihd.net/apps/730/icons/econ/default_generated/weapon_p90_sp_mesh_hot_and_cold_light_large.b1e759ec76815883bf3e293215e3858eaa0763b1.png","type":"skin","rarity":2,"price":100525},"Souvenir P90 | Teardown (Minimal Wear)":{"souvenir":true,"quality":4,"skin":"Teardown","weapon":"P90","short":"P90 | Teardown","name":"Souvenir P90 | Teardown (Minimal Wear)","src":"https://steamcdn-a.akamaihd.net/apps/730/icons/econ/default_generated/weapon_p90_sp_mesh_hot_and_cold_light_large.b1e759ec76815883bf3e293215e3858eaa0763b1.png","type":"skin","rarity":2,"price":413},"Souvenir P90 | Teardown (Field-Tested)":{"souvenir":true,"quality":3,"skin":"Teardown","weapon":"P90","short":"P90 | Teardown","name":"Souvenir P90 | Teardown (Field-Tested)","src":"https://steamcdn-a.akamaihd.net/apps/730/icons/econ/default_generated/weapon_p90_sp_mesh_hot_and_cold_light_large.b1e759ec76815883bf3e293215e3858eaa0763b1.png","type":"skin","rarity":2,"price":13925},"Souvenir P90 | Teardown (Well-Worn)":{"souvenir":true,"quality":2,"skin":"Teardown","weapon":"P90","short":"P90 | Teardown","name":"Souvenir P90 | Teardown (Well-Worn)","src":"https://steamcdn-a.akamaihd.net/apps/730/icons/econ/default_generated/weapon_p90_sp_mesh_hot_and_cold_light_large.b1e759ec76815883bf3e293215e3858eaa0763b1.png","type":"skin","rarity":2,"price":220},"Souvenir P90 | Teardown (Battle-Scarred)":{"souvenir":true,"quality":1,"skin":"Teardown","weapon":"P90","short":"P90 | Teardown","name":"Souvenir P90 | Teardown (Battle-Scarred)","src":"https://steamcdn-a.akamaihd.net/apps/730/icons/econ/default_generated/weapon_p90_sp_mesh_hot_and_cold_light_large.b1e759ec76815883bf3e293215e3858eaa0763b1.png","type":"skin","rarity":2,"price":6055},"P90 | Teardown":{"souvenirAvailable":true,"masterItem":true,"qualities":[5,4,3,2,1],"skin":"Teardown","weapon":"P90","short":"P90 | Teardown","name":"P90 | Teardown","src":"https://steamcdn-a.akamaihd.net/apps/730/icons/econ/default_generated/weapon_p90_sp_mesh_hot_and_cold_light_large.b1e759ec76815883bf3e293215e3858eaa0763b1.png","type":"skin","rarity":2,"price":100525,"minPrice":52},"SG 553 | Waves Perforated (Factory New)":{"quality":5,"skin":"Waves Perforated","weapon":"SG 553","short":"SG 553 | Waves Perforated","name":"SG 553 | Waves Perforated (Factory New)","src":"https://steamcdn-a.akamaihd.net/apps/730/icons/econ/default_generated/weapon_sg556_sp_tape_dots_waves_light_large.6225b7ae003cefaab7deca7ea517576991055bbd.png","type":"skin","rarity":0,"price":11},"SG 553 | Waves Perforated (Minimal Wear)":{"quality":4,"skin":"Waves Perforated","weapon":"SG 553","short":"SG 553 | Waves Perforated","name":"SG 553 | Waves Perforated (Minimal Wear)","src":"https://steamcdn-a.akamaihd.net/apps/730/icons/econ/default_generated/weapon_sg556_sp_tape_dots_waves_light_large.6225b7ae003cefaab7deca7ea517576991055bbd.png","type":"skin","rarity":0,"price":3},"SG 553 | Waves Perforated (Field-Tested)":{"quality":3,"skin":"Waves Perforated","weapon":"SG 553","short":"SG 553 | Waves Perforated","name":"SG 553 | Waves Perforated (Field-Tested)","src":"https://steamcdn-a.akamaihd.net/apps/730/icons/econ/default_generated/weapon_sg556_sp_tape_dots_waves_light_large.6225b7ae003cefaab7deca7ea517576991055bbd.png","type":"skin","rarity":0,"price":3},"SG 553 | Waves Perforated (Well-Worn)":{"quality":2,"skin":"Waves Perforated","weapon":"SG 553","short":"SG 553 | Waves Perforated","name":"SG 553 | Waves Perforated (Well-Worn)","src":"https://steamcdn-a.akamaihd.net/apps/730/icons/econ/default_generated/weapon_sg556_sp_tape_dots_waves_light_large.6225b7ae003cefaab7deca7ea517576991055bbd.png","type":"skin","rarity":0,"price":3},"SG 553 | Waves Perforated (Battle-Scarred)":{"quality":1,"skin":"Waves Perforated","weapon":"SG 553","short":"SG 553 | Waves Perforated","name":"SG 553 | Waves Perforated (Battle-Scarred)","src":"https://steamcdn-a.akamaihd.net/apps/730/icons/econ/default_generated/weapon_sg556_sp_tape_dots_waves_light_large.6225b7ae003cefaab7deca7ea517576991055bbd.png","type":"skin","rarity":0,"price":3},"Souvenir SG 553 | Waves Perforated (Factory New)":{"souvenir":true,"quality":5,"skin":"Waves Perforated","weapon":"SG 553","short":"SG 553 | Waves Perforated","name":"Souvenir SG 553 | Waves Perforated (Factory New)","src":"https://steamcdn-a.akamaihd.net/apps/730/icons/econ/default_generated/weapon_sg556_sp_tape_dots_waves_light_large.6225b7ae003cefaab7deca7ea517576991055bbd.png","type":"skin","rarity":0,"price":48430},"Souvenir SG 553 | Waves Perforated (Minimal Wear)":{"souvenir":true,"quality":4,"skin":"Waves Perforated","weapon":"SG 553","short":"SG 553 | Waves Perforated","name":"Souvenir SG 553 | Waves Perforated (Minimal Wear)","src":"https://steamcdn-a.akamaihd.net/apps/730/icons/econ/default_generated/weapon_sg556_sp_tape_dots_waves_light_large.6225b7ae003cefaab7deca7ea517576991055bbd.png","type":"skin","rarity":0,"price":886},"Souvenir SG 553 | Waves Perforated (Field-Tested)":{"souvenir":true,"quality":3,"skin":"Waves Perforated","weapon":"SG 553","short":"SG 553 | Waves Perforated","name":"Souvenir SG 553 | Waves Perforated (Field-Tested)","src":"https://steamcdn-a.akamaihd.net/apps/730/icons/econ/default_generated/weapon_sg556_sp_tape_dots_waves_light_large.6225b7ae003cefaab7deca7ea517576991055bbd.png","type":"skin","rarity":0,"price":211},"Souvenir SG 553 | Waves Perforated (Well-Worn)":{"souvenir":true,"quality":2,"skin":"Waves Perforated","weapon":"SG 553","short":"SG 553 | Waves Perforated","name":"Souvenir SG 553 | Waves Perforated (Well-Worn)","src":"https://steamcdn-a.akamaihd.net/apps/730/icons/econ/default_generated/weapon_sg556_sp_tape_dots_waves_light_large.6225b7ae003cefaab7deca7ea517576991055bbd.png","type":"skin","rarity":0,"price":1098},"Souvenir SG 553 | Waves Perforated (Battle-Scarred)":{"souvenir":true,"quality":1,"skin":"Waves Perforated","weapon":"SG 553","short":"SG 553 | Waves Perforated","name":"Souvenir SG 553 | Waves Perforated (Battle-Scarred)","src":"https://steamcdn-a.akamaihd.net/apps/730/icons/econ/default_generated/weapon_sg556_sp_tape_dots_waves_light_large.6225b7ae003cefaab7deca7ea517576991055bbd.png","type":"skin","rarity":0,"price":450},"SG 553 | Waves Perforated":{"souvenirAvailable":true,"masterItem":true,"qualities":[5,4,3,2,1],"skin":"Waves Perforated","weapon":"SG 553","short":"SG 553 | Waves Perforated","name":"SG 553 | Waves Perforated","src":"https://steamcdn-a.akamaihd.net/apps/730/icons/econ/default_generated/weapon_sg556_sp_tape_dots_waves_light_large.6225b7ae003cefaab7deca7ea517576991055bbd.png","type":"skin","rarity":0,"price":48430,"minPrice":3},"AUG | Storm (Factory New)":{"quality":5,"skin":"Storm","weapon":"AUG","short":"AUG | Storm","name":"AUG | Storm (Factory New)","src":"https://steamcdn-a.akamaihd.net/apps/730/icons/econ/default_generated/weapon_aug_so_stormfront_light_large.84dee43e41ff0fe95173b635e369b486848fe92f.png","type":"skin","rarity":0,"price":13},"AUG | Storm (Minimal Wear)":{"quality":4,"skin":"Storm","weapon":"AUG","short":"AUG | Storm","name":"AUG | Storm (Minimal Wear)","src":"https://steamcdn-a.akamaihd.net/apps/730/icons/econ/default_generated/weapon_aug_so_stormfront_light_large.84dee43e41ff0fe95173b635e369b486848fe92f.png","type":"skin","rarity":0,"price":3},"AUG | Storm (Field-Tested)":{"quality":3,"skin":"Storm","weapon":"AUG","short":"AUG | Storm","name":"AUG | Storm (Field-Tested)","src":"https://steamcdn-a.akamaihd.net/apps/730/icons/econ/default_generated/weapon_aug_so_stormfront_light_large.84dee43e41ff0fe95173b635e369b486848fe92f.png","type":"skin","rarity":0,"price":3},"AUG | Storm (Well-Worn)":{"quality":2,"skin":"Storm","weapon":"AUG","short":"AUG | Storm","name":"AUG | Storm (Well-Worn)","src":"https://steamcdn-a.akamaihd.net/apps/730/icons/econ/default_generated/weapon_aug_so_stormfront_light_large.84dee43e41ff0fe95173b635e369b486848fe92f.png","type":"skin","rarity":0,"price":3},"AUG | Storm (Battle-Scarred)":{"quality":1,"skin":"Storm","weapon":"AUG","short":"AUG | Storm","name":"AUG | Storm (Battle-Scarred)","src":"https://steamcdn-a.akamaihd.net/apps/730/icons/econ/default_generated/weapon_aug_so_stormfront_light_large.84dee43e41ff0fe95173b635e369b486848fe92f.png","type":"skin","rarity":0,"price":3},"Souvenir AUG | Storm (Factory New)":{"souvenir":true,"quality":5,"skin":"Storm","weapon":"AUG","short":"AUG | Storm","name":"Souvenir AUG | Storm (Factory New)","src":"https://steamcdn-a.akamaihd.net/apps/730/icons/econ/default_generated/weapon_aug_so_stormfront_light_large.84dee43e41ff0fe95173b635e369b486848fe92f.png","type":"skin","rarity":0,"price":68},"Souvenir AUG | Storm (Minimal Wear)":{"souvenir":true,"quality":4,"skin":"Storm","weapon":"AUG","short":"AUG | Storm","name":"Souvenir AUG | Storm (Minimal Wear)","src":"https://steamcdn-a.akamaihd.net/apps/730/icons/econ/default_generated/weapon_aug_so_stormfront_light_large.84dee43e41ff0fe95173b635e369b486848fe92f.png","type":"skin","rarity":0,"price":1048},"Souvenir AUG | Storm (Field-Tested)":{"souvenir":true,"quality":3,"skin":"Storm","weapon":"AUG","short":"AUG | Storm","name":"Souvenir AUG | Storm (Field-Tested)","src":"https://steamcdn-a.akamaihd.net/apps/730/icons/econ/default_generated/weapon_aug_so_stormfront_light_large.84dee43e41ff0fe95173b635e369b486848fe92f.png","type":"skin","rarity":0,"price":345},"Souvenir AUG | Storm (Well-Worn)":{"souvenir":true,"quality":2,"skin":"Storm","weapon":"AUG","short":"AUG | Storm","name":"Souvenir AUG | Storm (Well-Worn)","src":"https://steamcdn-a.akamaihd.net/apps/730/icons/econ/default_generated/weapon_aug_so_stormfront_light_large.84dee43e41ff0fe95173b635e369b486848fe92f.png","type":"skin","rarity":0,"price":326},"Souvenir AUG | Storm (Battle-Scarred)":{"souvenir":true,"quality":1,"skin":"Storm","weapon":"AUG","short":"AUG | Storm","name":"Souvenir AUG | Storm (Battle-Scarred)","src":"https://steamcdn-a.akamaihd.net/apps/730/icons/econ/default_generated/weapon_aug_so_stormfront_light_large.84dee43e41ff0fe95173b635e369b486848fe92f.png","type":"skin","rarity":0,"price":568},"AUG | Storm":{"souvenirAvailable":true,"masterItem":true,"qualities":[5,4,3,2,1],"skin":"Storm","weapon":"AUG","short":"AUG | Storm","name":"AUG | Storm","src":"https://steamcdn-a.akamaihd.net/apps/730/icons/econ/default_generated/weapon_aug_so_stormfront_light_large.84dee43e41ff0fe95173b635e369b486848fe92f.png","type":"skin","rarity":0,"price":1048,"minPrice":3},"P250 | Boreal Forest (Factory New)":{"quality":5,"skin":"Boreal Forest","weapon":"P250","short":"P250 | Boreal Forest","name":"P250 | Boreal Forest (Factory New)","src":"https://steamcdn-a.akamaihd.net/apps/730/icons/econ/default_generated/weapon_p250_hy_forest_boreal_light_large.d805b3c56f74420ea25e14db86e7cf8181d98134.png","type":"skin","rarity":0,"price":12},"P250 | Boreal Forest (Minimal Wear)":{"quality":4,"skin":"Boreal Forest","weapon":"P250","short":"P250 | Boreal Forest","name":"P250 | Boreal Forest (Minimal Wear)","src":"https://steamcdn-a.akamaihd.net/apps/730/icons/econ/default_generated/weapon_p250_hy_forest_boreal_light_large.d805b3c56f74420ea25e14db86e7cf8181d98134.png","type":"skin","rarity":0,"price":3},"P250 | Boreal Forest (Field-Tested)":{"quality":3,"skin":"Boreal Forest","weapon":"P250","short":"P250 | Boreal Forest","name":"P250 | Boreal Forest (Field-Tested)","src":"https://steamcdn-a.akamaihd.net/apps/730/icons/econ/default_generated/weapon_p250_hy_forest_boreal_light_large.d805b3c56f74420ea25e14db86e7cf8181d98134.png","type":"skin","rarity":0,"price":3},"P250 | Boreal Forest (Well-Worn)":{"quality":2,"skin":"Boreal Forest","weapon":"P250","short":"P250 | Boreal Forest","name":"P250 | Boreal Forest (Well-Worn)","src":"https://steamcdn-a.akamaihd.net/apps/730/icons/econ/default_generated/weapon_p250_hy_forest_boreal_light_large.d805b3c56f74420ea25e14db86e7cf8181d98134.png","type":"skin","rarity":0,"price":3},"P250 | Boreal Forest (Battle-Scarred)":{"quality":1,"skin":"Boreal Forest","weapon":"P250","short":"P250 | Boreal Forest","name":"P250 | Boreal Forest (Battle-Scarred)","src":"https://steamcdn-a.akamaihd.net/apps/730/icons/econ/default_generated/weapon_p250_hy_forest_boreal_light_large.d805b3c56f74420ea25e14db86e7cf8181d98134.png","type":"skin","rarity":0,"price":3},"Souvenir P250 | Boreal Forest (Factory New)":{"souvenir":true,"quality":5,"skin":"Boreal Forest","weapon":"P250","short":"P250 | Boreal Forest","name":"Souvenir P250 | Boreal Forest (Factory New)","src":"https://steamcdn-a.akamaihd.net/apps/730/icons/econ/default_generated/weapon_p250_hy_forest_boreal_light_large.d805b3c56f74420ea25e14db86e7cf8181d98134.png","type":"skin","rarity":0,"price":45},"Souvenir P250 | Boreal Forest (Minimal Wear)":{"souvenir":true,"quality":4,"skin":"Boreal Forest","weapon":"P250","short":"P250 | Boreal Forest","name":"Souvenir P250 | Boreal Forest (Minimal Wear)","src":"https://steamcdn-a.akamaihd.net/apps/730/icons/econ/default_generated/weapon_p250_hy_forest_boreal_light_large.d805b3c56f74420ea25e14db86e7cf8181d98134.png","type":"skin","rarity":0,"price":1330},"Souvenir P250 | Boreal Forest (Field-Tested)":{"souvenir":true,"quality":3,"skin":"Boreal Forest","weapon":"P250","short":"P250 | Boreal Forest","name":"Souvenir P250 | Boreal Forest (Field-Tested)","src":"https://steamcdn-a.akamaihd.net/apps/730/icons/econ/default_generated/weapon_p250_hy_forest_boreal_light_large.d805b3c56f74420ea25e14db86e7cf8181d98134.png","type":"skin","rarity":0,"price":375},"Souvenir P250 | Boreal Forest (Well-Worn)":{"souvenir":true,"quality":2,"skin":"Boreal Forest","weapon":"P250","short":"P250 | Boreal Forest","name":"Souvenir P250 | Boreal Forest (Well-Worn)","src":"https://steamcdn-a.akamaihd.net/apps/730/icons/econ/default_generated/weapon_p250_hy_forest_boreal_light_large.d805b3c56f74420ea25e14db86e7cf8181d98134.png","type":"skin","rarity":0,"price":2997},"Souvenir P250 | Boreal Forest (Battle-Scarred)":{"souvenir":true,"quality":1,"skin":"Boreal Forest","weapon":"P250","short":"P250 | Boreal Forest","name":"Souvenir P250 | Boreal Forest (Battle-Scarred)","src":"https://steamcdn-a.akamaihd.net/apps/730/icons/econ/default_generated/weapon_p250_hy_forest_boreal_light_large.d805b3c56f74420ea25e14db86e7cf8181d98134.png","type":"skin","rarity":0,"price":400},"P250 | Boreal Forest":{"souvenirAvailable":true,"masterItem":true,"qualities":[5,4,3,2,1],"skin":"Boreal Forest","weapon":"P250","short":"P250 | Boreal Forest","name":"P250 | Boreal Forest","src":"https://steamcdn-a.akamaihd.net/apps/730/icons/econ/default_generated/weapon_p250_hy_forest_boreal_light_large.d805b3c56f74420ea25e14db86e7cf8181d98134.png","type":"skin","rarity":0,"price":2997,"minPrice":3},"PP-Bizon | Night Ops (Factory New)":{"quality":5,"skin":"Night Ops","weapon":"PP-Bizon","short":"PP-Bizon | Night Ops","name":"PP-Bizon | Night Ops (Factory New)","src":"https://steamcdn-a.akamaihd.net/apps/730/icons/econ/default_generated/weapon_bizon_hy_varicamo_night_light_large.f0593c24d14333e68c7eb0e916385270d5612b46.png","type":"skin","rarity":1,"price":14},"PP-Bizon | Night Ops (Minimal Wear)":{"quality":4,"skin":"Night Ops","weapon":"PP-Bizon","short":"PP-Bizon | Night Ops","name":"PP-Bizon | Night Ops (Minimal Wear)","src":"https://steamcdn-a.akamaihd.net/apps/730/icons/econ/default_generated/weapon_bizon_hy_varicamo_night_light_large.f0593c24d14333e68c7eb0e916385270d5612b46.png","type":"skin","rarity":1,"price":9},"PP-Bizon | Night Ops (Field-Tested)":{"quality":3,"skin":"Night Ops","weapon":"PP-Bizon","short":"PP-Bizon | Night Ops","name":"PP-Bizon | Night Ops (Field-Tested)","src":"https://steamcdn-a.akamaihd.net/apps/730/icons/econ/default_generated/weapon_bizon_hy_varicamo_night_light_large.f0593c24d14333e68c7eb0e916385270d5612b46.png","type":"skin","rarity":1,"price":8},"PP-Bizon | Night Ops (Well-Worn)":{"quality":2,"skin":"Night Ops","weapon":"PP-Bizon","short":"PP-Bizon | Night Ops","name":"PP-Bizon | Night Ops (Well-Worn)","src":"https://steamcdn-a.akamaihd.net/apps/730/icons/econ/default_generated/weapon_bizon_hy_varicamo_night_light_large.f0593c24d14333e68c7eb0e916385270d5612b46.png","type":"skin","rarity":1,"price":8},"PP-Bizon | Night Ops (Battle-Scarred)":{"quality":1,"skin":"Night Ops","weapon":"PP-Bizon","short":"PP-Bizon | Night Ops","name":"PP-Bizon | Night Ops (Battle-Scarred)","src":"https://steamcdn-a.akamaihd.net/apps/730/icons/econ/default_generated/weapon_bizon_hy_varicamo_night_light_large.f0593c24d14333e68c7eb0e916385270d5612b46.png","type":"skin","rarity":1,"price":8},"Souvenir PP-Bizon | Night Ops (Factory New)":{"souvenir":true,"quality":5,"skin":"Night Ops","weapon":"PP-Bizon","short":"PP-Bizon | Night Ops","name":"Souvenir PP-Bizon | Night Ops (Factory New)","src":"https://steamcdn-a.akamaihd.net/apps/730/icons/econ/default_generated/weapon_bizon_hy_varicamo_night_light_large.f0593c24d14333e68c7eb0e916385270d5612b46.png","type":"skin","rarity":1,"price":2976},"Souvenir PP-Bizon | Night Ops (Minimal Wear)":{"souvenir":true,"quality":4,"skin":"Night Ops","weapon":"PP-Bizon","short":"PP-Bizon | Night Ops","name":"Souvenir PP-Bizon | Night Ops (Minimal Wear)","src":"https://steamcdn-a.akamaihd.net/apps/730/icons/econ/default_generated/weapon_bizon_hy_varicamo_night_light_large.f0593c24d14333e68c7eb0e916385270d5612b46.png","type":"skin","rarity":1,"price":1014},"Souvenir PP-Bizon | Night Ops (Field-Tested)":{"souvenir":true,"quality":3,"skin":"Night Ops","weapon":"PP-Bizon","short":"PP-Bizon | Night Ops","name":"Souvenir PP-Bizon | Night Ops (Field-Tested)","src":"https://steamcdn-a.akamaihd.net/apps/730/icons/econ/default_generated/weapon_bizon_hy_varicamo_night_light_large.f0593c24d14333e68c7eb0e916385270d5612b46.png","type":"skin","rarity":1,"price":905},"Souvenir PP-Bizon | Night Ops (Well-Worn)":{"souvenir":true,"quality":2,"skin":"Night Ops","weapon":"PP-Bizon","short":"PP-Bizon | Night Ops","name":"Souvenir PP-Bizon | Night Ops (Well-Worn)","src":"https://steamcdn-a.akamaihd.net/apps/730/icons/econ/default_generated/weapon_bizon_hy_varicamo_night_light_large.f0593c24d14333e68c7eb0e916385270d5612b46.png","type":"skin","rarity":1,"price":1720},"Souvenir PP-Bizon | Night Ops (Battle-Scarred)":{"souvenir":true,"quality":1,"skin":"Night Ops","weapon":"PP-Bizon","short":"PP-Bizon | Night Ops","name":"Souvenir PP-Bizon | Night Ops (Battle-Scarred)","src":"https://steamcdn-a.akamaihd.net/apps/730/icons/econ/default_generated/weapon_bizon_hy_varicamo_night_light_large.f0593c24d14333e68c7eb0e916385270d5612b46.png","type":"skin","rarity":1,"price":23120},"PP-Bizon | Night Ops":{"souvenirAvailable":true,"masterItem":true,"qualities":[5,4,3,2,1],"skin":"Night Ops","weapon":"PP-Bizon","short":"PP-Bizon | Night Ops","name":"PP-Bizon | Night Ops","src":"https://steamcdn-a.akamaihd.net/apps/730/icons/econ/default_generated/weapon_bizon_hy_varicamo_night_light_large.f0593c24d14333e68c7eb0e916385270d5612b46.png","type":"skin","rarity":1,"price":23120,"minPrice":8},"G3SG1 | Jungle Dashed (Factory New)":{"quality":5,"skin":"Jungle Dashed","weapon":"G3SG1","short":"G3SG1 | Jungle Dashed","name":"G3SG1 | Jungle Dashed (Factory New)","src":"https://steamcdn-a.akamaihd.net/apps/730/icons/econ/default_generated/weapon_g3sg1_sp_tape_short_jungle_light_large.02fd06db8f950789b6c4bff265df06439382c585.png","type":"skin","rarity":0,"price":9},"G3SG1 | Jungle Dashed (Minimal Wear)":{"quality":4,"skin":"Jungle Dashed","weapon":"G3SG1","short":"G3SG1 | Jungle Dashed","name":"G3SG1 | Jungle Dashed (Minimal Wear)","src":"https://steamcdn-a.akamaihd.net/apps/730/icons/econ/default_generated/weapon_g3sg1_sp_tape_short_jungle_light_large.02fd06db8f950789b6c4bff265df06439382c585.png","type":"skin","rarity":0,"price":3},"G3SG1 | Jungle Dashed (Field-Tested)":{"quality":3,"skin":"Jungle Dashed","weapon":"G3SG1","short":"G3SG1 | Jungle Dashed","name":"G3SG1 | Jungle Dashed (Field-Tested)","src":"https://steamcdn-a.akamaihd.net/apps/730/icons/econ/default_generated/weapon_g3sg1_sp_tape_short_jungle_light_large.02fd06db8f950789b6c4bff265df06439382c585.png","type":"skin","rarity":0,"price":3},"G3SG1 | Jungle Dashed (Well-Worn)":{"quality":2,"skin":"Jungle Dashed","weapon":"G3SG1","short":"G3SG1 | Jungle Dashed","name":"G3SG1 | Jungle Dashed (Well-Worn)","src":"https://steamcdn-a.akamaihd.net/apps/730/icons/econ/default_generated/weapon_g3sg1_sp_tape_short_jungle_light_large.02fd06db8f950789b6c4bff265df06439382c585.png","type":"skin","rarity":0,"price":3},"G3SG1 | Jungle Dashed (Battle-Scarred)":{"quality":1,"skin":"Jungle Dashed","weapon":"G3SG1","short":"G3SG1 | Jungle Dashed","name":"G3SG1 | Jungle Dashed (Battle-Scarred)","src":"https://steamcdn-a.akamaihd.net/apps/730/icons/econ/default_generated/weapon_g3sg1_sp_tape_short_jungle_light_large.02fd06db8f950789b6c4bff265df06439382c585.png","type":"skin","rarity":0,"price":3},"Souvenir G3SG1 | Jungle Dashed (Factory New)":{"souvenir":true,"quality":5,"skin":"Jungle Dashed","weapon":"G3SG1","short":"G3SG1 | Jungle Dashed","name":"Souvenir G3SG1 | Jungle Dashed (Factory New)","src":"https://steamcdn-a.akamaihd.net/apps/730/icons/econ/default_generated/weapon_g3sg1_sp_tape_short_jungle_light_large.02fd06db8f950789b6c4bff265df06439382c585.png","type":"skin","rarity":0,"price":19376},"Souvenir G3SG1 | Jungle Dashed (Minimal Wear)":{"souvenir":true,"quality":4,"skin":"Jungle Dashed","weapon":"G3SG1","short":"G3SG1 | Jungle Dashed","name":"Souvenir G3SG1 | Jungle Dashed (Minimal Wear)","src":"https://steamcdn-a.akamaihd.net/apps/730/icons/econ/default_generated/weapon_g3sg1_sp_tape_short_jungle_light_large.02fd06db8f950789b6c4bff265df06439382c585.png","type":"skin","rarity":0,"price":446},"Souvenir G3SG1 | Jungle Dashed (Field-Tested)":{"souvenir":true,"quality":3,"skin":"Jungle Dashed","weapon":"G3SG1","short":"G3SG1 | Jungle Dashed","name":"Souvenir G3SG1 | Jungle Dashed (Field-Tested)","src":"https://steamcdn-a.akamaihd.net/apps/730/icons/econ/default_generated/weapon_g3sg1_sp_tape_short_jungle_light_large.02fd06db8f950789b6c4bff265df06439382c585.png","type":"skin","rarity":0,"price":186},"Souvenir G3SG1 | Jungle Dashed (Well-Worn)":{"souvenir":true,"quality":2,"skin":"Jungle Dashed","weapon":"G3SG1","short":"G3SG1 | Jungle Dashed","name":"Souvenir G3SG1 | Jungle Dashed (Well-Worn)","src":"https://steamcdn-a.akamaihd.net/apps/730/icons/econ/default_generated/weapon_g3sg1_sp_tape_short_jungle_light_large.02fd06db8f950789b6c4bff265df06439382c585.png","type":"skin","rarity":0,"price":491},"Souvenir G3SG1 | Jungle Dashed (Battle-Scarred)":{"souvenir":true,"quality":1,"skin":"Jungle Dashed","weapon":"G3SG1","short":"G3SG1 | Jungle Dashed","name":"Souvenir G3SG1 | Jungle Dashed (Battle-Scarred)","src":"https://steamcdn-a.akamaihd.net/apps/730/icons/econ/default_generated/weapon_g3sg1_sp_tape_short_jungle_light_large.02fd06db8f950789b6c4bff265df06439382c585.png","type":"skin","rarity":0,"price":334},"G3SG1 | Jungle Dashed":{"souvenirAvailable":true,"masterItem":true,"qualities":[5,4,3,2,1],"skin":"Jungle Dashed","weapon":"G3SG1","short":"G3SG1 | Jungle Dashed","name":"G3SG1 | Jungle Dashed","src":"https://steamcdn-a.akamaihd.net/apps/730/icons/econ/default_generated/weapon_g3sg1_sp_tape_short_jungle_light_large.02fd06db8f950789b6c4bff265df06439382c585.png","type":"skin","rarity":0,"price":19376,"minPrice":3},"FAMAS | Cyanospatter (Factory New)":{"quality":5,"skin":"Cyanospatter","weapon":"FAMAS","short":"FAMAS | Cyanospatter","name":"FAMAS | Cyanospatter (Factory New)","src":"https://steamcdn-a.akamaihd.net/apps/730/icons/econ/default_generated/weapon_famas_hy_reef_light_large.d3138f4491b5413241bf64a82e0545ddc4c9e80d.png","type":"skin","rarity":1,"price":92},"FAMAS | Cyanospatter (Minimal Wear)":{"quality":4,"skin":"Cyanospatter","weapon":"FAMAS","short":"FAMAS | Cyanospatter","name":"FAMAS | Cyanospatter (Minimal Wear)","src":"https://steamcdn-a.akamaihd.net/apps/730/icons/econ/default_generated/weapon_famas_hy_reef_light_large.d3138f4491b5413241bf64a82e0545ddc4c9e80d.png","type":"skin","rarity":1,"price":10},"FAMAS | Cyanospatter (Field-Tested)":{"quality":3,"skin":"Cyanospatter","weapon":"FAMAS","short":"FAMAS | Cyanospatter","name":"FAMAS | Cyanospatter (Field-Tested)","src":"https://steamcdn-a.akamaihd.net/apps/730/icons/econ/default_generated/weapon_famas_hy_reef_light_large.d3138f4491b5413241bf64a82e0545ddc4c9e80d.png","type":"skin","rarity":1,"price":8},"FAMAS | Cyanospatter (Well-Worn)":{"quality":2,"skin":"Cyanospatter","weapon":"FAMAS","short":"FAMAS | Cyanospatter","name":"FAMAS | Cyanospatter (Well-Worn)","src":"https://steamcdn-a.akamaihd.net/apps/730/icons/econ/default_generated/weapon_famas_hy_reef_light_large.d3138f4491b5413241bf64a82e0545ddc4c9e80d.png","type":"skin","rarity":1,"price":9},"FAMAS | Cyanospatter (Battle-Scarred)":{"quality":1,"skin":"Cyanospatter","weapon":"FAMAS","short":"FAMAS | Cyanospatter","name":"FAMAS | Cyanospatter (Battle-Scarred)","src":"https://steamcdn-a.akamaihd.net/apps/730/icons/econ/default_generated/weapon_famas_hy_reef_light_large.d3138f4491b5413241bf64a82e0545ddc4c9e80d.png","type":"skin","rarity":1,"price":8},"Souvenir FAMAS | Cyanospatter (Factory New)":{"souvenir":true,"quality":5,"skin":"Cyanospatter","weapon":"FAMAS","short":"FAMAS | Cyanospatter","name":"Souvenir FAMAS | Cyanospatter (Factory New)","src":"https://steamcdn-a.akamaihd.net/apps/730/icons/econ/default_generated/weapon_famas_hy_reef_light_large.d3138f4491b5413241bf64a82e0545ddc4c9e80d.png","type":"skin","rarity":1,"price":205},"Souvenir FAMAS | Cyanospatter (Minimal Wear)":{"souvenir":true,"quality":4,"skin":"Cyanospatter","weapon":"FAMAS","short":"FAMAS | Cyanospatter","name":"Souvenir FAMAS | Cyanospatter (Minimal Wear)","src":"https://steamcdn-a.akamaihd.net/apps/730/icons/econ/default_generated/weapon_famas_hy_reef_light_large.d3138f4491b5413241bf64a82e0545ddc4c9e80d.png","type":"skin","rarity":1,"price":2752},"Souvenir FAMAS | Cyanospatter (Field-Tested)":{"souvenir":true,"quality":3,"skin":"Cyanospatter","weapon":"FAMAS","short":"FAMAS | Cyanospatter","name":"Souvenir FAMAS | Cyanospatter (Field-Tested)","src":"https://steamcdn-a.akamaihd.net/apps/730/icons/econ/default_generated/weapon_famas_hy_reef_light_large.d3138f4491b5413241bf64a82e0545ddc4c9e80d.png","type":"skin","rarity":1,"price":629},"Souvenir FAMAS | Cyanospatter (Well-Worn)":{"souvenir":true,"quality":2,"skin":"Cyanospatter","weapon":"FAMAS","short":"FAMAS | Cyanospatter","name":"Souvenir FAMAS | Cyanospatter (Well-Worn)","src":"https://steamcdn-a.akamaihd.net/apps/730/icons/econ/default_generated/weapon_famas_hy_reef_light_large.d3138f4491b5413241bf64a82e0545ddc4c9e80d.png","type":"skin","rarity":1,"price":3514},"Souvenir FAMAS | Cyanospatter (Battle-Scarred)":{"souvenir":true,"quality":1,"skin":"Cyanospatter","weapon":"FAMAS","short":"FAMAS | Cyanospatter","name":"Souvenir FAMAS | Cyanospatter (Battle-Scarred)","src":"https://steamcdn-a.akamaihd.net/apps/730/icons/econ/default_generated/weapon_famas_hy_reef_light_large.d3138f4491b5413241bf64a82e0545ddc4c9e80d.png","type":"skin","rarity":1,"price":1093},"FAMAS | Cyanospatter":{"souvenirAvailable":true,"masterItem":true,"qualities":[5,4,3,2,1],"skin":"Cyanospatter","weapon":"FAMAS","short":"FAMAS | Cyanospatter","name":"FAMAS | Cyanospatter","src":"https://steamcdn-a.akamaihd.net/apps/730/icons/econ/default_generated/weapon_famas_hy_reef_light_large.d3138f4491b5413241bf64a82e0545ddc4c9e80d.png","type":"skin","rarity":1,"price":3514,"minPrice":8},"XM1014 | Blue Spruce (Factory New)":{"quality":5,"skin":"Blue Spruce","weapon":"XM1014","short":"XM1014 | Blue Spruce","name":"XM1014 | Blue Spruce (Factory New)","src":"https://steamcdn-a.akamaihd.net/apps/730/icons/econ/default_generated/weapon_xm1014_so_moss_light_large.5308796fa6ef2edaa45a6c6e73c59452fc265781.png","type":"skin","rarity":0,"price":12},"XM1014 | Blue Spruce (Minimal Wear)":{"quality":4,"skin":"Blue Spruce","weapon":"XM1014","short":"XM1014 | Blue Spruce","name":"XM1014 | Blue Spruce (Minimal Wear)","src":"https://steamcdn-a.akamaihd.net/apps/730/icons/econ/default_generated/weapon_xm1014_so_moss_light_large.5308796fa6ef2edaa45a6c6e73c59452fc265781.png","type":"skin","rarity":0,"price":3},"XM1014 | Blue Spruce (Field-Tested)":{"quality":3,"skin":"Blue Spruce","weapon":"XM1014","short":"XM1014 | Blue Spruce","name":"XM1014 | Blue Spruce (Field-Tested)","src":"https://steamcdn-a.akamaihd.net/apps/730/icons/econ/default_generated/weapon_xm1014_so_moss_light_large.5308796fa6ef2edaa45a6c6e73c59452fc265781.png","type":"skin","rarity":0,"price":3},"XM1014 | Blue Spruce (Well-Worn)":{"quality":2,"skin":"Blue Spruce","weapon":"XM1014","short":"XM1014 | Blue Spruce","name":"XM1014 | Blue Spruce (Well-Worn)","src":"https://steamcdn-a.akamaihd.net/apps/730/icons/econ/default_generated/weapon_xm1014_so_moss_light_large.5308796fa6ef2edaa45a6c6e73c59452fc265781.png","type":"skin","rarity":0,"price":3},"XM1014 | Blue Spruce (Battle-Scarred)":{"quality":1,"skin":"Blue Spruce","weapon":"XM1014","short":"XM1014 | Blue Spruce","name":"XM1014 | Blue Spruce (Battle-Scarred)","src":"https://steamcdn-a.akamaihd.net/apps/730/icons/econ/default_generated/weapon_xm1014_so_moss_light_large.5308796fa6ef2edaa45a6c6e73c59452fc265781.png","type":"skin","rarity":0,"price":3},"Souvenir XM1014 | Blue Spruce (Factory New)":{"souvenir":true,"quality":5,"skin":"Blue Spruce","weapon":"XM1014","short":"XM1014 | Blue Spruce","name":"Souvenir XM1014 | Blue Spruce (Factory New)","src":"https://steamcdn-a.akamaihd.net/apps/730/icons/econ/default_generated/weapon_xm1014_so_moss_light_large.5308796fa6ef2edaa45a6c6e73c59452fc265781.png","type":"skin","rarity":0,"price":57},"Souvenir XM1014 | Blue Spruce (Minimal Wear)":{"souvenir":true,"quality":4,"skin":"Blue Spruce","weapon":"XM1014","short":"XM1014 | Blue Spruce","name":"Souvenir XM1014 | Blue Spruce (Minimal Wear)","src":"https://steamcdn-a.akamaihd.net/apps/730/icons/econ/default_generated/weapon_xm1014_so_moss_light_large.5308796fa6ef2edaa45a6c6e73c59452fc265781.png","type":"skin","rarity":0,"price":351},"Souvenir XM1014 | Blue Spruce (Field-Tested)":{"souvenir":true,"quality":3,"skin":"Blue Spruce","weapon":"XM1014","short":"XM1014 | Blue Spruce","name":"Souvenir XM1014 | Blue Spruce (Field-Tested)","src":"https://steamcdn-a.akamaihd.net/apps/730/icons/econ/default_generated/weapon_xm1014_so_moss_light_large.5308796fa6ef2edaa45a6c6e73c59452fc265781.png","type":"skin","rarity":0,"price":145},"Souvenir XM1014 | Blue Spruce (Well-Worn)":{"souvenir":true,"quality":2,"skin":"Blue Spruce","weapon":"XM1014","short":"XM1014 | Blue Spruce","name":"Souvenir XM1014 | Blue Spruce (Well-Worn)","src":"https://steamcdn-a.akamaihd.net/apps/730/icons/econ/default_generated/weapon_xm1014_so_moss_light_large.5308796fa6ef2edaa45a6c6e73c59452fc265781.png","type":"skin","rarity":0,"price":216},"Souvenir XM1014 | Blue Spruce (Battle-Scarred)":{"souvenir":true,"quality":1,"skin":"Blue Spruce","weapon":"XM1014","short":"XM1014 | Blue Spruce","name":"Souvenir XM1014 | Blue Spruce (Battle-Scarred)","src":"https://steamcdn-a.akamaihd.net/apps/730/icons/econ/default_generated/weapon_xm1014_so_moss_light_large.5308796fa6ef2edaa45a6c6e73c59452fc265781.png","type":"skin","rarity":0,"price":784},"XM1014 | Blue Spruce":{"souvenirAvailable":true,"masterItem":true,"qualities":[5,4,3,2,1],"skin":"Blue Spruce","weapon":"XM1014","short":"XM1014 | Blue Spruce","name":"XM1014 | Blue Spruce","src":"https://steamcdn-a.akamaihd.net/apps/730/icons/econ/default_generated/weapon_xm1014_so_moss_light_large.5308796fa6ef2edaa45a6c6e73c59452fc265781.png","type":"skin","rarity":0,"price":784,"minPrice":3}}