{
  "The Militia Collection": {
    "name": "The Militia Collection",
    "src": "images/items/collections/militia.png",
    "price": 9732,
    "type": "case",
    "rarity": 0,
    "content": {
      "items": [
        "Nova | Blaze Orange (Factory New)", "Nova | Blaze Orange (Minimal Wear)", "Nova | Blaze Orange (Field-Tested)",
        "Nova | Blaze Orange (Well-Worn)", "Nova | Blaze Orange (Battle-Scarred)", "XM1014 | Grassland (Factory New)",
        "XM1014 | Grassland (Minimal Wear)", "XM1014 | Grassland (Field-Tested)", "XM1014 | Grassland (Well-Worn)",
        "XM1014 | Grassland (Battle-Scarred)", "XM1014 | Blaze Orange (Factory New)",
        "XM1014 | Blaze Orange (Minimal Wear)", "XM1014 | Blaze Orange (Field-Tested)",
        "XM1014 | Blaze Orange (Well-Worn)", "XM1014 | Blaze Orange (Battle-Scarred)",
        "M4A4 | Modern Hunter (Factory New)", "M4A4 | Modern Hunter (Minimal Wear)",
        "M4A4 | Modern Hunter (Field-Tested)", "M4A4 | Modern Hunter (Well-Worn)",
        "M4A4 | Modern Hunter (Battle-Scarred)", "P2000 | Grassland Leaves (Factory New)",
        "P2000 | Grassland Leaves (Minimal Wear)", "P2000 | Grassland Leaves (Field-Tested)",
        "P2000 | Grassland Leaves (Well-Worn)", "P2000 | Grassland Leaves (Battle-Scarred)",
        "PP-Bizon | Forest Leaves (Factory New)", "PP-Bizon | Forest Leaves (Minimal Wear)",
        "PP-Bizon | Forest Leaves (Field-Tested)", "PP-Bizon | Forest Leaves (Well-Worn)",
        "PP-Bizon | Forest Leaves (Battle-Scarred)", "PP-Bizon | Modern Hunter (Factory New)",
        "PP-Bizon | Modern Hunter (Minimal Wear)", "PP-Bizon | Modern Hunter (Field-Tested)",
        "PP-Bizon | Modern Hunter (Well-Worn)", "PP-Bizon | Modern Hunter (Battle-Scarred)",
        "MAC-10 | Tornado (Factory New)", "MAC-10 | Tornado (Minimal Wear)", "MAC-10 | Tornado (Field-Tested)",
        "MAC-10 | Tornado (Well-Worn)", "MAC-10 | Tornado (Battle-Scarred)", "Nova | Modern Hunter (Factory New)",
        "Nova | Modern Hunter (Minimal Wear)", "Nova | Modern Hunter (Field-Tested)",
        "Nova | Modern Hunter (Well-Worn)", "Nova | Modern Hunter (Battle-Scarred)",
        "P250 | Modern Hunter (Factory New)", "P250 | Modern Hunter (Minimal Wear)",
        "P250 | Modern Hunter (Field-Tested)", "P250 | Modern Hunter (Well-Worn)",
        "P250 | Modern Hunter (Battle-Scarred)", "SCAR-20 | Splash Jam (Factory New)",
        "SCAR-20 | Splash Jam (Minimal Wear)", "SCAR-20 | Splash Jam (Field-Tested)",
        "SCAR-20 | Splash Jam (Well-Worn)", "SCAR-20 | Splash Jam (Battle-Scarred)"
      ]
    }
  },
  "Nova | Blaze Orange (Factory New)": {
    "quality": 5,
    "weight": 0.01,
    "skin": "Blaze Orange",
    "weapon": "Nova",
    "short": "Nova | Blaze Orange",
    "name": "Nova | Blaze Orange (Factory New)",
    "src": "https://steamcdn-a.akamaihd.net/apps/730/icons/econ/default_generated/weapon_nova_hy_hunter_blaze_orange_light_large.3aa81203583739ae361787f625976dee6b7a1f25.png",
    "type": "skin",
    "rarity": 2,
    "price": 5723
  },
  "Nova | Blaze Orange (Minimal Wear)": {
    "quality": 4,
    "weight": 0.01,
    "skin": "Blaze Orange",
    "weapon": "Nova",
    "short": "Nova | Blaze Orange",
    "name": "Nova | Blaze Orange (Minimal Wear)",
    "src": "https://steamcdn-a.akamaihd.net/apps/730/icons/econ/default_generated/weapon_nova_hy_hunter_blaze_orange_light_large.3aa81203583739ae361787f625976dee6b7a1f25.png",
    "type": "skin",
    "rarity": 2,
    "price": 1501
  },
  "Nova | Blaze Orange (Field-Tested)": {
    "quality": 3,
    "weight": 0.01,
    "skin": "Blaze Orange",
    "weapon": "Nova",
    "short": "Nova | Blaze Orange",
    "name": "Nova | Blaze Orange (Field-Tested)",
    "src": "https://steamcdn-a.akamaihd.net/apps/730/icons/econ/default_generated/weapon_nova_hy_hunter_blaze_orange_light_large.3aa81203583739ae361787f625976dee6b7a1f25.png",
    "type": "skin",
    "rarity": 2,
    "price": 521
  },
  "Nova | Blaze Orange (Well-Worn)": {
    "quality": 2,
    "weight": 0.01,
    "skin": "Blaze Orange",
    "weapon": "Nova",
    "short": "Nova | Blaze Orange",
    "name": "Nova | Blaze Orange (Well-Worn)",
    "src": "https://steamcdn-a.akamaihd.net/apps/730/icons/econ/default_generated/weapon_nova_hy_hunter_blaze_orange_light_large.3aa81203583739ae361787f625976dee6b7a1f25.png",
    "type": "skin",
    "rarity": 2,
    "price": 500
  },
  "Nova | Blaze Orange (Battle-Scarred)": {
    "quality": 1,
    "weight": 0.01,
    "skin": "Blaze Orange",
    "weapon": "Nova",
    "short": "Nova | Blaze Orange",
    "name": "Nova | Blaze Orange (Battle-Scarred)",
    "src": "https://steamcdn-a.akamaihd.net/apps/730/icons/econ/default_generated/weapon_nova_hy_hunter_blaze_orange_light_large.3aa81203583739ae361787f625976dee6b7a1f25.png",
    "type": "skin",
    "rarity": 2,
    "price": 2921
  },
  "Nova | Blaze Orange": {
    "masterItem": true,
    "qualities": [5, 4, 3, 2, 1],
    "skin": "Blaze Orange",
    "weapon": "Nova",
    "short": "Nova | Blaze Orange",
    "name": "Nova | Blaze Orange",
    "src": "https://steamcdn-a.akamaihd.net/apps/730/icons/econ/default_generated/weapon_nova_hy_hunter_blaze_orange_light_large.3aa81203583739ae361787f625976dee6b7a1f25.png",
    "type": "skin",
    "rarity": 2,
    "price": 5723,
    "minPrice": 500
  },
  "XM1014 | Grassland (Factory New)": {
    "quality": 5,
    "weight": 0.01,
    "skin": "Grassland",
    "weapon": "XM1014",
    "short": "XM1014 | Grassland",
    "name": "XM1014 | Grassland (Factory New)",
    "src": "https://steamcdn-a.akamaihd.net/apps/730/icons/econ/default_generated/weapon_xm1014_so_grassland_light_large.412e08f5f190db15e6118e19c6ea0752bbaed180.png",
    "type": "skin",
    "rarity": 0,
    "price": 7021
  },
  "XM1014 | Grassland (Minimal Wear)": {
    "quality": 4,
    "weight": 0.01,
    "skin": "Grassland",
    "weapon": "XM1014",
    "short": "XM1014 | Grassland",
    "name": "XM1014 | Grassland (Minimal Wear)",
    "src": "https://steamcdn-a.akamaihd.net/apps/730/icons/econ/default_generated/weapon_xm1014_so_grassland_light_large.412e08f5f190db15e6118e19c6ea0752bbaed180.png",
    "type": "skin",
    "rarity": 0,
    "price": 142
  },
  "XM1014 | Grassland (Field-Tested)": {
    "quality": 3,
    "weight": 0.01,
    "skin": "Grassland",
    "weapon": "XM1014",
    "short": "XM1014 | Grassland",
    "name": "XM1014 | Grassland (Field-Tested)",
    "src": "https://steamcdn-a.akamaihd.net/apps/730/icons/econ/default_generated/weapon_xm1014_so_grassland_light_large.412e08f5f190db15e6118e19c6ea0752bbaed180.png",
    "type": "skin",
    "rarity": 0,
    "price": 74
  },
  "XM1014 | Grassland (Well-Worn)": {
    "quality": 2,
    "weight": 0.01,
    "skin": "Grassland",
    "weapon": "XM1014",
    "short": "XM1014 | Grassland",
    "name": "XM1014 | Grassland (Well-Worn)",
    "src": "https://steamcdn-a.akamaihd.net/apps/730/icons/econ/default_generated/weapon_xm1014_so_grassland_light_large.412e08f5f190db15e6118e19c6ea0752bbaed180.png",
    "type": "skin",
    "rarity": 0,
    "price": 71
  },
  "XM1014 | Grassland (Battle-Scarred)": {
    "quality": 1,
    "weight": 0.01,
    "skin": "Grassland",
    "weapon": "XM1014",
    "short": "XM1014 | Grassland",
    "name": "XM1014 | Grassland (Battle-Scarred)",
    "src": "https://steamcdn-a.akamaihd.net/apps/730/icons/econ/default_generated/weapon_xm1014_so_grassland_light_large.412e08f5f190db15e6118e19c6ea0752bbaed180.png",
    "type": "skin",
    "rarity": 0,
    "price": 70
  },
  "XM1014 | Grassland": {
    "masterItem": true,
    "qualities": [5, 4, 3, 2, 1],
    "skin": "Grassland",
    "weapon": "XM1014",
    "short": "XM1014 | Grassland",
    "name": "XM1014 | Grassland",
    "src": "https://steamcdn-a.akamaihd.net/apps/730/icons/econ/default_generated/weapon_xm1014_so_grassland_light_large.412e08f5f190db15e6118e19c6ea0752bbaed180.png",
    "type": "skin",
    "rarity": 0,
    "price": 7021,
    "minPrice": 70
  },
  "XM1014 | Blaze Orange (Factory New)": {
    "quality": 5,
    "weight": 0.01,
    "skin": "Blaze Orange",
    "weapon": "XM1014",
    "short": "XM1014 | Blaze Orange",
    "name": "XM1014 | Blaze Orange (Factory New)",
    "src": "https://steamcdn-a.akamaihd.net/apps/730/icons/econ/default_generated/weapon_xm1014_hy_hunter_blaze_orange_light_large.def31710e14b573829a2138ffc7c3eadb3f49e5c.png",
    "type": "skin",
    "rarity": 2,
    "price": 5419
  },
  "XM1014 | Blaze Orange (Minimal Wear)": {
    "quality": 4,
    "weight": 0.01,
    "skin": "Blaze Orange",
    "weapon": "XM1014",
    "short": "XM1014 | Blaze Orange",
    "name": "XM1014 | Blaze Orange (Minimal Wear)",
    "src": "https://steamcdn-a.akamaihd.net/apps/730/icons/econ/default_generated/weapon_xm1014_hy_hunter_blaze_orange_light_large.def31710e14b573829a2138ffc7c3eadb3f49e5c.png",
    "type": "skin",
    "rarity": 2,
    "price": 1991
  },
  "XM1014 | Blaze Orange (Field-Tested)": {
    "quality": 3,
    "weight": 0.01,
    "skin": "Blaze Orange",
    "weapon": "XM1014",
    "short": "XM1014 | Blaze Orange",
    "name": "XM1014 | Blaze Orange (Field-Tested)",
    "src": "https://steamcdn-a.akamaihd.net/apps/730/icons/econ/default_generated/weapon_xm1014_hy_hunter_blaze_orange_light_large.def31710e14b573829a2138ffc7c3eadb3f49e5c.png",
    "type": "skin",
    "rarity": 2,
    "price": 433
  },
  "XM1014 | Blaze Orange (Well-Worn)": {
    "quality": 2,
    "weight": 0.01,
    "skin": "Blaze Orange",
    "weapon": "XM1014",
    "short": "XM1014 | Blaze Orange",
    "name": "XM1014 | Blaze Orange (Well-Worn)",
    "src": "https://steamcdn-a.akamaihd.net/apps/730/icons/econ/default_generated/weapon_xm1014_hy_hunter_blaze_orange_light_large.def31710e14b573829a2138ffc7c3eadb3f49e5c.png",
    "type": "skin",
    "rarity": 2,
    "price": 1168
  },
  "XM1014 | Blaze Orange (Battle-Scarred)": {
    "quality": 1,
    "weight": 0.01,
    "skin": "Blaze Orange",
    "weapon": "XM1014",
    "short": "XM1014 | Blaze Orange",
    "name": "XM1014 | Blaze Orange (Battle-Scarred)",
    "src": "https://steamcdn-a.akamaihd.net/apps/730/icons/econ/default_generated/weapon_xm1014_hy_hunter_blaze_orange_light_large.def31710e14b573829a2138ffc7c3eadb3f49e5c.png",
    "type": "skin",
    "rarity": 2,
    "price": 506
  },
  "XM1014 | Blaze Orange": {
    "masterItem": true,
    "qualities": [5, 4, 3, 2, 1],
    "skin": "Blaze Orange",
    "weapon": "XM1014",
    "short": "XM1014 | Blaze Orange",
    "name": "XM1014 | Blaze Orange",
    "src": "https://steamcdn-a.akamaihd.net/apps/730/icons/econ/default_generated/weapon_xm1014_hy_hunter_blaze_orange_light_large.def31710e14b573829a2138ffc7c3eadb3f49e5c.png",
    "type": "skin",
    "rarity": 2,
    "price": 5419,
    "minPrice": 433
  },
  "M4A4 | Modern Hunter (Factory New)": {
    "quality": 5,
    "weight": 0.01,
    "skin": "Modern Hunter",
    "weapon": "M4A4",
    "short": "M4A4 | Modern Hunter",
    "name": "M4A4 | Modern Hunter (Factory New)",
    "src": "https://steamcdn-a.akamaihd.net/apps/730/icons/econ/default_generated/weapon_m4a1_hy_hunter_modern_light_large.9753bebcd2ed4bba8a432283f35c5d197912db9d.png",
    "type": "skin",
    "rarity": 3,
    "price": 23916
  },
  "M4A4 | Modern Hunter (Minimal Wear)": {
    "quality": 4,
    "weight": 0.01,
    "skin": "Modern Hunter",
    "weapon": "M4A4",
    "short": "M4A4 | Modern Hunter",
    "name": "M4A4 | Modern Hunter (Minimal Wear)",
    "src": "https://steamcdn-a.akamaihd.net/apps/730/icons/econ/default_generated/weapon_m4a1_hy_hunter_modern_light_large.9753bebcd2ed4bba8a432283f35c5d197912db9d.png",
    "type": "skin",
    "rarity": 3,
    "price": 5842
  },
  "M4A4 | Modern Hunter (Field-Tested)": {
    "quality": 3,
    "weight": 0.01,
    "skin": "Modern Hunter",
    "weapon": "M4A4",
    "short": "M4A4 | Modern Hunter",
    "name": "M4A4 | Modern Hunter (Field-Tested)",
    "src": "https://steamcdn-a.akamaihd.net/apps/730/icons/econ/default_generated/weapon_m4a1_hy_hunter_modern_light_large.9753bebcd2ed4bba8a432283f35c5d197912db9d.png",
    "type": "skin",
    "rarity": 3,
    "price": 1496
  },
  "M4A4 | Modern Hunter (Well-Worn)": {
    "quality": 2,
    "weight": 0.01,
    "skin": "Modern Hunter",
    "weapon": "M4A4",
    "short": "M4A4 | Modern Hunter",
    "name": "M4A4 | Modern Hunter (Well-Worn)",
    "src": "https://steamcdn-a.akamaihd.net/apps/730/icons/econ/default_generated/weapon_m4a1_hy_hunter_modern_light_large.9753bebcd2ed4bba8a432283f35c5d197912db9d.png",
    "type": "skin",
    "rarity": 3,
    "price": 1395
  },
  "M4A4 | Modern Hunter (Battle-Scarred)": {
    "quality": 1,
    "weight": 0.01,
    "skin": "Modern Hunter",
    "weapon": "M4A4",
    "short": "M4A4 | Modern Hunter",
    "name": "M4A4 | Modern Hunter (Battle-Scarred)",
    "src": "https://steamcdn-a.akamaihd.net/apps/730/icons/econ/default_generated/weapon_m4a1_hy_hunter_modern_light_large.9753bebcd2ed4bba8a432283f35c5d197912db9d.png",
    "type": "skin",
    "rarity": 3,
    "price": 1639
  },
  "M4A4 | Modern Hunter": {
    "masterItem": true,
    "qualities": [5, 4, 3, 2, 1],
    "skin": "Modern Hunter",
    "weapon": "M4A4",
    "short": "M4A4 | Modern Hunter",
    "name": "M4A4 | Modern Hunter",
    "src": "https://steamcdn-a.akamaihd.net/apps/730/icons/econ/default_generated/weapon_m4a1_hy_hunter_modern_light_large.9753bebcd2ed4bba8a432283f35c5d197912db9d.png",
    "type": "skin",
    "rarity": 3,
    "price": 23916,
    "minPrice": 1395
  },
  "P2000 | Grassland Leaves (Factory New)": {
    "quality": 5,
    "weight": 0.01,
    "skin": "Grassland Leaves",
    "weapon": "P2000",
    "short": "P2000 | Grassland Leaves",
    "name": "P2000 | Grassland Leaves (Factory New)",
    "src": "https://steamcdn-a.akamaihd.net/apps/730/icons/econ/default_generated/weapon_hkp2000_sp_leaves_grassland_light_large.a7885e449e09718b530a5f8e4b79a30931f104cb.png",
    "type": "skin",
    "rarity": 1,
    "price": 145
  },
  "P2000 | Grassland Leaves (Minimal Wear)": {
    "quality": 4,
    "weight": 0.01,
    "skin": "Grassland Leaves",
    "weapon": "P2000",
    "short": "P2000 | Grassland Leaves",
    "name": "P2000 | Grassland Leaves (Minimal Wear)",
    "src": "https://steamcdn-a.akamaihd.net/apps/730/icons/econ/default_generated/weapon_hkp2000_sp_leaves_grassland_light_large.a7885e449e09718b530a5f8e4b79a30931f104cb.png",
    "type": "skin",
    "rarity": 1,
    "price": 988
  },
  "P2000 | Grassland Leaves (Field-Tested)": {
    "quality": 3,
    "weight": 0.01,
    "skin": "Grassland Leaves",
    "weapon": "P2000",
    "short": "P2000 | Grassland Leaves",
    "name": "P2000 | Grassland Leaves (Field-Tested)",
    "src": "https://steamcdn-a.akamaihd.net/apps/730/icons/econ/default_generated/weapon_hkp2000_sp_leaves_grassland_light_large.a7885e449e09718b530a5f8e4b79a30931f104cb.png",
    "type": "skin",
    "rarity": 1,
    "price": 318
  },
  "P2000 | Grassland Leaves (Well-Worn)": {
    "quality": 2,
    "weight": 0.01,
    "skin": "Grassland Leaves",
    "weapon": "P2000",
    "short": "P2000 | Grassland Leaves",
    "name": "P2000 | Grassland Leaves (Well-Worn)",
    "src": "https://steamcdn-a.akamaihd.net/apps/730/icons/econ/default_generated/weapon_hkp2000_sp_leaves_grassland_light_large.a7885e449e09718b530a5f8e4b79a30931f104cb.png",
    "type": "skin",
    "rarity": 1,
    "price": 277
  },
  "P2000 | Grassland Leaves (Battle-Scarred)": {
    "quality": 1,
    "weight": 0.01,
    "skin": "Grassland Leaves",
    "weapon": "P2000",
    "short": "P2000 | Grassland Leaves",
    "name": "P2000 | Grassland Leaves (Battle-Scarred)",
    "src": "https://steamcdn-a.akamaihd.net/apps/730/icons/econ/default_generated/weapon_hkp2000_sp_leaves_grassland_light_large.a7885e449e09718b530a5f8e4b79a30931f104cb.png",
    "type": "skin",
    "rarity": 1,
    "price": 258
  },
  "P2000 | Grassland Leaves": {
    "masterItem": true,
    "qualities": [5, 4, 3, 2, 1],
    "skin": "Grassland Leaves",
    "weapon": "P2000",
    "short": "P2000 | Grassland Leaves",
    "name": "P2000 | Grassland Leaves",
    "src": "https://steamcdn-a.akamaihd.net/apps/730/icons/econ/default_generated/weapon_hkp2000_sp_leaves_grassland_light_large.a7885e449e09718b530a5f8e4b79a30931f104cb.png",
    "type": "skin",
    "rarity": 1,
    "price": 988,
    "minPrice": 145
  },
  "PP-Bizon | Forest Leaves (Factory New)": {
    "quality": 5,
    "weight": 0.01,
    "skin": "Forest Leaves",
    "weapon": "PP-Bizon",
    "short": "PP-Bizon | Forest Leaves",
    "name": "PP-Bizon | Forest Leaves (Factory New)",
    "src": "https://steamcdn-a.akamaihd.net/apps/730/icons/econ/default_generated/weapon_bizon_sp_leaves_light_large.ce2a773d74c050c18f99daaa39d4b670878abd99.png",
    "type": "skin",
    "rarity": 0,
    "price": 2019
  },
  "PP-Bizon | Forest Leaves (Minimal Wear)": {
    "quality": 4,
    "weight": 0.01,
    "skin": "Forest Leaves",
    "weapon": "PP-Bizon",
    "short": "PP-Bizon | Forest Leaves",
    "name": "PP-Bizon | Forest Leaves (Minimal Wear)",
    "src": "https://steamcdn-a.akamaihd.net/apps/730/icons/econ/default_generated/weapon_bizon_sp_leaves_light_large.ce2a773d74c050c18f99daaa39d4b670878abd99.png",
    "type": "skin",
    "rarity": 0,
    "price": 127
  },
  "PP-Bizon | Forest Leaves (Field-Tested)": {
    "quality": 3,
    "weight": 0.01,
    "skin": "Forest Leaves",
    "weapon": "PP-Bizon",
    "short": "PP-Bizon | Forest Leaves",
    "name": "PP-Bizon | Forest Leaves (Field-Tested)",
    "src": "https://steamcdn-a.akamaihd.net/apps/730/icons/econ/default_generated/weapon_bizon_sp_leaves_light_large.ce2a773d74c050c18f99daaa39d4b670878abd99.png",
    "type": "skin",
    "rarity": 0,
    "price": 75
  },
  "PP-Bizon | Forest Leaves (Well-Worn)": {
    "quality": 2,
    "weight": 0.01,
    "skin": "Forest Leaves",
    "weapon": "PP-Bizon",
    "short": "PP-Bizon | Forest Leaves",
    "name": "PP-Bizon | Forest Leaves (Well-Worn)",
    "src": "https://steamcdn-a.akamaihd.net/apps/730/icons/econ/default_generated/weapon_bizon_sp_leaves_light_large.ce2a773d74c050c18f99daaa39d4b670878abd99.png",
    "type": "skin",
    "rarity": 0,
    "price": 93
  },
  "PP-Bizon | Forest Leaves (Battle-Scarred)": {
    "quality": 1,
    "weight": 0.01,
    "skin": "Forest Leaves",
    "weapon": "PP-Bizon",
    "short": "PP-Bizon | Forest Leaves",
    "name": "PP-Bizon | Forest Leaves (Battle-Scarred)",
    "src": "https://steamcdn-a.akamaihd.net/apps/730/icons/econ/default_generated/weapon_bizon_sp_leaves_light_large.ce2a773d74c050c18f99daaa39d4b670878abd99.png",
    "type": "skin",
    "rarity": 0,
    "price": 69
  },
  "PP-Bizon | Forest Leaves": {
    "masterItem": true,
    "qualities": [5, 4, 3, 2, 1],
    "skin": "Forest Leaves",
    "weapon": "PP-Bizon",
    "short": "PP-Bizon | Forest Leaves",
    "name": "PP-Bizon | Forest Leaves",
    "src": "https://steamcdn-a.akamaihd.net/apps/730/icons/econ/default_generated/weapon_bizon_sp_leaves_light_large.ce2a773d74c050c18f99daaa39d4b670878abd99.png",
    "type": "skin",
    "rarity": 0,
    "price": 2019,
    "minPrice": 69
  },
  "PP-Bizon | Modern Hunter (Factory New)": {
    "quality": 5,
    "weight": 0.01,
    "skin": "Modern Hunter",
    "weapon": "PP-Bizon",
    "short": "PP-Bizon | Modern Hunter",
    "name": "PP-Bizon | Modern Hunter (Factory New)",
    "src": "https://steamcdn-a.akamaihd.net/apps/730/icons/econ/default_generated/weapon_bizon_hy_hunter_modern_light_large.04891176bf0284ba4f8002c2c32445cbde50a8c6.png",
    "type": "skin",
    "rarity": 2,
    "price": 27180
  },
  "PP-Bizon | Modern Hunter (Minimal Wear)": {
    "quality": 4,
    "weight": 0.01,
    "skin": "Modern Hunter",
    "weapon": "PP-Bizon",
    "short": "PP-Bizon | Modern Hunter",
    "name": "PP-Bizon | Modern Hunter (Minimal Wear)",
    "src": "https://steamcdn-a.akamaihd.net/apps/730/icons/econ/default_generated/weapon_bizon_hy_hunter_modern_light_large.04891176bf0284ba4f8002c2c32445cbde50a8c6.png",
    "type": "skin",
    "rarity": 2,
    "price": 1192
  },
  "PP-Bizon | Modern Hunter (Field-Tested)": {
    "quality": 3,
    "weight": 0.01,
    "skin": "Modern Hunter",
    "weapon": "PP-Bizon",
    "short": "PP-Bizon | Modern Hunter",
    "name": "PP-Bizon | Modern Hunter (Field-Tested)",
    "src": "https://steamcdn-a.akamaihd.net/apps/730/icons/econ/default_generated/weapon_bizon_hy_hunter_modern_light_large.04891176bf0284ba4f8002c2c32445cbde50a8c6.png",
    "type": "skin",
    "rarity": 2,
    "price": 1314
  },
  "PP-Bizon | Modern Hunter (Well-Worn)": {
    "quality": 2,
    "weight": 0.01,
    "skin": "Modern Hunter",
    "weapon": "PP-Bizon",
    "short": "PP-Bizon | Modern Hunter",
    "name": "PP-Bizon | Modern Hunter (Well-Worn)",
    "src": "https://steamcdn-a.akamaihd.net/apps/730/icons/econ/default_generated/weapon_bizon_hy_hunter_modern_light_large.04891176bf0284ba4f8002c2c32445cbde50a8c6.png",
    "type": "skin",
    "rarity": 2,
    "price": 538
  },
  "PP-Bizon | Modern Hunter (Battle-Scarred)": {
    "quality": 1,
    "weight": 0.01,
    "skin": "Modern Hunter",
    "weapon": "PP-Bizon",
    "short": "PP-Bizon | Modern Hunter",
    "name": "PP-Bizon | Modern Hunter (Battle-Scarred)",
    "src": "https://steamcdn-a.akamaihd.net/apps/730/icons/econ/default_generated/weapon_bizon_hy_hunter_modern_light_large.04891176bf0284ba4f8002c2c32445cbde50a8c6.png",
    "type": "skin",
    "rarity": 2,
    "price": 666
  },
  "PP-Bizon | Modern Hunter": {
    "masterItem": true,
    "qualities": [5, 4, 3, 2, 1],
    "skin": "Modern Hunter",
    "weapon": "PP-Bizon",
    "short": "PP-Bizon | Modern Hunter",
    "name": "PP-Bizon | Modern Hunter",
    "src": "https://steamcdn-a.akamaihd.net/apps/730/icons/econ/default_generated/weapon_bizon_hy_hunter_modern_light_large.04891176bf0284ba4f8002c2c32445cbde50a8c6.png",
    "type": "skin",
    "rarity": 2,
    "price": 27180,
    "minPrice": 538
  },
  "MAC-10 | Tornado (Factory New)": {
    "quality": 5,
    "weight": 0.01,
    "skin": "Tornado",
    "weapon": "MAC-10",
    "short": "MAC-10 | Tornado",
    "name": "MAC-10 | Tornado (Factory New)",
    "src": "https://steamcdn-a.akamaihd.net/apps/730/icons/econ/default_generated/weapon_mac10_so_tornado_light_large.38973a9ca86e017389bed34a6b1c86a2b6585891.png",
    "type": "skin",
    "rarity": 0,
    "price": 1353
  },
  "MAC-10 | Tornado (Minimal Wear)": {
    "quality": 4,
    "weight": 0.01,
    "skin": "Tornado",
    "weapon": "MAC-10",
    "short": "MAC-10 | Tornado",
    "name": "MAC-10 | Tornado (Minimal Wear)",
    "src": "https://steamcdn-a.akamaihd.net/apps/730/icons/econ/default_generated/weapon_mac10_so_tornado_light_large.38973a9ca86e017389bed34a6b1c86a2b6585891.png",
    "type": "skin",
    "rarity": 0,
    "price": 150
  },
  "MAC-10 | Tornado (Field-Tested)": {
    "quality": 3,
    "weight": 0.01,
    "skin": "Tornado",
    "weapon": "MAC-10",
    "short": "MAC-10 | Tornado",
    "name": "MAC-10 | Tornado (Field-Tested)",
    "src": "https://steamcdn-a.akamaihd.net/apps/730/icons/econ/default_generated/weapon_mac10_so_tornado_light_large.38973a9ca86e017389bed34a6b1c86a2b6585891.png",
    "type": "skin",
    "rarity": 0,
    "price": 67
  },
  "MAC-10 | Tornado (Well-Worn)": {
    "quality": 2,
    "weight": 0.01,
    "skin": "Tornado",
    "weapon": "MAC-10",
    "short": "MAC-10 | Tornado",
    "name": "MAC-10 | Tornado (Well-Worn)",
    "src": "https://steamcdn-a.akamaihd.net/apps/730/icons/econ/default_generated/weapon_mac10_so_tornado_light_large.38973a9ca86e017389bed34a6b1c86a2b6585891.png",
    "type": "skin",
    "rarity": 0,
    "price": 60
  },
  "MAC-10 | Tornado (Battle-Scarred)": {
    "quality": 1,
    "weight": 0.01,
    "skin": "Tornado",
    "weapon": "MAC-10",
    "short": "MAC-10 | Tornado",
    "name": "MAC-10 | Tornado (Battle-Scarred)",
    "src": "https://steamcdn-a.akamaihd.net/apps/730/icons/econ/default_generated/weapon_mac10_so_tornado_light_large.38973a9ca86e017389bed34a6b1c86a2b6585891.png",
    "type": "skin",
    "rarity": 0,
    "price": 51
  },
  "MAC-10 | Tornado": {
    "masterItem": true,
    "qualities": [5, 4, 3, 2, 1],
    "skin": "Tornado",
    "weapon": "MAC-10",
    "short": "MAC-10 | Tornado",
    "name": "MAC-10 | Tornado",
    "src": "https://steamcdn-a.akamaihd.net/apps/730/icons/econ/default_generated/weapon_mac10_so_tornado_light_large.38973a9ca86e017389bed34a6b1c86a2b6585891.png",
    "type": "skin",
    "rarity": 0,
    "price": 1353,
    "minPrice": 51
  },
  "Nova | Modern Hunter (Factory New)": {
    "quality": 5,
    "weight": 0.01,
    "skin": "Modern Hunter",
    "weapon": "Nova",
    "short": "Nova | Modern Hunter",
    "name": "Nova | Modern Hunter (Factory New)",
    "src": "https://steamcdn-a.akamaihd.net/apps/730/icons/econ/default_generated/weapon_nova_hy_hunter_modern_light_large.47b91ea74e82f6e041bcf2d03c117be62ae25909.png",
    "type": "skin",
    "rarity": 2,
    "price": 10657
  },
  "Nova | Modern Hunter (Minimal Wear)": {
    "quality": 4,
    "weight": 0.01,
    "skin": "Modern Hunter",
    "weapon": "Nova",
    "short": "Nova | Modern Hunter",
    "name": "Nova | Modern Hunter (Minimal Wear)",
    "src": "https://steamcdn-a.akamaihd.net/apps/730/icons/econ/default_generated/weapon_nova_hy_hunter_modern_light_large.47b91ea74e82f6e041bcf2d03c117be62ae25909.png",
    "type": "skin",
    "rarity": 2,
    "price": 1064
  },
  "Nova | Modern Hunter (Field-Tested)": {
    "quality": 3,
    "weight": 0.01,
    "skin": "Modern Hunter",
    "weapon": "Nova",
    "short": "Nova | Modern Hunter",
    "name": "Nova | Modern Hunter (Field-Tested)",
    "src": "https://steamcdn-a.akamaihd.net/apps/730/icons/econ/default_generated/weapon_nova_hy_hunter_modern_light_large.47b91ea74e82f6e041bcf2d03c117be62ae25909.png",
    "type": "skin",
    "rarity": 2,
    "price": 549
  },
  "Nova | Modern Hunter (Well-Worn)": {
    "quality": 2,
    "weight": 0.01,
    "skin": "Modern Hunter",
    "weapon": "Nova",
    "short": "Nova | Modern Hunter",
    "name": "Nova | Modern Hunter (Well-Worn)",
    "src": "https://steamcdn-a.akamaihd.net/apps/730/icons/econ/default_generated/weapon_nova_hy_hunter_modern_light_large.47b91ea74e82f6e041bcf2d03c117be62ae25909.png",
    "type": "skin",
    "rarity": 2,
    "price": 999
  },
  "Nova | Modern Hunter (Battle-Scarred)": {
    "quality": 1,
    "weight": 0.01,
    "skin": "Modern Hunter",
    "weapon": "Nova",
    "short": "Nova | Modern Hunter",
    "name": "Nova | Modern Hunter (Battle-Scarred)",
    "src": "https://steamcdn-a.akamaihd.net/apps/730/icons/econ/default_generated/weapon_nova_hy_hunter_modern_light_large.47b91ea74e82f6e041bcf2d03c117be62ae25909.png",
    "type": "skin",
    "rarity": 2,
    "price": 336
  },
  "Nova | Modern Hunter": {
    "masterItem": true,
    "qualities": [5, 4, 3, 2, 1],
    "skin": "Modern Hunter",
    "weapon": "Nova",
    "short": "Nova | Modern Hunter",
    "name": "Nova | Modern Hunter",
    "src": "https://steamcdn-a.akamaihd.net/apps/730/icons/econ/default_generated/weapon_nova_hy_hunter_modern_light_large.47b91ea74e82f6e041bcf2d03c117be62ae25909.png",
    "type": "skin",
    "rarity": 2,
    "price": 10657,
    "minPrice": 336
  },
  "P250 | Modern Hunter (Factory New)": {
    "quality": 5,
    "weight": 0.01,
    "skin": "Modern Hunter",
    "weapon": "P250",
    "short": "P250 | Modern Hunter",
    "name": "P250 | Modern Hunter (Factory New)",
    "src": "https://steamcdn-a.akamaihd.net/apps/730/icons/econ/default_generated/weapon_p250_hy_hunter_modern_light_large.01e6755d9b42d1594837f60bad79e0f6295df8db.png",
    "type": "skin",
    "rarity": 2,
    "price": 18289
  },
  "P250 | Modern Hunter (Minimal Wear)": {
    "quality": 4,
    "weight": 0.01,
    "skin": "Modern Hunter",
    "weapon": "P250",
    "short": "P250 | Modern Hunter",
    "name": "P250 | Modern Hunter (Minimal Wear)",
    "src": "https://steamcdn-a.akamaihd.net/apps/730/icons/econ/default_generated/weapon_p250_hy_hunter_modern_light_large.01e6755d9b42d1594837f60bad79e0f6295df8db.png",
    "type": "skin",
    "rarity": 2,
    "price": 1309
  },
  "P250 | Modern Hunter (Field-Tested)": {
    "quality": 3,
    "weight": 0.01,
    "skin": "Modern Hunter",
    "weapon": "P250",
    "short": "P250 | Modern Hunter",
    "name": "P250 | Modern Hunter (Field-Tested)",
    "src": "https://steamcdn-a.akamaihd.net/apps/730/icons/econ/default_generated/weapon_p250_hy_hunter_modern_light_large.01e6755d9b42d1594837f60bad79e0f6295df8db.png",
    "type": "skin",
    "rarity": 2,
    "price": 609
  },
  "P250 | Modern Hunter (Well-Worn)": {
    "quality": 2,
    "weight": 0.01,
    "skin": "Modern Hunter",
    "weapon": "P250",
    "short": "P250 | Modern Hunter",
    "name": "P250 | Modern Hunter (Well-Worn)",
    "src": "https://steamcdn-a.akamaihd.net/apps/730/icons/econ/default_generated/weapon_p250_hy_hunter_modern_light_large.01e6755d9b42d1594837f60bad79e0f6295df8db.png",
    "type": "skin",
    "rarity": 2,
    "price": 658
  },
  "P250 | Modern Hunter (Battle-Scarred)": {
    "quality": 1,
    "weight": 0.01,
    "skin": "Modern Hunter",
    "weapon": "P250",
    "short": "P250 | Modern Hunter",
    "name": "P250 | Modern Hunter (Battle-Scarred)",
    "src": "https://steamcdn-a.akamaihd.net/apps/730/icons/econ/default_generated/weapon_p250_hy_hunter_modern_light_large.01e6755d9b42d1594837f60bad79e0f6295df8db.png",
    "type": "skin",
    "rarity": 2,
    "price": 688
  },
  "P250 | Modern Hunter": {
    "masterItem": true,
    "qualities": [5, 4, 3, 2, 1],
    "skin": "Modern Hunter",
    "weapon": "P250",
    "short": "P250 | Modern Hunter",
    "name": "P250 | Modern Hunter",
    "src": "https://steamcdn-a.akamaihd.net/apps/730/icons/econ/default_generated/weapon_p250_hy_hunter_modern_light_large.01e6755d9b42d1594837f60bad79e0f6295df8db.png",
    "type": "skin",
    "rarity": 2,
    "price": 18289,
    "minPrice": 609
  },
  "SCAR-20 | Splash Jam (Factory New)": {
    "quality": 5,
    "weight": 0.01,
    "skin": "Splash Jam",
    "weapon": "SCAR-20",
    "short": "SCAR-20 | Splash Jam",
    "name": "SCAR-20 | Splash Jam (Factory New)",
    "src": "https://steamcdn-a.akamaihd.net/apps/730/icons/econ/default_generated/weapon_scar20_hy_hunter_blaze_pink_light_large.b7af5eed6be0c7d95ec01e2ed916841da005ccfc.png",
    "type": "skin",
    "rarity": 4,
    "price": 104061
  },
  "SCAR-20 | Splash Jam (Minimal Wear)": {
    "quality": 4,
    "weight": 0.01,
    "skin": "Splash Jam",
    "weapon": "SCAR-20",
    "short": "SCAR-20 | Splash Jam",
    "name": "SCAR-20 | Splash Jam (Minimal Wear)",
    "src": "https://steamcdn-a.akamaihd.net/apps/730/icons/econ/default_generated/weapon_scar20_hy_hunter_blaze_pink_light_large.b7af5eed6be0c7d95ec01e2ed916841da005ccfc.png",
    "type": "skin",
    "rarity": 4,
    "price": 2878
  },
  "SCAR-20 | Splash Jam (Field-Tested)": {
    "quality": 3,
    "weight": 0.01,
    "skin": "Splash Jam",
    "weapon": "SCAR-20",
    "short": "SCAR-20 | Splash Jam",
    "name": "SCAR-20 | Splash Jam (Field-Tested)",
    "src": "https://steamcdn-a.akamaihd.net/apps/730/icons/econ/default_generated/weapon_scar20_hy_hunter_blaze_pink_light_large.b7af5eed6be0c7d95ec01e2ed916841da005ccfc.png",
    "type": "skin",
    "rarity": 4,
    "price": 516
  },
  "SCAR-20 | Splash Jam (Well-Worn)": {
    "quality": 2,
    "weight": 0.01,
    "skin": "Splash Jam",
    "weapon": "SCAR-20",
    "short": "SCAR-20 | Splash Jam",
    "name": "SCAR-20 | Splash Jam (Well-Worn)",
    "src": "https://steamcdn-a.akamaihd.net/apps/730/icons/econ/default_generated/weapon_scar20_hy_hunter_blaze_pink_light_large.b7af5eed6be0c7d95ec01e2ed916841da005ccfc.png",
    "type": "skin",
    "rarity": 4,
    "price": 457
  },
  "SCAR-20 | Splash Jam (Battle-Scarred)": {
    "quality": 1,
    "weight": 0.01,
    "skin": "Splash Jam",
    "weapon": "SCAR-20",
    "short": "SCAR-20 | Splash Jam",
    "name": "SCAR-20 | Splash Jam (Battle-Scarred)",
    "src": "https://steamcdn-a.akamaihd.net/apps/730/icons/econ/default_generated/weapon_scar20_hy_hunter_blaze_pink_light_large.b7af5eed6be0c7d95ec01e2ed916841da005ccfc.png",
    "type": "skin",
    "rarity": 4,
    "price": 371
  },
  "SCAR-20 | Splash Jam": {
    "masterItem": true,
    "qualities": [5, 4, 3, 2, 1],
    "skin": "Splash Jam",
    "weapon": "SCAR-20",
    "short": "SCAR-20 | Splash Jam",
    "name": "SCAR-20 | Splash Jam",
    "src": "https://steamcdn-a.akamaihd.net/apps/730/icons/econ/default_generated/weapon_scar20_hy_hunter_blaze_pink_light_large.b7af5eed6be0c7d95ec01e2ed916841da005ccfc.png",
    "type": "skin",
    "rarity": 4,
    "price": 104061,
    "minPrice": 371
  }
}