{"The 2021 Mirage Collection":{"name":"The 2021 Mirage Collection","src":"images/items/collections/mirage.webp","price":2148,"type":"case","rarity":0,"content":{"items":["USP-S | Purple DDPAT (Factory New)","USP-S | Purple DDPAT (Minimal Wear)","USP-S | Purple DDPAT (Field-Tested)","USP-S | Purple DDPAT (Well-Worn)","USP-S | Purple DDPAT (Battle-Scarred)","Souvenir USP-S | Purple DDPAT (Factory New)","Souvenir USP-S | Purple DDPAT (Minimal Wear)","Souvenir USP-S | Purple DDPAT (Field-Tested)","Souvenir USP-S | Purple DDPAT (Well-Worn)","Souvenir USP-S | Purple DDPAT (Battle-Scarred)","MP5-SD | Oxide Oasis (Factory New)","MP5-SD | Oxide Oasis (Minimal Wear)","MP5-SD | Oxide Oasis (Field-Tested)","MP5-SD | Oxide Oasis (Well-Worn)","MP5-SD | Oxide Oasis (Battle-Scarred)","Souvenir MP5-SD | Oxide Oasis (Factory New)","Souvenir MP5-SD | Oxide Oasis (Minimal Wear)","Souvenir MP5-SD | Oxide Oasis (Field-Tested)","Souvenir MP5-SD | Oxide Oasis (Well-Worn)","Souvenir MP5-SD | Oxide Oasis (Battle-Scarred)","Glock-18 | Pink DDPAT (Factory New)","Glock-18 | Pink DDPAT (Minimal Wear)","Glock-18 | Pink DDPAT (Field-Tested)","Glock-18 | Pink DDPAT (Well-Worn)","Glock-18 | Pink DDPAT (Battle-Scarred)","Souvenir Glock-18 | Pink DDPAT (Factory New)","Souvenir Glock-18 | Pink DDPAT (Minimal Wear)","Souvenir Glock-18 | Pink DDPAT (Field-Tested)","Souvenir Glock-18 | Pink DDPAT (Well-Worn)","Souvenir Glock-18 | Pink DDPAT (Battle-Scarred)","XM1014 | Elegant Vines (Factory New)","XM1014 | Elegant Vines (Minimal Wear)","XM1014 | Elegant Vines (Field-Tested)","Souvenir XM1014 | Elegant Vines (Factory New)","Souvenir XM1014 | Elegant Vines (Minimal Wear)","Souvenir XM1014 | Elegant Vines (Field-Tested)","Desert Eagle | Fennec Fox (Factory New)","Desert Eagle | Fennec Fox (Minimal Wear)","Desert Eagle | Fennec Fox (Field-Tested)","Desert Eagle | Fennec Fox (Well-Worn)","Desert Eagle | Fennec Fox (Battle-Scarred)","Souvenir Desert Eagle | Fennec Fox (Factory New)","Souvenir Desert Eagle | Fennec Fox (Minimal Wear)","Souvenir Desert Eagle | Fennec Fox (Field-Tested)","Souvenir Desert Eagle | Fennec Fox (Well-Worn)","Souvenir Desert Eagle | Fennec Fox (Battle-Scarred)","AUG | Sand Storm (Factory New)","AUG | Sand Storm (Minimal Wear)","AUG | Sand Storm (Field-Tested)","AUG | Sand Storm (Well-Worn)","AUG | Sand Storm (Battle-Scarred)","Souvenir AUG | Sand Storm (Factory New)","Souvenir AUG | Sand Storm (Minimal Wear)","Souvenir AUG | Sand Storm (Field-Tested)","Souvenir AUG | Sand Storm (Well-Worn)","Souvenir AUG | Sand Storm (Battle-Scarred)","Dual Berettas | Drift Wood (Factory New)","Dual Berettas | Drift Wood (Minimal Wear)","Dual Berettas | Drift Wood (Field-Tested)","Dual Berettas | Drift Wood (Well-Worn)","Dual Berettas | Drift Wood (Battle-Scarred)","Souvenir Dual Berettas | Drift Wood (Factory New)","Souvenir Dual Berettas | Drift Wood (Minimal Wear)","Souvenir Dual Berettas | Drift Wood (Field-Tested)","Souvenir Dual Berettas | Drift Wood (Well-Worn)","Souvenir Dual Berettas | Drift Wood (Battle-Scarred)","SG 553 | Desert Blossom (Factory New)","SG 553 | Desert Blossom (Minimal Wear)","SG 553 | Desert Blossom (Field-Tested)","SG 553 | Desert Blossom (Well-Worn)","SG 553 | Desert Blossom (Battle-Scarred)","Souvenir SG 553 | Desert Blossom (Factory New)","Souvenir SG 553 | Desert Blossom (Minimal Wear)","Souvenir SG 553 | Desert Blossom (Field-Tested)","Souvenir SG 553 | Desert Blossom (Well-Worn)","Souvenir SG 553 | Desert Blossom (Battle-Scarred)","P90 | Verdant Growth (Factory New)","P90 | Verdant Growth (Minimal Wear)","P90 | Verdant Growth (Field-Tested)","P90 | Verdant Growth (Well-Worn)","P90 | Verdant Growth (Battle-Scarred)","Souvenir P90 | Verdant Growth (Factory New)","Souvenir P90 | Verdant Growth (Minimal Wear)","Souvenir P90 | Verdant Growth (Field-Tested)","Souvenir P90 | Verdant Growth (Well-Worn)","Souvenir P90 | Verdant Growth (Battle-Scarred)","MAG-7 | Navy Sheen (Factory New)","MAG-7 | Navy Sheen (Minimal Wear)","MAG-7 | Navy Sheen (Field-Tested)","MAG-7 | Navy Sheen (Well-Worn)","MAG-7 | Navy Sheen (Battle-Scarred)","Souvenir MAG-7 | Navy Sheen (Factory New)","Souvenir MAG-7 | Navy Sheen (Minimal Wear)","Souvenir MAG-7 | Navy Sheen (Field-Tested)","Souvenir MAG-7 | Navy Sheen (Well-Worn)","Souvenir MAG-7 | Navy Sheen (Battle-Scarred)","P250 | Drought (Factory New)","P250 | Drought (Minimal Wear)","P250 | Drought (Field-Tested)","P250 | Drought (Well-Worn)","Souvenir P250 | Drought (Factory New)","Souvenir P250 | Drought (Minimal Wear)","Souvenir P250 | Drought (Field-Tested)","Souvenir P250 | Drought (Well-Worn)","CZ75-Auto | Midnight Palm (Factory New)","CZ75-Auto | Midnight Palm (Minimal Wear)","CZ75-Auto | Midnight Palm (Field-Tested)","CZ75-Auto | Midnight Palm (Well-Worn)","CZ75-Auto | Midnight Palm (Battle-Scarred)","Souvenir CZ75-Auto | Midnight Palm (Factory New)","Souvenir CZ75-Auto | Midnight Palm (Minimal Wear)","Souvenir CZ75-Auto | Midnight Palm (Field-Tested)","Souvenir CZ75-Auto | Midnight Palm (Well-Worn)","Souvenir CZ75-Auto | Midnight Palm (Battle-Scarred)","MP9 | Music Box (Factory New)","MP9 | Music Box (Minimal Wear)","MP9 | Music Box (Field-Tested)","MP9 | Music Box (Well-Worn)","MP9 | Music Box (Battle-Scarred)","Souvenir MP9 | Music Box (Factory New)","Souvenir MP9 | Music Box (Minimal Wear)","Souvenir MP9 | Music Box (Field-Tested)","Souvenir MP9 | Music Box (Well-Worn)","Souvenir MP9 | Music Box (Battle-Scarred)","SSG 08 | Prey (Factory New)","SSG 08 | Prey (Minimal Wear)","SSG 08 | Prey (Field-Tested)","SSG 08 | Prey (Well-Worn)","SSG 08 | Prey (Battle-Scarred)","Souvenir SSG 08 | Prey (Factory New)","Souvenir SSG 08 | Prey (Minimal Wear)","Souvenir SSG 08 | Prey (Field-Tested)","Souvenir SSG 08 | Prey (Well-Worn)","Souvenir SSG 08 | Prey (Battle-Scarred)","M249 | Humidor (Factory New)","M249 | Humidor (Minimal Wear)","M249 | Humidor (Field-Tested)","M249 | Humidor (Well-Worn)","M249 | Humidor (Battle-Scarred)","Souvenir M249 | Humidor (Factory New)","Souvenir M249 | Humidor (Minimal Wear)","Souvenir M249 | Humidor (Field-Tested)","Souvenir M249 | Humidor (Well-Worn)","Souvenir M249 | Humidor (Battle-Scarred)","FAMAS | CaliCamo (Factory New)","FAMAS | CaliCamo (Minimal Wear)","FAMAS | CaliCamo (Field-Tested)","FAMAS | CaliCamo (Well-Worn)","FAMAS | CaliCamo (Battle-Scarred)","Souvenir FAMAS | CaliCamo (Factory New)","Souvenir FAMAS | CaliCamo (Minimal Wear)","Souvenir FAMAS | CaliCamo (Field-Tested)","Souvenir FAMAS | CaliCamo (Well-Worn)","Souvenir FAMAS | CaliCamo (Battle-Scarred)","AWP | Desert Hydra (Factory New)","AWP | Desert Hydra (Minimal Wear)","AWP | Desert Hydra (Field-Tested)","AWP | Desert Hydra (Well-Worn)","AWP | Desert Hydra (Battle-Scarred)","Souvenir AWP | Desert Hydra (Factory New)","Souvenir AWP | Desert Hydra (Minimal Wear)","Souvenir AWP | Desert Hydra (Field-Tested)","Souvenir AWP | Desert Hydra (Well-Worn)","Souvenir AWP | Desert Hydra (Battle-Scarred)","MAC-10 | Sienna Damask (Factory New)","MAC-10 | Sienna Damask (Minimal Wear)","MAC-10 | Sienna Damask (Field-Tested)","MAC-10 | Sienna Damask (Well-Worn)","MAC-10 | Sienna Damask (Battle-Scarred)","Souvenir MAC-10 | Sienna Damask (Factory New)","Souvenir MAC-10 | Sienna Damask (Minimal Wear)","Souvenir MAC-10 | Sienna Damask (Field-Tested)","Souvenir MAC-10 | Sienna Damask (Well-Worn)","Souvenir MAC-10 | Sienna Damask (Battle-Scarred)","PP-Bizon | Anolis (Factory New)","PP-Bizon | Anolis (Minimal Wear)","PP-Bizon | Anolis (Field-Tested)","PP-Bizon | Anolis (Well-Worn)","PP-Bizon | Anolis (Battle-Scarred)","Souvenir PP-Bizon | Anolis (Factory New)","Souvenir PP-Bizon | Anolis (Minimal Wear)","Souvenir PP-Bizon | Anolis (Field-Tested)","Souvenir PP-Bizon | Anolis (Well-Worn)","Souvenir PP-Bizon | Anolis (Battle-Scarred)"]}},"USP-S | Purple DDPAT (Factory New)":{"quality":5,"skin":"Purple DDPAT","weapon":"USP-S","short":"USP-S | Purple DDPAT","name":"USP-S | Purple DDPAT (Factory New)","src":"https://steamcdn-a.akamaihd.net/apps/730/icons/econ/default_generated/weapon_usp_silencer_am_ddpat_purple_light_large.993825dcdc1100cdaf92b119e82b2ba756a38bea.png","type":"skin","rarity":2,"price":409},"USP-S | Purple DDPAT (Minimal Wear)":{"quality":4,"skin":"Purple DDPAT","weapon":"USP-S","short":"USP-S | Purple DDPAT","name":"USP-S | Purple DDPAT (Minimal Wear)","src":"https://steamcdn-a.akamaihd.net/apps/730/icons/econ/default_generated/weapon_usp_silencer_am_ddpat_purple_light_large.993825dcdc1100cdaf92b119e82b2ba756a38bea.png","type":"skin","rarity":2,"price":319},"USP-S | Purple DDPAT (Field-Tested)":{"quality":3,"skin":"Purple DDPAT","weapon":"USP-S","short":"USP-S | Purple DDPAT","name":"USP-S | Purple DDPAT (Field-Tested)","src":"https://steamcdn-a.akamaihd.net/apps/730/icons/econ/default_generated/weapon_usp_silencer_am_ddpat_purple_light_large.993825dcdc1100cdaf92b119e82b2ba756a38bea.png","type":"skin","rarity":2,"price":276},"USP-S | Purple DDPAT (Well-Worn)":{"quality":2,"skin":"Purple DDPAT","weapon":"USP-S","short":"USP-S | Purple DDPAT","name":"USP-S | Purple DDPAT (Well-Worn)","src":"https://steamcdn-a.akamaihd.net/apps/730/icons/econ/default_generated/weapon_usp_silencer_am_ddpat_purple_light_large.993825dcdc1100cdaf92b119e82b2ba756a38bea.png","type":"skin","rarity":2,"price":275},"USP-S | Purple DDPAT (Battle-Scarred)":{"quality":1,"skin":"Purple DDPAT","weapon":"USP-S","short":"USP-S | Purple DDPAT","name":"USP-S | Purple DDPAT (Battle-Scarred)","src":"https://steamcdn-a.akamaihd.net/apps/730/icons/econ/default_generated/weapon_usp_silencer_am_ddpat_purple_light_large.993825dcdc1100cdaf92b119e82b2ba756a38bea.png","type":"skin","rarity":2,"price":248},"Souvenir USP-S | Purple DDPAT (Factory New)":{"souvenir":true,"quality":5,"skin":"Purple DDPAT","weapon":"USP-S","short":"USP-S | Purple DDPAT","name":"Souvenir USP-S | Purple DDPAT (Factory New)","src":"https://steamcdn-a.akamaihd.net/apps/730/icons/econ/default_generated/weapon_usp_silencer_am_ddpat_purple_light_large.993825dcdc1100cdaf92b119e82b2ba756a38bea.png","type":"skin","rarity":2,"price":904},"Souvenir USP-S | Purple DDPAT (Minimal Wear)":{"souvenir":true,"quality":4,"skin":"Purple DDPAT","weapon":"USP-S","short":"USP-S | Purple DDPAT","name":"Souvenir USP-S | Purple DDPAT (Minimal Wear)","src":"https://steamcdn-a.akamaihd.net/apps/730/icons/econ/default_generated/weapon_usp_silencer_am_ddpat_purple_light_large.993825dcdc1100cdaf92b119e82b2ba756a38bea.png","type":"skin","rarity":2,"price":485},"Souvenir USP-S | Purple DDPAT (Field-Tested)":{"souvenir":true,"quality":3,"skin":"Purple DDPAT","weapon":"USP-S","short":"USP-S | Purple DDPAT","name":"Souvenir USP-S | Purple DDPAT (Field-Tested)","src":"https://steamcdn-a.akamaihd.net/apps/730/icons/econ/default_generated/weapon_usp_silencer_am_ddpat_purple_light_large.993825dcdc1100cdaf92b119e82b2ba756a38bea.png","type":"skin","rarity":2,"price":254},"Souvenir USP-S | Purple DDPAT (Well-Worn)":{"souvenir":true,"quality":2,"skin":"Purple DDPAT","weapon":"USP-S","short":"USP-S | Purple DDPAT","name":"Souvenir USP-S | Purple DDPAT (Well-Worn)","src":"https://steamcdn-a.akamaihd.net/apps/730/icons/econ/default_generated/weapon_usp_silencer_am_ddpat_purple_light_large.993825dcdc1100cdaf92b119e82b2ba756a38bea.png","type":"skin","rarity":2,"price":286},"Souvenir USP-S | Purple DDPAT (Battle-Scarred)":{"souvenir":true,"quality":1,"skin":"Purple DDPAT","weapon":"USP-S","short":"USP-S | Purple DDPAT","name":"Souvenir USP-S | Purple DDPAT (Battle-Scarred)","src":"https://steamcdn-a.akamaihd.net/apps/730/icons/econ/default_generated/weapon_usp_silencer_am_ddpat_purple_light_large.993825dcdc1100cdaf92b119e82b2ba756a38bea.png","type":"skin","rarity":2,"price":208},"USP-S | Purple DDPAT":{"souvenirAvailable":true,"masterItem":true,"qualities":[5,4,3,2,1],"skin":"Purple DDPAT","weapon":"USP-S","short":"USP-S | Purple DDPAT","name":"USP-S | Purple DDPAT","src":"https://steamcdn-a.akamaihd.net/apps/730/icons/econ/default_generated/weapon_usp_silencer_am_ddpat_purple_light_large.993825dcdc1100cdaf92b119e82b2ba756a38bea.png","type":"skin","rarity":2,"price":904,"minPrice":208},"MP5-SD | Oxide Oasis (Factory New)":{"quality":5,"skin":"Oxide Oasis","weapon":"MP5-SD","short":"MP5-SD | Oxide Oasis","name":"MP5-SD | Oxide Oasis (Factory New)","src":"https://steamcdn-a.akamaihd.net/apps/730/icons/econ/default_generated/weapon_mp5sd_gs_mp5_neon_flektarn_light_large.d76e6385501ee98562f3a5ce5fe08f7c68e10046.png","type":"skin","rarity":4,"price":23731},"MP5-SD | Oxide Oasis (Minimal Wear)":{"quality":4,"skin":"Oxide Oasis","weapon":"MP5-SD","short":"MP5-SD | Oxide Oasis","name":"MP5-SD | Oxide Oasis (Minimal Wear)","src":"https://steamcdn-a.akamaihd.net/apps/730/icons/econ/default_generated/weapon_mp5sd_gs_mp5_neon_flektarn_light_large.d76e6385501ee98562f3a5ce5fe08f7c68e10046.png","type":"skin","rarity":4,"price":22988},"MP5-SD | Oxide Oasis (Field-Tested)":{"quality":3,"skin":"Oxide Oasis","weapon":"MP5-SD","short":"MP5-SD | Oxide Oasis","name":"MP5-SD | Oxide Oasis (Field-Tested)","src":"https://steamcdn-a.akamaihd.net/apps/730/icons/econ/default_generated/weapon_mp5sd_gs_mp5_neon_flektarn_light_large.d76e6385501ee98562f3a5ce5fe08f7c68e10046.png","type":"skin","rarity":4,"price":17378},"MP5-SD | Oxide Oasis (Well-Worn)":{"quality":2,"skin":"Oxide Oasis","weapon":"MP5-SD","short":"MP5-SD | Oxide Oasis","name":"MP5-SD | Oxide Oasis (Well-Worn)","src":"https://steamcdn-a.akamaihd.net/apps/730/icons/econ/default_generated/weapon_mp5sd_gs_mp5_neon_flektarn_light_large.d76e6385501ee98562f3a5ce5fe08f7c68e10046.png","type":"skin","rarity":4,"price":15077},"MP5-SD | Oxide Oasis (Battle-Scarred)":{"quality":1,"skin":"Oxide Oasis","weapon":"MP5-SD","short":"MP5-SD | Oxide Oasis","name":"MP5-SD | Oxide Oasis (Battle-Scarred)","src":"https://steamcdn-a.akamaihd.net/apps/730/icons/econ/default_generated/weapon_mp5sd_gs_mp5_neon_flektarn_light_large.d76e6385501ee98562f3a5ce5fe08f7c68e10046.png","type":"skin","rarity":4,"price":13580},"Souvenir MP5-SD | Oxide Oasis (Factory New)":{"souvenir":true,"quality":5,"skin":"Oxide Oasis","weapon":"MP5-SD","short":"MP5-SD | Oxide Oasis","name":"Souvenir MP5-SD | Oxide Oasis (Factory New)","src":"https://steamcdn-a.akamaihd.net/apps/730/icons/econ/default_generated/weapon_mp5sd_gs_mp5_neon_flektarn_light_large.d76e6385501ee98562f3a5ce5fe08f7c68e10046.png","type":"skin","rarity":4,"price":5812},"Souvenir MP5-SD | Oxide Oasis (Minimal Wear)":{"souvenir":true,"quality":4,"skin":"Oxide Oasis","weapon":"MP5-SD","short":"MP5-SD | Oxide Oasis","name":"Souvenir MP5-SD | Oxide Oasis (Minimal Wear)","src":"https://steamcdn-a.akamaihd.net/apps/730/icons/econ/default_generated/weapon_mp5sd_gs_mp5_neon_flektarn_light_large.d76e6385501ee98562f3a5ce5fe08f7c68e10046.png","type":"skin","rarity":4,"price":3638},"Souvenir MP5-SD | Oxide Oasis (Field-Tested)":{"souvenir":true,"quality":3,"skin":"Oxide Oasis","weapon":"MP5-SD","short":"MP5-SD | Oxide Oasis","name":"Souvenir MP5-SD | Oxide Oasis (Field-Tested)","src":"https://steamcdn-a.akamaihd.net/apps/730/icons/econ/default_generated/weapon_mp5sd_gs_mp5_neon_flektarn_light_large.d76e6385501ee98562f3a5ce5fe08f7c68e10046.png","type":"skin","rarity":4,"price":2476},"Souvenir MP5-SD | Oxide Oasis (Well-Worn)":{"souvenir":true,"quality":2,"skin":"Oxide Oasis","weapon":"MP5-SD","short":"MP5-SD | Oxide Oasis","name":"Souvenir MP5-SD | Oxide Oasis (Well-Worn)","src":"https://steamcdn-a.akamaihd.net/apps/730/icons/econ/default_generated/weapon_mp5sd_gs_mp5_neon_flektarn_light_large.d76e6385501ee98562f3a5ce5fe08f7c68e10046.png","type":"skin","rarity":4,"price":2982},"Souvenir MP5-SD | Oxide Oasis (Battle-Scarred)":{"souvenir":true,"quality":1,"skin":"Oxide Oasis","weapon":"MP5-SD","short":"MP5-SD | Oxide Oasis","name":"Souvenir MP5-SD | Oxide Oasis (Battle-Scarred)","src":"https://steamcdn-a.akamaihd.net/apps/730/icons/econ/default_generated/weapon_mp5sd_gs_mp5_neon_flektarn_light_large.d76e6385501ee98562f3a5ce5fe08f7c68e10046.png","type":"skin","rarity":4,"price":1740},"MP5-SD | Oxide Oasis":{"souvenirAvailable":true,"masterItem":true,"qualities":[5,4,3,2,1],"skin":"Oxide Oasis","weapon":"MP5-SD","short":"MP5-SD | Oxide Oasis","name":"MP5-SD | Oxide Oasis","src":"https://steamcdn-a.akamaihd.net/apps/730/icons/econ/default_generated/weapon_mp5sd_gs_mp5_neon_flektarn_light_large.d76e6385501ee98562f3a5ce5fe08f7c68e10046.png","type":"skin","rarity":4,"price":23731,"minPrice":1740},"Glock-18 | Pink DDPAT (Factory New)":{"quality":5,"skin":"Pink DDPAT","weapon":"Glock-18","short":"Glock-18 | Pink DDPAT","name":"Glock-18 | Pink DDPAT (Factory New)","src":"https://steamcdn-a.akamaihd.net/apps/730/icons/econ/default_generated/weapon_glock_hy_ddpat_pink_light_large.ddbb46e05e19607b8fa366cdb8efef39048e50e4.png","type":"skin","rarity":3,"price":4195},"Glock-18 | Pink DDPAT (Minimal Wear)":{"quality":4,"skin":"Pink DDPAT","weapon":"Glock-18","short":"Glock-18 | Pink DDPAT","name":"Glock-18 | Pink DDPAT (Minimal Wear)","src":"https://steamcdn-a.akamaihd.net/apps/730/icons/econ/default_generated/weapon_glock_hy_ddpat_pink_light_large.ddbb46e05e19607b8fa366cdb8efef39048e50e4.png","type":"skin","rarity":3,"price":2311},"Glock-18 | Pink DDPAT (Field-Tested)":{"quality":3,"skin":"Pink DDPAT","weapon":"Glock-18","short":"Glock-18 | Pink DDPAT","name":"Glock-18 | Pink DDPAT (Field-Tested)","src":"https://steamcdn-a.akamaihd.net/apps/730/icons/econ/default_generated/weapon_glock_hy_ddpat_pink_light_large.ddbb46e05e19607b8fa366cdb8efef39048e50e4.png","type":"skin","rarity":3,"price":1965},"Glock-18 | Pink DDPAT (Well-Worn)":{"quality":2,"skin":"Pink DDPAT","weapon":"Glock-18","short":"Glock-18 | Pink DDPAT","name":"Glock-18 | Pink DDPAT (Well-Worn)","src":"https://steamcdn-a.akamaihd.net/apps/730/icons/econ/default_generated/weapon_glock_hy_ddpat_pink_light_large.ddbb46e05e19607b8fa366cdb8efef39048e50e4.png","type":"skin","rarity":3,"price":1839},"Glock-18 | Pink DDPAT (Battle-Scarred)":{"quality":1,"skin":"Pink DDPAT","weapon":"Glock-18","short":"Glock-18 | Pink DDPAT","name":"Glock-18 | Pink DDPAT (Battle-Scarred)","src":"https://steamcdn-a.akamaihd.net/apps/730/icons/econ/default_generated/weapon_glock_hy_ddpat_pink_light_large.ddbb46e05e19607b8fa366cdb8efef39048e50e4.png","type":"skin","rarity":3,"price":1510},"Souvenir Glock-18 | Pink DDPAT (Factory New)":{"souvenir":true,"quality":5,"skin":"Pink DDPAT","weapon":"Glock-18","short":"Glock-18 | Pink DDPAT","name":"Souvenir Glock-18 | Pink DDPAT (Factory New)","src":"https://steamcdn-a.akamaihd.net/apps/730/icons/econ/default_generated/weapon_glock_hy_ddpat_pink_light_large.ddbb46e05e19607b8fa366cdb8efef39048e50e4.png","type":"skin","rarity":3,"price":18419},"Souvenir Glock-18 | Pink DDPAT (Minimal Wear)":{"souvenir":true,"quality":4,"skin":"Pink DDPAT","weapon":"Glock-18","short":"Glock-18 | Pink DDPAT","name":"Souvenir Glock-18 | Pink DDPAT (Minimal Wear)","src":"https://steamcdn-a.akamaihd.net/apps/730/icons/econ/default_generated/weapon_glock_hy_ddpat_pink_light_large.ddbb46e05e19607b8fa366cdb8efef39048e50e4.png","type":"skin","rarity":3,"price":1209},"Souvenir Glock-18 | Pink DDPAT (Field-Tested)":{"souvenir":true,"quality":3,"skin":"Pink DDPAT","weapon":"Glock-18","short":"Glock-18 | Pink DDPAT","name":"Souvenir Glock-18 | Pink DDPAT (Field-Tested)","src":"https://steamcdn-a.akamaihd.net/apps/730/icons/econ/default_generated/weapon_glock_hy_ddpat_pink_light_large.ddbb46e05e19607b8fa366cdb8efef39048e50e4.png","type":"skin","rarity":3,"price":509},"Souvenir Glock-18 | Pink DDPAT (Well-Worn)":{"souvenir":true,"quality":2,"skin":"Pink DDPAT","weapon":"Glock-18","short":"Glock-18 | Pink DDPAT","name":"Souvenir Glock-18 | Pink DDPAT (Well-Worn)","src":"https://steamcdn-a.akamaihd.net/apps/730/icons/econ/default_generated/weapon_glock_hy_ddpat_pink_light_large.ddbb46e05e19607b8fa366cdb8efef39048e50e4.png","type":"skin","rarity":3,"price":500},"Souvenir Glock-18 | Pink DDPAT (Battle-Scarred)":{"souvenir":true,"quality":1,"skin":"Pink DDPAT","weapon":"Glock-18","short":"Glock-18 | Pink DDPAT","name":"Souvenir Glock-18 | Pink DDPAT (Battle-Scarred)","src":"https://steamcdn-a.akamaihd.net/apps/730/icons/econ/default_generated/weapon_glock_hy_ddpat_pink_light_large.ddbb46e05e19607b8fa366cdb8efef39048e50e4.png","type":"skin","rarity":3,"price":345},"Glock-18 | Pink DDPAT":{"souvenirAvailable":true,"masterItem":true,"qualities":[5,4,3,2,1],"skin":"Pink DDPAT","weapon":"Glock-18","short":"Glock-18 | Pink DDPAT","name":"Glock-18 | Pink DDPAT","src":"https://steamcdn-a.akamaihd.net/apps/730/icons/econ/default_generated/weapon_glock_hy_ddpat_pink_light_large.ddbb46e05e19607b8fa366cdb8efef39048e50e4.png","type":"skin","rarity":3,"price":18419,"minPrice":345},"XM1014 | Elegant Vines (Factory New)":{"quality":5,"skin":"Elegant Vines","weapon":"XM1014","short":"XM1014 | Elegant Vines","name":"XM1014 | Elegant Vines (Factory New)","src":"https://steamcdn-a.akamaihd.net/apps/730/icons/econ/default_generated/weapon_xm1014_am_moro_textile_bright_light_large.90d9c102cff5e50e56b5d4bdc9c967ab7ae7efd8.png","type":"skin","rarity":3,"price":2655},"XM1014 | Elegant Vines (Minimal Wear)":{"quality":4,"skin":"Elegant Vines","weapon":"XM1014","short":"XM1014 | Elegant Vines","name":"XM1014 | Elegant Vines (Minimal Wear)","src":"https://steamcdn-a.akamaihd.net/apps/730/icons/econ/default_generated/weapon_xm1014_am_moro_textile_bright_light_large.90d9c102cff5e50e56b5d4bdc9c967ab7ae7efd8.png","type":"skin","rarity":3,"price":2264},"XM1014 | Elegant Vines (Field-Tested)":{"quality":3,"skin":"Elegant Vines","weapon":"XM1014","short":"XM1014 | Elegant Vines","name":"XM1014 | Elegant Vines (Field-Tested)","src":"https://steamcdn-a.akamaihd.net/apps/730/icons/econ/default_generated/weapon_xm1014_am_moro_textile_bright_light_large.90d9c102cff5e50e56b5d4bdc9c967ab7ae7efd8.png","type":"skin","rarity":3,"price":2046},"Souvenir XM1014 | Elegant Vines (Factory New)":{"souvenir":true,"quality":5,"skin":"Elegant Vines","weapon":"XM1014","short":"XM1014 | Elegant Vines","name":"Souvenir XM1014 | Elegant Vines (Factory New)","src":"https://steamcdn-a.akamaihd.net/apps/730/icons/econ/default_generated/weapon_xm1014_am_moro_textile_bright_light_large.90d9c102cff5e50e56b5d4bdc9c967ab7ae7efd8.png","type":"skin","rarity":3,"price":313},"Souvenir XM1014 | Elegant Vines (Minimal Wear)":{"souvenir":true,"quality":4,"skin":"Elegant Vines","weapon":"XM1014","short":"XM1014 | Elegant Vines","name":"Souvenir XM1014 | Elegant Vines (Minimal Wear)","src":"https://steamcdn-a.akamaihd.net/apps/730/icons/econ/default_generated/weapon_xm1014_am_moro_textile_bright_light_large.90d9c102cff5e50e56b5d4bdc9c967ab7ae7efd8.png","type":"skin","rarity":3,"price":175},"Souvenir XM1014 | Elegant Vines (Field-Tested)":{"souvenir":true,"quality":3,"skin":"Elegant Vines","weapon":"XM1014","short":"XM1014 | Elegant Vines","name":"Souvenir XM1014 | Elegant Vines (Field-Tested)","src":"https://steamcdn-a.akamaihd.net/apps/730/icons/econ/default_generated/weapon_xm1014_am_moro_textile_bright_light_large.90d9c102cff5e50e56b5d4bdc9c967ab7ae7efd8.png","type":"skin","rarity":3,"price":144},"XM1014 | Elegant Vines":{"souvenirAvailable":true,"masterItem":true,"qualities":[5,4,3],"skin":"Elegant Vines","weapon":"XM1014","short":"XM1014 | Elegant Vines","name":"XM1014 | Elegant Vines","src":"https://steamcdn-a.akamaihd.net/apps/730/icons/econ/default_generated/weapon_xm1014_am_moro_textile_bright_light_large.90d9c102cff5e50e56b5d4bdc9c967ab7ae7efd8.png","type":"skin","rarity":3,"price":2655,"minPrice":144},"Desert Eagle | Fennec Fox (Factory New)":{"quality":5,"skin":"Fennec Fox","weapon":"Desert Eagle","short":"Desert Eagle | Fennec Fox","name":"Desert Eagle | Fennec Fox (Factory New)","src":"https://steamcdn-a.akamaihd.net/apps/730/icons/econ/default_generated/weapon_deagle_gs_deagle_fennec_light_large.92dbda73edcc6eb6022f1f0248cb19063d7107aa.png","type":"skin","rarity":4,"price":29670},"Desert Eagle | Fennec Fox (Minimal Wear)":{"quality":4,"skin":"Fennec Fox","weapon":"Desert Eagle","short":"Desert Eagle | Fennec Fox","name":"Desert Eagle | Fennec Fox (Minimal Wear)","src":"https://steamcdn-a.akamaihd.net/apps/730/icons/econ/default_generated/weapon_deagle_gs_deagle_fennec_light_large.92dbda73edcc6eb6022f1f0248cb19063d7107aa.png","type":"skin","rarity":4,"price":21964},"Desert Eagle | Fennec Fox (Field-Tested)":{"quality":3,"skin":"Fennec Fox","weapon":"Desert Eagle","short":"Desert Eagle | Fennec Fox","name":"Desert Eagle | Fennec Fox (Field-Tested)","src":"https://steamcdn-a.akamaihd.net/apps/730/icons/econ/default_generated/weapon_deagle_gs_deagle_fennec_light_large.92dbda73edcc6eb6022f1f0248cb19063d7107aa.png","type":"skin","rarity":4,"price":16938},"Desert Eagle | Fennec Fox (Well-Worn)":{"quality":2,"skin":"Fennec Fox","weapon":"Desert Eagle","short":"Desert Eagle | Fennec Fox","name":"Desert Eagle | Fennec Fox (Well-Worn)","src":"https://steamcdn-a.akamaihd.net/apps/730/icons/econ/default_generated/weapon_deagle_gs_deagle_fennec_light_large.92dbda73edcc6eb6022f1f0248cb19063d7107aa.png","type":"skin","rarity":4,"price":17329},"Desert Eagle | Fennec Fox (Battle-Scarred)":{"quality":1,"skin":"Fennec Fox","weapon":"Desert Eagle","short":"Desert Eagle | Fennec Fox","name":"Desert Eagle | Fennec Fox (Battle-Scarred)","src":"https://steamcdn-a.akamaihd.net/apps/730/icons/econ/default_generated/weapon_deagle_gs_deagle_fennec_light_large.92dbda73edcc6eb6022f1f0248cb19063d7107aa.png","type":"skin","rarity":4,"price":14813},"Souvenir Desert Eagle | Fennec Fox (Factory New)":{"souvenir":true,"quality":5,"skin":"Fennec Fox","weapon":"Desert Eagle","short":"Desert Eagle | Fennec Fox","name":"Souvenir Desert Eagle | Fennec Fox (Factory New)","src":"https://steamcdn-a.akamaihd.net/apps/730/icons/econ/default_generated/weapon_deagle_gs_deagle_fennec_light_large.92dbda73edcc6eb6022f1f0248cb19063d7107aa.png","type":"skin","rarity":4,"price":89418},"Souvenir Desert Eagle | Fennec Fox (Minimal Wear)":{"souvenir":true,"quality":4,"skin":"Fennec Fox","weapon":"Desert Eagle","short":"Desert Eagle | Fennec Fox","name":"Souvenir Desert Eagle | Fennec Fox (Minimal Wear)","src":"https://steamcdn-a.akamaihd.net/apps/730/icons/econ/default_generated/weapon_deagle_gs_deagle_fennec_light_large.92dbda73edcc6eb6022f1f0248cb19063d7107aa.png","type":"skin","rarity":4,"price":25068},"Souvenir Desert Eagle | Fennec Fox (Field-Tested)":{"souvenir":true,"quality":3,"skin":"Fennec Fox","weapon":"Desert Eagle","short":"Desert Eagle | Fennec Fox","name":"Souvenir Desert Eagle | Fennec Fox (Field-Tested)","src":"https://steamcdn-a.akamaihd.net/apps/730/icons/econ/default_generated/weapon_deagle_gs_deagle_fennec_light_large.92dbda73edcc6eb6022f1f0248cb19063d7107aa.png","type":"skin","rarity":4,"price":14567},"Souvenir Desert Eagle | Fennec Fox (Well-Worn)":{"souvenir":true,"quality":2,"skin":"Fennec Fox","weapon":"Desert Eagle","short":"Desert Eagle | Fennec Fox","name":"Souvenir Desert Eagle | Fennec Fox (Well-Worn)","src":"https://steamcdn-a.akamaihd.net/apps/730/icons/econ/default_generated/weapon_deagle_gs_deagle_fennec_light_large.92dbda73edcc6eb6022f1f0248cb19063d7107aa.png","type":"skin","rarity":4,"price":14194},"Souvenir Desert Eagle | Fennec Fox (Battle-Scarred)":{"souvenir":true,"quality":1,"skin":"Fennec Fox","weapon":"Desert Eagle","short":"Desert Eagle | Fennec Fox","name":"Souvenir Desert Eagle | Fennec Fox (Battle-Scarred)","src":"https://steamcdn-a.akamaihd.net/apps/730/icons/econ/default_generated/weapon_deagle_gs_deagle_fennec_light_large.92dbda73edcc6eb6022f1f0248cb19063d7107aa.png","type":"skin","rarity":4,"price":12285},"Desert Eagle | Fennec Fox":{"souvenirAvailable":true,"masterItem":true,"qualities":[5,4,3,2,1],"skin":"Fennec Fox","weapon":"Desert Eagle","short":"Desert Eagle | Fennec Fox","name":"Desert Eagle | Fennec Fox","src":"https://steamcdn-a.akamaihd.net/apps/730/icons/econ/default_generated/weapon_deagle_gs_deagle_fennec_light_large.92dbda73edcc6eb6022f1f0248cb19063d7107aa.png","type":"skin","rarity":4,"price":89418,"minPrice":12285},"AUG | Sand Storm (Factory New)":{"quality":5,"skin":"Sand Storm","weapon":"AUG","short":"AUG | Sand Storm","name":"AUG | Sand Storm (Factory New)","src":"https://steamcdn-a.akamaihd.net/apps/730/icons/econ/default_generated/weapon_aug_gs_aug_sand_storm_light_large.d5dd546bc762c78474aac4b7733af0e4e5f7f376.png","type":"skin","rarity":3,"price":2743},"AUG | Sand Storm (Minimal Wear)":{"quality":4,"skin":"Sand Storm","weapon":"AUG","short":"AUG | Sand Storm","name":"AUG | Sand Storm (Minimal Wear)","src":"https://steamcdn-a.akamaihd.net/apps/730/icons/econ/default_generated/weapon_aug_gs_aug_sand_storm_light_large.d5dd546bc762c78474aac4b7733af0e4e5f7f376.png","type":"skin","rarity":3,"price":2311},"AUG | Sand Storm (Field-Tested)":{"quality":3,"skin":"Sand Storm","weapon":"AUG","short":"AUG | Sand Storm","name":"AUG | Sand Storm (Field-Tested)","src":"https://steamcdn-a.akamaihd.net/apps/730/icons/econ/default_generated/weapon_aug_gs_aug_sand_storm_light_large.d5dd546bc762c78474aac4b7733af0e4e5f7f376.png","type":"skin","rarity":3,"price":1938},"AUG | Sand Storm (Well-Worn)":{"quality":2,"skin":"Sand Storm","weapon":"AUG","short":"AUG | Sand Storm","name":"AUG | Sand Storm (Well-Worn)","src":"https://steamcdn-a.akamaihd.net/apps/730/icons/econ/default_generated/weapon_aug_gs_aug_sand_storm_light_large.d5dd546bc762c78474aac4b7733af0e4e5f7f376.png","type":"skin","rarity":3,"price":1849},"AUG | Sand Storm (Battle-Scarred)":{"quality":1,"skin":"Sand Storm","weapon":"AUG","short":"AUG | Sand Storm","name":"AUG | Sand Storm (Battle-Scarred)","src":"https://steamcdn-a.akamaihd.net/apps/730/icons/econ/default_generated/weapon_aug_gs_aug_sand_storm_light_large.d5dd546bc762c78474aac4b7733af0e4e5f7f376.png","type":"skin","rarity":3,"price":2087},"Souvenir AUG | Sand Storm (Factory New)":{"souvenir":true,"quality":5,"skin":"Sand Storm","weapon":"AUG","short":"AUG | Sand Storm","name":"Souvenir AUG | Sand Storm (Factory New)","src":"https://steamcdn-a.akamaihd.net/apps/730/icons/econ/default_generated/weapon_aug_gs_aug_sand_storm_light_large.d5dd546bc762c78474aac4b7733af0e4e5f7f376.png","type":"skin","rarity":3,"price":1205},"Souvenir AUG | Sand Storm (Minimal Wear)":{"souvenir":true,"quality":4,"skin":"Sand Storm","weapon":"AUG","short":"AUG | Sand Storm","name":"Souvenir AUG | Sand Storm (Minimal Wear)","src":"https://steamcdn-a.akamaihd.net/apps/730/icons/econ/default_generated/weapon_aug_gs_aug_sand_storm_light_large.d5dd546bc762c78474aac4b7733af0e4e5f7f376.png","type":"skin","rarity":3,"price":684},"Souvenir AUG | Sand Storm (Field-Tested)":{"souvenir":true,"quality":3,"skin":"Sand Storm","weapon":"AUG","short":"AUG | Sand Storm","name":"Souvenir AUG | Sand Storm (Field-Tested)","src":"https://steamcdn-a.akamaihd.net/apps/730/icons/econ/default_generated/weapon_aug_gs_aug_sand_storm_light_large.d5dd546bc762c78474aac4b7733af0e4e5f7f376.png","type":"skin","rarity":3,"price":501},"Souvenir AUG | Sand Storm (Well-Worn)":{"souvenir":true,"quality":2,"skin":"Sand Storm","weapon":"AUG","short":"AUG | Sand Storm","name":"Souvenir AUG | Sand Storm (Well-Worn)","src":"https://steamcdn-a.akamaihd.net/apps/730/icons/econ/default_generated/weapon_aug_gs_aug_sand_storm_light_large.d5dd546bc762c78474aac4b7733af0e4e5f7f376.png","type":"skin","rarity":3,"price":588},"Souvenir AUG | Sand Storm (Battle-Scarred)":{"souvenir":true,"quality":1,"skin":"Sand Storm","weapon":"AUG","short":"AUG | Sand Storm","name":"Souvenir AUG | Sand Storm (Battle-Scarred)","src":"https://steamcdn-a.akamaihd.net/apps/730/icons/econ/default_generated/weapon_aug_gs_aug_sand_storm_light_large.d5dd546bc762c78474aac4b7733af0e4e5f7f376.png","type":"skin","rarity":3,"price":701},"AUG | Sand Storm":{"souvenirAvailable":true,"masterItem":true,"qualities":[5,4,3,2,1],"skin":"Sand Storm","weapon":"AUG","short":"AUG | Sand Storm","name":"AUG | Sand Storm","src":"https://steamcdn-a.akamaihd.net/apps/730/icons/econ/default_generated/weapon_aug_gs_aug_sand_storm_light_large.d5dd546bc762c78474aac4b7733af0e4e5f7f376.png","type":"skin","rarity":3,"price":2743,"minPrice":501},"Dual Berettas | Drift Wood (Factory New)":{"quality":5,"skin":"Drift Wood","weapon":"Dual Berettas","short":"Dual Berettas | Drift Wood","name":"Dual Berettas | Drift Wood (Factory New)","src":"https://steamcdn-a.akamaihd.net/apps/730/icons/econ/default_generated/weapon_elite_sp_dry_wood_light_large.89fee2f97c3722747a19dcc269397d71fd7fddc1.png","type":"skin","rarity":1,"price":42},"Dual Berettas | Drift Wood (Minimal Wear)":{"quality":4,"skin":"Drift Wood","weapon":"Dual Berettas","short":"Dual Berettas | Drift Wood","name":"Dual Berettas | Drift Wood (Minimal Wear)","src":"https://steamcdn-a.akamaihd.net/apps/730/icons/econ/default_generated/weapon_elite_sp_dry_wood_light_large.89fee2f97c3722747a19dcc269397d71fd7fddc1.png","type":"skin","rarity":1,"price":34},"Dual Berettas | Drift Wood (Field-Tested)":{"quality":3,"skin":"Drift Wood","weapon":"Dual Berettas","short":"Dual Berettas | Drift Wood","name":"Dual Berettas | Drift Wood (Field-Tested)","src":"https://steamcdn-a.akamaihd.net/apps/730/icons/econ/default_generated/weapon_elite_sp_dry_wood_light_large.89fee2f97c3722747a19dcc269397d71fd7fddc1.png","type":"skin","rarity":1,"price":28},"Dual Berettas | Drift Wood (Well-Worn)":{"quality":2,"skin":"Drift Wood","weapon":"Dual Berettas","short":"Dual Berettas | Drift Wood","name":"Dual Berettas | Drift Wood (Well-Worn)","src":"https://steamcdn-a.akamaihd.net/apps/730/icons/econ/default_generated/weapon_elite_sp_dry_wood_light_large.89fee2f97c3722747a19dcc269397d71fd7fddc1.png","type":"skin","rarity":1,"price":27},"Dual Berettas | Drift Wood (Battle-Scarred)":{"quality":1,"skin":"Drift Wood","weapon":"Dual Berettas","short":"Dual Berettas | Drift Wood","name":"Dual Berettas | Drift Wood (Battle-Scarred)","src":"https://steamcdn-a.akamaihd.net/apps/730/icons/econ/default_generated/weapon_elite_sp_dry_wood_light_large.89fee2f97c3722747a19dcc269397d71fd7fddc1.png","type":"skin","rarity":1,"price":27},"Souvenir Dual Berettas | Drift Wood (Factory New)":{"souvenir":true,"quality":5,"skin":"Drift Wood","weapon":"Dual Berettas","short":"Dual Berettas | Drift Wood","name":"Souvenir Dual Berettas | Drift Wood (Factory New)","src":"https://steamcdn-a.akamaihd.net/apps/730/icons/econ/default_generated/weapon_elite_sp_dry_wood_light_large.89fee2f97c3722747a19dcc269397d71fd7fddc1.png","type":"skin","rarity":1,"price":14},"Souvenir Dual Berettas | Drift Wood (Minimal Wear)":{"souvenir":true,"quality":4,"skin":"Drift Wood","weapon":"Dual Berettas","short":"Dual Berettas | Drift Wood","name":"Souvenir Dual Berettas | Drift Wood (Minimal Wear)","src":"https://steamcdn-a.akamaihd.net/apps/730/icons/econ/default_generated/weapon_elite_sp_dry_wood_light_large.89fee2f97c3722747a19dcc269397d71fd7fddc1.png","type":"skin","rarity":1,"price":5},"Souvenir Dual Berettas | Drift Wood (Field-Tested)":{"souvenir":true,"quality":3,"skin":"Drift Wood","weapon":"Dual Berettas","short":"Dual Berettas | Drift Wood","name":"Souvenir Dual Berettas | Drift Wood (Field-Tested)","src":"https://steamcdn-a.akamaihd.net/apps/730/icons/econ/default_generated/weapon_elite_sp_dry_wood_light_large.89fee2f97c3722747a19dcc269397d71fd7fddc1.png","type":"skin","rarity":1,"price":5},"Souvenir Dual Berettas | Drift Wood (Well-Worn)":{"souvenir":true,"quality":2,"skin":"Drift Wood","weapon":"Dual Berettas","short":"Dual Berettas | Drift Wood","name":"Souvenir Dual Berettas | Drift Wood (Well-Worn)","src":"https://steamcdn-a.akamaihd.net/apps/730/icons/econ/default_generated/weapon_elite_sp_dry_wood_light_large.89fee2f97c3722747a19dcc269397d71fd7fddc1.png","type":"skin","rarity":1,"price":6},"Souvenir Dual Berettas | Drift Wood (Battle-Scarred)":{"souvenir":true,"quality":1,"skin":"Drift Wood","weapon":"Dual Berettas","short":"Dual Berettas | Drift Wood","name":"Souvenir Dual Berettas | Drift Wood (Battle-Scarred)","src":"https://steamcdn-a.akamaihd.net/apps/730/icons/econ/default_generated/weapon_elite_sp_dry_wood_light_large.89fee2f97c3722747a19dcc269397d71fd7fddc1.png","type":"skin","rarity":1,"price":6},"Dual Berettas | Drift Wood":{"souvenirAvailable":true,"masterItem":true,"qualities":[5,4,3,2,1],"skin":"Drift Wood","weapon":"Dual Berettas","short":"Dual Berettas | Drift Wood","name":"Dual Berettas | Drift Wood","src":"https://steamcdn-a.akamaihd.net/apps/730/icons/econ/default_generated/weapon_elite_sp_dry_wood_light_large.89fee2f97c3722747a19dcc269397d71fd7fddc1.png","type":"skin","rarity":1,"price":42,"minPrice":5},"SG 553 | Desert Blossom (Factory New)":{"quality":5,"skin":"Desert Blossom","weapon":"SG 553","short":"SG 553 | Desert Blossom","name":"SG 553 | Desert Blossom (Factory New)","src":"https://steamcdn-a.akamaihd.net/apps/730/icons/econ/default_generated/weapon_sg556_aa_desert_bloom_bright_light_large.082aa07ec9551391143d8b825ef9f1062ea54279.png","type":"skin","rarity":2,"price":303},"SG 553 | Desert Blossom (Minimal Wear)":{"quality":4,"skin":"Desert Blossom","weapon":"SG 553","short":"SG 553 | Desert Blossom","name":"SG 553 | Desert Blossom (Minimal Wear)","src":"https://steamcdn-a.akamaihd.net/apps/730/icons/econ/default_generated/weapon_sg556_aa_desert_bloom_bright_light_large.082aa07ec9551391143d8b825ef9f1062ea54279.png","type":"skin","rarity":2,"price":308},"SG 553 | Desert Blossom (Field-Tested)":{"quality":3,"skin":"Desert Blossom","weapon":"SG 553","short":"SG 553 | Desert Blossom","name":"SG 553 | Desert Blossom (Field-Tested)","src":"https://steamcdn-a.akamaihd.net/apps/730/icons/econ/default_generated/weapon_sg556_aa_desert_bloom_bright_light_large.082aa07ec9551391143d8b825ef9f1062ea54279.png","type":"skin","rarity":2,"price":270},"SG 553 | Desert Blossom (Well-Worn)":{"quality":2,"skin":"Desert Blossom","weapon":"SG 553","short":"SG 553 | Desert Blossom","name":"SG 553 | Desert Blossom (Well-Worn)","src":"https://steamcdn-a.akamaihd.net/apps/730/icons/econ/default_generated/weapon_sg556_aa_desert_bloom_bright_light_large.082aa07ec9551391143d8b825ef9f1062ea54279.png","type":"skin","rarity":2,"price":314},"SG 553 | Desert Blossom (Battle-Scarred)":{"quality":1,"skin":"Desert Blossom","weapon":"SG 553","short":"SG 553 | Desert Blossom","name":"SG 553 | Desert Blossom (Battle-Scarred)","src":"https://steamcdn-a.akamaihd.net/apps/730/icons/econ/default_generated/weapon_sg556_aa_desert_bloom_bright_light_large.082aa07ec9551391143d8b825ef9f1062ea54279.png","type":"skin","rarity":2,"price":246},"Souvenir SG 553 | Desert Blossom (Factory New)":{"souvenir":true,"quality":5,"skin":"Desert Blossom","weapon":"SG 553","short":"SG 553 | Desert Blossom","name":"Souvenir SG 553 | Desert Blossom (Factory New)","src":"https://steamcdn-a.akamaihd.net/apps/730/icons/econ/default_generated/weapon_sg556_aa_desert_bloom_bright_light_large.082aa07ec9551391143d8b825ef9f1062ea54279.png","type":"skin","rarity":2,"price":145},"Souvenir SG 553 | Desert Blossom (Minimal Wear)":{"souvenir":true,"quality":4,"skin":"Desert Blossom","weapon":"SG 553","short":"SG 553 | Desert Blossom","name":"Souvenir SG 553 | Desert Blossom (Minimal Wear)","src":"https://steamcdn-a.akamaihd.net/apps/730/icons/econ/default_generated/weapon_sg556_aa_desert_bloom_bright_light_large.082aa07ec9551391143d8b825ef9f1062ea54279.png","type":"skin","rarity":2,"price":80},"Souvenir SG 553 | Desert Blossom (Field-Tested)":{"souvenir":true,"quality":3,"skin":"Desert Blossom","weapon":"SG 553","short":"SG 553 | Desert Blossom","name":"Souvenir SG 553 | Desert Blossom (Field-Tested)","src":"https://steamcdn-a.akamaihd.net/apps/730/icons/econ/default_generated/weapon_sg556_aa_desert_bloom_bright_light_large.082aa07ec9551391143d8b825ef9f1062ea54279.png","type":"skin","rarity":2,"price":37},"Souvenir SG 553 | Desert Blossom (Well-Worn)":{"souvenir":true,"quality":2,"skin":"Desert Blossom","weapon":"SG 553","short":"SG 553 | Desert Blossom","name":"Souvenir SG 553 | Desert Blossom (Well-Worn)","src":"https://steamcdn-a.akamaihd.net/apps/730/icons/econ/default_generated/weapon_sg556_aa_desert_bloom_bright_light_large.082aa07ec9551391143d8b825ef9f1062ea54279.png","type":"skin","rarity":2,"price":43},"Souvenir SG 553 | Desert Blossom (Battle-Scarred)":{"souvenir":true,"quality":1,"skin":"Desert Blossom","weapon":"SG 553","short":"SG 553 | Desert Blossom","name":"Souvenir SG 553 | Desert Blossom (Battle-Scarred)","src":"https://steamcdn-a.akamaihd.net/apps/730/icons/econ/default_generated/weapon_sg556_aa_desert_bloom_bright_light_large.082aa07ec9551391143d8b825ef9f1062ea54279.png","type":"skin","rarity":2,"price":37},"SG 553 | Desert Blossom":{"souvenirAvailable":true,"masterItem":true,"qualities":[5,4,3,2,1],"skin":"Desert Blossom","weapon":"SG 553","short":"SG 553 | Desert Blossom","name":"SG 553 | Desert Blossom","src":"https://steamcdn-a.akamaihd.net/apps/730/icons/econ/default_generated/weapon_sg556_aa_desert_bloom_bright_light_large.082aa07ec9551391143d8b825ef9f1062ea54279.png","type":"skin","rarity":2,"price":314,"minPrice":37},"P90 | Verdant Growth (Factory New)":{"quality":5,"skin":"Verdant Growth","weapon":"P90","short":"P90 | Verdant Growth","name":"P90 | Verdant Growth (Factory New)","src":"https://steamcdn-a.akamaihd.net/apps/730/icons/econ/default_generated/weapon_p90_sp_moro_textile_green_vine_light_large.47d80a883c184629d2049f8a5e2046150b35e69e.png","type":"skin","rarity":1,"price":42},"P90 | Verdant Growth (Minimal Wear)":{"quality":4,"skin":"Verdant Growth","weapon":"P90","short":"P90 | Verdant Growth","name":"P90 | Verdant Growth (Minimal Wear)","src":"https://steamcdn-a.akamaihd.net/apps/730/icons/econ/default_generated/weapon_p90_sp_moro_textile_green_vine_light_large.47d80a883c184629d2049f8a5e2046150b35e69e.png","type":"skin","rarity":1,"price":32},"P90 | Verdant Growth (Field-Tested)":{"quality":3,"skin":"Verdant Growth","weapon":"P90","short":"P90 | Verdant Growth","name":"P90 | Verdant Growth (Field-Tested)","src":"https://steamcdn-a.akamaihd.net/apps/730/icons/econ/default_generated/weapon_p90_sp_moro_textile_green_vine_light_large.47d80a883c184629d2049f8a5e2046150b35e69e.png","type":"skin","rarity":1,"price":28},"P90 | Verdant Growth (Well-Worn)":{"quality":2,"skin":"Verdant Growth","weapon":"P90","short":"P90 | Verdant Growth","name":"P90 | Verdant Growth (Well-Worn)","src":"https://steamcdn-a.akamaihd.net/apps/730/icons/econ/default_generated/weapon_p90_sp_moro_textile_green_vine_light_large.47d80a883c184629d2049f8a5e2046150b35e69e.png","type":"skin","rarity":1,"price":29},"P90 | Verdant Growth (Battle-Scarred)":{"quality":1,"skin":"Verdant Growth","weapon":"P90","short":"P90 | Verdant Growth","name":"P90 | Verdant Growth (Battle-Scarred)","src":"https://steamcdn-a.akamaihd.net/apps/730/icons/econ/default_generated/weapon_p90_sp_moro_textile_green_vine_light_large.47d80a883c184629d2049f8a5e2046150b35e69e.png","type":"skin","rarity":1,"price":32},"Souvenir P90 | Verdant Growth (Factory New)":{"souvenir":true,"quality":5,"skin":"Verdant Growth","weapon":"P90","short":"P90 | Verdant Growth","name":"Souvenir P90 | Verdant Growth (Factory New)","src":"https://steamcdn-a.akamaihd.net/apps/730/icons/econ/default_generated/weapon_p90_sp_moro_textile_green_vine_light_large.47d80a883c184629d2049f8a5e2046150b35e69e.png","type":"skin","rarity":1,"price":10},"Souvenir P90 | Verdant Growth (Minimal Wear)":{"souvenir":true,"quality":4,"skin":"Verdant Growth","weapon":"P90","short":"P90 | Verdant Growth","name":"Souvenir P90 | Verdant Growth (Minimal Wear)","src":"https://steamcdn-a.akamaihd.net/apps/730/icons/econ/default_generated/weapon_p90_sp_moro_textile_green_vine_light_large.47d80a883c184629d2049f8a5e2046150b35e69e.png","type":"skin","rarity":1,"price":6},"Souvenir P90 | Verdant Growth (Field-Tested)":{"souvenir":true,"quality":3,"skin":"Verdant Growth","weapon":"P90","short":"P90 | Verdant Growth","name":"Souvenir P90 | Verdant Growth (Field-Tested)","src":"https://steamcdn-a.akamaihd.net/apps/730/icons/econ/default_generated/weapon_p90_sp_moro_textile_green_vine_light_large.47d80a883c184629d2049f8a5e2046150b35e69e.png","type":"skin","rarity":1,"price":4},"Souvenir P90 | Verdant Growth (Well-Worn)":{"souvenir":true,"quality":2,"skin":"Verdant Growth","weapon":"P90","short":"P90 | Verdant Growth","name":"Souvenir P90 | Verdant Growth (Well-Worn)","src":"https://steamcdn-a.akamaihd.net/apps/730/icons/econ/default_generated/weapon_p90_sp_moro_textile_green_vine_light_large.47d80a883c184629d2049f8a5e2046150b35e69e.png","type":"skin","rarity":1,"price":5},"Souvenir P90 | Verdant Growth (Battle-Scarred)":{"souvenir":true,"quality":1,"skin":"Verdant Growth","weapon":"P90","short":"P90 | Verdant Growth","name":"Souvenir P90 | Verdant Growth (Battle-Scarred)","src":"https://steamcdn-a.akamaihd.net/apps/730/icons/econ/default_generated/weapon_p90_sp_moro_textile_green_vine_light_large.47d80a883c184629d2049f8a5e2046150b35e69e.png","type":"skin","rarity":1,"price":9},"P90 | Verdant Growth":{"souvenirAvailable":true,"masterItem":true,"qualities":[5,4,3,2,1],"skin":"Verdant Growth","weapon":"P90","short":"P90 | Verdant Growth","name":"P90 | Verdant Growth","src":"https://steamcdn-a.akamaihd.net/apps/730/icons/econ/default_generated/weapon_p90_sp_moro_textile_green_vine_light_large.47d80a883c184629d2049f8a5e2046150b35e69e.png","type":"skin","rarity":1,"price":42,"minPrice":4},"MAG-7 | Navy Sheen (Factory New)":{"quality":5,"skin":"Navy Sheen","weapon":"MAG-7","short":"MAG-7 | Navy Sheen","name":"MAG-7 | Navy Sheen (Factory New)","src":"https://steamcdn-a.akamaihd.net/apps/730/icons/econ/default_generated/weapon_mag7_am_navy_shine_light_large.fd2f1241ce0bfa16bbbd8971f72846429cc874d0.png","type":"skin","rarity":0,"price":9},"MAG-7 | Navy Sheen (Minimal Wear)":{"quality":4,"skin":"Navy Sheen","weapon":"MAG-7","short":"MAG-7 | Navy Sheen","name":"MAG-7 | Navy Sheen (Minimal Wear)","src":"https://steamcdn-a.akamaihd.net/apps/730/icons/econ/default_generated/weapon_mag7_am_navy_shine_light_large.fd2f1241ce0bfa16bbbd8971f72846429cc874d0.png","type":"skin","rarity":0,"price":6},"MAG-7 | Navy Sheen (Field-Tested)":{"quality":3,"skin":"Navy Sheen","weapon":"MAG-7","short":"MAG-7 | Navy Sheen","name":"MAG-7 | Navy Sheen (Field-Tested)","src":"https://steamcdn-a.akamaihd.net/apps/730/icons/econ/default_generated/weapon_mag7_am_navy_shine_light_large.fd2f1241ce0bfa16bbbd8971f72846429cc874d0.png","type":"skin","rarity":0,"price":5},"MAG-7 | Navy Sheen (Well-Worn)":{"quality":2,"skin":"Navy Sheen","weapon":"MAG-7","short":"MAG-7 | Navy Sheen","name":"MAG-7 | Navy Sheen (Well-Worn)","src":"https://steamcdn-a.akamaihd.net/apps/730/icons/econ/default_generated/weapon_mag7_am_navy_shine_light_large.fd2f1241ce0bfa16bbbd8971f72846429cc874d0.png","type":"skin","rarity":0,"price":5},"MAG-7 | Navy Sheen (Battle-Scarred)":{"quality":1,"skin":"Navy Sheen","weapon":"MAG-7","short":"MAG-7 | Navy Sheen","name":"MAG-7 | Navy Sheen (Battle-Scarred)","src":"https://steamcdn-a.akamaihd.net/apps/730/icons/econ/default_generated/weapon_mag7_am_navy_shine_light_large.fd2f1241ce0bfa16bbbd8971f72846429cc874d0.png","type":"skin","rarity":0,"price":5},"Souvenir MAG-7 | Navy Sheen (Factory New)":{"souvenir":true,"quality":5,"skin":"Navy Sheen","weapon":"MAG-7","short":"MAG-7 | Navy Sheen","name":"Souvenir MAG-7 | Navy Sheen (Factory New)","src":"https://steamcdn-a.akamaihd.net/apps/730/icons/econ/default_generated/weapon_mag7_am_navy_shine_light_large.fd2f1241ce0bfa16bbbd8971f72846429cc874d0.png","type":"skin","rarity":0,"price":6},"Souvenir MAG-7 | Navy Sheen (Minimal Wear)":{"souvenir":true,"quality":4,"skin":"Navy Sheen","weapon":"MAG-7","short":"MAG-7 | Navy Sheen","name":"Souvenir MAG-7 | Navy Sheen (Minimal Wear)","src":"https://steamcdn-a.akamaihd.net/apps/730/icons/econ/default_generated/weapon_mag7_am_navy_shine_light_large.fd2f1241ce0bfa16bbbd8971f72846429cc874d0.png","type":"skin","rarity":0,"price":3},"Souvenir MAG-7 | Navy Sheen (Field-Tested)":{"souvenir":true,"quality":3,"skin":"Navy Sheen","weapon":"MAG-7","short":"MAG-7 | Navy Sheen","name":"Souvenir MAG-7 | Navy Sheen (Field-Tested)","src":"https://steamcdn-a.akamaihd.net/apps/730/icons/econ/default_generated/weapon_mag7_am_navy_shine_light_large.fd2f1241ce0bfa16bbbd8971f72846429cc874d0.png","type":"skin","rarity":0,"price":3},"Souvenir MAG-7 | Navy Sheen (Well-Worn)":{"souvenir":true,"quality":2,"skin":"Navy Sheen","weapon":"MAG-7","short":"MAG-7 | Navy Sheen","name":"Souvenir MAG-7 | Navy Sheen (Well-Worn)","src":"https://steamcdn-a.akamaihd.net/apps/730/icons/econ/default_generated/weapon_mag7_am_navy_shine_light_large.fd2f1241ce0bfa16bbbd8971f72846429cc874d0.png","type":"skin","rarity":0,"price":3},"Souvenir MAG-7 | Navy Sheen (Battle-Scarred)":{"souvenir":true,"quality":1,"skin":"Navy Sheen","weapon":"MAG-7","short":"MAG-7 | Navy Sheen","name":"Souvenir MAG-7 | Navy Sheen (Battle-Scarred)","src":"https://steamcdn-a.akamaihd.net/apps/730/icons/econ/default_generated/weapon_mag7_am_navy_shine_light_large.fd2f1241ce0bfa16bbbd8971f72846429cc874d0.png","type":"skin","rarity":0,"price":3},"MAG-7 | Navy Sheen":{"souvenirAvailable":true,"masterItem":true,"qualities":[5,4,3,2,1],"skin":"Navy Sheen","weapon":"MAG-7","short":"MAG-7 | Navy Sheen","name":"MAG-7 | Navy Sheen","src":"https://steamcdn-a.akamaihd.net/apps/730/icons/econ/default_generated/weapon_mag7_am_navy_shine_light_large.fd2f1241ce0bfa16bbbd8971f72846429cc874d0.png","type":"skin","rarity":0,"price":9,"minPrice":3},"P250 | Drought (Factory New)":{"quality":5,"skin":"Drought","weapon":"P250","short":"P250 | Drought","name":"P250 | Drought (Factory New)","src":"https://steamcdn-a.akamaihd.net/apps/730/icons/econ/default_generated/weapon_p250_sp_desert_skulls_dawn_light_large.0ef79663a917620d2ab91078115200bf2747269a.png","type":"skin","rarity":0,"price":9},"P250 | Drought (Minimal Wear)":{"quality":4,"skin":"Drought","weapon":"P250","short":"P250 | Drought","name":"P250 | Drought (Minimal Wear)","src":"https://steamcdn-a.akamaihd.net/apps/730/icons/econ/default_generated/weapon_p250_sp_desert_skulls_dawn_light_large.0ef79663a917620d2ab91078115200bf2747269a.png","type":"skin","rarity":0,"price":6},"P250 | Drought (Field-Tested)":{"quality":3,"skin":"Drought","weapon":"P250","short":"P250 | Drought","name":"P250 | Drought (Field-Tested)","src":"https://steamcdn-a.akamaihd.net/apps/730/icons/econ/default_generated/weapon_p250_sp_desert_skulls_dawn_light_large.0ef79663a917620d2ab91078115200bf2747269a.png","type":"skin","rarity":0,"price":5},"P250 | Drought (Well-Worn)":{"quality":2,"skin":"Drought","weapon":"P250","short":"P250 | Drought","name":"P250 | Drought (Well-Worn)","src":"https://steamcdn-a.akamaihd.net/apps/730/icons/econ/default_generated/weapon_p250_sp_desert_skulls_dawn_light_large.0ef79663a917620d2ab91078115200bf2747269a.png","type":"skin","rarity":0,"price":6},"Souvenir P250 | Drought (Factory New)":{"souvenir":true,"quality":5,"skin":"Drought","weapon":"P250","short":"P250 | Drought","name":"Souvenir P250 | Drought (Factory New)","src":"https://steamcdn-a.akamaihd.net/apps/730/icons/econ/default_generated/weapon_p250_sp_desert_skulls_dawn_light_large.0ef79663a917620d2ab91078115200bf2747269a.png","type":"skin","rarity":0,"price":9},"Souvenir P250 | Drought (Minimal Wear)":{"souvenir":true,"quality":4,"skin":"Drought","weapon":"P250","short":"P250 | Drought","name":"Souvenir P250 | Drought (Minimal Wear)","src":"https://steamcdn-a.akamaihd.net/apps/730/icons/econ/default_generated/weapon_p250_sp_desert_skulls_dawn_light_large.0ef79663a917620d2ab91078115200bf2747269a.png","type":"skin","rarity":0,"price":5},"Souvenir P250 | Drought (Field-Tested)":{"souvenir":true,"quality":3,"skin":"Drought","weapon":"P250","short":"P250 | Drought","name":"Souvenir P250 | Drought (Field-Tested)","src":"https://steamcdn-a.akamaihd.net/apps/730/icons/econ/default_generated/weapon_p250_sp_desert_skulls_dawn_light_large.0ef79663a917620d2ab91078115200bf2747269a.png","type":"skin","rarity":0,"price":3},"Souvenir P250 | Drought (Well-Worn)":{"souvenir":true,"quality":2,"skin":"Drought","weapon":"P250","short":"P250 | Drought","name":"Souvenir P250 | Drought (Well-Worn)","src":"https://steamcdn-a.akamaihd.net/apps/730/icons/econ/default_generated/weapon_p250_sp_desert_skulls_dawn_light_large.0ef79663a917620d2ab91078115200bf2747269a.png","type":"skin","rarity":0,"price":4},"P250 | Drought":{"souvenirAvailable":true,"masterItem":true,"qualities":[5,4,3,2],"skin":"Drought","weapon":"P250","short":"P250 | Drought","name":"P250 | Drought","src":"https://steamcdn-a.akamaihd.net/apps/730/icons/econ/default_generated/weapon_p250_sp_desert_skulls_dawn_light_large.0ef79663a917620d2ab91078115200bf2747269a.png","type":"skin","rarity":0,"price":9,"minPrice":3},"CZ75-Auto | Midnight Palm (Factory New)":{"quality":5,"skin":"Midnight Palm","weapon":"CZ75-Auto","short":"CZ75-Auto | Midnight Palm","name":"CZ75-Auto | Midnight Palm (Factory New)","src":"https://steamcdn-a.akamaihd.net/apps/730/icons/econ/default_generated/weapon_cz75a_sp_palm_night_light_large.9fd0e13c6cfbb14efbdd81732ca52f64f337e8e7.png","type":"skin","rarity":1,"price":44},"CZ75-Auto | Midnight Palm (Minimal Wear)":{"quality":4,"skin":"Midnight Palm","weapon":"CZ75-Auto","short":"CZ75-Auto | Midnight Palm","name":"CZ75-Auto | Midnight Palm (Minimal Wear)","src":"https://steamcdn-a.akamaihd.net/apps/730/icons/econ/default_generated/weapon_cz75a_sp_palm_night_light_large.9fd0e13c6cfbb14efbdd81732ca52f64f337e8e7.png","type":"skin","rarity":1,"price":30},"CZ75-Auto | Midnight Palm (Field-Tested)":{"quality":3,"skin":"Midnight Palm","weapon":"CZ75-Auto","short":"CZ75-Auto | Midnight Palm","name":"CZ75-Auto | Midnight Palm (Field-Tested)","src":"https://steamcdn-a.akamaihd.net/apps/730/icons/econ/default_generated/weapon_cz75a_sp_palm_night_light_large.9fd0e13c6cfbb14efbdd81732ca52f64f337e8e7.png","type":"skin","rarity":1,"price":28},"CZ75-Auto | Midnight Palm (Well-Worn)":{"quality":2,"skin":"Midnight Palm","weapon":"CZ75-Auto","short":"CZ75-Auto | Midnight Palm","name":"CZ75-Auto | Midnight Palm (Well-Worn)","src":"https://steamcdn-a.akamaihd.net/apps/730/icons/econ/default_generated/weapon_cz75a_sp_palm_night_light_large.9fd0e13c6cfbb14efbdd81732ca52f64f337e8e7.png","type":"skin","rarity":1,"price":26},"CZ75-Auto | Midnight Palm (Battle-Scarred)":{"quality":1,"skin":"Midnight Palm","weapon":"CZ75-Auto","short":"CZ75-Auto | Midnight Palm","name":"CZ75-Auto | Midnight Palm (Battle-Scarred)","src":"https://steamcdn-a.akamaihd.net/apps/730/icons/econ/default_generated/weapon_cz75a_sp_palm_night_light_large.9fd0e13c6cfbb14efbdd81732ca52f64f337e8e7.png","type":"skin","rarity":1,"price":26},"Souvenir CZ75-Auto | Midnight Palm (Factory New)":{"souvenir":true,"quality":5,"skin":"Midnight Palm","weapon":"CZ75-Auto","short":"CZ75-Auto | Midnight Palm","name":"Souvenir CZ75-Auto | Midnight Palm (Factory New)","src":"https://steamcdn-a.akamaihd.net/apps/730/icons/econ/default_generated/weapon_cz75a_sp_palm_night_light_large.9fd0e13c6cfbb14efbdd81732ca52f64f337e8e7.png","type":"skin","rarity":1,"price":11},"Souvenir CZ75-Auto | Midnight Palm (Minimal Wear)":{"souvenir":true,"quality":4,"skin":"Midnight Palm","weapon":"CZ75-Auto","short":"CZ75-Auto | Midnight Palm","name":"Souvenir CZ75-Auto | Midnight Palm (Minimal Wear)","src":"https://steamcdn-a.akamaihd.net/apps/730/icons/econ/default_generated/weapon_cz75a_sp_palm_night_light_large.9fd0e13c6cfbb14efbdd81732ca52f64f337e8e7.png","type":"skin","rarity":1,"price":5},"Souvenir CZ75-Auto | Midnight Palm (Field-Tested)":{"souvenir":true,"quality":3,"skin":"Midnight Palm","weapon":"CZ75-Auto","short":"CZ75-Auto | Midnight Palm","name":"Souvenir CZ75-Auto | Midnight Palm (Field-Tested)","src":"https://steamcdn-a.akamaihd.net/apps/730/icons/econ/default_generated/weapon_cz75a_sp_palm_night_light_large.9fd0e13c6cfbb14efbdd81732ca52f64f337e8e7.png","type":"skin","rarity":1,"price":5},"Souvenir CZ75-Auto | Midnight Palm (Well-Worn)":{"souvenir":true,"quality":2,"skin":"Midnight Palm","weapon":"CZ75-Auto","short":"CZ75-Auto | Midnight Palm","name":"Souvenir CZ75-Auto | Midnight Palm (Well-Worn)","src":"https://steamcdn-a.akamaihd.net/apps/730/icons/econ/default_generated/weapon_cz75a_sp_palm_night_light_large.9fd0e13c6cfbb14efbdd81732ca52f64f337e8e7.png","type":"skin","rarity":1,"price":8},"Souvenir CZ75-Auto | Midnight Palm (Battle-Scarred)":{"souvenir":true,"quality":1,"skin":"Midnight Palm","weapon":"CZ75-Auto","short":"CZ75-Auto | Midnight Palm","name":"Souvenir CZ75-Auto | Midnight Palm (Battle-Scarred)","src":"https://steamcdn-a.akamaihd.net/apps/730/icons/econ/default_generated/weapon_cz75a_sp_palm_night_light_large.9fd0e13c6cfbb14efbdd81732ca52f64f337e8e7.png","type":"skin","rarity":1,"price":7},"CZ75-Auto | Midnight Palm":{"souvenirAvailable":true,"masterItem":true,"qualities":[5,4,3,2,1],"skin":"Midnight Palm","weapon":"CZ75-Auto","short":"CZ75-Auto | Midnight Palm","name":"CZ75-Auto | Midnight Palm","src":"https://steamcdn-a.akamaihd.net/apps/730/icons/econ/default_generated/weapon_cz75a_sp_palm_night_light_large.9fd0e13c6cfbb14efbdd81732ca52f64f337e8e7.png","type":"skin","rarity":1,"price":44,"minPrice":5},"MP9 | Music Box (Factory New)":{"quality":5,"skin":"Music Box","weapon":"MP9","short":"MP9 | Music Box","name":"MP9 | Music Box (Factory New)","src":"https://steamcdn-a.akamaihd.net/apps/730/icons/econ/default_generated/weapon_mp9_am_mirage_flowers_metalic_light_large.19bdfea08b854122c4e7e71852bddda9a59ed3cd.png","type":"skin","rarity":2,"price":313},"MP9 | Music Box (Minimal Wear)":{"quality":4,"skin":"Music Box","weapon":"MP9","short":"MP9 | Music Box","name":"MP9 | Music Box (Minimal Wear)","src":"https://steamcdn-a.akamaihd.net/apps/730/icons/econ/default_generated/weapon_mp9_am_mirage_flowers_metalic_light_large.19bdfea08b854122c4e7e71852bddda9a59ed3cd.png","type":"skin","rarity":2,"price":312},"MP9 | Music Box (Field-Tested)":{"quality":3,"skin":"Music Box","weapon":"MP9","short":"MP9 | Music Box","name":"MP9 | Music Box (Field-Tested)","src":"https://steamcdn-a.akamaihd.net/apps/730/icons/econ/default_generated/weapon_mp9_am_mirage_flowers_metalic_light_large.19bdfea08b854122c4e7e71852bddda9a59ed3cd.png","type":"skin","rarity":2,"price":277},"MP9 | Music Box (Well-Worn)":{"quality":2,"skin":"Music Box","weapon":"MP9","short":"MP9 | Music Box","name":"MP9 | Music Box (Well-Worn)","src":"https://steamcdn-a.akamaihd.net/apps/730/icons/econ/default_generated/weapon_mp9_am_mirage_flowers_metalic_light_large.19bdfea08b854122c4e7e71852bddda9a59ed3cd.png","type":"skin","rarity":2,"price":268},"MP9 | Music Box (Battle-Scarred)":{"quality":1,"skin":"Music Box","weapon":"MP9","short":"MP9 | Music Box","name":"MP9 | Music Box (Battle-Scarred)","src":"https://steamcdn-a.akamaihd.net/apps/730/icons/econ/default_generated/weapon_mp9_am_mirage_flowers_metalic_light_large.19bdfea08b854122c4e7e71852bddda9a59ed3cd.png","type":"skin","rarity":2,"price":239},"Souvenir MP9 | Music Box (Factory New)":{"souvenir":true,"quality":5,"skin":"Music Box","weapon":"MP9","short":"MP9 | Music Box","name":"Souvenir MP9 | Music Box (Factory New)","src":"https://steamcdn-a.akamaihd.net/apps/730/icons/econ/default_generated/weapon_mp9_am_mirage_flowers_metalic_light_large.19bdfea08b854122c4e7e71852bddda9a59ed3cd.png","type":"skin","rarity":2,"price":134},"Souvenir MP9 | Music Box (Minimal Wear)":{"souvenir":true,"quality":4,"skin":"Music Box","weapon":"MP9","short":"MP9 | Music Box","name":"Souvenir MP9 | Music Box (Minimal Wear)","src":"https://steamcdn-a.akamaihd.net/apps/730/icons/econ/default_generated/weapon_mp9_am_mirage_flowers_metalic_light_large.19bdfea08b854122c4e7e71852bddda9a59ed3cd.png","type":"skin","rarity":2,"price":78},"Souvenir MP9 | Music Box (Field-Tested)":{"souvenir":true,"quality":3,"skin":"Music Box","weapon":"MP9","short":"MP9 | Music Box","name":"Souvenir MP9 | Music Box (Field-Tested)","src":"https://steamcdn-a.akamaihd.net/apps/730/icons/econ/default_generated/weapon_mp9_am_mirage_flowers_metalic_light_large.19bdfea08b854122c4e7e71852bddda9a59ed3cd.png","type":"skin","rarity":2,"price":28},"Souvenir MP9 | Music Box (Well-Worn)":{"souvenir":true,"quality":2,"skin":"Music Box","weapon":"MP9","short":"MP9 | Music Box","name":"Souvenir MP9 | Music Box (Well-Worn)","src":"https://steamcdn-a.akamaihd.net/apps/730/icons/econ/default_generated/weapon_mp9_am_mirage_flowers_metalic_light_large.19bdfea08b854122c4e7e71852bddda9a59ed3cd.png","type":"skin","rarity":2,"price":42},"Souvenir MP9 | Music Box (Battle-Scarred)":{"souvenir":true,"quality":1,"skin":"Music Box","weapon":"MP9","short":"MP9 | Music Box","name":"Souvenir MP9 | Music Box (Battle-Scarred)","src":"https://steamcdn-a.akamaihd.net/apps/730/icons/econ/default_generated/weapon_mp9_am_mirage_flowers_metalic_light_large.19bdfea08b854122c4e7e71852bddda9a59ed3cd.png","type":"skin","rarity":2,"price":23},"MP9 | Music Box":{"souvenirAvailable":true,"masterItem":true,"qualities":[5,4,3,2,1],"skin":"Music Box","weapon":"MP9","short":"MP9 | Music Box","name":"MP9 | Music Box","src":"https://steamcdn-a.akamaihd.net/apps/730/icons/econ/default_generated/weapon_mp9_am_mirage_flowers_metalic_light_large.19bdfea08b854122c4e7e71852bddda9a59ed3cd.png","type":"skin","rarity":2,"price":313,"minPrice":23},"SSG 08 | Prey (Factory New)":{"quality":5,"skin":"Prey","weapon":"SSG 08","short":"SSG 08 | Prey","name":"SSG 08 | Prey (Factory New)","src":"https://steamcdn-a.akamaihd.net/apps/730/icons/econ/default_generated/weapon_ssg08_sp_zebracam_red_light_large.9aefb18daa0955b6ac9b0d098132425b7991fc6e.png","type":"skin","rarity":0,"price":9},"SSG 08 | Prey (Minimal Wear)":{"quality":4,"skin":"Prey","weapon":"SSG 08","short":"SSG 08 | Prey","name":"SSG 08 | Prey (Minimal Wear)","src":"https://steamcdn-a.akamaihd.net/apps/730/icons/econ/default_generated/weapon_ssg08_sp_zebracam_red_light_large.9aefb18daa0955b6ac9b0d098132425b7991fc6e.png","type":"skin","rarity":0,"price":6},"SSG 08 | Prey (Field-Tested)":{"quality":3,"skin":"Prey","weapon":"SSG 08","short":"SSG 08 | Prey","name":"SSG 08 | Prey (Field-Tested)","src":"https://steamcdn-a.akamaihd.net/apps/730/icons/econ/default_generated/weapon_ssg08_sp_zebracam_red_light_large.9aefb18daa0955b6ac9b0d098132425b7991fc6e.png","type":"skin","rarity":0,"price":5},"SSG 08 | Prey (Well-Worn)":{"quality":2,"skin":"Prey","weapon":"SSG 08","short":"SSG 08 | Prey","name":"SSG 08 | Prey (Well-Worn)","src":"https://steamcdn-a.akamaihd.net/apps/730/icons/econ/default_generated/weapon_ssg08_sp_zebracam_red_light_large.9aefb18daa0955b6ac9b0d098132425b7991fc6e.png","type":"skin","rarity":0,"price":5},"SSG 08 | Prey (Battle-Scarred)":{"quality":1,"skin":"Prey","weapon":"SSG 08","short":"SSG 08 | Prey","name":"SSG 08 | Prey (Battle-Scarred)","src":"https://steamcdn-a.akamaihd.net/apps/730/icons/econ/default_generated/weapon_ssg08_sp_zebracam_red_light_large.9aefb18daa0955b6ac9b0d098132425b7991fc6e.png","type":"skin","rarity":0,"price":5},"Souvenir SSG 08 | Prey (Factory New)":{"souvenir":true,"quality":5,"skin":"Prey","weapon":"SSG 08","short":"SSG 08 | Prey","name":"Souvenir SSG 08 | Prey (Factory New)","src":"https://steamcdn-a.akamaihd.net/apps/730/icons/econ/default_generated/weapon_ssg08_sp_zebracam_red_light_large.9aefb18daa0955b6ac9b0d098132425b7991fc6e.png","type":"skin","rarity":0,"price":8},"Souvenir SSG 08 | Prey (Minimal Wear)":{"souvenir":true,"quality":4,"skin":"Prey","weapon":"SSG 08","short":"SSG 08 | Prey","name":"Souvenir SSG 08 | Prey (Minimal Wear)","src":"https://steamcdn-a.akamaihd.net/apps/730/icons/econ/default_generated/weapon_ssg08_sp_zebracam_red_light_large.9aefb18daa0955b6ac9b0d098132425b7991fc6e.png","type":"skin","rarity":0,"price":4},"Souvenir SSG 08 | Prey (Field-Tested)":{"souvenir":true,"quality":3,"skin":"Prey","weapon":"SSG 08","short":"SSG 08 | Prey","name":"Souvenir SSG 08 | Prey (Field-Tested)","src":"https://steamcdn-a.akamaihd.net/apps/730/icons/econ/default_generated/weapon_ssg08_sp_zebracam_red_light_large.9aefb18daa0955b6ac9b0d098132425b7991fc6e.png","type":"skin","rarity":0,"price":3},"Souvenir SSG 08 | Prey (Well-Worn)":{"souvenir":true,"quality":2,"skin":"Prey","weapon":"SSG 08","short":"SSG 08 | Prey","name":"Souvenir SSG 08 | Prey (Well-Worn)","src":"https://steamcdn-a.akamaihd.net/apps/730/icons/econ/default_generated/weapon_ssg08_sp_zebracam_red_light_large.9aefb18daa0955b6ac9b0d098132425b7991fc6e.png","type":"skin","rarity":0,"price":4},"Souvenir SSG 08 | Prey (Battle-Scarred)":{"souvenir":true,"quality":1,"skin":"Prey","weapon":"SSG 08","short":"SSG 08 | Prey","name":"Souvenir SSG 08 | Prey (Battle-Scarred)","src":"https://steamcdn-a.akamaihd.net/apps/730/icons/econ/default_generated/weapon_ssg08_sp_zebracam_red_light_large.9aefb18daa0955b6ac9b0d098132425b7991fc6e.png","type":"skin","rarity":0,"price":4},"SSG 08 | Prey":{"souvenirAvailable":true,"masterItem":true,"qualities":[5,4,3,2,1],"skin":"Prey","weapon":"SSG 08","short":"SSG 08 | Prey","name":"SSG 08 | Prey","src":"https://steamcdn-a.akamaihd.net/apps/730/icons/econ/default_generated/weapon_ssg08_sp_zebracam_red_light_large.9aefb18daa0955b6ac9b0d098132425b7991fc6e.png","type":"skin","rarity":0,"price":9,"minPrice":3},"M249 | Humidor (Factory New)":{"quality":5,"skin":"Humidor","weapon":"M249","short":"M249 | Humidor","name":"M249 | Humidor (Factory New)","src":"https://steamcdn-a.akamaihd.net/apps/730/icons/econ/default_generated/weapon_m249_sp_moro_carving_burnt_light_large.665c8aa42875f46a38e1fe38d3ee4ea7ea65b1bf.png","type":"skin","rarity":2,"price":308},"M249 | Humidor (Minimal Wear)":{"quality":4,"skin":"Humidor","weapon":"M249","short":"M249 | Humidor","name":"M249 | Humidor (Minimal Wear)","src":"https://steamcdn-a.akamaihd.net/apps/730/icons/econ/default_generated/weapon_m249_sp_moro_carving_burnt_light_large.665c8aa42875f46a38e1fe38d3ee4ea7ea65b1bf.png","type":"skin","rarity":2,"price":303},"M249 | Humidor (Field-Tested)":{"quality":3,"skin":"Humidor","weapon":"M249","short":"M249 | Humidor","name":"M249 | Humidor (Field-Tested)","src":"https://steamcdn-a.akamaihd.net/apps/730/icons/econ/default_generated/weapon_m249_sp_moro_carving_burnt_light_large.665c8aa42875f46a38e1fe38d3ee4ea7ea65b1bf.png","type":"skin","rarity":2,"price":277},"M249 | Humidor (Well-Worn)":{"quality":2,"skin":"Humidor","weapon":"M249","short":"M249 | Humidor","name":"M249 | Humidor (Well-Worn)","src":"https://steamcdn-a.akamaihd.net/apps/730/icons/econ/default_generated/weapon_m249_sp_moro_carving_burnt_light_large.665c8aa42875f46a38e1fe38d3ee4ea7ea65b1bf.png","type":"skin","rarity":2,"price":258},"M249 | Humidor (Battle-Scarred)":{"quality":1,"skin":"Humidor","weapon":"M249","short":"M249 | Humidor","name":"M249 | Humidor (Battle-Scarred)","src":"https://steamcdn-a.akamaihd.net/apps/730/icons/econ/default_generated/weapon_m249_sp_moro_carving_burnt_light_large.665c8aa42875f46a38e1fe38d3ee4ea7ea65b1bf.png","type":"skin","rarity":2,"price":230},"Souvenir M249 | Humidor (Factory New)":{"souvenir":true,"quality":5,"skin":"Humidor","weapon":"M249","short":"M249 | Humidor","name":"Souvenir M249 | Humidor (Factory New)","src":"https://steamcdn-a.akamaihd.net/apps/730/icons/econ/default_generated/weapon_m249_sp_moro_carving_burnt_light_large.665c8aa42875f46a38e1fe38d3ee4ea7ea65b1bf.png","type":"skin","rarity":2,"price":28},"Souvenir M249 | Humidor (Minimal Wear)":{"souvenir":true,"quality":4,"skin":"Humidor","weapon":"M249","short":"M249 | Humidor","name":"Souvenir M249 | Humidor (Minimal Wear)","src":"https://steamcdn-a.akamaihd.net/apps/730/icons/econ/default_generated/weapon_m249_sp_moro_carving_burnt_light_large.665c8aa42875f46a38e1fe38d3ee4ea7ea65b1bf.png","type":"skin","rarity":2,"price":13},"Souvenir M249 | Humidor (Field-Tested)":{"souvenir":true,"quality":3,"skin":"Humidor","weapon":"M249","short":"M249 | Humidor","name":"Souvenir M249 | Humidor (Field-Tested)","src":"https://steamcdn-a.akamaihd.net/apps/730/icons/econ/default_generated/weapon_m249_sp_moro_carving_burnt_light_large.665c8aa42875f46a38e1fe38d3ee4ea7ea65b1bf.png","type":"skin","rarity":2,"price":10},"Souvenir M249 | Humidor (Well-Worn)":{"souvenir":true,"quality":2,"skin":"Humidor","weapon":"M249","short":"M249 | Humidor","name":"Souvenir M249 | Humidor (Well-Worn)","src":"https://steamcdn-a.akamaihd.net/apps/730/icons/econ/default_generated/weapon_m249_sp_moro_carving_burnt_light_large.665c8aa42875f46a38e1fe38d3ee4ea7ea65b1bf.png","type":"skin","rarity":2,"price":17},"Souvenir M249 | Humidor (Battle-Scarred)":{"souvenir":true,"quality":1,"skin":"Humidor","weapon":"M249","short":"M249 | Humidor","name":"Souvenir M249 | Humidor (Battle-Scarred)","src":"https://steamcdn-a.akamaihd.net/apps/730/icons/econ/default_generated/weapon_m249_sp_moro_carving_burnt_light_large.665c8aa42875f46a38e1fe38d3ee4ea7ea65b1bf.png","type":"skin","rarity":2,"price":23},"M249 | Humidor":{"souvenirAvailable":true,"masterItem":true,"qualities":[5,4,3,2,1],"skin":"Humidor","weapon":"M249","short":"M249 | Humidor","name":"M249 | Humidor","src":"https://steamcdn-a.akamaihd.net/apps/730/icons/econ/default_generated/weapon_m249_sp_moro_carving_burnt_light_large.665c8aa42875f46a38e1fe38d3ee4ea7ea65b1bf.png","type":"skin","rarity":2,"price":308,"minPrice":10},"FAMAS | CaliCamo (Factory New)":{"quality":5,"skin":"CaliCamo","weapon":"FAMAS","short":"FAMAS | CaliCamo","name":"FAMAS | CaliCamo (Factory New)","src":"https://steamcdn-a.akamaihd.net/apps/730/icons/econ/default_generated/weapon_famas_hy_varicamo_desert_light_large.b650a2a051a809d716d4298d2387729456a404ce.png","type":"skin","rarity":1,"price":37},"FAMAS | CaliCamo (Minimal Wear)":{"quality":4,"skin":"CaliCamo","weapon":"FAMAS","short":"FAMAS | CaliCamo","name":"FAMAS | CaliCamo (Minimal Wear)","src":"https://steamcdn-a.akamaihd.net/apps/730/icons/econ/default_generated/weapon_famas_hy_varicamo_desert_light_large.b650a2a051a809d716d4298d2387729456a404ce.png","type":"skin","rarity":1,"price":30},"FAMAS | CaliCamo (Field-Tested)":{"quality":3,"skin":"CaliCamo","weapon":"FAMAS","short":"FAMAS | CaliCamo","name":"FAMAS | CaliCamo (Field-Tested)","src":"https://steamcdn-a.akamaihd.net/apps/730/icons/econ/default_generated/weapon_famas_hy_varicamo_desert_light_large.b650a2a051a809d716d4298d2387729456a404ce.png","type":"skin","rarity":1,"price":27},"FAMAS | CaliCamo (Well-Worn)":{"quality":2,"skin":"CaliCamo","weapon":"FAMAS","short":"FAMAS | CaliCamo","name":"FAMAS | CaliCamo (Well-Worn)","src":"https://steamcdn-a.akamaihd.net/apps/730/icons/econ/default_generated/weapon_famas_hy_varicamo_desert_light_large.b650a2a051a809d716d4298d2387729456a404ce.png","type":"skin","rarity":1,"price":26},"FAMAS | CaliCamo (Battle-Scarred)":{"quality":1,"skin":"CaliCamo","weapon":"FAMAS","short":"FAMAS | CaliCamo","name":"FAMAS | CaliCamo (Battle-Scarred)","src":"https://steamcdn-a.akamaihd.net/apps/730/icons/econ/default_generated/weapon_famas_hy_varicamo_desert_light_large.b650a2a051a809d716d4298d2387729456a404ce.png","type":"skin","rarity":1,"price":23},"Souvenir FAMAS | CaliCamo (Factory New)":{"souvenir":true,"quality":5,"skin":"CaliCamo","weapon":"FAMAS","short":"FAMAS | CaliCamo","name":"Souvenir FAMAS | CaliCamo (Factory New)","src":"https://steamcdn-a.akamaihd.net/apps/730/icons/econ/default_generated/weapon_famas_hy_varicamo_desert_light_large.b650a2a051a809d716d4298d2387729456a404ce.png","type":"skin","rarity":1,"price":24},"Souvenir FAMAS | CaliCamo (Minimal Wear)":{"souvenir":true,"quality":4,"skin":"CaliCamo","weapon":"FAMAS","short":"FAMAS | CaliCamo","name":"Souvenir FAMAS | CaliCamo (Minimal Wear)","src":"https://steamcdn-a.akamaihd.net/apps/730/icons/econ/default_generated/weapon_famas_hy_varicamo_desert_light_large.b650a2a051a809d716d4298d2387729456a404ce.png","type":"skin","rarity":1,"price":10},"Souvenir FAMAS | CaliCamo (Field-Tested)":{"souvenir":true,"quality":3,"skin":"CaliCamo","weapon":"FAMAS","short":"FAMAS | CaliCamo","name":"Souvenir FAMAS | CaliCamo (Field-Tested)","src":"https://steamcdn-a.akamaihd.net/apps/730/icons/econ/default_generated/weapon_famas_hy_varicamo_desert_light_large.b650a2a051a809d716d4298d2387729456a404ce.png","type":"skin","rarity":1,"price":8},"Souvenir FAMAS | CaliCamo (Well-Worn)":{"souvenir":true,"quality":2,"skin":"CaliCamo","weapon":"FAMAS","short":"FAMAS | CaliCamo","name":"Souvenir FAMAS | CaliCamo (Well-Worn)","src":"https://steamcdn-a.akamaihd.net/apps/730/icons/econ/default_generated/weapon_famas_hy_varicamo_desert_light_large.b650a2a051a809d716d4298d2387729456a404ce.png","type":"skin","rarity":1,"price":9},"Souvenir FAMAS | CaliCamo (Battle-Scarred)":{"souvenir":true,"quality":1,"skin":"CaliCamo","weapon":"FAMAS","short":"FAMAS | CaliCamo","name":"Souvenir FAMAS | CaliCamo (Battle-Scarred)","src":"https://steamcdn-a.akamaihd.net/apps/730/icons/econ/default_generated/weapon_famas_hy_varicamo_desert_light_large.b650a2a051a809d716d4298d2387729456a404ce.png","type":"skin","rarity":1,"price":9},"FAMAS | CaliCamo":{"souvenirAvailable":true,"masterItem":true,"qualities":[5,4,3,2,1],"skin":"CaliCamo","weapon":"FAMAS","short":"FAMAS | CaliCamo","name":"FAMAS | CaliCamo","src":"https://steamcdn-a.akamaihd.net/apps/730/icons/econ/default_generated/weapon_famas_hy_varicamo_desert_light_large.b650a2a051a809d716d4298d2387729456a404ce.png","type":"skin","rarity":1,"price":37,"minPrice":8},"AWP | Desert Hydra (Factory New)":{"quality":5,"skin":"Desert Hydra","weapon":"AWP","short":"AWP | Desert Hydra","name":"AWP | Desert Hydra (Factory New)","src":"https://steamcdn-a.akamaihd.net/apps/730/icons/econ/default_generated/weapon_awp_gs_awp_hydra_light_large.a69be92dd5f9eef4d88b9c640f3dbf15d8c8f78c.png","type":"skin","rarity":5,"price":10528},"AWP | Desert Hydra (Minimal Wear)":{"quality":4,"skin":"Desert Hydra","weapon":"AWP","short":"AWP | Desert Hydra","name":"AWP | Desert Hydra (Minimal Wear)","src":"https://steamcdn-a.akamaihd.net/apps/730/icons/econ/default_generated/weapon_awp_gs_awp_hydra_light_large.a69be92dd5f9eef4d88b9c640f3dbf15d8c8f78c.png","type":"skin","rarity":5,"price":9377},"AWP | Desert Hydra (Field-Tested)":{"quality":3,"skin":"Desert Hydra","weapon":"AWP","short":"AWP | Desert Hydra","name":"AWP | Desert Hydra (Field-Tested)","src":"https://steamcdn-a.akamaihd.net/apps/730/icons/econ/default_generated/weapon_awp_gs_awp_hydra_light_large.a69be92dd5f9eef4d88b9c640f3dbf15d8c8f78c.png","type":"skin","rarity":5,"price":148722},"AWP | Desert Hydra (Well-Worn)":{"quality":2,"skin":"Desert Hydra","weapon":"AWP","short":"AWP | Desert Hydra","name":"AWP | Desert Hydra (Well-Worn)","src":"https://steamcdn-a.akamaihd.net/apps/730/icons/econ/default_generated/weapon_awp_gs_awp_hydra_light_large.a69be92dd5f9eef4d88b9c640f3dbf15d8c8f78c.png","type":"skin","rarity":5,"price":140130},"AWP | Desert Hydra (Battle-Scarred)":{"quality":1,"skin":"Desert Hydra","weapon":"AWP","short":"AWP | Desert Hydra","name":"AWP | Desert Hydra (Battle-Scarred)","src":"https://steamcdn-a.akamaihd.net/apps/730/icons/econ/default_generated/weapon_awp_gs_awp_hydra_light_large.a69be92dd5f9eef4d88b9c640f3dbf15d8c8f78c.png","type":"skin","rarity":5,"price":118028},"Souvenir AWP | Desert Hydra (Factory New)":{"souvenir":true,"quality":5,"skin":"Desert Hydra","weapon":"AWP","short":"AWP | Desert Hydra","name":"Souvenir AWP | Desert Hydra (Factory New)","src":"https://steamcdn-a.akamaihd.net/apps/730/icons/econ/default_generated/weapon_awp_gs_awp_hydra_light_large.a69be92dd5f9eef4d88b9c640f3dbf15d8c8f78c.png","type":"skin","rarity":5,"price":6337},"Souvenir AWP | Desert Hydra (Minimal Wear)":{"souvenir":true,"quality":4,"skin":"Desert Hydra","weapon":"AWP","short":"AWP | Desert Hydra","name":"Souvenir AWP | Desert Hydra (Minimal Wear)","src":"https://steamcdn-a.akamaihd.net/apps/730/icons/econ/default_generated/weapon_awp_gs_awp_hydra_light_large.a69be92dd5f9eef4d88b9c640f3dbf15d8c8f78c.png","type":"skin","rarity":5,"price":6812},"Souvenir AWP | Desert Hydra (Field-Tested)":{"souvenir":true,"quality":3,"skin":"Desert Hydra","weapon":"AWP","short":"AWP | Desert Hydra","name":"Souvenir AWP | Desert Hydra (Field-Tested)","src":"https://steamcdn-a.akamaihd.net/apps/730/icons/econ/default_generated/weapon_awp_gs_awp_hydra_light_large.a69be92dd5f9eef4d88b9c640f3dbf15d8c8f78c.png","type":"skin","rarity":5,"price":6126},"Souvenir AWP | Desert Hydra (Well-Worn)":{"souvenir":true,"quality":2,"skin":"Desert Hydra","weapon":"AWP","short":"AWP | Desert Hydra","name":"Souvenir AWP | Desert Hydra (Well-Worn)","src":"https://steamcdn-a.akamaihd.net/apps/730/icons/econ/default_generated/weapon_awp_gs_awp_hydra_light_large.a69be92dd5f9eef4d88b9c640f3dbf15d8c8f78c.png","type":"skin","rarity":5,"price":4341},"Souvenir AWP | Desert Hydra (Battle-Scarred)":{"souvenir":true,"quality":1,"skin":"Desert Hydra","weapon":"AWP","short":"AWP | Desert Hydra","name":"Souvenir AWP | Desert Hydra (Battle-Scarred)","src":"https://steamcdn-a.akamaihd.net/apps/730/icons/econ/default_generated/weapon_awp_gs_awp_hydra_light_large.a69be92dd5f9eef4d88b9c640f3dbf15d8c8f78c.png","type":"skin","rarity":5,"price":3795},"AWP | Desert Hydra":{"souvenirAvailable":true,"masterItem":true,"qualities":[5,4,3,2,1],"skin":"Desert Hydra","weapon":"AWP","short":"AWP | Desert Hydra","name":"AWP | Desert Hydra","src":"https://steamcdn-a.akamaihd.net/apps/730/icons/econ/default_generated/weapon_awp_gs_awp_hydra_light_large.a69be92dd5f9eef4d88b9c640f3dbf15d8c8f78c.png","type":"skin","rarity":5,"price":148722,"minPrice":3795},"MAC-10 | Sienna Damask (Factory New)":{"quality":5,"skin":"Sienna Damask","weapon":"MAC-10","short":"MAC-10 | Sienna Damask","name":"MAC-10 | Sienna Damask (Factory New)","src":"https://steamcdn-a.akamaihd.net/apps/730/icons/econ/default_generated/weapon_mac10_sp_mirage_flowers_tan_light_large.661511b89c0776fc024cf6b8e10390fa93e7aad6.png","type":"skin","rarity":0,"price":9},"MAC-10 | Sienna Damask (Minimal Wear)":{"quality":4,"skin":"Sienna Damask","weapon":"MAC-10","short":"MAC-10 | Sienna Damask","name":"MAC-10 | Sienna Damask (Minimal Wear)","src":"https://steamcdn-a.akamaihd.net/apps/730/icons/econ/default_generated/weapon_mac10_sp_mirage_flowers_tan_light_large.661511b89c0776fc024cf6b8e10390fa93e7aad6.png","type":"skin","rarity":0,"price":6},"MAC-10 | Sienna Damask (Field-Tested)":{"quality":3,"skin":"Sienna Damask","weapon":"MAC-10","short":"MAC-10 | Sienna Damask","name":"MAC-10 | Sienna Damask (Field-Tested)","src":"https://steamcdn-a.akamaihd.net/apps/730/icons/econ/default_generated/weapon_mac10_sp_mirage_flowers_tan_light_large.661511b89c0776fc024cf6b8e10390fa93e7aad6.png","type":"skin","rarity":0,"price":5},"MAC-10 | Sienna Damask (Well-Worn)":{"quality":2,"skin":"Sienna Damask","weapon":"MAC-10","short":"MAC-10 | Sienna Damask","name":"MAC-10 | Sienna Damask (Well-Worn)","src":"https://steamcdn-a.akamaihd.net/apps/730/icons/econ/default_generated/weapon_mac10_sp_mirage_flowers_tan_light_large.661511b89c0776fc024cf6b8e10390fa93e7aad6.png","type":"skin","rarity":0,"price":5},"MAC-10 | Sienna Damask (Battle-Scarred)":{"quality":1,"skin":"Sienna Damask","weapon":"MAC-10","short":"MAC-10 | Sienna Damask","name":"MAC-10 | Sienna Damask (Battle-Scarred)","src":"https://steamcdn-a.akamaihd.net/apps/730/icons/econ/default_generated/weapon_mac10_sp_mirage_flowers_tan_light_large.661511b89c0776fc024cf6b8e10390fa93e7aad6.png","type":"skin","rarity":0,"price":5},"Souvenir MAC-10 | Sienna Damask (Factory New)":{"souvenir":true,"quality":5,"skin":"Sienna Damask","weapon":"MAC-10","short":"MAC-10 | Sienna Damask","name":"Souvenir MAC-10 | Sienna Damask (Factory New)","src":"https://steamcdn-a.akamaihd.net/apps/730/icons/econ/default_generated/weapon_mac10_sp_mirage_flowers_tan_light_large.661511b89c0776fc024cf6b8e10390fa93e7aad6.png","type":"skin","rarity":0,"price":5},"Souvenir MAC-10 | Sienna Damask (Minimal Wear)":{"souvenir":true,"quality":4,"skin":"Sienna Damask","weapon":"MAC-10","short":"MAC-10 | Sienna Damask","name":"Souvenir MAC-10 | Sienna Damask (Minimal Wear)","src":"https://steamcdn-a.akamaihd.net/apps/730/icons/econ/default_generated/weapon_mac10_sp_mirage_flowers_tan_light_large.661511b89c0776fc024cf6b8e10390fa93e7aad6.png","type":"skin","rarity":0,"price":3},"Souvenir MAC-10 | Sienna Damask (Field-Tested)":{"souvenir":true,"quality":3,"skin":"Sienna Damask","weapon":"MAC-10","short":"MAC-10 | Sienna Damask","name":"Souvenir MAC-10 | Sienna Damask (Field-Tested)","src":"https://steamcdn-a.akamaihd.net/apps/730/icons/econ/default_generated/weapon_mac10_sp_mirage_flowers_tan_light_large.661511b89c0776fc024cf6b8e10390fa93e7aad6.png","type":"skin","rarity":0,"price":3},"Souvenir MAC-10 | Sienna Damask (Well-Worn)":{"souvenir":true,"quality":2,"skin":"Sienna Damask","weapon":"MAC-10","short":"MAC-10 | Sienna Damask","name":"Souvenir MAC-10 | Sienna Damask (Well-Worn)","src":"https://steamcdn-a.akamaihd.net/apps/730/icons/econ/default_generated/weapon_mac10_sp_mirage_flowers_tan_light_large.661511b89c0776fc024cf6b8e10390fa93e7aad6.png","type":"skin","rarity":0,"price":4},"Souvenir MAC-10 | Sienna Damask (Battle-Scarred)":{"souvenir":true,"quality":1,"skin":"Sienna Damask","weapon":"MAC-10","short":"MAC-10 | Sienna Damask","name":"Souvenir MAC-10 | Sienna Damask (Battle-Scarred)","src":"https://steamcdn-a.akamaihd.net/apps/730/icons/econ/default_generated/weapon_mac10_sp_mirage_flowers_tan_light_large.661511b89c0776fc024cf6b8e10390fa93e7aad6.png","type":"skin","rarity":0,"price":3},"MAC-10 | Sienna Damask":{"souvenirAvailable":true,"masterItem":true,"qualities":[5,4,3,2,1],"skin":"Sienna Damask","weapon":"MAC-10","short":"MAC-10 | Sienna Damask","name":"MAC-10 | Sienna Damask","src":"https://steamcdn-a.akamaihd.net/apps/730/icons/econ/default_generated/weapon_mac10_sp_mirage_flowers_tan_light_large.661511b89c0776fc024cf6b8e10390fa93e7aad6.png","type":"skin","rarity":0,"price":9,"minPrice":3},"PP-Bizon | Anolis (Factory New)":{"quality":5,"skin":"Anolis","weapon":"PP-Bizon","short":"PP-Bizon | Anolis","name":"PP-Bizon | Anolis (Factory New)","src":"https://steamcdn-a.akamaihd.net/apps/730/icons/econ/default_generated/weapon_bizon_hy_lizard_skin_light_large.4731c7f1d21196c4971405a722c36911b1d23aae.png","type":"skin","rarity":0,"price":9},"PP-Bizon | Anolis (Minimal Wear)":{"quality":4,"skin":"Anolis","weapon":"PP-Bizon","short":"PP-Bizon | Anolis","name":"PP-Bizon | Anolis (Minimal Wear)","src":"https://steamcdn-a.akamaihd.net/apps/730/icons/econ/default_generated/weapon_bizon_hy_lizard_skin_light_large.4731c7f1d21196c4971405a722c36911b1d23aae.png","type":"skin","rarity":0,"price":6},"PP-Bizon | Anolis (Field-Tested)":{"quality":3,"skin":"Anolis","weapon":"PP-Bizon","short":"PP-Bizon | Anolis","name":"PP-Bizon | Anolis (Field-Tested)","src":"https://steamcdn-a.akamaihd.net/apps/730/icons/econ/default_generated/weapon_bizon_hy_lizard_skin_light_large.4731c7f1d21196c4971405a722c36911b1d23aae.png","type":"skin","rarity":0,"price":5},"PP-Bizon | Anolis (Well-Worn)":{"quality":2,"skin":"Anolis","weapon":"PP-Bizon","short":"PP-Bizon | Anolis","name":"PP-Bizon | Anolis (Well-Worn)","src":"https://steamcdn-a.akamaihd.net/apps/730/icons/econ/default_generated/weapon_bizon_hy_lizard_skin_light_large.4731c7f1d21196c4971405a722c36911b1d23aae.png","type":"skin","rarity":0,"price":6},"PP-Bizon | Anolis (Battle-Scarred)":{"quality":1,"skin":"Anolis","weapon":"PP-Bizon","short":"PP-Bizon | Anolis","name":"PP-Bizon | Anolis (Battle-Scarred)","src":"https://steamcdn-a.akamaihd.net/apps/730/icons/econ/default_generated/weapon_bizon_hy_lizard_skin_light_large.4731c7f1d21196c4971405a722c36911b1d23aae.png","type":"skin","rarity":0,"price":5},"Souvenir PP-Bizon | Anolis (Factory New)":{"souvenir":true,"quality":5,"skin":"Anolis","weapon":"PP-Bizon","short":"PP-Bizon | Anolis","name":"Souvenir PP-Bizon | Anolis (Factory New)","src":"https://steamcdn-a.akamaihd.net/apps/730/icons/econ/default_generated/weapon_bizon_hy_lizard_skin_light_large.4731c7f1d21196c4971405a722c36911b1d23aae.png","type":"skin","rarity":0,"price":4},"Souvenir PP-Bizon | Anolis (Minimal Wear)":{"souvenir":true,"quality":4,"skin":"Anolis","weapon":"PP-Bizon","short":"PP-Bizon | Anolis","name":"Souvenir PP-Bizon | Anolis (Minimal Wear)","src":"https://steamcdn-a.akamaihd.net/apps/730/icons/econ/default_generated/weapon_bizon_hy_lizard_skin_light_large.4731c7f1d21196c4971405a722c36911b1d23aae.png","type":"skin","rarity":0,"price":3},"Souvenir PP-Bizon | Anolis (Field-Tested)":{"souvenir":true,"quality":3,"skin":"Anolis","weapon":"PP-Bizon","short":"PP-Bizon | Anolis","name":"Souvenir PP-Bizon | Anolis (Field-Tested)","src":"https://steamcdn-a.akamaihd.net/apps/730/icons/econ/default_generated/weapon_bizon_hy_lizard_skin_light_large.4731c7f1d21196c4971405a722c36911b1d23aae.png","type":"skin","rarity":0,"price":3},"Souvenir PP-Bizon | Anolis (Well-Worn)":{"souvenir":true,"quality":2,"skin":"Anolis","weapon":"PP-Bizon","short":"PP-Bizon | Anolis","name":"Souvenir PP-Bizon | Anolis (Well-Worn)","src":"https://steamcdn-a.akamaihd.net/apps/730/icons/econ/default_generated/weapon_bizon_hy_lizard_skin_light_large.4731c7f1d21196c4971405a722c36911b1d23aae.png","type":"skin","rarity":0,"price":3},"Souvenir PP-Bizon | Anolis (Battle-Scarred)":{"souvenir":true,"quality":1,"skin":"Anolis","weapon":"PP-Bizon","short":"PP-Bizon | Anolis","name":"Souvenir PP-Bizon | Anolis (Battle-Scarred)","src":"https://steamcdn-a.akamaihd.net/apps/730/icons/econ/default_generated/weapon_bizon_hy_lizard_skin_light_large.4731c7f1d21196c4971405a722c36911b1d23aae.png","type":"skin","rarity":0,"price":3},"PP-Bizon | Anolis":{"souvenirAvailable":true,"masterItem":true,"qualities":[5,4,3,2,1],"skin":"Anolis","weapon":"PP-Bizon","short":"PP-Bizon | Anolis","name":"PP-Bizon | Anolis","src":"https://steamcdn-a.akamaihd.net/apps/730/icons/econ/default_generated/weapon_bizon_hy_lizard_skin_light_large.4731c7f1d21196c4971405a722c36911b1d23aae.png","type":"skin","rarity":0,"price":9,"minPrice":3}}