{
  "The Mirage Collection": {
    "name": "The Mirage Collection",
    "src": "images/items/collections/mirage.webp",
    "price": 1261,
    "type": "case",
    "rarity": 0,
    "content": {
      "items": [
        "MP9 | Hot Rod (Factory New)", "MP9 | Hot Rod (Minimal Wear)", "Souvenir MP9 | Hot Rod (Factory New)",
        "Souvenir MP9 | Hot Rod (Minimal Wear)", "MAG-7 | Bulldozer (Factory New)", "MAG-7 | Bulldozer (Minimal Wear)",
        "MAG-7 | Bulldozer (Field-Tested)", "MAG-7 | Bulldozer (Well-Worn)", "MAG-7 | Bulldozer (Battle-Scarred)",
        "Souvenir MAG-7 | Bulldozer (Factory New)", "Souvenir MAG-7 | Bulldozer (Minimal Wear)",
        "Souvenir MAG-7 | Bulldozer (Field-Tested)", "Souvenir MAG-7 | Bulldozer (Well-Worn)",
        "Souvenir MAG-7 | Bulldozer (Battle-Scarred)", "UMP-45 | Blaze (Factory New)", "UMP-45 | Blaze (Minimal Wear)",
        "Souvenir UMP-45 | Blaze (Factory New)", "Souvenir UMP-45 | Blaze (Minimal Wear)",
        "Negev | CaliCamo (Factory New)", "Negev | CaliCamo (Minimal Wear)", "Negev | CaliCamo (Field-Tested)",
        "Negev | CaliCamo (Well-Worn)", "Negev | CaliCamo (Battle-Scarred)", "Souvenir Negev | CaliCamo (Factory New)",
        "Souvenir Negev | CaliCamo (Minimal Wear)", "Souvenir Negev | CaliCamo (Field-Tested)",
        "Souvenir Negev | CaliCamo (Well-Worn)", "Souvenir Negev | CaliCamo (Battle-Scarred)",
        "MAC-10 | Amber Fade (Factory New)", "MAC-10 | Amber Fade (Minimal Wear)", "MAC-10 | Amber Fade (Field-Tested)",
        "MAC-10 | Amber Fade (Well-Worn)", "Souvenir MAC-10 | Amber Fade (Factory New)",
        "Souvenir MAC-10 | Amber Fade (Minimal Wear)", "Souvenir MAC-10 | Amber Fade (Field-Tested)",
        "Souvenir MAC-10 | Amber Fade (Well-Worn)", "SSG 08 | Tropical Storm (Factory New)",
        "SSG 08 | Tropical Storm (Minimal Wear)", "SSG 08 | Tropical Storm (Field-Tested)",
        "SSG 08 | Tropical Storm (Well-Worn)", "SSG 08 | Tropical Storm (Battle-Scarred)",
        "Souvenir SSG 08 | Tropical Storm (Factory New)", "Souvenir SSG 08 | Tropical Storm (Minimal Wear)",
        "Souvenir SSG 08 | Tropical Storm (Field-Tested)", "Souvenir SSG 08 | Tropical Storm (Well-Worn)",
        "Souvenir SSG 08 | Tropical Storm (Battle-Scarred)", "MP7 | Orange Peel (Factory New)",
        "MP7 | Orange Peel (Minimal Wear)", "MP7 | Orange Peel (Field-Tested)", "MP7 | Orange Peel (Well-Worn)",
        "MP7 | Orange Peel (Battle-Scarred)", "Souvenir MP7 | Orange Peel (Factory New)",
        "Souvenir MP7 | Orange Peel (Minimal Wear)", "Souvenir MP7 | Orange Peel (Field-Tested)",
        "Souvenir MP7 | Orange Peel (Well-Worn)", "Souvenir MP7 | Orange Peel (Battle-Scarred)",
        "P250 | Bone Mask (Factory New)", "P250 | Bone Mask (Minimal Wear)", "P250 | Bone Mask (Field-Tested)",
        "P250 | Bone Mask (Well-Worn)", "P250 | Bone Mask (Battle-Scarred)", "Souvenir P250 | Bone Mask (Factory New)",
        "Souvenir P250 | Bone Mask (Minimal Wear)", "Souvenir P250 | Bone Mask (Field-Tested)",
        "Souvenir P250 | Bone Mask (Well-Worn)", "Souvenir P250 | Bone Mask (Battle-Scarred)",
        "AUG | Colony (Factory New)", "AUG | Colony (Minimal Wear)", "AUG | Colony (Field-Tested)",
        "AUG | Colony (Well-Worn)", "AUG | Colony (Battle-Scarred)", "Souvenir AUG | Colony (Factory New)",
        "Souvenir AUG | Colony (Minimal Wear)", "Souvenir AUG | Colony (Field-Tested)",
        "Souvenir AUG | Colony (Well-Worn)", "Souvenir AUG | Colony (Battle-Scarred)", "P90 | Scorched (Factory New)",
        "P90 | Scorched (Minimal Wear)", "P90 | Scorched (Field-Tested)", "P90 | Scorched (Well-Worn)",
        "P90 | Scorched (Battle-Scarred)", "Souvenir P90 | Scorched (Factory New)",
        "Souvenir P90 | Scorched (Minimal Wear)", "Souvenir P90 | Scorched (Field-Tested)",
        "Souvenir P90 | Scorched (Well-Worn)", "Souvenir P90 | Scorched (Battle-Scarred)",
        "Five-SeveN | Contractor (Factory New)", "Five-SeveN | Contractor (Minimal Wear)",
        "Five-SeveN | Contractor (Field-Tested)", "Five-SeveN | Contractor (Well-Worn)",
        "Five-SeveN | Contractor (Battle-Scarred)", "Souvenir Five-SeveN | Contractor (Factory New)",
        "Souvenir Five-SeveN | Contractor (Minimal Wear)", "Souvenir Five-SeveN | Contractor (Field-Tested)",
        "Souvenir Five-SeveN | Contractor (Well-Worn)", "Souvenir Five-SeveN | Contractor (Battle-Scarred)",
        "G3SG1 | Safari Mesh (Factory New)", "G3SG1 | Safari Mesh (Minimal Wear)", "G3SG1 | Safari Mesh (Field-Tested)",
        "G3SG1 | Safari Mesh (Well-Worn)", "G3SG1 | Safari Mesh (Battle-Scarred)",
        "Souvenir G3SG1 | Safari Mesh (Factory New)", "Souvenir G3SG1 | Safari Mesh (Minimal Wear)",
        "Souvenir G3SG1 | Safari Mesh (Field-Tested)", "Souvenir G3SG1 | Safari Mesh (Well-Worn)",
        "Souvenir G3SG1 | Safari Mesh (Battle-Scarred)", "Glock-18 | Groundwater (Factory New)",
        "Glock-18 | Groundwater (Minimal Wear)", "Glock-18 | Groundwater (Field-Tested)",
        "Glock-18 | Groundwater (Well-Worn)", "Glock-18 | Groundwater (Battle-Scarred)",
        "Souvenir Glock-18 | Groundwater (Factory New)", "Souvenir Glock-18 | Groundwater (Minimal Wear)",
        "Souvenir Glock-18 | Groundwater (Field-Tested)", "Souvenir Glock-18 | Groundwater (Well-Worn)",
        "Souvenir Glock-18 | Groundwater (Battle-Scarred)", "Galil AR | Hunting Blind (Factory New)",
        "Galil AR | Hunting Blind (Minimal Wear)", "Galil AR | Hunting Blind (Field-Tested)",
        "Galil AR | Hunting Blind (Well-Worn)", "Galil AR | Hunting Blind (Battle-Scarred)",
        "Souvenir Galil AR | Hunting Blind (Factory New)", "Souvenir Galil AR | Hunting Blind (Minimal Wear)",
        "Souvenir Galil AR | Hunting Blind (Field-Tested)", "Souvenir Galil AR | Hunting Blind (Well-Worn)",
        "Souvenir Galil AR | Hunting Blind (Battle-Scarred)", "SG 553 | Gator Mesh (Factory New)",
        "SG 553 | Gator Mesh (Minimal Wear)", "SG 553 | Gator Mesh (Field-Tested)", "SG 553 | Gator Mesh (Well-Worn)",
        "SG 553 | Gator Mesh (Battle-Scarred)", "Souvenir SG 553 | Gator Mesh (Factory New)",
        "Souvenir SG 553 | Gator Mesh (Minimal Wear)", "Souvenir SG 553 | Gator Mesh (Field-Tested)",
        "Souvenir SG 553 | Gator Mesh (Well-Worn)", "Souvenir SG 553 | Gator Mesh (Battle-Scarred)"
      ]
    }
  },
  "MP9 | Hot Rod (Factory New)": {
    "quality": 5,
    "weight": 0.05,
    "skin": "Hot Rod",
    "weapon": "MP9",
    "short": "MP9 | Hot Rod",
    "name": "MP9 | Hot Rod (Factory New)",
    "src": "https://steamcdn-a.akamaihd.net/apps/730/icons/econ/default_generated/weapon_mp9_an_red_light_large.051bb03c037d5218c15c2b9f9797b21b5d0744a8.png",
    "type": "skin",
    "rarity": 2,
    "price": 2084
  },
  "MP9 | Hot Rod (Minimal Wear)": {
    "quality": 4,
    "weight": 0.05,
    "skin": "Hot Rod",
    "weapon": "MP9",
    "short": "MP9 | Hot Rod",
    "name": "MP9 | Hot Rod (Minimal Wear)",
    "src": "https://steamcdn-a.akamaihd.net/apps/730/icons/econ/default_generated/weapon_mp9_an_red_light_large.051bb03c037d5218c15c2b9f9797b21b5d0744a8.png",
    "type": "skin",
    "rarity": 2,
    "price": 2536
  },
  "Souvenir MP9 | Hot Rod (Factory New)": {
    "souvenir": true,
    "quality": 5,
    "weight": 0.05,
    "skin": "Hot Rod",
    "weapon": "MP9",
    "short": "MP9 | Hot Rod",
    "name": "Souvenir MP9 | Hot Rod (Factory New)",
    "src": "https://steamcdn-a.akamaihd.net/apps/730/icons/econ/default_generated/weapon_mp9_an_red_light_large.051bb03c037d5218c15c2b9f9797b21b5d0744a8.png",
    "type": "skin",
    "rarity": 2,
    "price": 3293
  },
  "Souvenir MP9 | Hot Rod (Minimal Wear)": {
    "souvenir": true,
    "quality": 4,
    "weight": 0.05,
    "skin": "Hot Rod",
    "weapon": "MP9",
    "short": "MP9 | Hot Rod",
    "name": "Souvenir MP9 | Hot Rod (Minimal Wear)",
    "src": "https://steamcdn-a.akamaihd.net/apps/730/icons/econ/default_generated/weapon_mp9_an_red_light_large.051bb03c037d5218c15c2b9f9797b21b5d0744a8.png",
    "type": "skin",
    "rarity": 2,
    "price": 3767
  },
  "MP9 | Hot Rod": {
    "souvenirAvailable": true,
    "masterItem": true,
    "qualities": [5, 4],
    "skin": "Hot Rod",
    "weapon": "MP9",
    "short": "MP9 | Hot Rod",
    "name": "MP9 | Hot Rod",
    "src": "https://steamcdn-a.akamaihd.net/apps/730/icons/econ/default_generated/weapon_mp9_an_red_light_large.051bb03c037d5218c15c2b9f9797b21b5d0744a8.png",
    "type": "skin",
    "rarity": 2,
    "price": 3767,
    "minPrice": 2084
  },
  "MAG-7 | Bulldozer (Factory New)": {
    "quality": 5,
    "weight": 0.05,
    "skin": "Bulldozer",
    "weapon": "MAG-7",
    "short": "MAG-7 | Bulldozer",
    "name": "MAG-7 | Bulldozer (Factory New)",
    "src": "https://steamcdn-a.akamaihd.net/apps/730/icons/econ/default_generated/weapon_mag7_so_yellow_light_large.bb2e6280c1d92a574c93123d79d5724276db69f3.png",
    "type": "skin",
    "rarity": 3,
    "price": 12883
  },
  "MAG-7 | Bulldozer (Minimal Wear)": {
    "quality": 4,
    "weight": 0.05,
    "skin": "Bulldozer",
    "weapon": "MAG-7",
    "short": "MAG-7 | Bulldozer",
    "name": "MAG-7 | Bulldozer (Minimal Wear)",
    "src": "https://steamcdn-a.akamaihd.net/apps/730/icons/econ/default_generated/weapon_mag7_so_yellow_light_large.bb2e6280c1d92a574c93123d79d5724276db69f3.png",
    "type": "skin",
    "rarity": 3,
    "price": 830
  },
  "MAG-7 | Bulldozer (Field-Tested)": {
    "quality": 3,
    "weight": 0.05,
    "skin": "Bulldozer",
    "weapon": "MAG-7",
    "short": "MAG-7 | Bulldozer",
    "name": "MAG-7 | Bulldozer (Field-Tested)",
    "src": "https://steamcdn-a.akamaihd.net/apps/730/icons/econ/default_generated/weapon_mag7_so_yellow_light_large.bb2e6280c1d92a574c93123d79d5724276db69f3.png",
    "type": "skin",
    "rarity": 3,
    "price": 147
  },
  "MAG-7 | Bulldozer (Well-Worn)": {
    "quality": 2,
    "weight": 0.05,
    "skin": "Bulldozer",
    "weapon": "MAG-7",
    "short": "MAG-7 | Bulldozer",
    "name": "MAG-7 | Bulldozer (Well-Worn)",
    "src": "https://steamcdn-a.akamaihd.net/apps/730/icons/econ/default_generated/weapon_mag7_so_yellow_light_large.bb2e6280c1d92a574c93123d79d5724276db69f3.png",
    "type": "skin",
    "rarity": 3,
    "price": 168
  },
  "MAG-7 | Bulldozer (Battle-Scarred)": {
    "quality": 1,
    "weight": 0.05,
    "skin": "Bulldozer",
    "weapon": "MAG-7",
    "short": "MAG-7 | Bulldozer",
    "name": "MAG-7 | Bulldozer (Battle-Scarred)",
    "src": "https://steamcdn-a.akamaihd.net/apps/730/icons/econ/default_generated/weapon_mag7_so_yellow_light_large.bb2e6280c1d92a574c93123d79d5724276db69f3.png",
    "type": "skin",
    "rarity": 3,
    "price": 127
  },
  "Souvenir MAG-7 | Bulldozer (Factory New)": {
    "souvenir": true,
    "quality": 5,
    "weight": 0.05,
    "skin": "Bulldozer",
    "weapon": "MAG-7",
    "short": "MAG-7 | Bulldozer",
    "name": "Souvenir MAG-7 | Bulldozer (Factory New)",
    "src": "https://steamcdn-a.akamaihd.net/apps/730/icons/econ/default_generated/weapon_mag7_so_yellow_light_large.bb2e6280c1d92a574c93123d79d5724276db69f3.png",
    "type": "skin",
    "rarity": 3,
    "price": 867
  },
  "Souvenir MAG-7 | Bulldozer (Minimal Wear)": {
    "souvenir": true,
    "quality": 4,
    "weight": 0.05,
    "skin": "Bulldozer",
    "weapon": "MAG-7",
    "short": "MAG-7 | Bulldozer",
    "name": "Souvenir MAG-7 | Bulldozer (Minimal Wear)",
    "src": "https://steamcdn-a.akamaihd.net/apps/730/icons/econ/default_generated/weapon_mag7_so_yellow_light_large.bb2e6280c1d92a574c93123d79d5724276db69f3.png",
    "type": "skin",
    "rarity": 3,
    "price": 2534
  },
  "Souvenir MAG-7 | Bulldozer (Field-Tested)": {
    "souvenir": true,
    "quality": 3,
    "weight": 0.05,
    "skin": "Bulldozer",
    "weapon": "MAG-7",
    "short": "MAG-7 | Bulldozer",
    "name": "Souvenir MAG-7 | Bulldozer (Field-Tested)",
    "src": "https://steamcdn-a.akamaihd.net/apps/730/icons/econ/default_generated/weapon_mag7_so_yellow_light_large.bb2e6280c1d92a574c93123d79d5724276db69f3.png",
    "type": "skin",
    "rarity": 3,
    "price": 561
  },
  "Souvenir MAG-7 | Bulldozer (Well-Worn)": {
    "souvenir": true,
    "quality": 2,
    "weight": 0.05,
    "skin": "Bulldozer",
    "weapon": "MAG-7",
    "short": "MAG-7 | Bulldozer",
    "name": "Souvenir MAG-7 | Bulldozer (Well-Worn)",
    "src": "https://steamcdn-a.akamaihd.net/apps/730/icons/econ/default_generated/weapon_mag7_so_yellow_light_large.bb2e6280c1d92a574c93123d79d5724276db69f3.png",
    "type": "skin",
    "rarity": 3,
    "price": 553
  },
  "Souvenir MAG-7 | Bulldozer (Battle-Scarred)": {
    "souvenir": true,
    "quality": 1,
    "weight": 0.05,
    "skin": "Bulldozer",
    "weapon": "MAG-7",
    "short": "MAG-7 | Bulldozer",
    "name": "Souvenir MAG-7 | Bulldozer (Battle-Scarred)",
    "src": "https://steamcdn-a.akamaihd.net/apps/730/icons/econ/default_generated/weapon_mag7_so_yellow_light_large.bb2e6280c1d92a574c93123d79d5724276db69f3.png",
    "type": "skin",
    "rarity": 3,
    "price": 348
  },
  "MAG-7 | Bulldozer": {
    "souvenirAvailable": true,
    "masterItem": true,
    "qualities": [5, 4, 3, 2, 1],
    "skin": "Bulldozer",
    "weapon": "MAG-7",
    "short": "MAG-7 | Bulldozer",
    "name": "MAG-7 | Bulldozer",
    "src": "https://steamcdn-a.akamaihd.net/apps/730/icons/econ/default_generated/weapon_mag7_so_yellow_light_large.bb2e6280c1d92a574c93123d79d5724276db69f3.png",
    "type": "skin",
    "rarity": 3,
    "price": 12883,
    "minPrice": 127
  },
  "UMP-45 | Blaze (Factory New)": {
    "quality": 5,
    "weight": 0.05,
    "skin": "Blaze",
    "weapon": "UMP-45",
    "short": "UMP-45 | Blaze",
    "name": "UMP-45 | Blaze (Factory New)",
    "src": "https://steamcdn-a.akamaihd.net/apps/730/icons/econ/default_generated/weapon_ump45_aa_flames_light_large.03387f4a0a4ac6fe60437ec998e93de0b39e9b8b.png",
    "type": "skin",
    "rarity": 2,
    "price": 1414
  },
  "UMP-45 | Blaze (Minimal Wear)": {
    "quality": 4,
    "weight": 0.05,
    "skin": "Blaze",
    "weapon": "UMP-45",
    "short": "UMP-45 | Blaze",
    "name": "UMP-45 | Blaze (Minimal Wear)",
    "src": "https://steamcdn-a.akamaihd.net/apps/730/icons/econ/default_generated/weapon_ump45_aa_flames_light_large.03387f4a0a4ac6fe60437ec998e93de0b39e9b8b.png",
    "type": "skin",
    "rarity": 2,
    "price": 2362
  },
  "Souvenir UMP-45 | Blaze (Factory New)": {
    "souvenir": true,
    "quality": 5,
    "weight": 0.05,
    "skin": "Blaze",
    "weapon": "UMP-45",
    "short": "UMP-45 | Blaze",
    "name": "Souvenir UMP-45 | Blaze (Factory New)",
    "src": "https://steamcdn-a.akamaihd.net/apps/730/icons/econ/default_generated/weapon_ump45_aa_flames_light_large.03387f4a0a4ac6fe60437ec998e93de0b39e9b8b.png",
    "type": "skin",
    "rarity": 2,
    "price": 2615
  },
  "Souvenir UMP-45 | Blaze (Minimal Wear)": {
    "souvenir": true,
    "quality": 4,
    "weight": 0.05,
    "skin": "Blaze",
    "weapon": "UMP-45",
    "short": "UMP-45 | Blaze",
    "name": "Souvenir UMP-45 | Blaze (Minimal Wear)",
    "src": "https://steamcdn-a.akamaihd.net/apps/730/icons/econ/default_generated/weapon_ump45_aa_flames_light_large.03387f4a0a4ac6fe60437ec998e93de0b39e9b8b.png",
    "type": "skin",
    "rarity": 2,
    "price": 5901
  },
  "UMP-45 | Blaze": {
    "souvenirAvailable": true,
    "masterItem": true,
    "qualities": [5, 4],
    "skin": "Blaze",
    "weapon": "UMP-45",
    "short": "UMP-45 | Blaze",
    "name": "UMP-45 | Blaze",
    "src": "https://steamcdn-a.akamaihd.net/apps/730/icons/econ/default_generated/weapon_ump45_aa_flames_light_large.03387f4a0a4ac6fe60437ec998e93de0b39e9b8b.png",
    "type": "skin",
    "rarity": 2,
    "price": 5901,
    "minPrice": 1414
  },
  "Negev | CaliCamo (Factory New)": {
    "quality": 5,
    "weight": 0.05,
    "skin": "CaliCamo",
    "weapon": "Negev",
    "short": "Negev | CaliCamo",
    "name": "Negev | CaliCamo (Factory New)",
    "src": "https://steamcdn-a.akamaihd.net/apps/730/icons/econ/default_generated/weapon_negev_hy_varicamo_desert_light_large.169bd7cc986fe8b3411c2f8dc484dad4ee9fff71.png",
    "type": "skin",
    "rarity": 1,
    "price": 374
  },
  "Negev | CaliCamo (Minimal Wear)": {
    "quality": 4,
    "weight": 0.05,
    "skin": "CaliCamo",
    "weapon": "Negev",
    "short": "Negev | CaliCamo",
    "name": "Negev | CaliCamo (Minimal Wear)",
    "src": "https://steamcdn-a.akamaihd.net/apps/730/icons/econ/default_generated/weapon_negev_hy_varicamo_desert_light_large.169bd7cc986fe8b3411c2f8dc484dad4ee9fff71.png",
    "type": "skin",
    "rarity": 1,
    "price": 294
  },
  "Negev | CaliCamo (Field-Tested)": {
    "quality": 3,
    "weight": 0.05,
    "skin": "CaliCamo",
    "weapon": "Negev",
    "short": "Negev | CaliCamo",
    "name": "Negev | CaliCamo (Field-Tested)",
    "src": "https://steamcdn-a.akamaihd.net/apps/730/icons/econ/default_generated/weapon_negev_hy_varicamo_desert_light_large.169bd7cc986fe8b3411c2f8dc484dad4ee9fff71.png",
    "type": "skin",
    "rarity": 1,
    "price": 243
  },
  "Negev | CaliCamo (Well-Worn)": {
    "quality": 2,
    "weight": 0.05,
    "skin": "CaliCamo",
    "weapon": "Negev",
    "short": "Negev | CaliCamo",
    "name": "Negev | CaliCamo (Well-Worn)",
    "src": "https://steamcdn-a.akamaihd.net/apps/730/icons/econ/default_generated/weapon_negev_hy_varicamo_desert_light_large.169bd7cc986fe8b3411c2f8dc484dad4ee9fff71.png",
    "type": "skin",
    "rarity": 1,
    "price": 345
  },
  "Negev | CaliCamo (Battle-Scarred)": {
    "quality": 1,
    "weight": 0.05,
    "skin": "CaliCamo",
    "weapon": "Negev",
    "short": "Negev | CaliCamo",
    "name": "Negev | CaliCamo (Battle-Scarred)",
    "src": "https://steamcdn-a.akamaihd.net/apps/730/icons/econ/default_generated/weapon_negev_hy_varicamo_desert_light_large.169bd7cc986fe8b3411c2f8dc484dad4ee9fff71.png",
    "type": "skin",
    "rarity": 1,
    "price": 245
  },
  "Souvenir Negev | CaliCamo (Factory New)": {
    "souvenir": true,
    "quality": 5,
    "weight": 0.05,
    "skin": "CaliCamo",
    "weapon": "Negev",
    "short": "Negev | CaliCamo",
    "name": "Souvenir Negev | CaliCamo (Factory New)",
    "src": "https://steamcdn-a.akamaihd.net/apps/730/icons/econ/default_generated/weapon_negev_hy_varicamo_desert_light_large.169bd7cc986fe8b3411c2f8dc484dad4ee9fff71.png",
    "type": "skin",
    "rarity": 1,
    "price": 314
  },
  "Souvenir Negev | CaliCamo (Minimal Wear)": {
    "souvenir": true,
    "quality": 4,
    "weight": 0.05,
    "skin": "CaliCamo",
    "weapon": "Negev",
    "short": "Negev | CaliCamo",
    "name": "Souvenir Negev | CaliCamo (Minimal Wear)",
    "src": "https://steamcdn-a.akamaihd.net/apps/730/icons/econ/default_generated/weapon_negev_hy_varicamo_desert_light_large.169bd7cc986fe8b3411c2f8dc484dad4ee9fff71.png",
    "type": "skin",
    "rarity": 1,
    "price": 138
  },
  "Souvenir Negev | CaliCamo (Field-Tested)": {
    "souvenir": true,
    "quality": 3,
    "weight": 0.05,
    "skin": "CaliCamo",
    "weapon": "Negev",
    "short": "Negev | CaliCamo",
    "name": "Souvenir Negev | CaliCamo (Field-Tested)",
    "src": "https://steamcdn-a.akamaihd.net/apps/730/icons/econ/default_generated/weapon_negev_hy_varicamo_desert_light_large.169bd7cc986fe8b3411c2f8dc484dad4ee9fff71.png",
    "type": "skin",
    "rarity": 1,
    "price": 98
  },
  "Souvenir Negev | CaliCamo (Well-Worn)": {
    "souvenir": true,
    "quality": 2,
    "weight": 0.05,
    "skin": "CaliCamo",
    "weapon": "Negev",
    "short": "Negev | CaliCamo",
    "name": "Souvenir Negev | CaliCamo (Well-Worn)",
    "src": "https://steamcdn-a.akamaihd.net/apps/730/icons/econ/default_generated/weapon_negev_hy_varicamo_desert_light_large.169bd7cc986fe8b3411c2f8dc484dad4ee9fff71.png",
    "type": "skin",
    "rarity": 1,
    "price": 110
  },
  "Souvenir Negev | CaliCamo (Battle-Scarred)": {
    "souvenir": true,
    "quality": 1,
    "weight": 0.05,
    "skin": "CaliCamo",
    "weapon": "Negev",
    "short": "Negev | CaliCamo",
    "name": "Souvenir Negev | CaliCamo (Battle-Scarred)",
    "src": "https://steamcdn-a.akamaihd.net/apps/730/icons/econ/default_generated/weapon_negev_hy_varicamo_desert_light_large.169bd7cc986fe8b3411c2f8dc484dad4ee9fff71.png",
    "type": "skin",
    "rarity": 1,
    "price": 117
  },
  "Negev | CaliCamo": {
    "souvenirAvailable": true,
    "masterItem": true,
    "qualities": [5, 4, 3, 2, 1],
    "skin": "CaliCamo",
    "weapon": "Negev",
    "short": "Negev | CaliCamo",
    "name": "Negev | CaliCamo",
    "src": "https://steamcdn-a.akamaihd.net/apps/730/icons/econ/default_generated/weapon_negev_hy_varicamo_desert_light_large.169bd7cc986fe8b3411c2f8dc484dad4ee9fff71.png",
    "type": "skin",
    "rarity": 1,
    "price": 374,
    "minPrice": 98
  },
  "MAC-10 | Amber Fade (Factory New)": {
    "quality": 5,
    "weight": 0.05,
    "skin": "Amber Fade",
    "weapon": "MAC-10",
    "short": "MAC-10 | Amber Fade",
    "name": "MAC-10 | Amber Fade (Factory New)",
    "src": "https://steamcdn-a.akamaihd.net/apps/730/icons/econ/default_generated/weapon_mac10_aa_fade_metallic_light_large.1af4a93ef5fee1f1510d364f54d1a730474860ef.png",
    "type": "skin",
    "rarity": 2,
    "price": 938
  },
  "MAC-10 | Amber Fade (Minimal Wear)": {
    "quality": 4,
    "weight": 0.05,
    "skin": "Amber Fade",
    "weapon": "MAC-10",
    "short": "MAC-10 | Amber Fade",
    "name": "MAC-10 | Amber Fade (Minimal Wear)",
    "src": "https://steamcdn-a.akamaihd.net/apps/730/icons/econ/default_generated/weapon_mac10_aa_fade_metallic_light_large.1af4a93ef5fee1f1510d364f54d1a730474860ef.png",
    "type": "skin",
    "rarity": 2,
    "price": 660
  },
  "MAC-10 | Amber Fade (Field-Tested)": {
    "quality": 3,
    "weight": 0.05,
    "skin": "Amber Fade",
    "weapon": "MAC-10",
    "short": "MAC-10 | Amber Fade",
    "name": "MAC-10 | Amber Fade (Field-Tested)",
    "src": "https://steamcdn-a.akamaihd.net/apps/730/icons/econ/default_generated/weapon_mac10_aa_fade_metallic_light_large.1af4a93ef5fee1f1510d364f54d1a730474860ef.png",
    "type": "skin",
    "rarity": 2,
    "price": 590
  },
  "MAC-10 | Amber Fade (Well-Worn)": {
    "quality": 2,
    "weight": 0.05,
    "skin": "Amber Fade",
    "weapon": "MAC-10",
    "short": "MAC-10 | Amber Fade",
    "name": "MAC-10 | Amber Fade (Well-Worn)",
    "src": "https://steamcdn-a.akamaihd.net/apps/730/icons/econ/default_generated/weapon_mac10_aa_fade_metallic_light_large.1af4a93ef5fee1f1510d364f54d1a730474860ef.png",
    "type": "skin",
    "rarity": 2,
    "price": 780
  },
  "Souvenir MAC-10 | Amber Fade (Factory New)": {
    "souvenir": true,
    "quality": 5,
    "weight": 0.05,
    "skin": "Amber Fade",
    "weapon": "MAC-10",
    "short": "MAC-10 | Amber Fade",
    "name": "Souvenir MAC-10 | Amber Fade (Factory New)",
    "src": "https://steamcdn-a.akamaihd.net/apps/730/icons/econ/default_generated/weapon_mac10_aa_fade_metallic_light_large.1af4a93ef5fee1f1510d364f54d1a730474860ef.png",
    "type": "skin",
    "rarity": 2,
    "price": 1544
  },
  "Souvenir MAC-10 | Amber Fade (Minimal Wear)": {
    "souvenir": true,
    "quality": 4,
    "weight": 0.05,
    "skin": "Amber Fade",
    "weapon": "MAC-10",
    "short": "MAC-10 | Amber Fade",
    "name": "Souvenir MAC-10 | Amber Fade (Minimal Wear)",
    "src": "https://steamcdn-a.akamaihd.net/apps/730/icons/econ/default_generated/weapon_mac10_aa_fade_metallic_light_large.1af4a93ef5fee1f1510d364f54d1a730474860ef.png",
    "type": "skin",
    "rarity": 2,
    "price": 1053
  },
  "Souvenir MAC-10 | Amber Fade (Field-Tested)": {
    "souvenir": true,
    "quality": 3,
    "weight": 0.05,
    "skin": "Amber Fade",
    "weapon": "MAC-10",
    "short": "MAC-10 | Amber Fade",
    "name": "Souvenir MAC-10 | Amber Fade (Field-Tested)",
    "src": "https://steamcdn-a.akamaihd.net/apps/730/icons/econ/default_generated/weapon_mac10_aa_fade_metallic_light_large.1af4a93ef5fee1f1510d364f54d1a730474860ef.png",
    "type": "skin",
    "rarity": 2,
    "price": 658
  },
  "Souvenir MAC-10 | Amber Fade (Well-Worn)": {
    "souvenir": true,
    "quality": 2,
    "weight": 0.05,
    "skin": "Amber Fade",
    "weapon": "MAC-10",
    "short": "MAC-10 | Amber Fade",
    "name": "Souvenir MAC-10 | Amber Fade (Well-Worn)",
    "src": "https://steamcdn-a.akamaihd.net/apps/730/icons/econ/default_generated/weapon_mac10_aa_fade_metallic_light_large.1af4a93ef5fee1f1510d364f54d1a730474860ef.png",
    "type": "skin",
    "rarity": 2,
    "price": 886
  },
  "MAC-10 | Amber Fade": {
    "souvenirAvailable": true,
    "masterItem": true,
    "qualities": [5, 4, 3, 2],
    "skin": "Amber Fade",
    "weapon": "MAC-10",
    "short": "MAC-10 | Amber Fade",
    "name": "MAC-10 | Amber Fade",
    "src": "https://steamcdn-a.akamaihd.net/apps/730/icons/econ/default_generated/weapon_mac10_aa_fade_metallic_light_large.1af4a93ef5fee1f1510d364f54d1a730474860ef.png",
    "type": "skin",
    "rarity": 2,
    "price": 1544,
    "minPrice": 590
  },
  "SSG 08 | Tropical Storm (Factory New)": {
    "quality": 5,
    "weight": 0.05,
    "skin": "Tropical Storm",
    "weapon": "SSG 08",
    "short": "SSG 08 | Tropical Storm",
    "name": "SSG 08 | Tropical Storm (Factory New)",
    "src": "https://steamcdn-a.akamaihd.net/apps/730/icons/econ/default_generated/weapon_ssg08_sp_palm_shadow_light_large.fb24b5ed2a03a35a12f5ee7166bc458ab4ae77e7.png",
    "type": "skin",
    "rarity": 1,
    "price": 2943
  },
  "SSG 08 | Tropical Storm (Minimal Wear)": {
    "quality": 4,
    "weight": 0.05,
    "skin": "Tropical Storm",
    "weapon": "SSG 08",
    "short": "SSG 08 | Tropical Storm",
    "name": "SSG 08 | Tropical Storm (Minimal Wear)",
    "src": "https://steamcdn-a.akamaihd.net/apps/730/icons/econ/default_generated/weapon_ssg08_sp_palm_shadow_light_large.fb24b5ed2a03a35a12f5ee7166bc458ab4ae77e7.png",
    "type": "skin",
    "rarity": 1,
    "price": 343
  },
  "SSG 08 | Tropical Storm (Field-Tested)": {
    "quality": 3,
    "weight": 0.05,
    "skin": "Tropical Storm",
    "weapon": "SSG 08",
    "short": "SSG 08 | Tropical Storm",
    "name": "SSG 08 | Tropical Storm (Field-Tested)",
    "src": "https://steamcdn-a.akamaihd.net/apps/730/icons/econ/default_generated/weapon_ssg08_sp_palm_shadow_light_large.fb24b5ed2a03a35a12f5ee7166bc458ab4ae77e7.png",
    "type": "skin",
    "rarity": 1,
    "price": 248
  },
  "SSG 08 | Tropical Storm (Well-Worn)": {
    "quality": 2,
    "weight": 0.05,
    "skin": "Tropical Storm",
    "weapon": "SSG 08",
    "short": "SSG 08 | Tropical Storm",
    "name": "SSG 08 | Tropical Storm (Well-Worn)",
    "src": "https://steamcdn-a.akamaihd.net/apps/730/icons/econ/default_generated/weapon_ssg08_sp_palm_shadow_light_large.fb24b5ed2a03a35a12f5ee7166bc458ab4ae77e7.png",
    "type": "skin",
    "rarity": 1,
    "price": 264
  },
  "SSG 08 | Tropical Storm (Battle-Scarred)": {
    "quality": 1,
    "weight": 0.05,
    "skin": "Tropical Storm",
    "weapon": "SSG 08",
    "short": "SSG 08 | Tropical Storm",
    "name": "SSG 08 | Tropical Storm (Battle-Scarred)",
    "src": "https://steamcdn-a.akamaihd.net/apps/730/icons/econ/default_generated/weapon_ssg08_sp_palm_shadow_light_large.fb24b5ed2a03a35a12f5ee7166bc458ab4ae77e7.png",
    "type": "skin",
    "rarity": 1,
    "price": 255
  },
  "Souvenir SSG 08 | Tropical Storm (Factory New)": {
    "souvenir": true,
    "quality": 5,
    "weight": 0.05,
    "skin": "Tropical Storm",
    "weapon": "SSG 08",
    "short": "SSG 08 | Tropical Storm",
    "name": "Souvenir SSG 08 | Tropical Storm (Factory New)",
    "src": "https://steamcdn-a.akamaihd.net/apps/730/icons/econ/default_generated/weapon_ssg08_sp_palm_shadow_light_large.fb24b5ed2a03a35a12f5ee7166bc458ab4ae77e7.png",
    "type": "skin",
    "rarity": 1,
    "price": 5271
  },
  "Souvenir SSG 08 | Tropical Storm (Minimal Wear)": {
    "souvenir": true,
    "quality": 4,
    "weight": 0.05,
    "skin": "Tropical Storm",
    "weapon": "SSG 08",
    "short": "SSG 08 | Tropical Storm",
    "name": "Souvenir SSG 08 | Tropical Storm (Minimal Wear)",
    "src": "https://steamcdn-a.akamaihd.net/apps/730/icons/econ/default_generated/weapon_ssg08_sp_palm_shadow_light_large.fb24b5ed2a03a35a12f5ee7166bc458ab4ae77e7.png",
    "type": "skin",
    "rarity": 1,
    "price": 408
  },
  "Souvenir SSG 08 | Tropical Storm (Field-Tested)": {
    "souvenir": true,
    "quality": 3,
    "weight": 0.05,
    "skin": "Tropical Storm",
    "weapon": "SSG 08",
    "short": "SSG 08 | Tropical Storm",
    "name": "Souvenir SSG 08 | Tropical Storm (Field-Tested)",
    "src": "https://steamcdn-a.akamaihd.net/apps/730/icons/econ/default_generated/weapon_ssg08_sp_palm_shadow_light_large.fb24b5ed2a03a35a12f5ee7166bc458ab4ae77e7.png",
    "type": "skin",
    "rarity": 1,
    "price": 197
  },
  "Souvenir SSG 08 | Tropical Storm (Well-Worn)": {
    "souvenir": true,
    "quality": 2,
    "weight": 0.05,
    "skin": "Tropical Storm",
    "weapon": "SSG 08",
    "short": "SSG 08 | Tropical Storm",
    "name": "Souvenir SSG 08 | Tropical Storm (Well-Worn)",
    "src": "https://steamcdn-a.akamaihd.net/apps/730/icons/econ/default_generated/weapon_ssg08_sp_palm_shadow_light_large.fb24b5ed2a03a35a12f5ee7166bc458ab4ae77e7.png",
    "type": "skin",
    "rarity": 1,
    "price": 228
  },
  "Souvenir SSG 08 | Tropical Storm (Battle-Scarred)": {
    "souvenir": true,
    "quality": 1,
    "weight": 0.05,
    "skin": "Tropical Storm",
    "weapon": "SSG 08",
    "short": "SSG 08 | Tropical Storm",
    "name": "Souvenir SSG 08 | Tropical Storm (Battle-Scarred)",
    "src": "https://steamcdn-a.akamaihd.net/apps/730/icons/econ/default_generated/weapon_ssg08_sp_palm_shadow_light_large.fb24b5ed2a03a35a12f5ee7166bc458ab4ae77e7.png",
    "type": "skin",
    "rarity": 1,
    "price": 164
  },
  "SSG 08 | Tropical Storm": {
    "souvenirAvailable": true,
    "masterItem": true,
    "qualities": [5, 4, 3, 2, 1],
    "skin": "Tropical Storm",
    "weapon": "SSG 08",
    "short": "SSG 08 | Tropical Storm",
    "name": "SSG 08 | Tropical Storm",
    "src": "https://steamcdn-a.akamaihd.net/apps/730/icons/econ/default_generated/weapon_ssg08_sp_palm_shadow_light_large.fb24b5ed2a03a35a12f5ee7166bc458ab4ae77e7.png",
    "type": "skin",
    "rarity": 1,
    "price": 5271,
    "minPrice": 164
  },
  "MP7 | Orange Peel (Factory New)": {
    "quality": 5,
    "weight": 0.05,
    "skin": "Orange Peel",
    "weapon": "MP7",
    "short": "MP7 | Orange Peel",
    "name": "MP7 | Orange Peel (Factory New)",
    "src": "https://steamcdn-a.akamaihd.net/apps/730/icons/econ/default_generated/weapon_mp7_sp_tape_orange_light_large.5870d3d214c5b4cd923d68c4a016b72596808db1.png",
    "type": "skin",
    "rarity": 1,
    "price": 748
  },
  "MP7 | Orange Peel (Minimal Wear)": {
    "quality": 4,
    "weight": 0.05,
    "skin": "Orange Peel",
    "weapon": "MP7",
    "short": "MP7 | Orange Peel",
    "name": "MP7 | Orange Peel (Minimal Wear)",
    "src": "https://steamcdn-a.akamaihd.net/apps/730/icons/econ/default_generated/weapon_mp7_sp_tape_orange_light_large.5870d3d214c5b4cd923d68c4a016b72596808db1.png",
    "type": "skin",
    "rarity": 1,
    "price": 344
  },
  "MP7 | Orange Peel (Field-Tested)": {
    "quality": 3,
    "weight": 0.05,
    "skin": "Orange Peel",
    "weapon": "MP7",
    "short": "MP7 | Orange Peel",
    "name": "MP7 | Orange Peel (Field-Tested)",
    "src": "https://steamcdn-a.akamaihd.net/apps/730/icons/econ/default_generated/weapon_mp7_sp_tape_orange_light_large.5870d3d214c5b4cd923d68c4a016b72596808db1.png",
    "type": "skin",
    "rarity": 1,
    "price": 252
  },
  "MP7 | Orange Peel (Well-Worn)": {
    "quality": 2,
    "weight": 0.05,
    "skin": "Orange Peel",
    "weapon": "MP7",
    "short": "MP7 | Orange Peel",
    "name": "MP7 | Orange Peel (Well-Worn)",
    "src": "https://steamcdn-a.akamaihd.net/apps/730/icons/econ/default_generated/weapon_mp7_sp_tape_orange_light_large.5870d3d214c5b4cd923d68c4a016b72596808db1.png",
    "type": "skin",
    "rarity": 1,
    "price": 255
  },
  "MP7 | Orange Peel (Battle-Scarred)": {
    "quality": 1,
    "weight": 0.05,
    "skin": "Orange Peel",
    "weapon": "MP7",
    "short": "MP7 | Orange Peel",
    "name": "MP7 | Orange Peel (Battle-Scarred)",
    "src": "https://steamcdn-a.akamaihd.net/apps/730/icons/econ/default_generated/weapon_mp7_sp_tape_orange_light_large.5870d3d214c5b4cd923d68c4a016b72596808db1.png",
    "type": "skin",
    "rarity": 1,
    "price": 239
  },
  "Souvenir MP7 | Orange Peel (Factory New)": {
    "souvenir": true,
    "quality": 5,
    "weight": 0.05,
    "skin": "Orange Peel",
    "weapon": "MP7",
    "short": "MP7 | Orange Peel",
    "name": "Souvenir MP7 | Orange Peel (Factory New)",
    "src": "https://steamcdn-a.akamaihd.net/apps/730/icons/econ/default_generated/weapon_mp7_sp_tape_orange_light_large.5870d3d214c5b4cd923d68c4a016b72596808db1.png",
    "type": "skin",
    "rarity": 1,
    "price": 1596
  },
  "Souvenir MP7 | Orange Peel (Minimal Wear)": {
    "souvenir": true,
    "quality": 4,
    "weight": 0.05,
    "skin": "Orange Peel",
    "weapon": "MP7",
    "short": "MP7 | Orange Peel",
    "name": "Souvenir MP7 | Orange Peel (Minimal Wear)",
    "src": "https://steamcdn-a.akamaihd.net/apps/730/icons/econ/default_generated/weapon_mp7_sp_tape_orange_light_large.5870d3d214c5b4cd923d68c4a016b72596808db1.png",
    "type": "skin",
    "rarity": 1,
    "price": 162
  },
  "Souvenir MP7 | Orange Peel (Field-Tested)": {
    "souvenir": true,
    "quality": 3,
    "weight": 0.05,
    "skin": "Orange Peel",
    "weapon": "MP7",
    "short": "MP7 | Orange Peel",
    "name": "Souvenir MP7 | Orange Peel (Field-Tested)",
    "src": "https://steamcdn-a.akamaihd.net/apps/730/icons/econ/default_generated/weapon_mp7_sp_tape_orange_light_large.5870d3d214c5b4cd923d68c4a016b72596808db1.png",
    "type": "skin",
    "rarity": 1,
    "price": 75
  },
  "Souvenir MP7 | Orange Peel (Well-Worn)": {
    "souvenir": true,
    "quality": 2,
    "weight": 0.05,
    "skin": "Orange Peel",
    "weapon": "MP7",
    "short": "MP7 | Orange Peel",
    "name": "Souvenir MP7 | Orange Peel (Well-Worn)",
    "src": "https://steamcdn-a.akamaihd.net/apps/730/icons/econ/default_generated/weapon_mp7_sp_tape_orange_light_large.5870d3d214c5b4cd923d68c4a016b72596808db1.png",
    "type": "skin",
    "rarity": 1,
    "price": 103
  },
  "Souvenir MP7 | Orange Peel (Battle-Scarred)": {
    "souvenir": true,
    "quality": 1,
    "weight": 0.05,
    "skin": "Orange Peel",
    "weapon": "MP7",
    "short": "MP7 | Orange Peel",
    "name": "Souvenir MP7 | Orange Peel (Battle-Scarred)",
    "src": "https://steamcdn-a.akamaihd.net/apps/730/icons/econ/default_generated/weapon_mp7_sp_tape_orange_light_large.5870d3d214c5b4cd923d68c4a016b72596808db1.png",
    "type": "skin",
    "rarity": 1,
    "price": 60
  },
  "MP7 | Orange Peel": {
    "souvenirAvailable": true,
    "masterItem": true,
    "qualities": [5, 4, 3, 2, 1],
    "skin": "Orange Peel",
    "weapon": "MP7",
    "short": "MP7 | Orange Peel",
    "name": "MP7 | Orange Peel",
    "src": "https://steamcdn-a.akamaihd.net/apps/730/icons/econ/default_generated/weapon_mp7_sp_tape_orange_light_large.5870d3d214c5b4cd923d68c4a016b72596808db1.png",
    "type": "skin",
    "rarity": 1,
    "price": 1596,
    "minPrice": 60
  },
  "P250 | Bone Mask (Factory New)": {
    "quality": 5,
    "weight": 0.05,
    "skin": "Bone Mask",
    "weapon": "P250",
    "short": "P250 | Bone Mask",
    "name": "P250 | Bone Mask (Factory New)",
    "src": "https://steamcdn-a.akamaihd.net/apps/730/icons/econ/default_generated/weapon_p250_sp_tape_light_large.8ece2047279c054325b0d2632559de145cef524a.png",
    "type": "skin",
    "rarity": 0,
    "price": 268
  },
  "P250 | Bone Mask (Minimal Wear)": {
    "quality": 4,
    "weight": 0.05,
    "skin": "Bone Mask",
    "weapon": "P250",
    "short": "P250 | Bone Mask",
    "name": "P250 | Bone Mask (Minimal Wear)",
    "src": "https://steamcdn-a.akamaihd.net/apps/730/icons/econ/default_generated/weapon_p250_sp_tape_light_large.8ece2047279c054325b0d2632559de145cef524a.png",
    "type": "skin",
    "rarity": 0,
    "price": 52
  },
  "P250 | Bone Mask (Field-Tested)": {
    "quality": 3,
    "weight": 0.05,
    "skin": "Bone Mask",
    "weapon": "P250",
    "short": "P250 | Bone Mask",
    "name": "P250 | Bone Mask (Field-Tested)",
    "src": "https://steamcdn-a.akamaihd.net/apps/730/icons/econ/default_generated/weapon_p250_sp_tape_light_large.8ece2047279c054325b0d2632559de145cef524a.png",
    "type": "skin",
    "rarity": 0,
    "price": 40
  },
  "P250 | Bone Mask (Well-Worn)": {
    "quality": 2,
    "weight": 0.05,
    "skin": "Bone Mask",
    "weapon": "P250",
    "short": "P250 | Bone Mask",
    "name": "P250 | Bone Mask (Well-Worn)",
    "src": "https://steamcdn-a.akamaihd.net/apps/730/icons/econ/default_generated/weapon_p250_sp_tape_light_large.8ece2047279c054325b0d2632559de145cef524a.png",
    "type": "skin",
    "rarity": 0,
    "price": 42
  },
  "P250 | Bone Mask (Battle-Scarred)": {
    "quality": 1,
    "weight": 0.05,
    "skin": "Bone Mask",
    "weapon": "P250",
    "short": "P250 | Bone Mask",
    "name": "P250 | Bone Mask (Battle-Scarred)",
    "src": "https://steamcdn-a.akamaihd.net/apps/730/icons/econ/default_generated/weapon_p250_sp_tape_light_large.8ece2047279c054325b0d2632559de145cef524a.png",
    "type": "skin",
    "rarity": 0,
    "price": 40
  },
  "Souvenir P250 | Bone Mask (Factory New)": {
    "souvenir": true,
    "quality": 5,
    "weight": 0.05,
    "skin": "Bone Mask",
    "weapon": "P250",
    "short": "P250 | Bone Mask",
    "name": "Souvenir P250 | Bone Mask (Factory New)",
    "src": "https://steamcdn-a.akamaihd.net/apps/730/icons/econ/default_generated/weapon_p250_sp_tape_light_large.8ece2047279c054325b0d2632559de145cef524a.png",
    "type": "skin",
    "rarity": 0,
    "price": 560
  },
  "Souvenir P250 | Bone Mask (Minimal Wear)": {
    "souvenir": true,
    "quality": 4,
    "weight": 0.05,
    "skin": "Bone Mask",
    "weapon": "P250",
    "short": "P250 | Bone Mask",
    "name": "Souvenir P250 | Bone Mask (Minimal Wear)",
    "src": "https://steamcdn-a.akamaihd.net/apps/730/icons/econ/default_generated/weapon_p250_sp_tape_light_large.8ece2047279c054325b0d2632559de145cef524a.png",
    "type": "skin",
    "rarity": 0,
    "price": 53
  },
  "Souvenir P250 | Bone Mask (Field-Tested)": {
    "souvenir": true,
    "quality": 3,
    "weight": 0.05,
    "skin": "Bone Mask",
    "weapon": "P250",
    "short": "P250 | Bone Mask",
    "name": "Souvenir P250 | Bone Mask (Field-Tested)",
    "src": "https://steamcdn-a.akamaihd.net/apps/730/icons/econ/default_generated/weapon_p250_sp_tape_light_large.8ece2047279c054325b0d2632559de145cef524a.png",
    "type": "skin",
    "rarity": 0,
    "price": 24
  },
  "Souvenir P250 | Bone Mask (Well-Worn)": {
    "souvenir": true,
    "quality": 2,
    "weight": 0.05,
    "skin": "Bone Mask",
    "weapon": "P250",
    "short": "P250 | Bone Mask",
    "name": "Souvenir P250 | Bone Mask (Well-Worn)",
    "src": "https://steamcdn-a.akamaihd.net/apps/730/icons/econ/default_generated/weapon_p250_sp_tape_light_large.8ece2047279c054325b0d2632559de145cef524a.png",
    "type": "skin",
    "rarity": 0,
    "price": 44
  },
  "Souvenir P250 | Bone Mask (Battle-Scarred)": {
    "souvenir": true,
    "quality": 1,
    "weight": 0.05,
    "skin": "Bone Mask",
    "weapon": "P250",
    "short": "P250 | Bone Mask",
    "name": "Souvenir P250 | Bone Mask (Battle-Scarred)",
    "src": "https://steamcdn-a.akamaihd.net/apps/730/icons/econ/default_generated/weapon_p250_sp_tape_light_large.8ece2047279c054325b0d2632559de145cef524a.png",
    "type": "skin",
    "rarity": 0,
    "price": 31
  },
  "P250 | Bone Mask": {
    "souvenirAvailable": true,
    "masterItem": true,
    "qualities": [5, 4, 3, 2, 1],
    "skin": "Bone Mask",
    "weapon": "P250",
    "short": "P250 | Bone Mask",
    "name": "P250 | Bone Mask",
    "src": "https://steamcdn-a.akamaihd.net/apps/730/icons/econ/default_generated/weapon_p250_sp_tape_light_large.8ece2047279c054325b0d2632559de145cef524a.png",
    "type": "skin",
    "rarity": 0,
    "price": 560,
    "minPrice": 24
  },
  "AUG | Colony (Factory New)": {
    "quality": 5,
    "weight": 0.05,
    "skin": "Colony",
    "weapon": "AUG",
    "short": "AUG | Colony",
    "name": "AUG | Colony (Factory New)",
    "src": "https://steamcdn-a.akamaihd.net/apps/730/icons/econ/default_generated/weapon_aug_so_space_marine_light_large.ee525f5aaf19c6d97af3b0378d3d3cac26476d80.png",
    "type": "skin",
    "rarity": 0,
    "price": 576
  },
  "AUG | Colony (Minimal Wear)": {
    "quality": 4,
    "weight": 0.05,
    "skin": "Colony",
    "weapon": "AUG",
    "short": "AUG | Colony",
    "name": "AUG | Colony (Minimal Wear)",
    "src": "https://steamcdn-a.akamaihd.net/apps/730/icons/econ/default_generated/weapon_aug_so_space_marine_light_large.ee525f5aaf19c6d97af3b0378d3d3cac26476d80.png",
    "type": "skin",
    "rarity": 0,
    "price": 88
  },
  "AUG | Colony (Field-Tested)": {
    "quality": 3,
    "weight": 0.05,
    "skin": "Colony",
    "weapon": "AUG",
    "short": "AUG | Colony",
    "name": "AUG | Colony (Field-Tested)",
    "src": "https://steamcdn-a.akamaihd.net/apps/730/icons/econ/default_generated/weapon_aug_so_space_marine_light_large.ee525f5aaf19c6d97af3b0378d3d3cac26476d80.png",
    "type": "skin",
    "rarity": 0,
    "price": 41
  },
  "AUG | Colony (Well-Worn)": {
    "quality": 2,
    "weight": 0.05,
    "skin": "Colony",
    "weapon": "AUG",
    "short": "AUG | Colony",
    "name": "AUG | Colony (Well-Worn)",
    "src": "https://steamcdn-a.akamaihd.net/apps/730/icons/econ/default_generated/weapon_aug_so_space_marine_light_large.ee525f5aaf19c6d97af3b0378d3d3cac26476d80.png",
    "type": "skin",
    "rarity": 0,
    "price": 46
  },
  "AUG | Colony (Battle-Scarred)": {
    "quality": 1,
    "weight": 0.05,
    "skin": "Colony",
    "weapon": "AUG",
    "short": "AUG | Colony",
    "name": "AUG | Colony (Battle-Scarred)",
    "src": "https://steamcdn-a.akamaihd.net/apps/730/icons/econ/default_generated/weapon_aug_so_space_marine_light_large.ee525f5aaf19c6d97af3b0378d3d3cac26476d80.png",
    "type": "skin",
    "rarity": 0,
    "price": 45
  },
  "Souvenir AUG | Colony (Factory New)": {
    "souvenir": true,
    "quality": 5,
    "weight": 0.05,
    "skin": "Colony",
    "weapon": "AUG",
    "short": "AUG | Colony",
    "name": "Souvenir AUG | Colony (Factory New)",
    "src": "https://steamcdn-a.akamaihd.net/apps/730/icons/econ/default_generated/weapon_aug_so_space_marine_light_large.ee525f5aaf19c6d97af3b0378d3d3cac26476d80.png",
    "type": "skin",
    "rarity": 0,
    "price": 806
  },
  "Souvenir AUG | Colony (Minimal Wear)": {
    "souvenir": true,
    "quality": 4,
    "weight": 0.05,
    "skin": "Colony",
    "weapon": "AUG",
    "short": "AUG | Colony",
    "name": "Souvenir AUG | Colony (Minimal Wear)",
    "src": "https://steamcdn-a.akamaihd.net/apps/730/icons/econ/default_generated/weapon_aug_so_space_marine_light_large.ee525f5aaf19c6d97af3b0378d3d3cac26476d80.png",
    "type": "skin",
    "rarity": 0,
    "price": 56
  },
  "Souvenir AUG | Colony (Field-Tested)": {
    "souvenir": true,
    "quality": 3,
    "weight": 0.05,
    "skin": "Colony",
    "weapon": "AUG",
    "short": "AUG | Colony",
    "name": "Souvenir AUG | Colony (Field-Tested)",
    "src": "https://steamcdn-a.akamaihd.net/apps/730/icons/econ/default_generated/weapon_aug_so_space_marine_light_large.ee525f5aaf19c6d97af3b0378d3d3cac26476d80.png",
    "type": "skin",
    "rarity": 0,
    "price": 29
  },
  "Souvenir AUG | Colony (Well-Worn)": {
    "souvenir": true,
    "quality": 2,
    "weight": 0.05,
    "skin": "Colony",
    "weapon": "AUG",
    "short": "AUG | Colony",
    "name": "Souvenir AUG | Colony (Well-Worn)",
    "src": "https://steamcdn-a.akamaihd.net/apps/730/icons/econ/default_generated/weapon_aug_so_space_marine_light_large.ee525f5aaf19c6d97af3b0378d3d3cac26476d80.png",
    "type": "skin",
    "rarity": 0,
    "price": 56
  },
  "Souvenir AUG | Colony (Battle-Scarred)": {
    "souvenir": true,
    "quality": 1,
    "weight": 0.05,
    "skin": "Colony",
    "weapon": "AUG",
    "short": "AUG | Colony",
    "name": "Souvenir AUG | Colony (Battle-Scarred)",
    "src": "https://steamcdn-a.akamaihd.net/apps/730/icons/econ/default_generated/weapon_aug_so_space_marine_light_large.ee525f5aaf19c6d97af3b0378d3d3cac26476d80.png",
    "type": "skin",
    "rarity": 0,
    "price": 41
  },
  "AUG | Colony": {
    "souvenirAvailable": true,
    "masterItem": true,
    "qualities": [5, 4, 3, 2, 1],
    "skin": "Colony",
    "weapon": "AUG",
    "short": "AUG | Colony",
    "name": "AUG | Colony",
    "src": "https://steamcdn-a.akamaihd.net/apps/730/icons/econ/default_generated/weapon_aug_so_space_marine_light_large.ee525f5aaf19c6d97af3b0378d3d3cac26476d80.png",
    "type": "skin",
    "rarity": 0,
    "price": 806,
    "minPrice": 29
  },
  "P90 | Scorched (Factory New)": {
    "quality": 5,
    "weight": 0.05,
    "skin": "Scorched",
    "weapon": "P90",
    "short": "P90 | Scorched",
    "name": "P90 | Scorched (Factory New)",
    "src": "https://steamcdn-a.akamaihd.net/apps/730/icons/econ/default_generated/weapon_p90_sp_dapple_light_large.6a715fc8b63ae569c2facb1607b5243c21a7280a.png",
    "type": "skin",
    "rarity": 0,
    "price": 424
  },
  "P90 | Scorched (Minimal Wear)": {
    "quality": 4,
    "weight": 0.05,
    "skin": "Scorched",
    "weapon": "P90",
    "short": "P90 | Scorched",
    "name": "P90 | Scorched (Minimal Wear)",
    "src": "https://steamcdn-a.akamaihd.net/apps/730/icons/econ/default_generated/weapon_p90_sp_dapple_light_large.6a715fc8b63ae569c2facb1607b5243c21a7280a.png",
    "type": "skin",
    "rarity": 0,
    "price": 52
  },
  "P90 | Scorched (Field-Tested)": {
    "quality": 3,
    "weight": 0.05,
    "skin": "Scorched",
    "weapon": "P90",
    "short": "P90 | Scorched",
    "name": "P90 | Scorched (Field-Tested)",
    "src": "https://steamcdn-a.akamaihd.net/apps/730/icons/econ/default_generated/weapon_p90_sp_dapple_light_large.6a715fc8b63ae569c2facb1607b5243c21a7280a.png",
    "type": "skin",
    "rarity": 0,
    "price": 46
  },
  "P90 | Scorched (Well-Worn)": {
    "quality": 2,
    "weight": 0.05,
    "skin": "Scorched",
    "weapon": "P90",
    "short": "P90 | Scorched",
    "name": "P90 | Scorched (Well-Worn)",
    "src": "https://steamcdn-a.akamaihd.net/apps/730/icons/econ/default_generated/weapon_p90_sp_dapple_light_large.6a715fc8b63ae569c2facb1607b5243c21a7280a.png",
    "type": "skin",
    "rarity": 0,
    "price": 40
  },
  "P90 | Scorched (Battle-Scarred)": {
    "quality": 1,
    "weight": 0.05,
    "skin": "Scorched",
    "weapon": "P90",
    "short": "P90 | Scorched",
    "name": "P90 | Scorched (Battle-Scarred)",
    "src": "https://steamcdn-a.akamaihd.net/apps/730/icons/econ/default_generated/weapon_p90_sp_dapple_light_large.6a715fc8b63ae569c2facb1607b5243c21a7280a.png",
    "type": "skin",
    "rarity": 0,
    "price": 36
  },
  "Souvenir P90 | Scorched (Factory New)": {
    "souvenir": true,
    "quality": 5,
    "weight": 0.05,
    "skin": "Scorched",
    "weapon": "P90",
    "short": "P90 | Scorched",
    "name": "Souvenir P90 | Scorched (Factory New)",
    "src": "https://steamcdn-a.akamaihd.net/apps/730/icons/econ/default_generated/weapon_p90_sp_dapple_light_large.6a715fc8b63ae569c2facb1607b5243c21a7280a.png",
    "type": "skin",
    "rarity": 0,
    "price": 503
  },
  "Souvenir P90 | Scorched (Minimal Wear)": {
    "souvenir": true,
    "quality": 4,
    "weight": 0.05,
    "skin": "Scorched",
    "weapon": "P90",
    "short": "P90 | Scorched",
    "name": "Souvenir P90 | Scorched (Minimal Wear)",
    "src": "https://steamcdn-a.akamaihd.net/apps/730/icons/econ/default_generated/weapon_p90_sp_dapple_light_large.6a715fc8b63ae569c2facb1607b5243c21a7280a.png",
    "type": "skin",
    "rarity": 0,
    "price": 61
  },
  "Souvenir P90 | Scorched (Field-Tested)": {
    "souvenir": true,
    "quality": 3,
    "weight": 0.05,
    "skin": "Scorched",
    "weapon": "P90",
    "short": "P90 | Scorched",
    "name": "Souvenir P90 | Scorched (Field-Tested)",
    "src": "https://steamcdn-a.akamaihd.net/apps/730/icons/econ/default_generated/weapon_p90_sp_dapple_light_large.6a715fc8b63ae569c2facb1607b5243c21a7280a.png",
    "type": "skin",
    "rarity": 0,
    "price": 23
  },
  "Souvenir P90 | Scorched (Well-Worn)": {
    "souvenir": true,
    "quality": 2,
    "weight": 0.05,
    "skin": "Scorched",
    "weapon": "P90",
    "short": "P90 | Scorched",
    "name": "Souvenir P90 | Scorched (Well-Worn)",
    "src": "https://steamcdn-a.akamaihd.net/apps/730/icons/econ/default_generated/weapon_p90_sp_dapple_light_large.6a715fc8b63ae569c2facb1607b5243c21a7280a.png",
    "type": "skin",
    "rarity": 0,
    "price": 27
  },
  "Souvenir P90 | Scorched (Battle-Scarred)": {
    "souvenir": true,
    "quality": 1,
    "weight": 0.05,
    "skin": "Scorched",
    "weapon": "P90",
    "short": "P90 | Scorched",
    "name": "Souvenir P90 | Scorched (Battle-Scarred)",
    "src": "https://steamcdn-a.akamaihd.net/apps/730/icons/econ/default_generated/weapon_p90_sp_dapple_light_large.6a715fc8b63ae569c2facb1607b5243c21a7280a.png",
    "type": "skin",
    "rarity": 0,
    "price": 25
  },
  "P90 | Scorched": {
    "souvenirAvailable": true,
    "masterItem": true,
    "qualities": [5, 4, 3, 2, 1],
    "skin": "Scorched",
    "weapon": "P90",
    "short": "P90 | Scorched",
    "name": "P90 | Scorched",
    "src": "https://steamcdn-a.akamaihd.net/apps/730/icons/econ/default_generated/weapon_p90_sp_dapple_light_large.6a715fc8b63ae569c2facb1607b5243c21a7280a.png",
    "type": "skin",
    "rarity": 0,
    "price": 503,
    "minPrice": 23
  },
  "Five-SeveN | Contractor (Factory New)": {
    "quality": 5,
    "weight": 0.05,
    "skin": "Contractor",
    "weapon": "Five-SeveN",
    "short": "Five-SeveN | Contractor",
    "name": "Five-SeveN | Contractor (Factory New)",
    "src": "https://steamcdn-a.akamaihd.net/apps/730/icons/econ/default_generated/weapon_fiveseven_so_pmc_light_large.eb6a08d487f3423d956898bae7b84433b1f46d25.png",
    "type": "skin",
    "rarity": 0,
    "price": 465
  },
  "Five-SeveN | Contractor (Minimal Wear)": {
    "quality": 4,
    "weight": 0.05,
    "skin": "Contractor",
    "weapon": "Five-SeveN",
    "short": "Five-SeveN | Contractor",
    "name": "Five-SeveN | Contractor (Minimal Wear)",
    "src": "https://steamcdn-a.akamaihd.net/apps/730/icons/econ/default_generated/weapon_fiveseven_so_pmc_light_large.eb6a08d487f3423d956898bae7b84433b1f46d25.png",
    "type": "skin",
    "rarity": 0,
    "price": 68
  },
  "Five-SeveN | Contractor (Field-Tested)": {
    "quality": 3,
    "weight": 0.05,
    "skin": "Contractor",
    "weapon": "Five-SeveN",
    "short": "Five-SeveN | Contractor",
    "name": "Five-SeveN | Contractor (Field-Tested)",
    "src": "https://steamcdn-a.akamaihd.net/apps/730/icons/econ/default_generated/weapon_fiveseven_so_pmc_light_large.eb6a08d487f3423d956898bae7b84433b1f46d25.png",
    "type": "skin",
    "rarity": 0,
    "price": 35
  },
  "Five-SeveN | Contractor (Well-Worn)": {
    "quality": 2,
    "weight": 0.05,
    "skin": "Contractor",
    "weapon": "Five-SeveN",
    "short": "Five-SeveN | Contractor",
    "name": "Five-SeveN | Contractor (Well-Worn)",
    "src": "https://steamcdn-a.akamaihd.net/apps/730/icons/econ/default_generated/weapon_fiveseven_so_pmc_light_large.eb6a08d487f3423d956898bae7b84433b1f46d25.png",
    "type": "skin",
    "rarity": 0,
    "price": 43
  },
  "Five-SeveN | Contractor (Battle-Scarred)": {
    "quality": 1,
    "weight": 0.05,
    "skin": "Contractor",
    "weapon": "Five-SeveN",
    "short": "Five-SeveN | Contractor",
    "name": "Five-SeveN | Contractor (Battle-Scarred)",
    "src": "https://steamcdn-a.akamaihd.net/apps/730/icons/econ/default_generated/weapon_fiveseven_so_pmc_light_large.eb6a08d487f3423d956898bae7b84433b1f46d25.png",
    "type": "skin",
    "rarity": 0,
    "price": 48
  },
  "Souvenir Five-SeveN | Contractor (Factory New)": {
    "souvenir": true,
    "quality": 5,
    "weight": 0.05,
    "skin": "Contractor",
    "weapon": "Five-SeveN",
    "short": "Five-SeveN | Contractor",
    "name": "Souvenir Five-SeveN | Contractor (Factory New)",
    "src": "https://steamcdn-a.akamaihd.net/apps/730/icons/econ/default_generated/weapon_fiveseven_so_pmc_light_large.eb6a08d487f3423d956898bae7b84433b1f46d25.png",
    "type": "skin",
    "rarity": 0,
    "price": 510
  },
  "Souvenir Five-SeveN | Contractor (Minimal Wear)": {
    "souvenir": true,
    "quality": 4,
    "weight": 0.05,
    "skin": "Contractor",
    "weapon": "Five-SeveN",
    "short": "Five-SeveN | Contractor",
    "name": "Souvenir Five-SeveN | Contractor (Minimal Wear)",
    "src": "https://steamcdn-a.akamaihd.net/apps/730/icons/econ/default_generated/weapon_fiveseven_so_pmc_light_large.eb6a08d487f3423d956898bae7b84433b1f46d25.png",
    "type": "skin",
    "rarity": 0,
    "price": 70
  },
  "Souvenir Five-SeveN | Contractor (Field-Tested)": {
    "souvenir": true,
    "quality": 3,
    "weight": 0.05,
    "skin": "Contractor",
    "weapon": "Five-SeveN",
    "short": "Five-SeveN | Contractor",
    "name": "Souvenir Five-SeveN | Contractor (Field-Tested)",
    "src": "https://steamcdn-a.akamaihd.net/apps/730/icons/econ/default_generated/weapon_fiveseven_so_pmc_light_large.eb6a08d487f3423d956898bae7b84433b1f46d25.png",
    "type": "skin",
    "rarity": 0,
    "price": 26
  },
  "Souvenir Five-SeveN | Contractor (Well-Worn)": {
    "souvenir": true,
    "quality": 2,
    "weight": 0.05,
    "skin": "Contractor",
    "weapon": "Five-SeveN",
    "short": "Five-SeveN | Contractor",
    "name": "Souvenir Five-SeveN | Contractor (Well-Worn)",
    "src": "https://steamcdn-a.akamaihd.net/apps/730/icons/econ/default_generated/weapon_fiveseven_so_pmc_light_large.eb6a08d487f3423d956898bae7b84433b1f46d25.png",
    "type": "skin",
    "rarity": 0,
    "price": 29
  },
  "Souvenir Five-SeveN | Contractor (Battle-Scarred)": {
    "souvenir": true,
    "quality": 1,
    "weight": 0.05,
    "skin": "Contractor",
    "weapon": "Five-SeveN",
    "short": "Five-SeveN | Contractor",
    "name": "Souvenir Five-SeveN | Contractor (Battle-Scarred)",
    "src": "https://steamcdn-a.akamaihd.net/apps/730/icons/econ/default_generated/weapon_fiveseven_so_pmc_light_large.eb6a08d487f3423d956898bae7b84433b1f46d25.png",
    "type": "skin",
    "rarity": 0,
    "price": 20
  },
  "Five-SeveN | Contractor": {
    "souvenirAvailable": true,
    "masterItem": true,
    "qualities": [5, 4, 3, 2, 1],
    "skin": "Contractor",
    "weapon": "Five-SeveN",
    "short": "Five-SeveN | Contractor",
    "name": "Five-SeveN | Contractor",
    "src": "https://steamcdn-a.akamaihd.net/apps/730/icons/econ/default_generated/weapon_fiveseven_so_pmc_light_large.eb6a08d487f3423d956898bae7b84433b1f46d25.png",
    "type": "skin",
    "rarity": 0,
    "price": 510,
    "minPrice": 20
  },
  "G3SG1 | Safari Mesh (Factory New)": {
    "quality": 5,
    "weight": 0.05,
    "skin": "Safari Mesh",
    "weapon": "G3SG1",
    "short": "G3SG1 | Safari Mesh",
    "name": "G3SG1 | Safari Mesh (Factory New)",
    "src": "https://steamcdn-a.akamaihd.net/apps/730/icons/econ/default_generated/weapon_g3sg1_sp_mesh_tan_light_large.19acce2a10000a2c03f8f89dc39ff1af3e8ca195.png",
    "type": "skin",
    "rarity": 0,
    "price": 468
  },
  "G3SG1 | Safari Mesh (Minimal Wear)": {
    "quality": 4,
    "weight": 0.05,
    "skin": "Safari Mesh",
    "weapon": "G3SG1",
    "short": "G3SG1 | Safari Mesh",
    "name": "G3SG1 | Safari Mesh (Minimal Wear)",
    "src": "https://steamcdn-a.akamaihd.net/apps/730/icons/econ/default_generated/weapon_g3sg1_sp_mesh_tan_light_large.19acce2a10000a2c03f8f89dc39ff1af3e8ca195.png",
    "type": "skin",
    "rarity": 0,
    "price": 65
  },
  "G3SG1 | Safari Mesh (Field-Tested)": {
    "quality": 3,
    "weight": 0.05,
    "skin": "Safari Mesh",
    "weapon": "G3SG1",
    "short": "G3SG1 | Safari Mesh",
    "name": "G3SG1 | Safari Mesh (Field-Tested)",
    "src": "https://steamcdn-a.akamaihd.net/apps/730/icons/econ/default_generated/weapon_g3sg1_sp_mesh_tan_light_large.19acce2a10000a2c03f8f89dc39ff1af3e8ca195.png",
    "type": "skin",
    "rarity": 0,
    "price": 39
  },
  "G3SG1 | Safari Mesh (Well-Worn)": {
    "quality": 2,
    "weight": 0.05,
    "skin": "Safari Mesh",
    "weapon": "G3SG1",
    "short": "G3SG1 | Safari Mesh",
    "name": "G3SG1 | Safari Mesh (Well-Worn)",
    "src": "https://steamcdn-a.akamaihd.net/apps/730/icons/econ/default_generated/weapon_g3sg1_sp_mesh_tan_light_large.19acce2a10000a2c03f8f89dc39ff1af3e8ca195.png",
    "type": "skin",
    "rarity": 0,
    "price": 43
  },
  "G3SG1 | Safari Mesh (Battle-Scarred)": {
    "quality": 1,
    "weight": 0.05,
    "skin": "Safari Mesh",
    "weapon": "G3SG1",
    "short": "G3SG1 | Safari Mesh",
    "name": "G3SG1 | Safari Mesh (Battle-Scarred)",
    "src": "https://steamcdn-a.akamaihd.net/apps/730/icons/econ/default_generated/weapon_g3sg1_sp_mesh_tan_light_large.19acce2a10000a2c03f8f89dc39ff1af3e8ca195.png",
    "type": "skin",
    "rarity": 0,
    "price": 58
  },
  "Souvenir G3SG1 | Safari Mesh (Factory New)": {
    "souvenir": true,
    "quality": 5,
    "weight": 0.05,
    "skin": "Safari Mesh",
    "weapon": "G3SG1",
    "short": "G3SG1 | Safari Mesh",
    "name": "Souvenir G3SG1 | Safari Mesh (Factory New)",
    "src": "https://steamcdn-a.akamaihd.net/apps/730/icons/econ/default_generated/weapon_g3sg1_sp_mesh_tan_light_large.19acce2a10000a2c03f8f89dc39ff1af3e8ca195.png",
    "type": "skin",
    "rarity": 0,
    "price": 392
  },
  "Souvenir G3SG1 | Safari Mesh (Minimal Wear)": {
    "souvenir": true,
    "quality": 4,
    "weight": 0.05,
    "skin": "Safari Mesh",
    "weapon": "G3SG1",
    "short": "G3SG1 | Safari Mesh",
    "name": "Souvenir G3SG1 | Safari Mesh (Minimal Wear)",
    "src": "https://steamcdn-a.akamaihd.net/apps/730/icons/econ/default_generated/weapon_g3sg1_sp_mesh_tan_light_large.19acce2a10000a2c03f8f89dc39ff1af3e8ca195.png",
    "type": "skin",
    "rarity": 0,
    "price": 29
  },
  "Souvenir G3SG1 | Safari Mesh (Field-Tested)": {
    "souvenir": true,
    "quality": 3,
    "weight": 0.05,
    "skin": "Safari Mesh",
    "weapon": "G3SG1",
    "short": "G3SG1 | Safari Mesh",
    "name": "Souvenir G3SG1 | Safari Mesh (Field-Tested)",
    "src": "https://steamcdn-a.akamaihd.net/apps/730/icons/econ/default_generated/weapon_g3sg1_sp_mesh_tan_light_large.19acce2a10000a2c03f8f89dc39ff1af3e8ca195.png",
    "type": "skin",
    "rarity": 0,
    "price": 13
  },
  "Souvenir G3SG1 | Safari Mesh (Well-Worn)": {
    "souvenir": true,
    "quality": 2,
    "weight": 0.05,
    "skin": "Safari Mesh",
    "weapon": "G3SG1",
    "short": "G3SG1 | Safari Mesh",
    "name": "Souvenir G3SG1 | Safari Mesh (Well-Worn)",
    "src": "https://steamcdn-a.akamaihd.net/apps/730/icons/econ/default_generated/weapon_g3sg1_sp_mesh_tan_light_large.19acce2a10000a2c03f8f89dc39ff1af3e8ca195.png",
    "type": "skin",
    "rarity": 0,
    "price": 19
  },
  "Souvenir G3SG1 | Safari Mesh (Battle-Scarred)": {
    "souvenir": true,
    "quality": 1,
    "weight": 0.05,
    "skin": "Safari Mesh",
    "weapon": "G3SG1",
    "short": "G3SG1 | Safari Mesh",
    "name": "Souvenir G3SG1 | Safari Mesh (Battle-Scarred)",
    "src": "https://steamcdn-a.akamaihd.net/apps/730/icons/econ/default_generated/weapon_g3sg1_sp_mesh_tan_light_large.19acce2a10000a2c03f8f89dc39ff1af3e8ca195.png",
    "type": "skin",
    "rarity": 0,
    "price": 17
  },
  "G3SG1 | Safari Mesh": {
    "souvenirAvailable": true,
    "masterItem": true,
    "qualities": [5, 4, 3, 2, 1],
    "skin": "Safari Mesh",
    "weapon": "G3SG1",
    "short": "G3SG1 | Safari Mesh",
    "name": "G3SG1 | Safari Mesh",
    "src": "https://steamcdn-a.akamaihd.net/apps/730/icons/econ/default_generated/weapon_g3sg1_sp_mesh_tan_light_large.19acce2a10000a2c03f8f89dc39ff1af3e8ca195.png",
    "type": "skin",
    "rarity": 0,
    "price": 468,
    "minPrice": 13
  },
  "Glock-18 | Groundwater (Factory New)": {
    "quality": 5,
    "weight": 0.05,
    "skin": "Groundwater",
    "weapon": "Glock-18",
    "short": "Glock-18 | Groundwater",
    "name": "Glock-18 | Groundwater (Factory New)",
    "src": "https://steamcdn-a.akamaihd.net/apps/730/icons/econ/default_generated/weapon_glock_so_olive_light_large.1af3a84683b1f123d0bc17319d14979bf7a12115.png",
    "type": "skin",
    "rarity": 1,
    "price": 2915
  },
  "Glock-18 | Groundwater (Minimal Wear)": {
    "quality": 4,
    "weight": 0.05,
    "skin": "Groundwater",
    "weapon": "Glock-18",
    "short": "Glock-18 | Groundwater",
    "name": "Glock-18 | Groundwater (Minimal Wear)",
    "src": "https://steamcdn-a.akamaihd.net/apps/730/icons/econ/default_generated/weapon_glock_so_olive_light_large.1af3a84683b1f123d0bc17319d14979bf7a12115.png",
    "type": "skin",
    "rarity": 1,
    "price": 433
  },
  "Glock-18 | Groundwater (Field-Tested)": {
    "quality": 3,
    "weight": 0.05,
    "skin": "Groundwater",
    "weapon": "Glock-18",
    "short": "Glock-18 | Groundwater",
    "name": "Glock-18 | Groundwater (Field-Tested)",
    "src": "https://steamcdn-a.akamaihd.net/apps/730/icons/econ/default_generated/weapon_glock_so_olive_light_large.1af3a84683b1f123d0bc17319d14979bf7a12115.png",
    "type": "skin",
    "rarity": 1,
    "price": 255
  },
  "Glock-18 | Groundwater (Well-Worn)": {
    "quality": 2,
    "weight": 0.05,
    "skin": "Groundwater",
    "weapon": "Glock-18",
    "short": "Glock-18 | Groundwater",
    "name": "Glock-18 | Groundwater (Well-Worn)",
    "src": "https://steamcdn-a.akamaihd.net/apps/730/icons/econ/default_generated/weapon_glock_so_olive_light_large.1af3a84683b1f123d0bc17319d14979bf7a12115.png",
    "type": "skin",
    "rarity": 1,
    "price": 262
  },
  "Glock-18 | Groundwater (Battle-Scarred)": {
    "quality": 1,
    "weight": 0.05,
    "skin": "Groundwater",
    "weapon": "Glock-18",
    "short": "Glock-18 | Groundwater",
    "name": "Glock-18 | Groundwater (Battle-Scarred)",
    "src": "https://steamcdn-a.akamaihd.net/apps/730/icons/econ/default_generated/weapon_glock_so_olive_light_large.1af3a84683b1f123d0bc17319d14979bf7a12115.png",
    "type": "skin",
    "rarity": 1,
    "price": 306
  },
  "Souvenir Glock-18 | Groundwater (Factory New)": {
    "souvenir": true,
    "quality": 5,
    "weight": 0.05,
    "skin": "Groundwater",
    "weapon": "Glock-18",
    "short": "Glock-18 | Groundwater",
    "name": "Souvenir Glock-18 | Groundwater (Factory New)",
    "src": "https://steamcdn-a.akamaihd.net/apps/730/icons/econ/default_generated/weapon_glock_so_olive_light_large.1af3a84683b1f123d0bc17319d14979bf7a12115.png",
    "type": "skin",
    "rarity": 1,
    "price": 6588
  },
  "Souvenir Glock-18 | Groundwater (Minimal Wear)": {
    "souvenir": true,
    "quality": 4,
    "weight": 0.05,
    "skin": "Groundwater",
    "weapon": "Glock-18",
    "short": "Glock-18 | Groundwater",
    "name": "Souvenir Glock-18 | Groundwater (Minimal Wear)",
    "src": "https://steamcdn-a.akamaihd.net/apps/730/icons/econ/default_generated/weapon_glock_so_olive_light_large.1af3a84683b1f123d0bc17319d14979bf7a12115.png",
    "type": "skin",
    "rarity": 1,
    "price": 513
  },
  "Souvenir Glock-18 | Groundwater (Field-Tested)": {
    "souvenir": true,
    "quality": 3,
    "weight": 0.05,
    "skin": "Groundwater",
    "weapon": "Glock-18",
    "short": "Glock-18 | Groundwater",
    "name": "Souvenir Glock-18 | Groundwater (Field-Tested)",
    "src": "https://steamcdn-a.akamaihd.net/apps/730/icons/econ/default_generated/weapon_glock_so_olive_light_large.1af3a84683b1f123d0bc17319d14979bf7a12115.png",
    "type": "skin",
    "rarity": 1,
    "price": 203
  },
  "Souvenir Glock-18 | Groundwater (Well-Worn)": {
    "souvenir": true,
    "quality": 2,
    "weight": 0.05,
    "skin": "Groundwater",
    "weapon": "Glock-18",
    "short": "Glock-18 | Groundwater",
    "name": "Souvenir Glock-18 | Groundwater (Well-Worn)",
    "src": "https://steamcdn-a.akamaihd.net/apps/730/icons/econ/default_generated/weapon_glock_so_olive_light_large.1af3a84683b1f123d0bc17319d14979bf7a12115.png",
    "type": "skin",
    "rarity": 1,
    "price": 213
  },
  "Souvenir Glock-18 | Groundwater (Battle-Scarred)": {
    "souvenir": true,
    "quality": 1,
    "weight": 0.05,
    "skin": "Groundwater",
    "weapon": "Glock-18",
    "short": "Glock-18 | Groundwater",
    "name": "Souvenir Glock-18 | Groundwater (Battle-Scarred)",
    "src": "https://steamcdn-a.akamaihd.net/apps/730/icons/econ/default_generated/weapon_glock_so_olive_light_large.1af3a84683b1f123d0bc17319d14979bf7a12115.png",
    "type": "skin",
    "rarity": 1,
    "price": 200
  },
  "Glock-18 | Groundwater": {
    "souvenirAvailable": true,
    "masterItem": true,
    "qualities": [5, 4, 3, 2, 1],
    "skin": "Groundwater",
    "weapon": "Glock-18",
    "short": "Glock-18 | Groundwater",
    "name": "Glock-18 | Groundwater",
    "src": "https://steamcdn-a.akamaihd.net/apps/730/icons/econ/default_generated/weapon_glock_so_olive_light_large.1af3a84683b1f123d0bc17319d14979bf7a12115.png",
    "type": "skin",
    "rarity": 1,
    "price": 6588,
    "minPrice": 200
  },
  "Galil AR | Hunting Blind (Factory New)": {
    "quality": 5,
    "weight": 0.05,
    "skin": "Hunting Blind",
    "weapon": "Galil AR",
    "short": "Galil AR | Hunting Blind",
    "name": "Galil AR | Hunting Blind (Factory New)",
    "src": "https://steamcdn-a.akamaihd.net/apps/730/icons/econ/default_generated/weapon_galilar_sp_mesh_slashes_light_large.f3c1ef94e52aa6cfe3c3ba2890e0d5ac0764900a.png",
    "type": "skin",
    "rarity": 0,
    "price": 162
  },
  "Galil AR | Hunting Blind (Minimal Wear)": {
    "quality": 4,
    "weight": 0.05,
    "skin": "Hunting Blind",
    "weapon": "Galil AR",
    "short": "Galil AR | Hunting Blind",
    "name": "Galil AR | Hunting Blind (Minimal Wear)",
    "src": "https://steamcdn-a.akamaihd.net/apps/730/icons/econ/default_generated/weapon_galilar_sp_mesh_slashes_light_large.f3c1ef94e52aa6cfe3c3ba2890e0d5ac0764900a.png",
    "type": "skin",
    "rarity": 0,
    "price": 50
  },
  "Galil AR | Hunting Blind (Field-Tested)": {
    "quality": 3,
    "weight": 0.05,
    "skin": "Hunting Blind",
    "weapon": "Galil AR",
    "short": "Galil AR | Hunting Blind",
    "name": "Galil AR | Hunting Blind (Field-Tested)",
    "src": "https://steamcdn-a.akamaihd.net/apps/730/icons/econ/default_generated/weapon_galilar_sp_mesh_slashes_light_large.f3c1ef94e52aa6cfe3c3ba2890e0d5ac0764900a.png",
    "type": "skin",
    "rarity": 0,
    "price": 39
  },
  "Galil AR | Hunting Blind (Well-Worn)": {
    "quality": 2,
    "weight": 0.05,
    "skin": "Hunting Blind",
    "weapon": "Galil AR",
    "short": "Galil AR | Hunting Blind",
    "name": "Galil AR | Hunting Blind (Well-Worn)",
    "src": "https://steamcdn-a.akamaihd.net/apps/730/icons/econ/default_generated/weapon_galilar_sp_mesh_slashes_light_large.f3c1ef94e52aa6cfe3c3ba2890e0d5ac0764900a.png",
    "type": "skin",
    "rarity": 0,
    "price": 45
  },
  "Galil AR | Hunting Blind (Battle-Scarred)": {
    "quality": 1,
    "weight": 0.05,
    "skin": "Hunting Blind",
    "weapon": "Galil AR",
    "short": "Galil AR | Hunting Blind",
    "name": "Galil AR | Hunting Blind (Battle-Scarred)",
    "src": "https://steamcdn-a.akamaihd.net/apps/730/icons/econ/default_generated/weapon_galilar_sp_mesh_slashes_light_large.f3c1ef94e52aa6cfe3c3ba2890e0d5ac0764900a.png",
    "type": "skin",
    "rarity": 0,
    "price": 41
  },
  "Souvenir Galil AR | Hunting Blind (Factory New)": {
    "souvenir": true,
    "quality": 5,
    "weight": 0.05,
    "skin": "Hunting Blind",
    "weapon": "Galil AR",
    "short": "Galil AR | Hunting Blind",
    "name": "Souvenir Galil AR | Hunting Blind (Factory New)",
    "src": "https://steamcdn-a.akamaihd.net/apps/730/icons/econ/default_generated/weapon_galilar_sp_mesh_slashes_light_large.f3c1ef94e52aa6cfe3c3ba2890e0d5ac0764900a.png",
    "type": "skin",
    "rarity": 0,
    "price": 223
  },
  "Souvenir Galil AR | Hunting Blind (Minimal Wear)": {
    "souvenir": true,
    "quality": 4,
    "weight": 0.05,
    "skin": "Hunting Blind",
    "weapon": "Galil AR",
    "short": "Galil AR | Hunting Blind",
    "name": "Souvenir Galil AR | Hunting Blind (Minimal Wear)",
    "src": "https://steamcdn-a.akamaihd.net/apps/730/icons/econ/default_generated/weapon_galilar_sp_mesh_slashes_light_large.f3c1ef94e52aa6cfe3c3ba2890e0d5ac0764900a.png",
    "type": "skin",
    "rarity": 0,
    "price": 79
  },
  "Souvenir Galil AR | Hunting Blind (Field-Tested)": {
    "souvenir": true,
    "quality": 3,
    "weight": 0.05,
    "skin": "Hunting Blind",
    "weapon": "Galil AR",
    "short": "Galil AR | Hunting Blind",
    "name": "Souvenir Galil AR | Hunting Blind (Field-Tested)",
    "src": "https://steamcdn-a.akamaihd.net/apps/730/icons/econ/default_generated/weapon_galilar_sp_mesh_slashes_light_large.f3c1ef94e52aa6cfe3c3ba2890e0d5ac0764900a.png",
    "type": "skin",
    "rarity": 0,
    "price": 61
  },
  "Souvenir Galil AR | Hunting Blind (Well-Worn)": {
    "souvenir": true,
    "quality": 2,
    "weight": 0.05,
    "skin": "Hunting Blind",
    "weapon": "Galil AR",
    "short": "Galil AR | Hunting Blind",
    "name": "Souvenir Galil AR | Hunting Blind (Well-Worn)",
    "src": "https://steamcdn-a.akamaihd.net/apps/730/icons/econ/default_generated/weapon_galilar_sp_mesh_slashes_light_large.f3c1ef94e52aa6cfe3c3ba2890e0d5ac0764900a.png",
    "type": "skin",
    "rarity": 0,
    "price": 81
  },
  "Souvenir Galil AR | Hunting Blind (Battle-Scarred)": {
    "souvenir": true,
    "quality": 1,
    "weight": 0.05,
    "skin": "Hunting Blind",
    "weapon": "Galil AR",
    "short": "Galil AR | Hunting Blind",
    "name": "Souvenir Galil AR | Hunting Blind (Battle-Scarred)",
    "src": "https://steamcdn-a.akamaihd.net/apps/730/icons/econ/default_generated/weapon_galilar_sp_mesh_slashes_light_large.f3c1ef94e52aa6cfe3c3ba2890e0d5ac0764900a.png",
    "type": "skin",
    "rarity": 0,
    "price": 66
  },
  "Galil AR | Hunting Blind": {
    "souvenirAvailable": true,
    "masterItem": true,
    "qualities": [5, 4, 3, 2, 1],
    "skin": "Hunting Blind",
    "weapon": "Galil AR",
    "short": "Galil AR | Hunting Blind",
    "name": "Galil AR | Hunting Blind",
    "src": "https://steamcdn-a.akamaihd.net/apps/730/icons/econ/default_generated/weapon_galilar_sp_mesh_slashes_light_large.f3c1ef94e52aa6cfe3c3ba2890e0d5ac0764900a.png",
    "type": "skin",
    "rarity": 0,
    "price": 223,
    "minPrice": 39
  },
  "SG 553 | Gator Mesh (Factory New)": {
    "quality": 5,
    "weight": 0.05,
    "skin": "Gator Mesh",
    "weapon": "SG 553",
    "short": "SG 553 | Gator Mesh",
    "name": "SG 553 | Gator Mesh (Factory New)",
    "src": "https://steamcdn-a.akamaihd.net/apps/730/icons/econ/default_generated/weapon_sg556_sp_mesh_python_light_large.ee7a2353f499fc228f88aaa99bd7ac4d9fac1257.png",
    "type": "skin",
    "rarity": 1,
    "price": 404
  },
  "SG 553 | Gator Mesh (Minimal Wear)": {
    "quality": 4,
    "weight": 0.05,
    "skin": "Gator Mesh",
    "weapon": "SG 553",
    "short": "SG 553 | Gator Mesh",
    "name": "SG 553 | Gator Mesh (Minimal Wear)",
    "src": "https://steamcdn-a.akamaihd.net/apps/730/icons/econ/default_generated/weapon_sg556_sp_mesh_python_light_large.ee7a2353f499fc228f88aaa99bd7ac4d9fac1257.png",
    "type": "skin",
    "rarity": 1,
    "price": 272
  },
  "SG 553 | Gator Mesh (Field-Tested)": {
    "quality": 3,
    "weight": 0.05,
    "skin": "Gator Mesh",
    "weapon": "SG 553",
    "short": "SG 553 | Gator Mesh",
    "name": "SG 553 | Gator Mesh (Field-Tested)",
    "src": "https://steamcdn-a.akamaihd.net/apps/730/icons/econ/default_generated/weapon_sg556_sp_mesh_python_light_large.ee7a2353f499fc228f88aaa99bd7ac4d9fac1257.png",
    "type": "skin",
    "rarity": 1,
    "price": 244
  },
  "SG 553 | Gator Mesh (Well-Worn)": {
    "quality": 2,
    "weight": 0.05,
    "skin": "Gator Mesh",
    "weapon": "SG 553",
    "short": "SG 553 | Gator Mesh",
    "name": "SG 553 | Gator Mesh (Well-Worn)",
    "src": "https://steamcdn-a.akamaihd.net/apps/730/icons/econ/default_generated/weapon_sg556_sp_mesh_python_light_large.ee7a2353f499fc228f88aaa99bd7ac4d9fac1257.png",
    "type": "skin",
    "rarity": 1,
    "price": 344
  },
  "SG 553 | Gator Mesh (Battle-Scarred)": {
    "quality": 1,
    "weight": 0.05,
    "skin": "Gator Mesh",
    "weapon": "SG 553",
    "short": "SG 553 | Gator Mesh",
    "name": "SG 553 | Gator Mesh (Battle-Scarred)",
    "src": "https://steamcdn-a.akamaihd.net/apps/730/icons/econ/default_generated/weapon_sg556_sp_mesh_python_light_large.ee7a2353f499fc228f88aaa99bd7ac4d9fac1257.png",
    "type": "skin",
    "rarity": 1,
    "price": 229
  },
  "Souvenir SG 553 | Gator Mesh (Factory New)": {
    "souvenir": true,
    "quality": 5,
    "weight": 0.05,
    "skin": "Gator Mesh",
    "weapon": "SG 553",
    "short": "SG 553 | Gator Mesh",
    "name": "Souvenir SG 553 | Gator Mesh (Factory New)",
    "src": "https://steamcdn-a.akamaihd.net/apps/730/icons/econ/default_generated/weapon_sg556_sp_mesh_python_light_large.ee7a2353f499fc228f88aaa99bd7ac4d9fac1257.png",
    "type": "skin",
    "rarity": 1,
    "price": 392
  },
  "Souvenir SG 553 | Gator Mesh (Minimal Wear)": {
    "souvenir": true,
    "quality": 4,
    "weight": 0.05,
    "skin": "Gator Mesh",
    "weapon": "SG 553",
    "short": "SG 553 | Gator Mesh",
    "name": "Souvenir SG 553 | Gator Mesh (Minimal Wear)",
    "src": "https://steamcdn-a.akamaihd.net/apps/730/icons/econ/default_generated/weapon_sg556_sp_mesh_python_light_large.ee7a2353f499fc228f88aaa99bd7ac4d9fac1257.png",
    "type": "skin",
    "rarity": 1,
    "price": 211
  },
  "Souvenir SG 553 | Gator Mesh (Field-Tested)": {
    "souvenir": true,
    "quality": 3,
    "weight": 0.05,
    "skin": "Gator Mesh",
    "weapon": "SG 553",
    "short": "SG 553 | Gator Mesh",
    "name": "Souvenir SG 553 | Gator Mesh (Field-Tested)",
    "src": "https://steamcdn-a.akamaihd.net/apps/730/icons/econ/default_generated/weapon_sg556_sp_mesh_python_light_large.ee7a2353f499fc228f88aaa99bd7ac4d9fac1257.png",
    "type": "skin",
    "rarity": 1,
    "price": 101
  },
  "Souvenir SG 553 | Gator Mesh (Well-Worn)": {
    "souvenir": true,
    "quality": 2,
    "weight": 0.05,
    "skin": "Gator Mesh",
    "weapon": "SG 553",
    "short": "SG 553 | Gator Mesh",
    "name": "Souvenir SG 553 | Gator Mesh (Well-Worn)",
    "src": "https://steamcdn-a.akamaihd.net/apps/730/icons/econ/default_generated/weapon_sg556_sp_mesh_python_light_large.ee7a2353f499fc228f88aaa99bd7ac4d9fac1257.png",
    "type": "skin",
    "rarity": 1,
    "price": 150
  },
  "Souvenir SG 553 | Gator Mesh (Battle-Scarred)": {
    "souvenir": true,
    "quality": 1,
    "weight": 0.05,
    "skin": "Gator Mesh",
    "weapon": "SG 553",
    "short": "SG 553 | Gator Mesh",
    "name": "Souvenir SG 553 | Gator Mesh (Battle-Scarred)",
    "src": "https://steamcdn-a.akamaihd.net/apps/730/icons/econ/default_generated/weapon_sg556_sp_mesh_python_light_large.ee7a2353f499fc228f88aaa99bd7ac4d9fac1257.png",
    "type": "skin",
    "rarity": 1,
    "price": 141
  },
  "SG 553 | Gator Mesh": {
    "souvenirAvailable": true,
    "masterItem": true,
    "qualities": [5, 4, 3, 2, 1],
    "skin": "Gator Mesh",
    "weapon": "SG 553",
    "short": "SG 553 | Gator Mesh",
    "name": "SG 553 | Gator Mesh",
    "src": "https://steamcdn-a.akamaihd.net/apps/730/icons/econ/default_generated/weapon_sg556_sp_mesh_python_light_large.ee7a2353f499fc228f88aaa99bd7ac4d9fac1257.png",
    "type": "skin",
    "rarity": 1,
    "price": 404,
    "minPrice": 101
  }
}