{
  "The Norse Collection": {
    "name": "The Norse Collection",
    "src": "images/items/collections/norse.webp",
    "price": 27561,
    "type": "case",
    "rarity": 0,
    "content": {
      "items": [
        "CZ75-Auto | Emerald Quartz (Factory New)", "CZ75-Auto | Emerald Quartz (Minimal Wear)",
        "CZ75-Auto | Emerald Quartz (Field-Tested)", "CZ75-Auto | Emerald Quartz (Well-Worn)",
        "CZ75-Auto | Emerald Quartz (Battle-Scarred)", "Desert Eagle | Emerald Jörmungandr (Factory New)",
        "Desert Eagle | Emerald Jörmungandr (Minimal Wear)", "Desert Eagle | Emerald Jörmungandr (Field-Tested)",
        "Desert Eagle | Emerald Jörmungandr (Well-Worn)", "Desert Eagle | Emerald Jörmungandr (Battle-Scarred)",
        "MAC-10 | Copper Borre (Factory New)", "MAC-10 | Copper Borre (Minimal Wear)",
        "MAC-10 | Copper Borre (Field-Tested)", "MAC-10 | Copper Borre (Well-Worn)",
        "MAC-10 | Copper Borre (Battle-Scarred)", "Negev | Mjölnir (Factory New)", "Negev | Mjölnir (Minimal Wear)",
        "Negev | Mjölnir (Field-Tested)", "Negev | Mjölnir (Well-Worn)", "Negev | Mjölnir (Battle-Scarred)",
        "SCAR-20 | Brass (Factory New)", "SCAR-20 | Brass (Minimal Wear)", "SCAR-20 | Brass (Field-Tested)",
        "SCAR-20 | Brass (Well-Worn)", "SCAR-20 | Brass (Battle-Scarred)", "Dual Berettas | Pyre (Factory New)",
        "Dual Berettas | Pyre (Minimal Wear)", "Dual Berettas | Pyre (Field-Tested)",
        "Dual Berettas | Pyre (Well-Worn)", "Dual Berettas | Pyre (Battle-Scarred)", "AWP | Gungnir (Factory New)",
        "AWP | Gungnir (Minimal Wear)", "AWP | Gungnir (Field-Tested)", "AWP | Gungnir (Well-Worn)",
        "AWP | Gungnir (Battle-Scarred)", "XM1014 | Frost Borre (Factory New)", "XM1014 | Frost Borre (Minimal Wear)",
        "XM1014 | Frost Borre (Field-Tested)", "XM1014 | Frost Borre (Well-Worn)",
        "XM1014 | Frost Borre (Battle-Scarred)", "MAG-7 | Chainmail (Factory New)", "MAG-7 | Chainmail (Minimal Wear)",
        "MAG-7 | Chainmail (Field-Tested)", "M4A1-S | Moss Quartz (Factory New)", "M4A1-S | Moss Quartz (Minimal Wear)",
        "M4A1-S | Moss Quartz (Field-Tested)", "M4A1-S | Moss Quartz (Well-Worn)",
        "M4A1-S | Moss Quartz (Battle-Scarred)", "P90 | Astral Jörmungandr (Factory New)",
        "P90 | Astral Jörmungandr (Minimal Wear)", "P90 | Astral Jörmungandr (Field-Tested)",
        "P90 | Astral Jörmungandr (Well-Worn)", "P90 | Astral Jörmungandr (Battle-Scarred)",
        "USP-S | Pathfinder (Factory New)", "USP-S | Pathfinder (Minimal Wear)", "USP-S | Pathfinder (Field-Tested)",
        "SSG 08 | Red Stone (Factory New)", "SSG 08 | Red Stone (Minimal Wear)", "SSG 08 | Red Stone (Field-Tested)",
        "SSG 08 | Red Stone (Well-Worn)", "SSG 08 | Red Stone (Battle-Scarred)",
        "AUG | Flame Jörmungandr (Factory New)", "AUG | Flame Jörmungandr (Minimal Wear)",
        "AUG | Flame Jörmungandr (Field-Tested)", "AUG | Flame Jörmungandr (Well-Worn)",
        "AUG | Flame Jörmungandr (Battle-Scarred)", "FAMAS | Night Borre (Factory New)",
        "FAMAS | Night Borre (Minimal Wear)", "FAMAS | Night Borre (Field-Tested)", "FAMAS | Night Borre (Well-Worn)",
        "FAMAS | Night Borre (Battle-Scarred)", "Galil AR | Tornado (Factory New)", "Galil AR | Tornado (Minimal Wear)",
        "Galil AR | Tornado (Field-Tested)", "Galil AR | Tornado (Well-Worn)", "Galil AR | Tornado (Battle-Scarred)",
        "SG 553 | Barricade (Factory New)", "SG 553 | Barricade (Minimal Wear)", "SG 553 | Barricade (Field-Tested)",
        "SG 553 | Barricade (Well-Worn)", "SG 553 | Barricade (Battle-Scarred)", "MP7 | Scorched (Factory New)",
        "MP7 | Scorched (Minimal Wear)", "MP7 | Scorched (Field-Tested)", "MP7 | Scorched (Well-Worn)",
        "MP7 | Scorched (Battle-Scarred)"
      ]
    }
  },
  "CZ75-Auto | Emerald Quartz (Factory New)": {
    "quality": 5,
    "weight": 0.05,
    "skin": "Emerald Quartz",
    "weapon": "CZ75-Auto",
    "short": "CZ75-Auto | Emerald Quartz",
    "name": "CZ75-Auto | Emerald Quartz (Factory New)",
    "src": "https://steamcdn-a.akamaihd.net/apps/730/icons/econ/default_generated/weapon_cz75a_am_crystallized_green_light_large.6ae192cbf47b2cb11ec47fcdcbad07a6a78fb3f7.png",
    "type": "skin",
    "rarity": 2,
    "price": 5271
  },
  "CZ75-Auto | Emerald Quartz (Minimal Wear)": {
    "quality": 4,
    "weight": 0.05,
    "skin": "Emerald Quartz",
    "weapon": "CZ75-Auto",
    "short": "CZ75-Auto | Emerald Quartz",
    "name": "CZ75-Auto | Emerald Quartz (Minimal Wear)",
    "src": "https://steamcdn-a.akamaihd.net/apps/730/icons/econ/default_generated/weapon_cz75a_am_crystallized_green_light_large.6ae192cbf47b2cb11ec47fcdcbad07a6a78fb3f7.png",
    "type": "skin",
    "rarity": 2,
    "price": 4235
  },
  "CZ75-Auto | Emerald Quartz (Field-Tested)": {
    "quality": 3,
    "weight": 0.05,
    "skin": "Emerald Quartz",
    "weapon": "CZ75-Auto",
    "short": "CZ75-Auto | Emerald Quartz",
    "name": "CZ75-Auto | Emerald Quartz (Field-Tested)",
    "src": "https://steamcdn-a.akamaihd.net/apps/730/icons/econ/default_generated/weapon_cz75a_am_crystallized_green_light_large.6ae192cbf47b2cb11ec47fcdcbad07a6a78fb3f7.png",
    "type": "skin",
    "rarity": 2,
    "price": 5093
  },
  "CZ75-Auto | Emerald Quartz (Well-Worn)": {
    "quality": 2,
    "weight": 0.05,
    "skin": "Emerald Quartz",
    "weapon": "CZ75-Auto",
    "short": "CZ75-Auto | Emerald Quartz",
    "name": "CZ75-Auto | Emerald Quartz (Well-Worn)",
    "src": "https://steamcdn-a.akamaihd.net/apps/730/icons/econ/default_generated/weapon_cz75a_am_crystallized_green_light_large.6ae192cbf47b2cb11ec47fcdcbad07a6a78fb3f7.png",
    "type": "skin",
    "rarity": 2,
    "price": 5224
  },
  "CZ75-Auto | Emerald Quartz (Battle-Scarred)": {
    "quality": 1,
    "weight": 0.05,
    "skin": "Emerald Quartz",
    "weapon": "CZ75-Auto",
    "short": "CZ75-Auto | Emerald Quartz",
    "name": "CZ75-Auto | Emerald Quartz (Battle-Scarred)",
    "src": "https://steamcdn-a.akamaihd.net/apps/730/icons/econ/default_generated/weapon_cz75a_am_crystallized_green_light_large.6ae192cbf47b2cb11ec47fcdcbad07a6a78fb3f7.png",
    "type": "skin",
    "rarity": 2,
    "price": 5342
  },
  "CZ75-Auto | Emerald Quartz": {
    "masterItem": true,
    "qualities": [5, 4, 3, 2, 1],
    "skin": "Emerald Quartz",
    "weapon": "CZ75-Auto",
    "short": "CZ75-Auto | Emerald Quartz",
    "name": "CZ75-Auto | Emerald Quartz",
    "src": "https://steamcdn-a.akamaihd.net/apps/730/icons/econ/default_generated/weapon_cz75a_am_crystallized_green_light_large.6ae192cbf47b2cb11ec47fcdcbad07a6a78fb3f7.png",
    "type": "skin",
    "rarity": 2,
    "price": 5342,
    "minPrice": 4235
  },
  "Desert Eagle | Emerald Jörmungandr (Factory New)": {
    "quality": 5,
    "weight": 0.05,
    "skin": "Emerald Jörmungandr",
    "weapon": "Desert Eagle",
    "short": "Desert Eagle | Emerald Jörmungandr",
    "name": "Desert Eagle | Emerald Jörmungandr (Factory New)",
    "src": "https://steamcdn-a.akamaihd.net/apps/730/icons/econ/default_generated/weapon_deagle_am_jorm_green_light_large.db1045fee0af23f28bb4affd164d07e3aadd42ec.png",
    "type": "skin",
    "rarity": 3,
    "price": 15323
  },
  "Desert Eagle | Emerald Jörmungandr (Minimal Wear)": {
    "quality": 4,
    "weight": 0.05,
    "skin": "Emerald Jörmungandr",
    "weapon": "Desert Eagle",
    "short": "Desert Eagle | Emerald Jörmungandr",
    "name": "Desert Eagle | Emerald Jörmungandr (Minimal Wear)",
    "src": "https://steamcdn-a.akamaihd.net/apps/730/icons/econ/default_generated/weapon_deagle_am_jorm_green_light_large.db1045fee0af23f28bb4affd164d07e3aadd42ec.png",
    "type": "skin",
    "rarity": 3,
    "price": 13981
  },
  "Desert Eagle | Emerald Jörmungandr (Field-Tested)": {
    "quality": 3,
    "weight": 0.05,
    "skin": "Emerald Jörmungandr",
    "weapon": "Desert Eagle",
    "short": "Desert Eagle | Emerald Jörmungandr",
    "name": "Desert Eagle | Emerald Jörmungandr (Field-Tested)",
    "src": "https://steamcdn-a.akamaihd.net/apps/730/icons/econ/default_generated/weapon_deagle_am_jorm_green_light_large.db1045fee0af23f28bb4affd164d07e3aadd42ec.png",
    "type": "skin",
    "rarity": 3,
    "price": 14531
  },
  "Desert Eagle | Emerald Jörmungandr (Well-Worn)": {
    "quality": 2,
    "weight": 0.05,
    "skin": "Emerald Jörmungandr",
    "weapon": "Desert Eagle",
    "short": "Desert Eagle | Emerald Jörmungandr",
    "name": "Desert Eagle | Emerald Jörmungandr (Well-Worn)",
    "src": "https://steamcdn-a.akamaihd.net/apps/730/icons/econ/default_generated/weapon_deagle_am_jorm_green_light_large.db1045fee0af23f28bb4affd164d07e3aadd42ec.png",
    "type": "skin",
    "rarity": 3,
    "price": 24928
  },
  "Desert Eagle | Emerald Jörmungandr (Battle-Scarred)": {
    "quality": 1,
    "weight": 0.05,
    "skin": "Emerald Jörmungandr",
    "weapon": "Desert Eagle",
    "short": "Desert Eagle | Emerald Jörmungandr",
    "name": "Desert Eagle | Emerald Jörmungandr (Battle-Scarred)",
    "src": "https://steamcdn-a.akamaihd.net/apps/730/icons/econ/default_generated/weapon_deagle_am_jorm_green_light_large.db1045fee0af23f28bb4affd164d07e3aadd42ec.png",
    "type": "skin",
    "rarity": 3,
    "price": 12898
  },
  "Desert Eagle | Emerald Jörmungandr": {
    "masterItem": true,
    "qualities": [5, 4, 3, 2, 1],
    "skin": "Emerald Jörmungandr",
    "weapon": "Desert Eagle",
    "short": "Desert Eagle | Emerald Jörmungandr",
    "name": "Desert Eagle | Emerald Jörmungandr",
    "src": "https://steamcdn-a.akamaihd.net/apps/730/icons/econ/default_generated/weapon_deagle_am_jorm_green_light_large.db1045fee0af23f28bb4affd164d07e3aadd42ec.png",
    "type": "skin",
    "rarity": 3,
    "price": 24928,
    "minPrice": 12898
  },
  "MAC-10 | Copper Borre (Factory New)": {
    "quality": 5,
    "weight": 0.05,
    "skin": "Copper Borre",
    "weapon": "MAC-10",
    "short": "MAC-10 | Copper Borre",
    "name": "MAC-10 | Copper Borre (Factory New)",
    "src": "https://steamcdn-a.akamaihd.net/apps/730/icons/econ/default_generated/weapon_mac10_am_knots_brown_light_large.c968468f0f9fc526f7a12dd8a7f5ebd7fcc24819.png",
    "type": "skin",
    "rarity": 2,
    "price": 4691
  },
  "MAC-10 | Copper Borre (Minimal Wear)": {
    "quality": 4,
    "weight": 0.05,
    "skin": "Copper Borre",
    "weapon": "MAC-10",
    "short": "MAC-10 | Copper Borre",
    "name": "MAC-10 | Copper Borre (Minimal Wear)",
    "src": "https://steamcdn-a.akamaihd.net/apps/730/icons/econ/default_generated/weapon_mac10_am_knots_brown_light_large.c968468f0f9fc526f7a12dd8a7f5ebd7fcc24819.png",
    "type": "skin",
    "rarity": 2,
    "price": 4480
  },
  "MAC-10 | Copper Borre (Field-Tested)": {
    "quality": 3,
    "weight": 0.05,
    "skin": "Copper Borre",
    "weapon": "MAC-10",
    "short": "MAC-10 | Copper Borre",
    "name": "MAC-10 | Copper Borre (Field-Tested)",
    "src": "https://steamcdn-a.akamaihd.net/apps/730/icons/econ/default_generated/weapon_mac10_am_knots_brown_light_large.c968468f0f9fc526f7a12dd8a7f5ebd7fcc24819.png",
    "type": "skin",
    "rarity": 2,
    "price": 4527
  },
  "MAC-10 | Copper Borre (Well-Worn)": {
    "quality": 2,
    "weight": 0.05,
    "skin": "Copper Borre",
    "weapon": "MAC-10",
    "short": "MAC-10 | Copper Borre",
    "name": "MAC-10 | Copper Borre (Well-Worn)",
    "src": "https://steamcdn-a.akamaihd.net/apps/730/icons/econ/default_generated/weapon_mac10_am_knots_brown_light_large.c968468f0f9fc526f7a12dd8a7f5ebd7fcc24819.png",
    "type": "skin",
    "rarity": 2,
    "price": 7789
  },
  "MAC-10 | Copper Borre (Battle-Scarred)": {
    "quality": 1,
    "weight": 0.05,
    "skin": "Copper Borre",
    "weapon": "MAC-10",
    "short": "MAC-10 | Copper Borre",
    "name": "MAC-10 | Copper Borre (Battle-Scarred)",
    "src": "https://steamcdn-a.akamaihd.net/apps/730/icons/econ/default_generated/weapon_mac10_am_knots_brown_light_large.c968468f0f9fc526f7a12dd8a7f5ebd7fcc24819.png",
    "type": "skin",
    "rarity": 2,
    "price": 6269
  },
  "MAC-10 | Copper Borre": {
    "masterItem": true,
    "qualities": [5, 4, 3, 2, 1],
    "skin": "Copper Borre",
    "weapon": "MAC-10",
    "short": "MAC-10 | Copper Borre",
    "name": "MAC-10 | Copper Borre",
    "src": "https://steamcdn-a.akamaihd.net/apps/730/icons/econ/default_generated/weapon_mac10_am_knots_brown_light_large.c968468f0f9fc526f7a12dd8a7f5ebd7fcc24819.png",
    "type": "skin",
    "rarity": 2,
    "price": 7789,
    "minPrice": 4480
  },
  "Negev | Mjölnir (Factory New)": {
    "quality": 5,
    "weight": 0.05,
    "skin": "Mjölnir",
    "weapon": "Negev",
    "short": "Negev | Mjölnir",
    "name": "Negev | Mjölnir (Factory New)",
    "src": "https://steamcdn-a.akamaihd.net/apps/730/icons/econ/default_generated/weapon_negev_gs_negev_thor_light_large.5060a7a913b1716faf7e81e145d65e0b4081b20f.png",
    "type": "skin",
    "rarity": 4,
    "price": 150913
  },
  "Negev | Mjölnir (Minimal Wear)": {
    "quality": 4,
    "weight": 0.05,
    "skin": "Mjölnir",
    "weapon": "Negev",
    "short": "Negev | Mjölnir",
    "name": "Negev | Mjölnir (Minimal Wear)",
    "src": "https://steamcdn-a.akamaihd.net/apps/730/icons/econ/default_generated/weapon_negev_gs_negev_thor_light_large.5060a7a913b1716faf7e81e145d65e0b4081b20f.png",
    "type": "skin",
    "rarity": 4,
    "price": 3366
  },
  "Negev | Mjölnir (Field-Tested)": {
    "quality": 3,
    "weight": 0.05,
    "skin": "Mjölnir",
    "weapon": "Negev",
    "short": "Negev | Mjölnir",
    "name": "Negev | Mjölnir (Field-Tested)",
    "src": "https://steamcdn-a.akamaihd.net/apps/730/icons/econ/default_generated/weapon_negev_gs_negev_thor_light_large.5060a7a913b1716faf7e81e145d65e0b4081b20f.png",
    "type": "skin",
    "rarity": 4,
    "price": 132814
  },
  "Negev | Mjölnir (Well-Worn)": {
    "quality": 2,
    "weight": 0.05,
    "skin": "Mjölnir",
    "weapon": "Negev",
    "short": "Negev | Mjölnir",
    "name": "Negev | Mjölnir (Well-Worn)",
    "src": "https://steamcdn-a.akamaihd.net/apps/730/icons/econ/default_generated/weapon_negev_gs_negev_thor_light_large.5060a7a913b1716faf7e81e145d65e0b4081b20f.png",
    "type": "skin",
    "rarity": 4,
    "price": 133501
  },
  "Negev | Mjölnir (Battle-Scarred)": {
    "quality": 1,
    "weight": 0.05,
    "skin": "Mjölnir",
    "weapon": "Negev",
    "short": "Negev | Mjölnir",
    "name": "Negev | Mjölnir (Battle-Scarred)",
    "src": "https://steamcdn-a.akamaihd.net/apps/730/icons/econ/default_generated/weapon_negev_gs_negev_thor_light_large.5060a7a913b1716faf7e81e145d65e0b4081b20f.png",
    "type": "skin",
    "rarity": 4,
    "price": 1336
  },
  "Negev | Mjölnir": {
    "masterItem": true,
    "qualities": [5, 4, 3, 2, 1],
    "skin": "Mjölnir",
    "weapon": "Negev",
    "short": "Negev | Mjölnir",
    "name": "Negev | Mjölnir",
    "src": "https://steamcdn-a.akamaihd.net/apps/730/icons/econ/default_generated/weapon_negev_gs_negev_thor_light_large.5060a7a913b1716faf7e81e145d65e0b4081b20f.png",
    "type": "skin",
    "rarity": 4,
    "price": 150913,
    "minPrice": 1336
  },
  "SCAR-20 | Brass (Factory New)": {
    "quality": 5,
    "weight": 0.05,
    "skin": "Brass",
    "weapon": "SCAR-20",
    "short": "SCAR-20 | Brass",
    "name": "SCAR-20 | Brass (Factory New)",
    "src": "https://steamcdn-a.akamaihd.net/apps/730/icons/econ/default_generated/weapon_scar20_aq_brass_light_large.4b497f1e4a42a5c645181a1534cc28320e3f6842.png",
    "type": "skin",
    "rarity": 2,
    "price": 4743
  },
  "SCAR-20 | Brass (Minimal Wear)": {
    "quality": 4,
    "weight": 0.05,
    "skin": "Brass",
    "weapon": "SCAR-20",
    "short": "SCAR-20 | Brass",
    "name": "SCAR-20 | Brass (Minimal Wear)",
    "src": "https://steamcdn-a.akamaihd.net/apps/730/icons/econ/default_generated/weapon_scar20_aq_brass_light_large.4b497f1e4a42a5c645181a1534cc28320e3f6842.png",
    "type": "skin",
    "rarity": 2,
    "price": 4691
  },
  "SCAR-20 | Brass (Field-Tested)": {
    "quality": 3,
    "weight": 0.05,
    "skin": "Brass",
    "weapon": "SCAR-20",
    "short": "SCAR-20 | Brass",
    "name": "SCAR-20 | Brass (Field-Tested)",
    "src": "https://steamcdn-a.akamaihd.net/apps/730/icons/econ/default_generated/weapon_scar20_aq_brass_light_large.4b497f1e4a42a5c645181a1534cc28320e3f6842.png",
    "type": "skin",
    "rarity": 2,
    "price": 4644
  },
  "SCAR-20 | Brass (Well-Worn)": {
    "quality": 2,
    "weight": 0.05,
    "skin": "Brass",
    "weapon": "SCAR-20",
    "short": "SCAR-20 | Brass",
    "name": "SCAR-20 | Brass (Well-Worn)",
    "src": "https://steamcdn-a.akamaihd.net/apps/730/icons/econ/default_generated/weapon_scar20_aq_brass_light_large.4b497f1e4a42a5c645181a1534cc28320e3f6842.png",
    "type": "skin",
    "rarity": 2,
    "price": 4848
  },
  "SCAR-20 | Brass (Battle-Scarred)": {
    "quality": 1,
    "weight": 0.05,
    "skin": "Brass",
    "weapon": "SCAR-20",
    "short": "SCAR-20 | Brass",
    "name": "SCAR-20 | Brass (Battle-Scarred)",
    "src": "https://steamcdn-a.akamaihd.net/apps/730/icons/econ/default_generated/weapon_scar20_aq_brass_light_large.4b497f1e4a42a5c645181a1534cc28320e3f6842.png",
    "type": "skin",
    "rarity": 2,
    "price": 4494
  },
  "SCAR-20 | Brass": {
    "masterItem": true,
    "qualities": [5, 4, 3, 2, 1],
    "skin": "Brass",
    "weapon": "SCAR-20",
    "short": "SCAR-20 | Brass",
    "name": "SCAR-20 | Brass",
    "src": "https://steamcdn-a.akamaihd.net/apps/730/icons/econ/default_generated/weapon_scar20_aq_brass_light_large.4b497f1e4a42a5c645181a1534cc28320e3f6842.png",
    "type": "skin",
    "rarity": 2,
    "price": 4848,
    "minPrice": 4494
  },
  "Dual Berettas | Pyre (Factory New)": {
    "quality": 5,
    "weight": 0.05,
    "skin": "Pyre",
    "weapon": "Dual Berettas",
    "short": "Dual Berettas | Pyre",
    "name": "Dual Berettas | Pyre (Factory New)",
    "src": "https://steamcdn-a.akamaihd.net/apps/730/icons/econ/default_generated/weapon_elite_hy_gelpen_dark_light_large.064bcecab3cc87140e4a6e6f0f34cc3e00675d77.png",
    "type": "skin",
    "rarity": 1,
    "price": 1126
  },
  "Dual Berettas | Pyre (Minimal Wear)": {
    "quality": 4,
    "weight": 0.05,
    "skin": "Pyre",
    "weapon": "Dual Berettas",
    "short": "Dual Berettas | Pyre",
    "name": "Dual Berettas | Pyre (Minimal Wear)",
    "src": "https://steamcdn-a.akamaihd.net/apps/730/icons/econ/default_generated/weapon_elite_hy_gelpen_dark_light_large.064bcecab3cc87140e4a6e6f0f34cc3e00675d77.png",
    "type": "skin",
    "rarity": 1,
    "price": 730
  },
  "Dual Berettas | Pyre (Field-Tested)": {
    "quality": 3,
    "weight": 0.05,
    "skin": "Pyre",
    "weapon": "Dual Berettas",
    "short": "Dual Berettas | Pyre",
    "name": "Dual Berettas | Pyre (Field-Tested)",
    "src": "https://steamcdn-a.akamaihd.net/apps/730/icons/econ/default_generated/weapon_elite_hy_gelpen_dark_light_large.064bcecab3cc87140e4a6e6f0f34cc3e00675d77.png",
    "type": "skin",
    "rarity": 1,
    "price": 650
  },
  "Dual Berettas | Pyre (Well-Worn)": {
    "quality": 2,
    "weight": 0.05,
    "skin": "Pyre",
    "weapon": "Dual Berettas",
    "short": "Dual Berettas | Pyre",
    "name": "Dual Berettas | Pyre (Well-Worn)",
    "src": "https://steamcdn-a.akamaihd.net/apps/730/icons/econ/default_generated/weapon_elite_hy_gelpen_dark_light_large.064bcecab3cc87140e4a6e6f0f34cc3e00675d77.png",
    "type": "skin",
    "rarity": 1,
    "price": 894
  },
  "Dual Berettas | Pyre (Battle-Scarred)": {
    "quality": 1,
    "weight": 0.05,
    "skin": "Pyre",
    "weapon": "Dual Berettas",
    "short": "Dual Berettas | Pyre",
    "name": "Dual Berettas | Pyre (Battle-Scarred)",
    "src": "https://steamcdn-a.akamaihd.net/apps/730/icons/econ/default_generated/weapon_elite_hy_gelpen_dark_light_large.064bcecab3cc87140e4a6e6f0f34cc3e00675d77.png",
    "type": "skin",
    "rarity": 1,
    "price": 863
  },
  "Dual Berettas | Pyre": {
    "masterItem": true,
    "qualities": [5, 4, 3, 2, 1],
    "skin": "Pyre",
    "weapon": "Dual Berettas",
    "short": "Dual Berettas | Pyre",
    "name": "Dual Berettas | Pyre",
    "src": "https://steamcdn-a.akamaihd.net/apps/730/icons/econ/default_generated/weapon_elite_hy_gelpen_dark_light_large.064bcecab3cc87140e4a6e6f0f34cc3e00675d77.png",
    "type": "skin",
    "rarity": 1,
    "price": 1126,
    "minPrice": 650
  },
  "AWP | Gungnir (Factory New)": {
    "quality": 5,
    "weight": 0.05,
    "skin": "Gungnir",
    "weapon": "AWP",
    "short": "AWP | Gungnir",
    "name": "AWP | Gungnir (Factory New)",
    "src": "https://steamcdn-a.akamaihd.net/apps/730/icons/econ/default_generated/weapon_awp_gs_awp_gungnir_light_large.f80c285940f75cca58731d8ead6bd8be1c18e38b.png",
    "type": "skin",
    "rarity": 5,
    "price": 1476250
  },
  "AWP | Gungnir (Minimal Wear)": {
    "quality": 4,
    "weight": 0.05,
    "skin": "Gungnir",
    "weapon": "AWP",
    "short": "AWP | Gungnir",
    "name": "AWP | Gungnir (Minimal Wear)",
    "src": "https://steamcdn-a.akamaihd.net/apps/730/icons/econ/default_generated/weapon_awp_gs_awp_gungnir_light_large.f80c285940f75cca58731d8ead6bd8be1c18e38b.png",
    "type": "skin",
    "rarity": 5,
    "price": 1246790
  },
  "AWP | Gungnir (Field-Tested)": {
    "quality": 3,
    "weight": 0.05,
    "skin": "Gungnir",
    "weapon": "AWP",
    "short": "AWP | Gungnir",
    "name": "AWP | Gungnir (Field-Tested)",
    "src": "https://steamcdn-a.akamaihd.net/apps/730/icons/econ/default_generated/weapon_awp_gs_awp_gungnir_light_large.f80c285940f75cca58731d8ead6bd8be1c18e38b.png",
    "type": "skin",
    "rarity": 5,
    "price": 894481
  },
  "AWP | Gungnir (Well-Worn)": {
    "quality": 2,
    "weight": 0.05,
    "skin": "Gungnir",
    "weapon": "AWP",
    "short": "AWP | Gungnir",
    "name": "AWP | Gungnir (Well-Worn)",
    "src": "https://steamcdn-a.akamaihd.net/apps/730/icons/econ/default_generated/weapon_awp_gs_awp_gungnir_light_large.f80c285940f75cca58731d8ead6bd8be1c18e38b.png",
    "type": "skin",
    "rarity": 5,
    "price": 758753
  },
  "AWP | Gungnir (Battle-Scarred)": {
    "quality": 1,
    "weight": 0.05,
    "skin": "Gungnir",
    "weapon": "AWP",
    "short": "AWP | Gungnir",
    "name": "AWP | Gungnir (Battle-Scarred)",
    "src": "https://steamcdn-a.akamaihd.net/apps/730/icons/econ/default_generated/weapon_awp_gs_awp_gungnir_light_large.f80c285940f75cca58731d8ead6bd8be1c18e38b.png",
    "type": "skin",
    "rarity": 5,
    "price": 681008
  },
  "AWP | Gungnir": {
    "masterItem": true,
    "qualities": [5, 4, 3, 2, 1],
    "skin": "Gungnir",
    "weapon": "AWP",
    "short": "AWP | Gungnir",
    "name": "AWP | Gungnir",
    "src": "https://steamcdn-a.akamaihd.net/apps/730/icons/econ/default_generated/weapon_awp_gs_awp_gungnir_light_large.f80c285940f75cca58731d8ead6bd8be1c18e38b.png",
    "type": "skin",
    "rarity": 5,
    "price": 1476250,
    "minPrice": 681008
  },
  "XM1014 | Frost Borre (Factory New)": {
    "quality": 5,
    "weight": 0.05,
    "skin": "Frost Borre",
    "weapon": "XM1014",
    "short": "XM1014 | Frost Borre",
    "name": "XM1014 | Frost Borre (Factory New)",
    "src": "https://steamcdn-a.akamaihd.net/apps/730/icons/econ/default_generated/weapon_xm1014_am_knots_silver_light_large.73c743e4867ffc0525bc79c488dc90cc12ee53ac.png",
    "type": "skin",
    "rarity": 2,
    "price": 4939
  },
  "XM1014 | Frost Borre (Minimal Wear)": {
    "quality": 4,
    "weight": 0.05,
    "skin": "Frost Borre",
    "weapon": "XM1014",
    "short": "XM1014 | Frost Borre",
    "name": "XM1014 | Frost Borre (Minimal Wear)",
    "src": "https://steamcdn-a.akamaihd.net/apps/730/icons/econ/default_generated/weapon_xm1014_am_knots_silver_light_large.73c743e4867ffc0525bc79c488dc90cc12ee53ac.png",
    "type": "skin",
    "rarity": 2,
    "price": 3994
  },
  "XM1014 | Frost Borre (Field-Tested)": {
    "quality": 3,
    "weight": 0.05,
    "skin": "Frost Borre",
    "weapon": "XM1014",
    "short": "XM1014 | Frost Borre",
    "name": "XM1014 | Frost Borre (Field-Tested)",
    "src": "https://steamcdn-a.akamaihd.net/apps/730/icons/econ/default_generated/weapon_xm1014_am_knots_silver_light_large.73c743e4867ffc0525bc79c488dc90cc12ee53ac.png",
    "type": "skin",
    "rarity": 2,
    "price": 4843
  },
  "XM1014 | Frost Borre (Well-Worn)": {
    "quality": 2,
    "weight": 0.05,
    "skin": "Frost Borre",
    "weapon": "XM1014",
    "short": "XM1014 | Frost Borre",
    "name": "XM1014 | Frost Borre (Well-Worn)",
    "src": "https://steamcdn-a.akamaihd.net/apps/730/icons/econ/default_generated/weapon_xm1014_am_knots_silver_light_large.73c743e4867ffc0525bc79c488dc90cc12ee53ac.png",
    "type": "skin",
    "rarity": 2,
    "price": 5143
  },
  "XM1014 | Frost Borre (Battle-Scarred)": {
    "quality": 1,
    "weight": 0.05,
    "skin": "Frost Borre",
    "weapon": "XM1014",
    "short": "XM1014 | Frost Borre",
    "name": "XM1014 | Frost Borre (Battle-Scarred)",
    "src": "https://steamcdn-a.akamaihd.net/apps/730/icons/econ/default_generated/weapon_xm1014_am_knots_silver_light_large.73c743e4867ffc0525bc79c488dc90cc12ee53ac.png",
    "type": "skin",
    "rarity": 2,
    "price": 5745
  },
  "XM1014 | Frost Borre": {
    "masterItem": true,
    "qualities": [5, 4, 3, 2, 1],
    "skin": "Frost Borre",
    "weapon": "XM1014",
    "short": "XM1014 | Frost Borre",
    "name": "XM1014 | Frost Borre",
    "src": "https://steamcdn-a.akamaihd.net/apps/730/icons/econ/default_generated/weapon_xm1014_am_knots_silver_light_large.73c743e4867ffc0525bc79c488dc90cc12ee53ac.png",
    "type": "skin",
    "rarity": 2,
    "price": 5745,
    "minPrice": 3994
  },
  "MAG-7 | Chainmail (Factory New)": {
    "quality": 5,
    "weight": 0.05,
    "skin": "Chainmail",
    "weapon": "MAG-7",
    "short": "MAG-7 | Chainmail",
    "name": "MAG-7 | Chainmail (Factory New)",
    "src": "https://steamcdn-a.akamaihd.net/apps/730/icons/econ/default_generated/weapon_mag7_am_chainmail_light_large.e6d6e648f7b590f64af2805f59271a364f1b2283.png",
    "type": "skin",
    "rarity": 1,
    "price": 698
  },
  "MAG-7 | Chainmail (Minimal Wear)": {
    "quality": 4,
    "weight": 0.05,
    "skin": "Chainmail",
    "weapon": "MAG-7",
    "short": "MAG-7 | Chainmail",
    "name": "MAG-7 | Chainmail (Minimal Wear)",
    "src": "https://steamcdn-a.akamaihd.net/apps/730/icons/econ/default_generated/weapon_mag7_am_chainmail_light_large.e6d6e648f7b590f64af2805f59271a364f1b2283.png",
    "type": "skin",
    "rarity": 1,
    "price": 686
  },
  "MAG-7 | Chainmail (Field-Tested)": {
    "quality": 3,
    "weight": 0.05,
    "skin": "Chainmail",
    "weapon": "MAG-7",
    "short": "MAG-7 | Chainmail",
    "name": "MAG-7 | Chainmail (Field-Tested)",
    "src": "https://steamcdn-a.akamaihd.net/apps/730/icons/econ/default_generated/weapon_mag7_am_chainmail_light_large.e6d6e648f7b590f64af2805f59271a364f1b2283.png",
    "type": "skin",
    "rarity": 1,
    "price": 789
  },
  "MAG-7 | Chainmail": {
    "masterItem": true,
    "qualities": [5, 4, 3],
    "skin": "Chainmail",
    "weapon": "MAG-7",
    "short": "MAG-7 | Chainmail",
    "name": "MAG-7 | Chainmail",
    "src": "https://steamcdn-a.akamaihd.net/apps/730/icons/econ/default_generated/weapon_mag7_am_chainmail_light_large.e6d6e648f7b590f64af2805f59271a364f1b2283.png",
    "type": "skin",
    "rarity": 1,
    "price": 789,
    "minPrice": 686
  },
  "M4A1-S | Moss Quartz (Factory New)": {
    "quality": 5,
    "weight": 0.05,
    "skin": "Moss Quartz",
    "weapon": "M4A1-S",
    "short": "M4A1-S | Moss Quartz",
    "name": "M4A1-S | Moss Quartz (Factory New)",
    "src": "https://steamcdn-a.akamaihd.net/apps/730/icons/econ/default_generated/weapon_m4a1_silencer_am_crystallized_dark_green_light_large.d9fbf93df4fb38d302a7dd8b2783ce738035a916.png",
    "type": "skin",
    "rarity": 1,
    "price": 774
  },
  "M4A1-S | Moss Quartz (Minimal Wear)": {
    "quality": 4,
    "weight": 0.05,
    "skin": "Moss Quartz",
    "weapon": "M4A1-S",
    "short": "M4A1-S | Moss Quartz",
    "name": "M4A1-S | Moss Quartz (Minimal Wear)",
    "src": "https://steamcdn-a.akamaihd.net/apps/730/icons/econ/default_generated/weapon_m4a1_silencer_am_crystallized_dark_green_light_large.d9fbf93df4fb38d302a7dd8b2783ce738035a916.png",
    "type": "skin",
    "rarity": 1,
    "price": 750
  },
  "M4A1-S | Moss Quartz (Field-Tested)": {
    "quality": 3,
    "weight": 0.05,
    "skin": "Moss Quartz",
    "weapon": "M4A1-S",
    "short": "M4A1-S | Moss Quartz",
    "name": "M4A1-S | Moss Quartz (Field-Tested)",
    "src": "https://steamcdn-a.akamaihd.net/apps/730/icons/econ/default_generated/weapon_m4a1_silencer_am_crystallized_dark_green_light_large.d9fbf93df4fb38d302a7dd8b2783ce738035a916.png",
    "type": "skin",
    "rarity": 1,
    "price": 710
  },
  "M4A1-S | Moss Quartz (Well-Worn)": {
    "quality": 2,
    "weight": 0.05,
    "skin": "Moss Quartz",
    "weapon": "M4A1-S",
    "short": "M4A1-S | Moss Quartz",
    "name": "M4A1-S | Moss Quartz (Well-Worn)",
    "src": "https://steamcdn-a.akamaihd.net/apps/730/icons/econ/default_generated/weapon_m4a1_silencer_am_crystallized_dark_green_light_large.d9fbf93df4fb38d302a7dd8b2783ce738035a916.png",
    "type": "skin",
    "rarity": 1,
    "price": 853
  },
  "M4A1-S | Moss Quartz (Battle-Scarred)": {
    "quality": 1,
    "weight": 0.05,
    "skin": "Moss Quartz",
    "weapon": "M4A1-S",
    "short": "M4A1-S | Moss Quartz",
    "name": "M4A1-S | Moss Quartz (Battle-Scarred)",
    "src": "https://steamcdn-a.akamaihd.net/apps/730/icons/econ/default_generated/weapon_m4a1_silencer_am_crystallized_dark_green_light_large.d9fbf93df4fb38d302a7dd8b2783ce738035a916.png",
    "type": "skin",
    "rarity": 1,
    "price": 865
  },
  "M4A1-S | Moss Quartz": {
    "masterItem": true,
    "qualities": [5, 4, 3, 2, 1],
    "skin": "Moss Quartz",
    "weapon": "M4A1-S",
    "short": "M4A1-S | Moss Quartz",
    "name": "M4A1-S | Moss Quartz",
    "src": "https://steamcdn-a.akamaihd.net/apps/730/icons/econ/default_generated/weapon_m4a1_silencer_am_crystallized_dark_green_light_large.d9fbf93df4fb38d302a7dd8b2783ce738035a916.png",
    "type": "skin",
    "rarity": 1,
    "price": 865,
    "minPrice": 710
  },
  "P90 | Astral Jörmungandr (Factory New)": {
    "quality": 5,
    "weight": 0.05,
    "skin": "Astral Jörmungandr",
    "weapon": "P90",
    "short": "P90 | Astral Jörmungandr",
    "name": "P90 | Astral Jörmungandr (Factory New)",
    "src": "https://steamcdn-a.akamaihd.net/apps/730/icons/econ/default_generated/weapon_p90_am_jorm_blue_light_large.4d15121e1a295202b46b7452b0a927c009cebb37.png",
    "type": "skin",
    "rarity": 3,
    "price": 15561
  },
  "P90 | Astral Jörmungandr (Minimal Wear)": {
    "quality": 4,
    "weight": 0.05,
    "skin": "Astral Jörmungandr",
    "weapon": "P90",
    "short": "P90 | Astral Jörmungandr",
    "name": "P90 | Astral Jörmungandr (Minimal Wear)",
    "src": "https://steamcdn-a.akamaihd.net/apps/730/icons/econ/default_generated/weapon_p90_am_jorm_blue_light_large.4d15121e1a295202b46b7452b0a927c009cebb37.png",
    "type": "skin",
    "rarity": 3,
    "price": 15732
  },
  "P90 | Astral Jörmungandr (Field-Tested)": {
    "quality": 3,
    "weight": 0.05,
    "skin": "Astral Jörmungandr",
    "weapon": "P90",
    "short": "P90 | Astral Jörmungandr",
    "name": "P90 | Astral Jörmungandr (Field-Tested)",
    "src": "https://steamcdn-a.akamaihd.net/apps/730/icons/econ/default_generated/weapon_p90_am_jorm_blue_light_large.4d15121e1a295202b46b7452b0a927c009cebb37.png",
    "type": "skin",
    "rarity": 3,
    "price": 15605
  },
  "P90 | Astral Jörmungandr (Well-Worn)": {
    "quality": 2,
    "weight": 0.05,
    "skin": "Astral Jörmungandr",
    "weapon": "P90",
    "short": "P90 | Astral Jörmungandr",
    "name": "P90 | Astral Jörmungandr (Well-Worn)",
    "src": "https://steamcdn-a.akamaihd.net/apps/730/icons/econ/default_generated/weapon_p90_am_jorm_blue_light_large.4d15121e1a295202b46b7452b0a927c009cebb37.png",
    "type": "skin",
    "rarity": 3,
    "price": 14979
  },
  "P90 | Astral Jörmungandr (Battle-Scarred)": {
    "quality": 1,
    "weight": 0.05,
    "skin": "Astral Jörmungandr",
    "weapon": "P90",
    "short": "P90 | Astral Jörmungandr",
    "name": "P90 | Astral Jörmungandr (Battle-Scarred)",
    "src": "https://steamcdn-a.akamaihd.net/apps/730/icons/econ/default_generated/weapon_p90_am_jorm_blue_light_large.4d15121e1a295202b46b7452b0a927c009cebb37.png",
    "type": "skin",
    "rarity": 3,
    "price": 19700
  },
  "P90 | Astral Jörmungandr": {
    "masterItem": true,
    "qualities": [5, 4, 3, 2, 1],
    "skin": "Astral Jörmungandr",
    "weapon": "P90",
    "short": "P90 | Astral Jörmungandr",
    "name": "P90 | Astral Jörmungandr",
    "src": "https://steamcdn-a.akamaihd.net/apps/730/icons/econ/default_generated/weapon_p90_am_jorm_blue_light_large.4d15121e1a295202b46b7452b0a927c009cebb37.png",
    "type": "skin",
    "rarity": 3,
    "price": 19700,
    "minPrice": 14979
  },
  "USP-S | Pathfinder (Factory New)": {
    "quality": 5,
    "weight": 0.05,
    "skin": "Pathfinder",
    "weapon": "USP-S",
    "short": "USP-S | Pathfinder",
    "name": "USP-S | Pathfinder (Factory New)",
    "src": "https://steamcdn-a.akamaihd.net/apps/730/icons/econ/default_generated/weapon_usp_silencer_sp_labyrinth2_light_large.62697e5210fe32fc1b5bc3d525b197d53508950d.png",
    "type": "skin",
    "rarity": 1,
    "price": 738
  },
  "USP-S | Pathfinder (Minimal Wear)": {
    "quality": 4,
    "weight": 0.05,
    "skin": "Pathfinder",
    "weapon": "USP-S",
    "short": "USP-S | Pathfinder",
    "name": "USP-S | Pathfinder (Minimal Wear)",
    "src": "https://steamcdn-a.akamaihd.net/apps/730/icons/econ/default_generated/weapon_usp_silencer_sp_labyrinth2_light_large.62697e5210fe32fc1b5bc3d525b197d53508950d.png",
    "type": "skin",
    "rarity": 1,
    "price": 697
  },
  "USP-S | Pathfinder (Field-Tested)": {
    "quality": 3,
    "weight": 0.05,
    "skin": "Pathfinder",
    "weapon": "USP-S",
    "short": "USP-S | Pathfinder",
    "name": "USP-S | Pathfinder (Field-Tested)",
    "src": "https://steamcdn-a.akamaihd.net/apps/730/icons/econ/default_generated/weapon_usp_silencer_sp_labyrinth2_light_large.62697e5210fe32fc1b5bc3d525b197d53508950d.png",
    "type": "skin",
    "rarity": 1,
    "price": 777
  },
  "USP-S | Pathfinder": {
    "masterItem": true,
    "qualities": [5, 4, 3],
    "skin": "Pathfinder",
    "weapon": "USP-S",
    "short": "USP-S | Pathfinder",
    "name": "USP-S | Pathfinder",
    "src": "https://steamcdn-a.akamaihd.net/apps/730/icons/econ/default_generated/weapon_usp_silencer_sp_labyrinth2_light_large.62697e5210fe32fc1b5bc3d525b197d53508950d.png",
    "type": "skin",
    "rarity": 1,
    "price": 777,
    "minPrice": 697
  },
  "SSG 08 | Red Stone (Factory New)": {
    "quality": 5,
    "weight": 0.05,
    "skin": "Red Stone",
    "weapon": "SSG 08",
    "short": "SSG 08 | Red Stone",
    "name": "SSG 08 | Red Stone (Factory New)",
    "src": "https://steamcdn-a.akamaihd.net/apps/730/icons/econ/default_generated/weapon_ssg08_so_rune_stone_light_large.008cb3ddaf106a019bc45143d61bb2e520ca50f4.png",
    "type": "skin",
    "rarity": 0,
    "price": 179
  },
  "SSG 08 | Red Stone (Minimal Wear)": {
    "quality": 4,
    "weight": 0.05,
    "skin": "Red Stone",
    "weapon": "SSG 08",
    "short": "SSG 08 | Red Stone",
    "name": "SSG 08 | Red Stone (Minimal Wear)",
    "src": "https://steamcdn-a.akamaihd.net/apps/730/icons/econ/default_generated/weapon_ssg08_so_rune_stone_light_large.008cb3ddaf106a019bc45143d61bb2e520ca50f4.png",
    "type": "skin",
    "rarity": 0,
    "price": 86
  },
  "SSG 08 | Red Stone (Field-Tested)": {
    "quality": 3,
    "weight": 0.05,
    "skin": "Red Stone",
    "weapon": "SSG 08",
    "short": "SSG 08 | Red Stone",
    "name": "SSG 08 | Red Stone (Field-Tested)",
    "src": "https://steamcdn-a.akamaihd.net/apps/730/icons/econ/default_generated/weapon_ssg08_so_rune_stone_light_large.008cb3ddaf106a019bc45143d61bb2e520ca50f4.png",
    "type": "skin",
    "rarity": 0,
    "price": 86
  },
  "SSG 08 | Red Stone (Well-Worn)": {
    "quality": 2,
    "weight": 0.05,
    "skin": "Red Stone",
    "weapon": "SSG 08",
    "short": "SSG 08 | Red Stone",
    "name": "SSG 08 | Red Stone (Well-Worn)",
    "src": "https://steamcdn-a.akamaihd.net/apps/730/icons/econ/default_generated/weapon_ssg08_so_rune_stone_light_large.008cb3ddaf106a019bc45143d61bb2e520ca50f4.png",
    "type": "skin",
    "rarity": 0,
    "price": 103
  },
  "SSG 08 | Red Stone (Battle-Scarred)": {
    "quality": 1,
    "weight": 0.05,
    "skin": "Red Stone",
    "weapon": "SSG 08",
    "short": "SSG 08 | Red Stone",
    "name": "SSG 08 | Red Stone (Battle-Scarred)",
    "src": "https://steamcdn-a.akamaihd.net/apps/730/icons/econ/default_generated/weapon_ssg08_so_rune_stone_light_large.008cb3ddaf106a019bc45143d61bb2e520ca50f4.png",
    "type": "skin",
    "rarity": 0,
    "price": 87
  },
  "SSG 08 | Red Stone": {
    "masterItem": true,
    "qualities": [5, 4, 3, 2, 1],
    "skin": "Red Stone",
    "weapon": "SSG 08",
    "short": "SSG 08 | Red Stone",
    "name": "SSG 08 | Red Stone",
    "src": "https://steamcdn-a.akamaihd.net/apps/730/icons/econ/default_generated/weapon_ssg08_so_rune_stone_light_large.008cb3ddaf106a019bc45143d61bb2e520ca50f4.png",
    "type": "skin",
    "rarity": 0,
    "price": 179,
    "minPrice": 86
  },
  "AUG | Flame Jörmungandr (Factory New)": {
    "quality": 5,
    "weight": 0.05,
    "skin": "Flame Jörmungandr",
    "weapon": "AUG",
    "short": "AUG | Flame Jörmungandr",
    "name": "AUG | Flame Jörmungandr (Factory New)",
    "src": "https://steamcdn-a.akamaihd.net/apps/730/icons/econ/default_generated/weapon_aug_am_jorm_orange_light_large.1df28085a1bc10ff726b8a54f5c94cca1880fd19.png",
    "type": "skin",
    "rarity": 3,
    "price": 15391
  },
  "AUG | Flame Jörmungandr (Minimal Wear)": {
    "quality": 4,
    "weight": 0.05,
    "skin": "Flame Jörmungandr",
    "weapon": "AUG",
    "short": "AUG | Flame Jörmungandr",
    "name": "AUG | Flame Jörmungandr (Minimal Wear)",
    "src": "https://steamcdn-a.akamaihd.net/apps/730/icons/econ/default_generated/weapon_aug_am_jorm_orange_light_large.1df28085a1bc10ff726b8a54f5c94cca1880fd19.png",
    "type": "skin",
    "rarity": 3,
    "price": 15079
  },
  "AUG | Flame Jörmungandr (Field-Tested)": {
    "quality": 3,
    "weight": 0.05,
    "skin": "Flame Jörmungandr",
    "weapon": "AUG",
    "short": "AUG | Flame Jörmungandr",
    "name": "AUG | Flame Jörmungandr (Field-Tested)",
    "src": "https://steamcdn-a.akamaihd.net/apps/730/icons/econ/default_generated/weapon_aug_am_jorm_orange_light_large.1df28085a1bc10ff726b8a54f5c94cca1880fd19.png",
    "type": "skin",
    "rarity": 3,
    "price": 13630
  },
  "AUG | Flame Jörmungandr (Well-Worn)": {
    "quality": 2,
    "weight": 0.05,
    "skin": "Flame Jörmungandr",
    "weapon": "AUG",
    "short": "AUG | Flame Jörmungandr",
    "name": "AUG | Flame Jörmungandr (Well-Worn)",
    "src": "https://steamcdn-a.akamaihd.net/apps/730/icons/econ/default_generated/weapon_aug_am_jorm_orange_light_large.1df28085a1bc10ff726b8a54f5c94cca1880fd19.png",
    "type": "skin",
    "rarity": 3,
    "price": 28202
  },
  "AUG | Flame Jörmungandr (Battle-Scarred)": {
    "quality": 1,
    "weight": 0.05,
    "skin": "Flame Jörmungandr",
    "weapon": "AUG",
    "short": "AUG | Flame Jörmungandr",
    "name": "AUG | Flame Jörmungandr (Battle-Scarred)",
    "src": "https://steamcdn-a.akamaihd.net/apps/730/icons/econ/default_generated/weapon_aug_am_jorm_orange_light_large.1df28085a1bc10ff726b8a54f5c94cca1880fd19.png",
    "type": "skin",
    "rarity": 3,
    "price": 14928
  },
  "AUG | Flame Jörmungandr": {
    "masterItem": true,
    "qualities": [5, 4, 3, 2, 1],
    "skin": "Flame Jörmungandr",
    "weapon": "AUG",
    "short": "AUG | Flame Jörmungandr",
    "name": "AUG | Flame Jörmungandr",
    "src": "https://steamcdn-a.akamaihd.net/apps/730/icons/econ/default_generated/weapon_aug_am_jorm_orange_light_large.1df28085a1bc10ff726b8a54f5c94cca1880fd19.png",
    "type": "skin",
    "rarity": 3,
    "price": 28202,
    "minPrice": 13630
  },
  "FAMAS | Night Borre (Factory New)": {
    "quality": 5,
    "weight": 0.05,
    "skin": "Night Borre",
    "weapon": "FAMAS",
    "short": "FAMAS | Night Borre",
    "name": "FAMAS | Night Borre (Factory New)",
    "src": "https://steamcdn-a.akamaihd.net/apps/730/icons/econ/default_generated/weapon_famas_sp_knots_blue_light_large.1a6a2c6fe90198a053410d364dd48441b51fb1a7.png",
    "type": "skin",
    "rarity": 0,
    "price": 121
  },
  "FAMAS | Night Borre (Minimal Wear)": {
    "quality": 4,
    "weight": 0.05,
    "skin": "Night Borre",
    "weapon": "FAMAS",
    "short": "FAMAS | Night Borre",
    "name": "FAMAS | Night Borre (Minimal Wear)",
    "src": "https://steamcdn-a.akamaihd.net/apps/730/icons/econ/default_generated/weapon_famas_sp_knots_blue_light_large.1a6a2c6fe90198a053410d364dd48441b51fb1a7.png",
    "type": "skin",
    "rarity": 0,
    "price": 92
  },
  "FAMAS | Night Borre (Field-Tested)": {
    "quality": 3,
    "weight": 0.05,
    "skin": "Night Borre",
    "weapon": "FAMAS",
    "short": "FAMAS | Night Borre",
    "name": "FAMAS | Night Borre (Field-Tested)",
    "src": "https://steamcdn-a.akamaihd.net/apps/730/icons/econ/default_generated/weapon_famas_sp_knots_blue_light_large.1a6a2c6fe90198a053410d364dd48441b51fb1a7.png",
    "type": "skin",
    "rarity": 0,
    "price": 82
  },
  "FAMAS | Night Borre (Well-Worn)": {
    "quality": 2,
    "weight": 0.05,
    "skin": "Night Borre",
    "weapon": "FAMAS",
    "short": "FAMAS | Night Borre",
    "name": "FAMAS | Night Borre (Well-Worn)",
    "src": "https://steamcdn-a.akamaihd.net/apps/730/icons/econ/default_generated/weapon_famas_sp_knots_blue_light_large.1a6a2c6fe90198a053410d364dd48441b51fb1a7.png",
    "type": "skin",
    "rarity": 0,
    "price": 91
  },
  "FAMAS | Night Borre (Battle-Scarred)": {
    "quality": 1,
    "weight": 0.05,
    "skin": "Night Borre",
    "weapon": "FAMAS",
    "short": "FAMAS | Night Borre",
    "name": "FAMAS | Night Borre (Battle-Scarred)",
    "src": "https://steamcdn-a.akamaihd.net/apps/730/icons/econ/default_generated/weapon_famas_sp_knots_blue_light_large.1a6a2c6fe90198a053410d364dd48441b51fb1a7.png",
    "type": "skin",
    "rarity": 0,
    "price": 95
  },
  "FAMAS | Night Borre": {
    "masterItem": true,
    "qualities": [5, 4, 3, 2, 1],
    "skin": "Night Borre",
    "weapon": "FAMAS",
    "short": "FAMAS | Night Borre",
    "name": "FAMAS | Night Borre",
    "src": "https://steamcdn-a.akamaihd.net/apps/730/icons/econ/default_generated/weapon_famas_sp_knots_blue_light_large.1a6a2c6fe90198a053410d364dd48441b51fb1a7.png",
    "type": "skin",
    "rarity": 0,
    "price": 121,
    "minPrice": 82
  },
  "Galil AR | Tornado (Factory New)": {
    "quality": 5,
    "weight": 0.05,
    "skin": "Tornado",
    "weapon": "Galil AR",
    "short": "Galil AR | Tornado",
    "name": "Galil AR | Tornado (Factory New)",
    "src": "https://steamcdn-a.akamaihd.net/apps/730/icons/econ/default_generated/weapon_galilar_so_tornado_light_large.afda126687661b7907d69932f66a45d3e7c85573.png",
    "type": "skin",
    "rarity": 0,
    "price": 178
  },
  "Galil AR | Tornado (Minimal Wear)": {
    "quality": 4,
    "weight": 0.05,
    "skin": "Tornado",
    "weapon": "Galil AR",
    "short": "Galil AR | Tornado",
    "name": "Galil AR | Tornado (Minimal Wear)",
    "src": "https://steamcdn-a.akamaihd.net/apps/730/icons/econ/default_generated/weapon_galilar_so_tornado_light_large.afda126687661b7907d69932f66a45d3e7c85573.png",
    "type": "skin",
    "rarity": 0,
    "price": 95
  },
  "Galil AR | Tornado (Field-Tested)": {
    "quality": 3,
    "weight": 0.05,
    "skin": "Tornado",
    "weapon": "Galil AR",
    "short": "Galil AR | Tornado",
    "name": "Galil AR | Tornado (Field-Tested)",
    "src": "https://steamcdn-a.akamaihd.net/apps/730/icons/econ/default_generated/weapon_galilar_so_tornado_light_large.afda126687661b7907d69932f66a45d3e7c85573.png",
    "type": "skin",
    "rarity": 0,
    "price": 98
  },
  "Galil AR | Tornado (Well-Worn)": {
    "quality": 2,
    "weight": 0.05,
    "skin": "Tornado",
    "weapon": "Galil AR",
    "short": "Galil AR | Tornado",
    "name": "Galil AR | Tornado (Well-Worn)",
    "src": "https://steamcdn-a.akamaihd.net/apps/730/icons/econ/default_generated/weapon_galilar_so_tornado_light_large.afda126687661b7907d69932f66a45d3e7c85573.png",
    "type": "skin",
    "rarity": 0,
    "price": 88
  },
  "Galil AR | Tornado (Battle-Scarred)": {
    "quality": 1,
    "weight": 0.05,
    "skin": "Tornado",
    "weapon": "Galil AR",
    "short": "Galil AR | Tornado",
    "name": "Galil AR | Tornado (Battle-Scarred)",
    "src": "https://steamcdn-a.akamaihd.net/apps/730/icons/econ/default_generated/weapon_galilar_so_tornado_light_large.afda126687661b7907d69932f66a45d3e7c85573.png",
    "type": "skin",
    "rarity": 0,
    "price": 86
  },
  "Galil AR | Tornado": {
    "masterItem": true,
    "qualities": [5, 4, 3, 2, 1],
    "skin": "Tornado",
    "weapon": "Galil AR",
    "short": "Galil AR | Tornado",
    "name": "Galil AR | Tornado",
    "src": "https://steamcdn-a.akamaihd.net/apps/730/icons/econ/default_generated/weapon_galilar_so_tornado_light_large.afda126687661b7907d69932f66a45d3e7c85573.png",
    "type": "skin",
    "rarity": 0,
    "price": 178,
    "minPrice": 86
  },
  "SG 553 | Barricade (Factory New)": {
    "quality": 5,
    "weight": 0.05,
    "skin": "Barricade",
    "weapon": "SG 553",
    "short": "SG 553 | Barricade",
    "name": "SG 553 | Barricade (Factory New)",
    "src": "https://steamcdn-a.akamaihd.net/apps/730/icons/econ/default_generated/weapon_sg556_sp_asgard_wall_light_large.4b11684f29f2153a5eaa7b3c162e7ed6665a045a.png",
    "type": "skin",
    "rarity": 0,
    "price": 127
  },
  "SG 553 | Barricade (Minimal Wear)": {
    "quality": 4,
    "weight": 0.05,
    "skin": "Barricade",
    "weapon": "SG 553",
    "short": "SG 553 | Barricade",
    "name": "SG 553 | Barricade (Minimal Wear)",
    "src": "https://steamcdn-a.akamaihd.net/apps/730/icons/econ/default_generated/weapon_sg556_sp_asgard_wall_light_large.4b11684f29f2153a5eaa7b3c162e7ed6665a045a.png",
    "type": "skin",
    "rarity": 0,
    "price": 93
  },
  "SG 553 | Barricade (Field-Tested)": {
    "quality": 3,
    "weight": 0.05,
    "skin": "Barricade",
    "weapon": "SG 553",
    "short": "SG 553 | Barricade",
    "name": "SG 553 | Barricade (Field-Tested)",
    "src": "https://steamcdn-a.akamaihd.net/apps/730/icons/econ/default_generated/weapon_sg556_sp_asgard_wall_light_large.4b11684f29f2153a5eaa7b3c162e7ed6665a045a.png",
    "type": "skin",
    "rarity": 0,
    "price": 89
  },
  "SG 553 | Barricade (Well-Worn)": {
    "quality": 2,
    "weight": 0.05,
    "skin": "Barricade",
    "weapon": "SG 553",
    "short": "SG 553 | Barricade",
    "name": "SG 553 | Barricade (Well-Worn)",
    "src": "https://steamcdn-a.akamaihd.net/apps/730/icons/econ/default_generated/weapon_sg556_sp_asgard_wall_light_large.4b11684f29f2153a5eaa7b3c162e7ed6665a045a.png",
    "type": "skin",
    "rarity": 0,
    "price": 94
  },
  "SG 553 | Barricade (Battle-Scarred)": {
    "quality": 1,
    "weight": 0.05,
    "skin": "Barricade",
    "weapon": "SG 553",
    "short": "SG 553 | Barricade",
    "name": "SG 553 | Barricade (Battle-Scarred)",
    "src": "https://steamcdn-a.akamaihd.net/apps/730/icons/econ/default_generated/weapon_sg556_sp_asgard_wall_light_large.4b11684f29f2153a5eaa7b3c162e7ed6665a045a.png",
    "type": "skin",
    "rarity": 0,
    "price": 90
  },
  "SG 553 | Barricade": {
    "masterItem": true,
    "qualities": [5, 4, 3, 2, 1],
    "skin": "Barricade",
    "weapon": "SG 553",
    "short": "SG 553 | Barricade",
    "name": "SG 553 | Barricade",
    "src": "https://steamcdn-a.akamaihd.net/apps/730/icons/econ/default_generated/weapon_sg556_sp_asgard_wall_light_large.4b11684f29f2153a5eaa7b3c162e7ed6665a045a.png",
    "type": "skin",
    "rarity": 0,
    "price": 127,
    "minPrice": 89
  },
  "MP7 | Scorched (Factory New)": {
    "quality": 5,
    "weight": 0.05,
    "skin": "Scorched",
    "weapon": "MP7",
    "short": "MP7 | Scorched",
    "name": "MP7 | Scorched (Factory New)",
    "src": "https://steamcdn-a.akamaihd.net/apps/730/icons/econ/default_generated/weapon_mp7_sp_dapple_light_large.d78eb500eb366b42a585762582f34009835dd946.png",
    "type": "skin",
    "rarity": 0,
    "price": 196
  },
  "MP7 | Scorched (Minimal Wear)": {
    "quality": 4,
    "weight": 0.05,
    "skin": "Scorched",
    "weapon": "MP7",
    "short": "MP7 | Scorched",
    "name": "MP7 | Scorched (Minimal Wear)",
    "src": "https://steamcdn-a.akamaihd.net/apps/730/icons/econ/default_generated/weapon_mp7_sp_dapple_light_large.d78eb500eb366b42a585762582f34009835dd946.png",
    "type": "skin",
    "rarity": 0,
    "price": 94
  },
  "MP7 | Scorched (Field-Tested)": {
    "quality": 3,
    "weight": 0.05,
    "skin": "Scorched",
    "weapon": "MP7",
    "short": "MP7 | Scorched",
    "name": "MP7 | Scorched (Field-Tested)",
    "src": "https://steamcdn-a.akamaihd.net/apps/730/icons/econ/default_generated/weapon_mp7_sp_dapple_light_large.d78eb500eb366b42a585762582f34009835dd946.png",
    "type": "skin",
    "rarity": 0,
    "price": 94
  },
  "MP7 | Scorched (Well-Worn)": {
    "quality": 2,
    "weight": 0.05,
    "skin": "Scorched",
    "weapon": "MP7",
    "short": "MP7 | Scorched",
    "name": "MP7 | Scorched (Well-Worn)",
    "src": "https://steamcdn-a.akamaihd.net/apps/730/icons/econ/default_generated/weapon_mp7_sp_dapple_light_large.d78eb500eb366b42a585762582f34009835dd946.png",
    "type": "skin",
    "rarity": 0,
    "price": 99
  },
  "MP7 | Scorched (Battle-Scarred)": {
    "quality": 1,
    "weight": 0.05,
    "skin": "Scorched",
    "weapon": "MP7",
    "short": "MP7 | Scorched",
    "name": "MP7 | Scorched (Battle-Scarred)",
    "src": "https://steamcdn-a.akamaihd.net/apps/730/icons/econ/default_generated/weapon_mp7_sp_dapple_light_large.d78eb500eb366b42a585762582f34009835dd946.png",
    "type": "skin",
    "rarity": 0,
    "price": 87
  },
  "MP7 | Scorched": {
    "masterItem": true,
    "qualities": [5, 4, 3, 2, 1],
    "skin": "Scorched",
    "weapon": "MP7",
    "short": "MP7 | Scorched",
    "name": "MP7 | Scorched",
    "src": "https://steamcdn-a.akamaihd.net/apps/730/icons/econ/default_generated/weapon_mp7_sp_dapple_light_large.d78eb500eb366b42a585762582f34009835dd946.png",
    "type": "skin",
    "rarity": 0,
    "price": 196,
    "minPrice": 87
  }
}