{
  "The Nuke Collection": {
    "name": "The Nuke Collection",
    "src": "images/items/collections/nuke.png",
    "price": 5510,
    "type": "case",
    "rarity": 0,
    "content": {
      "items": [
        "Tec-9 | Nuclear Threat (Factory New)", "Tec-9 | Nuclear Threat (Minimal Wear)",
        "Tec-9 | Nuclear Threat (Field-Tested)", "Tec-9 | Nuclear Threat (Well-Worn)",
        "Tec-9 | Nuclear Threat (Battle-Scarred)", "Souvenir Tec-9 | Nuclear Threat (Factory New)",
        "Souvenir Tec-9 | Nuclear Threat (Minimal Wear)", "Souvenir Tec-9 | Nuclear Threat (Field-Tested)",
        "Souvenir Tec-9 | Nuclear Threat (Well-Worn)", "Souvenir Tec-9 | Nuclear Threat (Battle-Scarred)",
        "P250 | Nuclear Threat (Factory New)", "P250 | Nuclear Threat (Minimal Wear)",
        "P250 | Nuclear Threat (Field-Tested)", "P250 | Nuclear Threat (Well-Worn)",
        "P250 | Nuclear Threat (Battle-Scarred)", "Souvenir P250 | Nuclear Threat (Factory New)",
        "Souvenir P250 | Nuclear Threat (Minimal Wear)", "Souvenir P250 | Nuclear Threat (Field-Tested)",
        "Souvenir P250 | Nuclear Threat (Well-Worn)", "Souvenir P250 | Nuclear Threat (Battle-Scarred)",
        "M4A4 | Radiation Hazard (Factory New)", "M4A4 | Radiation Hazard (Minimal Wear)",
        "M4A4 | Radiation Hazard (Field-Tested)", "M4A4 | Radiation Hazard (Well-Worn)",
        "M4A4 | Radiation Hazard (Battle-Scarred)", "Souvenir M4A4 | Radiation Hazard (Factory New)",
        "Souvenir M4A4 | Radiation Hazard (Minimal Wear)", "Souvenir M4A4 | Radiation Hazard (Field-Tested)",
        "Souvenir M4A4 | Radiation Hazard (Well-Worn)", "Souvenir M4A4 | Radiation Hazard (Battle-Scarred)",
        "MAG-7 | Irradiated Alert (Factory New)", "MAG-7 | Irradiated Alert (Minimal Wear)",
        "MAG-7 | Irradiated Alert (Field-Tested)", "MAG-7 | Irradiated Alert (Well-Worn)",
        "MAG-7 | Irradiated Alert (Battle-Scarred)", "Souvenir MAG-7 | Irradiated Alert (Factory New)",
        "Souvenir MAG-7 | Irradiated Alert (Minimal Wear)", "Souvenir MAG-7 | Irradiated Alert (Field-Tested)",
        "Souvenir MAG-7 | Irradiated Alert (Well-Worn)", "Souvenir MAG-7 | Irradiated Alert (Battle-Scarred)",
        "PP-Bizon | Irradiated Alert (Factory New)", "PP-Bizon | Irradiated Alert (Minimal Wear)",
        "PP-Bizon | Irradiated Alert (Field-Tested)", "PP-Bizon | Irradiated Alert (Well-Worn)",
        "PP-Bizon | Irradiated Alert (Battle-Scarred)", "Souvenir PP-Bizon | Irradiated Alert (Factory New)",
        "Souvenir PP-Bizon | Irradiated Alert (Minimal Wear)", "Souvenir PP-Bizon | Irradiated Alert (Field-Tested)",
        "Souvenir PP-Bizon | Irradiated Alert (Well-Worn)", "Souvenir PP-Bizon | Irradiated Alert (Battle-Scarred)",
        "P90 | Fallout Warning (Factory New)", "P90 | Fallout Warning (Minimal Wear)",
        "P90 | Fallout Warning (Field-Tested)", "P90 | Fallout Warning (Well-Worn)",
        "P90 | Fallout Warning (Battle-Scarred)", "Souvenir P90 | Fallout Warning (Factory New)",
        "Souvenir P90 | Fallout Warning (Minimal Wear)", "Souvenir P90 | Fallout Warning (Field-Tested)",
        "Souvenir P90 | Fallout Warning (Well-Worn)", "Souvenir P90 | Fallout Warning (Battle-Scarred)",
        "Sawed-Off | Irradiated Alert (Factory New)", "Sawed-Off | Irradiated Alert (Minimal Wear)",
        "Sawed-Off | Irradiated Alert (Field-Tested)", "Sawed-Off | Irradiated Alert (Well-Worn)",
        "Sawed-Off | Irradiated Alert (Battle-Scarred)", "Souvenir Sawed-Off | Irradiated Alert (Factory New)",
        "Souvenir Sawed-Off | Irradiated Alert (Minimal Wear)", "Souvenir Sawed-Off | Irradiated Alert (Field-Tested)",
        "Souvenir Sawed-Off | Irradiated Alert (Well-Worn)", "Souvenir Sawed-Off | Irradiated Alert (Battle-Scarred)",
        "UMP-45 | Fallout Warning (Factory New)", "UMP-45 | Fallout Warning (Minimal Wear)",
        "UMP-45 | Fallout Warning (Field-Tested)", "UMP-45 | Fallout Warning (Well-Worn)",
        "UMP-45 | Fallout Warning (Battle-Scarred)", "Souvenir UMP-45 | Fallout Warning (Factory New)",
        "Souvenir UMP-45 | Fallout Warning (Minimal Wear)", "Souvenir UMP-45 | Fallout Warning (Field-Tested)",
        "Souvenir UMP-45 | Fallout Warning (Well-Worn)", "Souvenir UMP-45 | Fallout Warning (Battle-Scarred)",
        "XM1014 | Fallout Warning (Factory New)", "XM1014 | Fallout Warning (Minimal Wear)",
        "XM1014 | Fallout Warning (Field-Tested)", "XM1014 | Fallout Warning (Well-Worn)",
        "XM1014 | Fallout Warning (Battle-Scarred)", "Souvenir XM1014 | Fallout Warning (Factory New)",
        "Souvenir XM1014 | Fallout Warning (Minimal Wear)", "Souvenir XM1014 | Fallout Warning (Field-Tested)",
        "Souvenir XM1014 | Fallout Warning (Well-Worn)", "Souvenir XM1014 | Fallout Warning (Battle-Scarred)"
      ]
    }
  },
  "Tec-9 | Nuclear Threat (Factory New)": {
    "quality": 5,
    "weight": 0.01,
    "skin": "Nuclear Threat",
    "weapon": "Tec-9",
    "short": "Tec-9 | Nuclear Threat",
    "name": "Tec-9 | Nuclear Threat (Factory New)",
    "src": "https://steamcdn-a.akamaihd.net/apps/730/icons/econ/default_generated/weapon_tec9_sp_nukestripe_green_tec9_light_large.0067333625bf11ffa93d705dde553b4b2bf6f82c.png",
    "type": "skin",
    "rarity": 3,
    "price": 34841
  },
  "Tec-9 | Nuclear Threat (Minimal Wear)": {
    "quality": 4,
    "weight": 0.01,
    "skin": "Nuclear Threat",
    "weapon": "Tec-9",
    "short": "Tec-9 | Nuclear Threat",
    "name": "Tec-9 | Nuclear Threat (Minimal Wear)",
    "src": "https://steamcdn-a.akamaihd.net/apps/730/icons/econ/default_generated/weapon_tec9_sp_nukestripe_green_tec9_light_large.0067333625bf11ffa93d705dde553b4b2bf6f82c.png",
    "type": "skin",
    "rarity": 3,
    "price": 3797
  },
  "Tec-9 | Nuclear Threat (Field-Tested)": {
    "quality": 3,
    "weight": 0.01,
    "skin": "Nuclear Threat",
    "weapon": "Tec-9",
    "short": "Tec-9 | Nuclear Threat",
    "name": "Tec-9 | Nuclear Threat (Field-Tested)",
    "src": "https://steamcdn-a.akamaihd.net/apps/730/icons/econ/default_generated/weapon_tec9_sp_nukestripe_green_tec9_light_large.0067333625bf11ffa93d705dde553b4b2bf6f82c.png",
    "type": "skin",
    "rarity": 3,
    "price": 1375
  },
  "Tec-9 | Nuclear Threat (Well-Worn)": {
    "quality": 2,
    "weight": 0.01,
    "skin": "Nuclear Threat",
    "weapon": "Tec-9",
    "short": "Tec-9 | Nuclear Threat",
    "name": "Tec-9 | Nuclear Threat (Well-Worn)",
    "src": "https://steamcdn-a.akamaihd.net/apps/730/icons/econ/default_generated/weapon_tec9_sp_nukestripe_green_tec9_light_large.0067333625bf11ffa93d705dde553b4b2bf6f82c.png",
    "type": "skin",
    "rarity": 3,
    "price": 1142
  },
  "Tec-9 | Nuclear Threat (Battle-Scarred)": {
    "quality": 1,
    "weight": 0.01,
    "skin": "Nuclear Threat",
    "weapon": "Tec-9",
    "short": "Tec-9 | Nuclear Threat",
    "name": "Tec-9 | Nuclear Threat (Battle-Scarred)",
    "src": "https://steamcdn-a.akamaihd.net/apps/730/icons/econ/default_generated/weapon_tec9_sp_nukestripe_green_tec9_light_large.0067333625bf11ffa93d705dde553b4b2bf6f82c.png",
    "type": "skin",
    "rarity": 3,
    "price": 781
  },
  "Souvenir Tec-9 | Nuclear Threat (Factory New)": {
    "souvenir": true,
    "quality": 5,
    "weight": 0.01,
    "skin": "Nuclear Threat",
    "weapon": "Tec-9",
    "short": "Tec-9 | Nuclear Threat",
    "name": "Souvenir Tec-9 | Nuclear Threat (Factory New)",
    "src": "https://steamcdn-a.akamaihd.net/apps/730/icons/econ/default_generated/weapon_tec9_sp_nukestripe_green_tec9_light_large.0067333625bf11ffa93d705dde553b4b2bf6f82c.png",
    "type": "skin",
    "rarity": 3,
    "price": 1562
  },
  "Souvenir Tec-9 | Nuclear Threat (Minimal Wear)": {
    "souvenir": true,
    "quality": 4,
    "weight": 0.01,
    "skin": "Nuclear Threat",
    "weapon": "Tec-9",
    "short": "Tec-9 | Nuclear Threat",
    "name": "Souvenir Tec-9 | Nuclear Threat (Minimal Wear)",
    "src": "https://steamcdn-a.akamaihd.net/apps/730/icons/econ/default_generated/weapon_tec9_sp_nukestripe_green_tec9_light_large.0067333625bf11ffa93d705dde553b4b2bf6f82c.png",
    "type": "skin",
    "rarity": 3,
    "price": 22824
  },
  "Souvenir Tec-9 | Nuclear Threat (Field-Tested)": {
    "souvenir": true,
    "quality": 3,
    "weight": 0.01,
    "skin": "Nuclear Threat",
    "weapon": "Tec-9",
    "short": "Tec-9 | Nuclear Threat",
    "name": "Souvenir Tec-9 | Nuclear Threat (Field-Tested)",
    "src": "https://steamcdn-a.akamaihd.net/apps/730/icons/econ/default_generated/weapon_tec9_sp_nukestripe_green_tec9_light_large.0067333625bf11ffa93d705dde553b4b2bf6f82c.png",
    "type": "skin",
    "rarity": 3,
    "price": 6711
  },
  "Souvenir Tec-9 | Nuclear Threat (Well-Worn)": {
    "souvenir": true,
    "quality": 2,
    "weight": 0.01,
    "skin": "Nuclear Threat",
    "weapon": "Tec-9",
    "short": "Tec-9 | Nuclear Threat",
    "name": "Souvenir Tec-9 | Nuclear Threat (Well-Worn)",
    "src": "https://steamcdn-a.akamaihd.net/apps/730/icons/econ/default_generated/weapon_tec9_sp_nukestripe_green_tec9_light_large.0067333625bf11ffa93d705dde553b4b2bf6f82c.png",
    "type": "skin",
    "rarity": 3,
    "price": 5384
  },
  "Souvenir Tec-9 | Nuclear Threat (Battle-Scarred)": {
    "souvenir": true,
    "quality": 1,
    "weight": 0.01,
    "skin": "Nuclear Threat",
    "weapon": "Tec-9",
    "short": "Tec-9 | Nuclear Threat",
    "name": "Souvenir Tec-9 | Nuclear Threat (Battle-Scarred)",
    "src": "https://steamcdn-a.akamaihd.net/apps/730/icons/econ/default_generated/weapon_tec9_sp_nukestripe_green_tec9_light_large.0067333625bf11ffa93d705dde553b4b2bf6f82c.png",
    "type": "skin",
    "rarity": 3,
    "price": 5751
  },
  "Tec-9 | Nuclear Threat": {
    "souvenirAvailable": true,
    "masterItem": true,
    "qualities": [5, 4, 3, 2, 1],
    "skin": "Nuclear Threat",
    "weapon": "Tec-9",
    "short": "Tec-9 | Nuclear Threat",
    "name": "Tec-9 | Nuclear Threat",
    "src": "https://steamcdn-a.akamaihd.net/apps/730/icons/econ/default_generated/weapon_tec9_sp_nukestripe_green_tec9_light_large.0067333625bf11ffa93d705dde553b4b2bf6f82c.png",
    "type": "skin",
    "rarity": 3,
    "price": 34841,
    "minPrice": 781
  },
  "P250 | Nuclear Threat (Factory New)": {
    "quality": 5,
    "weight": 0.01,
    "skin": "Nuclear Threat",
    "weapon": "P250",
    "short": "P250 | Nuclear Threat",
    "name": "P250 | Nuclear Threat (Factory New)",
    "src": "https://steamcdn-a.akamaihd.net/apps/730/icons/econ/default_generated/weapon_p250_sp_nukestripe_green_light_large.099ce352cdcf83040aad712968d066f260439c22.png",
    "type": "skin",
    "rarity": 3,
    "price": 21775
  },
  "P250 | Nuclear Threat (Minimal Wear)": {
    "quality": 4,
    "weight": 0.01,
    "skin": "Nuclear Threat",
    "weapon": "P250",
    "short": "P250 | Nuclear Threat",
    "name": "P250 | Nuclear Threat (Minimal Wear)",
    "src": "https://steamcdn-a.akamaihd.net/apps/730/icons/econ/default_generated/weapon_p250_sp_nukestripe_green_light_large.099ce352cdcf83040aad712968d066f260439c22.png",
    "type": "skin",
    "rarity": 3,
    "price": 3216
  },
  "P250 | Nuclear Threat (Field-Tested)": {
    "quality": 3,
    "weight": 0.01,
    "skin": "Nuclear Threat",
    "weapon": "P250",
    "short": "P250 | Nuclear Threat",
    "name": "P250 | Nuclear Threat (Field-Tested)",
    "src": "https://steamcdn-a.akamaihd.net/apps/730/icons/econ/default_generated/weapon_p250_sp_nukestripe_green_light_large.099ce352cdcf83040aad712968d066f260439c22.png",
    "type": "skin",
    "rarity": 3,
    "price": 732
  },
  "P250 | Nuclear Threat (Well-Worn)": {
    "quality": 2,
    "weight": 0.01,
    "skin": "Nuclear Threat",
    "weapon": "P250",
    "short": "P250 | Nuclear Threat",
    "name": "P250 | Nuclear Threat (Well-Worn)",
    "src": "https://steamcdn-a.akamaihd.net/apps/730/icons/econ/default_generated/weapon_p250_sp_nukestripe_green_light_large.099ce352cdcf83040aad712968d066f260439c22.png",
    "type": "skin",
    "rarity": 3,
    "price": 827
  },
  "P250 | Nuclear Threat (Battle-Scarred)": {
    "quality": 1,
    "weight": 0.01,
    "skin": "Nuclear Threat",
    "weapon": "P250",
    "short": "P250 | Nuclear Threat",
    "name": "P250 | Nuclear Threat (Battle-Scarred)",
    "src": "https://steamcdn-a.akamaihd.net/apps/730/icons/econ/default_generated/weapon_p250_sp_nukestripe_green_light_large.099ce352cdcf83040aad712968d066f260439c22.png",
    "type": "skin",
    "rarity": 3,
    "price": 801
  },
  "Souvenir P250 | Nuclear Threat (Factory New)": {
    "souvenir": true,
    "quality": 5,
    "weight": 0.01,
    "skin": "Nuclear Threat",
    "weapon": "P250",
    "short": "P250 | Nuclear Threat",
    "name": "Souvenir P250 | Nuclear Threat (Factory New)",
    "src": "https://steamcdn-a.akamaihd.net/apps/730/icons/econ/default_generated/weapon_p250_sp_nukestripe_green_light_large.099ce352cdcf83040aad712968d066f260439c22.png",
    "type": "skin",
    "rarity": 3,
    "price": 1441
  },
  "Souvenir P250 | Nuclear Threat (Minimal Wear)": {
    "souvenir": true,
    "quality": 4,
    "weight": 0.01,
    "skin": "Nuclear Threat",
    "weapon": "P250",
    "short": "P250 | Nuclear Threat",
    "name": "Souvenir P250 | Nuclear Threat (Minimal Wear)",
    "src": "https://steamcdn-a.akamaihd.net/apps/730/icons/econ/default_generated/weapon_p250_sp_nukestripe_green_light_large.099ce352cdcf83040aad712968d066f260439c22.png",
    "type": "skin",
    "rarity": 3,
    "price": 14810
  },
  "Souvenir P250 | Nuclear Threat (Field-Tested)": {
    "souvenir": true,
    "quality": 3,
    "weight": 0.01,
    "skin": "Nuclear Threat",
    "weapon": "P250",
    "short": "P250 | Nuclear Threat",
    "name": "Souvenir P250 | Nuclear Threat (Field-Tested)",
    "src": "https://steamcdn-a.akamaihd.net/apps/730/icons/econ/default_generated/weapon_p250_sp_nukestripe_green_light_large.099ce352cdcf83040aad712968d066f260439c22.png",
    "type": "skin",
    "rarity": 3,
    "price": 3296
  },
  "Souvenir P250 | Nuclear Threat (Well-Worn)": {
    "souvenir": true,
    "quality": 2,
    "weight": 0.01,
    "skin": "Nuclear Threat",
    "weapon": "P250",
    "short": "P250 | Nuclear Threat",
    "name": "Souvenir P250 | Nuclear Threat (Well-Worn)",
    "src": "https://steamcdn-a.akamaihd.net/apps/730/icons/econ/default_generated/weapon_p250_sp_nukestripe_green_light_large.099ce352cdcf83040aad712968d066f260439c22.png",
    "type": "skin",
    "rarity": 3,
    "price": 4382
  },
  "Souvenir P250 | Nuclear Threat (Battle-Scarred)": {
    "souvenir": true,
    "quality": 1,
    "weight": 0.01,
    "skin": "Nuclear Threat",
    "weapon": "P250",
    "short": "P250 | Nuclear Threat",
    "name": "Souvenir P250 | Nuclear Threat (Battle-Scarred)",
    "src": "https://steamcdn-a.akamaihd.net/apps/730/icons/econ/default_generated/weapon_p250_sp_nukestripe_green_light_large.099ce352cdcf83040aad712968d066f260439c22.png",
    "type": "skin",
    "rarity": 3,
    "price": 2207
  },
  "P250 | Nuclear Threat": {
    "souvenirAvailable": true,
    "masterItem": true,
    "qualities": [5, 4, 3, 2, 1],
    "skin": "Nuclear Threat",
    "weapon": "P250",
    "short": "P250 | Nuclear Threat",
    "name": "P250 | Nuclear Threat",
    "src": "https://steamcdn-a.akamaihd.net/apps/730/icons/econ/default_generated/weapon_p250_sp_nukestripe_green_light_large.099ce352cdcf83040aad712968d066f260439c22.png",
    "type": "skin",
    "rarity": 3,
    "price": 21775,
    "minPrice": 732
  },
  "M4A4 | Radiation Hazard (Factory New)": {
    "quality": 5,
    "weight": 0.01,
    "skin": "Radiation Hazard",
    "weapon": "M4A4",
    "short": "M4A4 | Radiation Hazard",
    "name": "M4A4 | Radiation Hazard (Factory New)",
    "src": "https://steamcdn-a.akamaihd.net/apps/730/icons/econ/default_generated/weapon_m4a1_sp_nukestripe_orange_light_large.deb3995ec0bd7021cf33ca089f1d889fb92aba94.png",
    "type": "skin",
    "rarity": 2,
    "price": 35909
  },
  "M4A4 | Radiation Hazard (Minimal Wear)": {
    "quality": 4,
    "weight": 0.01,
    "skin": "Radiation Hazard",
    "weapon": "M4A4",
    "short": "M4A4 | Radiation Hazard",
    "name": "M4A4 | Radiation Hazard (Minimal Wear)",
    "src": "https://steamcdn-a.akamaihd.net/apps/730/icons/econ/default_generated/weapon_m4a1_sp_nukestripe_orange_light_large.deb3995ec0bd7021cf33ca089f1d889fb92aba94.png",
    "type": "skin",
    "rarity": 2,
    "price": 4352
  },
  "M4A4 | Radiation Hazard (Field-Tested)": {
    "quality": 3,
    "weight": 0.01,
    "skin": "Radiation Hazard",
    "weapon": "M4A4",
    "short": "M4A4 | Radiation Hazard",
    "name": "M4A4 | Radiation Hazard (Field-Tested)",
    "src": "https://steamcdn-a.akamaihd.net/apps/730/icons/econ/default_generated/weapon_m4a1_sp_nukestripe_orange_light_large.deb3995ec0bd7021cf33ca089f1d889fb92aba94.png",
    "type": "skin",
    "rarity": 2,
    "price": 1149
  },
  "M4A4 | Radiation Hazard (Well-Worn)": {
    "quality": 2,
    "weight": 0.01,
    "skin": "Radiation Hazard",
    "weapon": "M4A4",
    "short": "M4A4 | Radiation Hazard",
    "name": "M4A4 | Radiation Hazard (Well-Worn)",
    "src": "https://steamcdn-a.akamaihd.net/apps/730/icons/econ/default_generated/weapon_m4a1_sp_nukestripe_orange_light_large.deb3995ec0bd7021cf33ca089f1d889fb92aba94.png",
    "type": "skin",
    "rarity": 2,
    "price": 1056
  },
  "M4A4 | Radiation Hazard (Battle-Scarred)": {
    "quality": 1,
    "weight": 0.01,
    "skin": "Radiation Hazard",
    "weapon": "M4A4",
    "short": "M4A4 | Radiation Hazard",
    "name": "M4A4 | Radiation Hazard (Battle-Scarred)",
    "src": "https://steamcdn-a.akamaihd.net/apps/730/icons/econ/default_generated/weapon_m4a1_sp_nukestripe_orange_light_large.deb3995ec0bd7021cf33ca089f1d889fb92aba94.png",
    "type": "skin",
    "rarity": 2,
    "price": 1134
  },
  "Souvenir M4A4 | Radiation Hazard (Factory New)": {
    "souvenir": true,
    "quality": 5,
    "weight": 0.01,
    "skin": "Radiation Hazard",
    "weapon": "M4A4",
    "short": "M4A4 | Radiation Hazard",
    "name": "Souvenir M4A4 | Radiation Hazard (Factory New)",
    "src": "https://steamcdn-a.akamaihd.net/apps/730/icons/econ/default_generated/weapon_m4a1_sp_nukestripe_orange_light_large.deb3995ec0bd7021cf33ca089f1d889fb92aba94.png",
    "type": "skin",
    "rarity": 2,
    "price": 483
  },
  "Souvenir M4A4 | Radiation Hazard (Minimal Wear)": {
    "souvenir": true,
    "quality": 4,
    "weight": 0.01,
    "skin": "Radiation Hazard",
    "weapon": "M4A4",
    "short": "M4A4 | Radiation Hazard",
    "name": "Souvenir M4A4 | Radiation Hazard (Minimal Wear)",
    "src": "https://steamcdn-a.akamaihd.net/apps/730/icons/econ/default_generated/weapon_m4a1_sp_nukestripe_orange_light_large.deb3995ec0bd7021cf33ca089f1d889fb92aba94.png",
    "type": "skin",
    "rarity": 2,
    "price": 10341
  },
  "Souvenir M4A4 | Radiation Hazard (Field-Tested)": {
    "souvenir": true,
    "quality": 3,
    "weight": 0.01,
    "skin": "Radiation Hazard",
    "weapon": "M4A4",
    "short": "M4A4 | Radiation Hazard",
    "name": "Souvenir M4A4 | Radiation Hazard (Field-Tested)",
    "src": "https://steamcdn-a.akamaihd.net/apps/730/icons/econ/default_generated/weapon_m4a1_sp_nukestripe_orange_light_large.deb3995ec0bd7021cf33ca089f1d889fb92aba94.png",
    "type": "skin",
    "rarity": 2,
    "price": 2601
  },
  "Souvenir M4A4 | Radiation Hazard (Well-Worn)": {
    "souvenir": true,
    "quality": 2,
    "weight": 0.01,
    "skin": "Radiation Hazard",
    "weapon": "M4A4",
    "short": "M4A4 | Radiation Hazard",
    "name": "Souvenir M4A4 | Radiation Hazard (Well-Worn)",
    "src": "https://steamcdn-a.akamaihd.net/apps/730/icons/econ/default_generated/weapon_m4a1_sp_nukestripe_orange_light_large.deb3995ec0bd7021cf33ca089f1d889fb92aba94.png",
    "type": "skin",
    "rarity": 2,
    "price": 4257
  },
  "Souvenir M4A4 | Radiation Hazard (Battle-Scarred)": {
    "souvenir": true,
    "quality": 1,
    "weight": 0.01,
    "skin": "Radiation Hazard",
    "weapon": "M4A4",
    "short": "M4A4 | Radiation Hazard",
    "name": "Souvenir M4A4 | Radiation Hazard (Battle-Scarred)",
    "src": "https://steamcdn-a.akamaihd.net/apps/730/icons/econ/default_generated/weapon_m4a1_sp_nukestripe_orange_light_large.deb3995ec0bd7021cf33ca089f1d889fb92aba94.png",
    "type": "skin",
    "rarity": 2,
    "price": 2093
  },
  "M4A4 | Radiation Hazard": {
    "souvenirAvailable": true,
    "masterItem": true,
    "qualities": [5, 4, 3, 2, 1],
    "skin": "Radiation Hazard",
    "weapon": "M4A4",
    "short": "M4A4 | Radiation Hazard",
    "name": "M4A4 | Radiation Hazard",
    "src": "https://steamcdn-a.akamaihd.net/apps/730/icons/econ/default_generated/weapon_m4a1_sp_nukestripe_orange_light_large.deb3995ec0bd7021cf33ca089f1d889fb92aba94.png",
    "type": "skin",
    "rarity": 2,
    "price": 35909,
    "minPrice": 483
  },
  "MAG-7 | Irradiated Alert (Factory New)": {
    "quality": 5,
    "weight": 0.01,
    "skin": "Irradiated Alert",
    "weapon": "MAG-7",
    "short": "MAG-7 | Irradiated Alert",
    "name": "MAG-7 | Irradiated Alert (Factory New)",
    "src": "https://steamcdn-a.akamaihd.net/apps/730/icons/econ/default_generated/weapon_mag7_sp_nukestripe_brown_light_large.e1d7540ba5131a2e2cf36a8f7c6edc98d0cd431a.png",
    "type": "skin",
    "rarity": 0,
    "price": 693
  },
  "MAG-7 | Irradiated Alert (Minimal Wear)": {
    "quality": 4,
    "weight": 0.01,
    "skin": "Irradiated Alert",
    "weapon": "MAG-7",
    "short": "MAG-7 | Irradiated Alert",
    "name": "MAG-7 | Irradiated Alert (Minimal Wear)",
    "src": "https://steamcdn-a.akamaihd.net/apps/730/icons/econ/default_generated/weapon_mag7_sp_nukestripe_brown_light_large.e1d7540ba5131a2e2cf36a8f7c6edc98d0cd431a.png",
    "type": "skin",
    "rarity": 0,
    "price": 196
  },
  "MAG-7 | Irradiated Alert (Field-Tested)": {
    "quality": 3,
    "weight": 0.01,
    "skin": "Irradiated Alert",
    "weapon": "MAG-7",
    "short": "MAG-7 | Irradiated Alert",
    "name": "MAG-7 | Irradiated Alert (Field-Tested)",
    "src": "https://steamcdn-a.akamaihd.net/apps/730/icons/econ/default_generated/weapon_mag7_sp_nukestripe_brown_light_large.e1d7540ba5131a2e2cf36a8f7c6edc98d0cd431a.png",
    "type": "skin",
    "rarity": 0,
    "price": 91
  },
  "MAG-7 | Irradiated Alert (Well-Worn)": {
    "quality": 2,
    "weight": 0.01,
    "skin": "Irradiated Alert",
    "weapon": "MAG-7",
    "short": "MAG-7 | Irradiated Alert",
    "name": "MAG-7 | Irradiated Alert (Well-Worn)",
    "src": "https://steamcdn-a.akamaihd.net/apps/730/icons/econ/default_generated/weapon_mag7_sp_nukestripe_brown_light_large.e1d7540ba5131a2e2cf36a8f7c6edc98d0cd431a.png",
    "type": "skin",
    "rarity": 0,
    "price": 88
  },
  "MAG-7 | Irradiated Alert (Battle-Scarred)": {
    "quality": 1,
    "weight": 0.01,
    "skin": "Irradiated Alert",
    "weapon": "MAG-7",
    "short": "MAG-7 | Irradiated Alert",
    "name": "MAG-7 | Irradiated Alert (Battle-Scarred)",
    "src": "https://steamcdn-a.akamaihd.net/apps/730/icons/econ/default_generated/weapon_mag7_sp_nukestripe_brown_light_large.e1d7540ba5131a2e2cf36a8f7c6edc98d0cd431a.png",
    "type": "skin",
    "rarity": 0,
    "price": 83
  },
  "Souvenir MAG-7 | Irradiated Alert (Factory New)": {
    "souvenir": true,
    "quality": 5,
    "weight": 0.01,
    "skin": "Irradiated Alert",
    "weapon": "MAG-7",
    "short": "MAG-7 | Irradiated Alert",
    "name": "Souvenir MAG-7 | Irradiated Alert (Factory New)",
    "src": "https://steamcdn-a.akamaihd.net/apps/730/icons/econ/default_generated/weapon_mag7_sp_nukestripe_brown_light_large.e1d7540ba5131a2e2cf36a8f7c6edc98d0cd431a.png",
    "type": "skin",
    "rarity": 0,
    "price": 1662
  },
  "Souvenir MAG-7 | Irradiated Alert (Minimal Wear)": {
    "souvenir": true,
    "quality": 4,
    "weight": 0.01,
    "skin": "Irradiated Alert",
    "weapon": "MAG-7",
    "short": "MAG-7 | Irradiated Alert",
    "name": "Souvenir MAG-7 | Irradiated Alert (Minimal Wear)",
    "src": "https://steamcdn-a.akamaihd.net/apps/730/icons/econ/default_generated/weapon_mag7_sp_nukestripe_brown_light_large.e1d7540ba5131a2e2cf36a8f7c6edc98d0cd431a.png",
    "type": "skin",
    "rarity": 0,
    "price": 112
  },
  "Souvenir MAG-7 | Irradiated Alert (Field-Tested)": {
    "souvenir": true,
    "quality": 3,
    "weight": 0.01,
    "skin": "Irradiated Alert",
    "weapon": "MAG-7",
    "short": "MAG-7 | Irradiated Alert",
    "name": "Souvenir MAG-7 | Irradiated Alert (Field-Tested)",
    "src": "https://steamcdn-a.akamaihd.net/apps/730/icons/econ/default_generated/weapon_mag7_sp_nukestripe_brown_light_large.e1d7540ba5131a2e2cf36a8f7c6edc98d0cd431a.png",
    "type": "skin",
    "rarity": 0,
    "price": 30
  },
  "Souvenir MAG-7 | Irradiated Alert (Well-Worn)": {
    "souvenir": true,
    "quality": 2,
    "weight": 0.01,
    "skin": "Irradiated Alert",
    "weapon": "MAG-7",
    "short": "MAG-7 | Irradiated Alert",
    "name": "Souvenir MAG-7 | Irradiated Alert (Well-Worn)",
    "src": "https://steamcdn-a.akamaihd.net/apps/730/icons/econ/default_generated/weapon_mag7_sp_nukestripe_brown_light_large.e1d7540ba5131a2e2cf36a8f7c6edc98d0cd431a.png",
    "type": "skin",
    "rarity": 0,
    "price": 33
  },
  "Souvenir MAG-7 | Irradiated Alert (Battle-Scarred)": {
    "souvenir": true,
    "quality": 1,
    "weight": 0.01,
    "skin": "Irradiated Alert",
    "weapon": "MAG-7",
    "short": "MAG-7 | Irradiated Alert",
    "name": "Souvenir MAG-7 | Irradiated Alert (Battle-Scarred)",
    "src": "https://steamcdn-a.akamaihd.net/apps/730/icons/econ/default_generated/weapon_mag7_sp_nukestripe_brown_light_large.e1d7540ba5131a2e2cf36a8f7c6edc98d0cd431a.png",
    "type": "skin",
    "rarity": 0,
    "price": 29
  },
  "MAG-7 | Irradiated Alert": {
    "souvenirAvailable": true,
    "masterItem": true,
    "qualities": [5, 4, 3, 2, 1],
    "skin": "Irradiated Alert",
    "weapon": "MAG-7",
    "short": "MAG-7 | Irradiated Alert",
    "name": "MAG-7 | Irradiated Alert",
    "src": "https://steamcdn-a.akamaihd.net/apps/730/icons/econ/default_generated/weapon_mag7_sp_nukestripe_brown_light_large.e1d7540ba5131a2e2cf36a8f7c6edc98d0cd431a.png",
    "type": "skin",
    "rarity": 0,
    "price": 1662,
    "minPrice": 29
  },
  "PP-Bizon | Irradiated Alert (Factory New)": {
    "quality": 5,
    "weight": 0.01,
    "skin": "Irradiated Alert",
    "weapon": "PP-Bizon",
    "short": "PP-Bizon | Irradiated Alert",
    "name": "PP-Bizon | Irradiated Alert (Factory New)",
    "src": "https://steamcdn-a.akamaihd.net/apps/730/icons/econ/default_generated/weapon_bizon_sp_nukestripe_brown_light_large.993c1c6ed6bf4a239268651e4150bc4a615f2632.png",
    "type": "skin",
    "rarity": 0,
    "price": 706
  },
  "PP-Bizon | Irradiated Alert (Minimal Wear)": {
    "quality": 4,
    "weight": 0.01,
    "skin": "Irradiated Alert",
    "weapon": "PP-Bizon",
    "short": "PP-Bizon | Irradiated Alert",
    "name": "PP-Bizon | Irradiated Alert (Minimal Wear)",
    "src": "https://steamcdn-a.akamaihd.net/apps/730/icons/econ/default_generated/weapon_bizon_sp_nukestripe_brown_light_large.993c1c6ed6bf4a239268651e4150bc4a615f2632.png",
    "type": "skin",
    "rarity": 0,
    "price": 146
  },
  "PP-Bizon | Irradiated Alert (Field-Tested)": {
    "quality": 3,
    "weight": 0.01,
    "skin": "Irradiated Alert",
    "weapon": "PP-Bizon",
    "short": "PP-Bizon | Irradiated Alert",
    "name": "PP-Bizon | Irradiated Alert (Field-Tested)",
    "src": "https://steamcdn-a.akamaihd.net/apps/730/icons/econ/default_generated/weapon_bizon_sp_nukestripe_brown_light_large.993c1c6ed6bf4a239268651e4150bc4a615f2632.png",
    "type": "skin",
    "rarity": 0,
    "price": 82
  },
  "PP-Bizon | Irradiated Alert (Well-Worn)": {
    "quality": 2,
    "weight": 0.01,
    "skin": "Irradiated Alert",
    "weapon": "PP-Bizon",
    "short": "PP-Bizon | Irradiated Alert",
    "name": "PP-Bizon | Irradiated Alert (Well-Worn)",
    "src": "https://steamcdn-a.akamaihd.net/apps/730/icons/econ/default_generated/weapon_bizon_sp_nukestripe_brown_light_large.993c1c6ed6bf4a239268651e4150bc4a615f2632.png",
    "type": "skin",
    "rarity": 0,
    "price": 79
  },
  "PP-Bizon | Irradiated Alert (Battle-Scarred)": {
    "quality": 1,
    "weight": 0.01,
    "skin": "Irradiated Alert",
    "weapon": "PP-Bizon",
    "short": "PP-Bizon | Irradiated Alert",
    "name": "PP-Bizon | Irradiated Alert (Battle-Scarred)",
    "src": "https://steamcdn-a.akamaihd.net/apps/730/icons/econ/default_generated/weapon_bizon_sp_nukestripe_brown_light_large.993c1c6ed6bf4a239268651e4150bc4a615f2632.png",
    "type": "skin",
    "rarity": 0,
    "price": 66
  },
  "Souvenir PP-Bizon | Irradiated Alert (Factory New)": {
    "souvenir": true,
    "quality": 5,
    "weight": 0.01,
    "skin": "Irradiated Alert",
    "weapon": "PP-Bizon",
    "short": "PP-Bizon | Irradiated Alert",
    "name": "Souvenir PP-Bizon | Irradiated Alert (Factory New)",
    "src": "https://steamcdn-a.akamaihd.net/apps/730/icons/econ/default_generated/weapon_bizon_sp_nukestripe_brown_light_large.993c1c6ed6bf4a239268651e4150bc4a615f2632.png",
    "type": "skin",
    "rarity": 0,
    "price": 879
  },
  "Souvenir PP-Bizon | Irradiated Alert (Minimal Wear)": {
    "souvenir": true,
    "quality": 4,
    "weight": 0.01,
    "skin": "Irradiated Alert",
    "weapon": "PP-Bizon",
    "short": "PP-Bizon | Irradiated Alert",
    "name": "Souvenir PP-Bizon | Irradiated Alert (Minimal Wear)",
    "src": "https://steamcdn-a.akamaihd.net/apps/730/icons/econ/default_generated/weapon_bizon_sp_nukestripe_brown_light_large.993c1c6ed6bf4a239268651e4150bc4a615f2632.png",
    "type": "skin",
    "rarity": 0,
    "price": 99
  },
  "Souvenir PP-Bizon | Irradiated Alert (Field-Tested)": {
    "souvenir": true,
    "quality": 3,
    "weight": 0.01,
    "skin": "Irradiated Alert",
    "weapon": "PP-Bizon",
    "short": "PP-Bizon | Irradiated Alert",
    "name": "Souvenir PP-Bizon | Irradiated Alert (Field-Tested)",
    "src": "https://steamcdn-a.akamaihd.net/apps/730/icons/econ/default_generated/weapon_bizon_sp_nukestripe_brown_light_large.993c1c6ed6bf4a239268651e4150bc4a615f2632.png",
    "type": "skin",
    "rarity": 0,
    "price": 28
  },
  "Souvenir PP-Bizon | Irradiated Alert (Well-Worn)": {
    "souvenir": true,
    "quality": 2,
    "weight": 0.01,
    "skin": "Irradiated Alert",
    "weapon": "PP-Bizon",
    "short": "PP-Bizon | Irradiated Alert",
    "name": "Souvenir PP-Bizon | Irradiated Alert (Well-Worn)",
    "src": "https://steamcdn-a.akamaihd.net/apps/730/icons/econ/default_generated/weapon_bizon_sp_nukestripe_brown_light_large.993c1c6ed6bf4a239268651e4150bc4a615f2632.png",
    "type": "skin",
    "rarity": 0,
    "price": 36
  },
  "Souvenir PP-Bizon | Irradiated Alert (Battle-Scarred)": {
    "souvenir": true,
    "quality": 1,
    "weight": 0.01,
    "skin": "Irradiated Alert",
    "weapon": "PP-Bizon",
    "short": "PP-Bizon | Irradiated Alert",
    "name": "Souvenir PP-Bizon | Irradiated Alert (Battle-Scarred)",
    "src": "https://steamcdn-a.akamaihd.net/apps/730/icons/econ/default_generated/weapon_bizon_sp_nukestripe_brown_light_large.993c1c6ed6bf4a239268651e4150bc4a615f2632.png",
    "type": "skin",
    "rarity": 0,
    "price": 36
  },
  "PP-Bizon | Irradiated Alert": {
    "souvenirAvailable": true,
    "masterItem": true,
    "qualities": [5, 4, 3, 2, 1],
    "skin": "Irradiated Alert",
    "weapon": "PP-Bizon",
    "short": "PP-Bizon | Irradiated Alert",
    "name": "PP-Bizon | Irradiated Alert",
    "src": "https://steamcdn-a.akamaihd.net/apps/730/icons/econ/default_generated/weapon_bizon_sp_nukestripe_brown_light_large.993c1c6ed6bf4a239268651e4150bc4a615f2632.png",
    "type": "skin",
    "rarity": 0,
    "price": 879,
    "minPrice": 28
  },
  "P90 | Fallout Warning (Factory New)": {
    "quality": 5,
    "weight": 0.01,
    "skin": "Fallout Warning",
    "weapon": "P90",
    "short": "P90 | Fallout Warning",
    "name": "P90 | Fallout Warning (Factory New)",
    "src": "https://steamcdn-a.akamaihd.net/apps/730/icons/econ/default_generated/weapon_p90_sp_nukestripe_maroon_light_large.c3915e723b821c0d03fcaf506129b23f16bdff0f.png",
    "type": "skin",
    "rarity": 1,
    "price": 3700
  },
  "P90 | Fallout Warning (Minimal Wear)": {
    "quality": 4,
    "weight": 0.01,
    "skin": "Fallout Warning",
    "weapon": "P90",
    "short": "P90 | Fallout Warning",
    "name": "P90 | Fallout Warning (Minimal Wear)",
    "src": "https://steamcdn-a.akamaihd.net/apps/730/icons/econ/default_generated/weapon_p90_sp_nukestripe_maroon_light_large.c3915e723b821c0d03fcaf506129b23f16bdff0f.png",
    "type": "skin",
    "rarity": 1,
    "price": 837
  },
  "P90 | Fallout Warning (Field-Tested)": {
    "quality": 3,
    "weight": 0.01,
    "skin": "Fallout Warning",
    "weapon": "P90",
    "short": "P90 | Fallout Warning",
    "name": "P90 | Fallout Warning (Field-Tested)",
    "src": "https://steamcdn-a.akamaihd.net/apps/730/icons/econ/default_generated/weapon_p90_sp_nukestripe_maroon_light_large.c3915e723b821c0d03fcaf506129b23f16bdff0f.png",
    "type": "skin",
    "rarity": 1,
    "price": 350
  },
  "P90 | Fallout Warning (Well-Worn)": {
    "quality": 2,
    "weight": 0.01,
    "skin": "Fallout Warning",
    "weapon": "P90",
    "short": "P90 | Fallout Warning",
    "name": "P90 | Fallout Warning (Well-Worn)",
    "src": "https://steamcdn-a.akamaihd.net/apps/730/icons/econ/default_generated/weapon_p90_sp_nukestripe_maroon_light_large.c3915e723b821c0d03fcaf506129b23f16bdff0f.png",
    "type": "skin",
    "rarity": 1,
    "price": 371
  },
  "P90 | Fallout Warning (Battle-Scarred)": {
    "quality": 1,
    "weight": 0.01,
    "skin": "Fallout Warning",
    "weapon": "P90",
    "short": "P90 | Fallout Warning",
    "name": "P90 | Fallout Warning (Battle-Scarred)",
    "src": "https://steamcdn-a.akamaihd.net/apps/730/icons/econ/default_generated/weapon_p90_sp_nukestripe_maroon_light_large.c3915e723b821c0d03fcaf506129b23f16bdff0f.png",
    "type": "skin",
    "rarity": 1,
    "price": 296
  },
  "Souvenir P90 | Fallout Warning (Factory New)": {
    "souvenir": true,
    "quality": 5,
    "weight": 0.01,
    "skin": "Fallout Warning",
    "weapon": "P90",
    "short": "P90 | Fallout Warning",
    "name": "Souvenir P90 | Fallout Warning (Factory New)",
    "src": "https://steamcdn-a.akamaihd.net/apps/730/icons/econ/default_generated/weapon_p90_sp_nukestripe_maroon_light_large.c3915e723b821c0d03fcaf506129b23f16bdff0f.png",
    "type": "skin",
    "rarity": 1,
    "price": 11114
  },
  "Souvenir P90 | Fallout Warning (Minimal Wear)": {
    "souvenir": true,
    "quality": 4,
    "weight": 0.01,
    "skin": "Fallout Warning",
    "weapon": "P90",
    "short": "P90 | Fallout Warning",
    "name": "Souvenir P90 | Fallout Warning (Minimal Wear)",
    "src": "https://steamcdn-a.akamaihd.net/apps/730/icons/econ/default_generated/weapon_p90_sp_nukestripe_maroon_light_large.c3915e723b821c0d03fcaf506129b23f16bdff0f.png",
    "type": "skin",
    "rarity": 1,
    "price": 941
  },
  "Souvenir P90 | Fallout Warning (Field-Tested)": {
    "souvenir": true,
    "quality": 3,
    "weight": 0.01,
    "skin": "Fallout Warning",
    "weapon": "P90",
    "short": "P90 | Fallout Warning",
    "name": "Souvenir P90 | Fallout Warning (Field-Tested)",
    "src": "https://steamcdn-a.akamaihd.net/apps/730/icons/econ/default_generated/weapon_p90_sp_nukestripe_maroon_light_large.c3915e723b821c0d03fcaf506129b23f16bdff0f.png",
    "type": "skin",
    "rarity": 1,
    "price": 275
  },
  "Souvenir P90 | Fallout Warning (Well-Worn)": {
    "souvenir": true,
    "quality": 2,
    "weight": 0.01,
    "skin": "Fallout Warning",
    "weapon": "P90",
    "short": "P90 | Fallout Warning",
    "name": "Souvenir P90 | Fallout Warning (Well-Worn)",
    "src": "https://steamcdn-a.akamaihd.net/apps/730/icons/econ/default_generated/weapon_p90_sp_nukestripe_maroon_light_large.c3915e723b821c0d03fcaf506129b23f16bdff0f.png",
    "type": "skin",
    "rarity": 1,
    "price": 276
  },
  "Souvenir P90 | Fallout Warning (Battle-Scarred)": {
    "souvenir": true,
    "quality": 1,
    "weight": 0.01,
    "skin": "Fallout Warning",
    "weapon": "P90",
    "short": "P90 | Fallout Warning",
    "name": "Souvenir P90 | Fallout Warning (Battle-Scarred)",
    "src": "https://steamcdn-a.akamaihd.net/apps/730/icons/econ/default_generated/weapon_p90_sp_nukestripe_maroon_light_large.c3915e723b821c0d03fcaf506129b23f16bdff0f.png",
    "type": "skin",
    "rarity": 1,
    "price": 220
  },
  "P90 | Fallout Warning": {
    "souvenirAvailable": true,
    "masterItem": true,
    "qualities": [5, 4, 3, 2, 1],
    "skin": "Fallout Warning",
    "weapon": "P90",
    "short": "P90 | Fallout Warning",
    "name": "P90 | Fallout Warning",
    "src": "https://steamcdn-a.akamaihd.net/apps/730/icons/econ/default_generated/weapon_p90_sp_nukestripe_maroon_light_large.c3915e723b821c0d03fcaf506129b23f16bdff0f.png",
    "type": "skin",
    "rarity": 1,
    "price": 11114,
    "minPrice": 220
  },
  "Sawed-Off | Irradiated Alert (Factory New)": {
    "quality": 5,
    "weight": 0.01,
    "skin": "Irradiated Alert",
    "weapon": "Sawed-Off",
    "short": "Sawed-Off | Irradiated Alert",
    "name": "Sawed-Off | Irradiated Alert (Factory New)",
    "src": "https://steamcdn-a.akamaihd.net/apps/730/icons/econ/default_generated/weapon_sawedoff_sp_nukestripe_brown_light_large.6a39be9be23998f45a37a5f71c6467dacb728a03.png",
    "type": "skin",
    "rarity": 0,
    "price": 673
  },
  "Sawed-Off | Irradiated Alert (Minimal Wear)": {
    "quality": 4,
    "weight": 0.01,
    "skin": "Irradiated Alert",
    "weapon": "Sawed-Off",
    "short": "Sawed-Off | Irradiated Alert",
    "name": "Sawed-Off | Irradiated Alert (Minimal Wear)",
    "src": "https://steamcdn-a.akamaihd.net/apps/730/icons/econ/default_generated/weapon_sawedoff_sp_nukestripe_brown_light_large.6a39be9be23998f45a37a5f71c6467dacb728a03.png",
    "type": "skin",
    "rarity": 0,
    "price": 198
  },
  "Sawed-Off | Irradiated Alert (Field-Tested)": {
    "quality": 3,
    "weight": 0.01,
    "skin": "Irradiated Alert",
    "weapon": "Sawed-Off",
    "short": "Sawed-Off | Irradiated Alert",
    "name": "Sawed-Off | Irradiated Alert (Field-Tested)",
    "src": "https://steamcdn-a.akamaihd.net/apps/730/icons/econ/default_generated/weapon_sawedoff_sp_nukestripe_brown_light_large.6a39be9be23998f45a37a5f71c6467dacb728a03.png",
    "type": "skin",
    "rarity": 0,
    "price": 90
  },
  "Sawed-Off | Irradiated Alert (Well-Worn)": {
    "quality": 2,
    "weight": 0.01,
    "skin": "Irradiated Alert",
    "weapon": "Sawed-Off",
    "short": "Sawed-Off | Irradiated Alert",
    "name": "Sawed-Off | Irradiated Alert (Well-Worn)",
    "src": "https://steamcdn-a.akamaihd.net/apps/730/icons/econ/default_generated/weapon_sawedoff_sp_nukestripe_brown_light_large.6a39be9be23998f45a37a5f71c6467dacb728a03.png",
    "type": "skin",
    "rarity": 0,
    "price": 81
  },
  "Sawed-Off | Irradiated Alert (Battle-Scarred)": {
    "quality": 1,
    "weight": 0.01,
    "skin": "Irradiated Alert",
    "weapon": "Sawed-Off",
    "short": "Sawed-Off | Irradiated Alert",
    "name": "Sawed-Off | Irradiated Alert (Battle-Scarred)",
    "src": "https://steamcdn-a.akamaihd.net/apps/730/icons/econ/default_generated/weapon_sawedoff_sp_nukestripe_brown_light_large.6a39be9be23998f45a37a5f71c6467dacb728a03.png",
    "type": "skin",
    "rarity": 0,
    "price": 61
  },
  "Souvenir Sawed-Off | Irradiated Alert (Factory New)": {
    "souvenir": true,
    "quality": 5,
    "weight": 0.01,
    "skin": "Irradiated Alert",
    "weapon": "Sawed-Off",
    "short": "Sawed-Off | Irradiated Alert",
    "name": "Souvenir Sawed-Off | Irradiated Alert (Factory New)",
    "src": "https://steamcdn-a.akamaihd.net/apps/730/icons/econ/default_generated/weapon_sawedoff_sp_nukestripe_brown_light_large.6a39be9be23998f45a37a5f71c6467dacb728a03.png",
    "type": "skin",
    "rarity": 0,
    "price": 1086
  },
  "Souvenir Sawed-Off | Irradiated Alert (Minimal Wear)": {
    "souvenir": true,
    "quality": 4,
    "weight": 0.01,
    "skin": "Irradiated Alert",
    "weapon": "Sawed-Off",
    "short": "Sawed-Off | Irradiated Alert",
    "name": "Souvenir Sawed-Off | Irradiated Alert (Minimal Wear)",
    "src": "https://steamcdn-a.akamaihd.net/apps/730/icons/econ/default_generated/weapon_sawedoff_sp_nukestripe_brown_light_large.6a39be9be23998f45a37a5f71c6467dacb728a03.png",
    "type": "skin",
    "rarity": 0,
    "price": 91
  },
  "Souvenir Sawed-Off | Irradiated Alert (Field-Tested)": {
    "souvenir": true,
    "quality": 3,
    "weight": 0.01,
    "skin": "Irradiated Alert",
    "weapon": "Sawed-Off",
    "short": "Sawed-Off | Irradiated Alert",
    "name": "Souvenir Sawed-Off | Irradiated Alert (Field-Tested)",
    "src": "https://steamcdn-a.akamaihd.net/apps/730/icons/econ/default_generated/weapon_sawedoff_sp_nukestripe_brown_light_large.6a39be9be23998f45a37a5f71c6467dacb728a03.png",
    "type": "skin",
    "rarity": 0,
    "price": 24
  },
  "Souvenir Sawed-Off | Irradiated Alert (Well-Worn)": {
    "souvenir": true,
    "quality": 2,
    "weight": 0.01,
    "skin": "Irradiated Alert",
    "weapon": "Sawed-Off",
    "short": "Sawed-Off | Irradiated Alert",
    "name": "Souvenir Sawed-Off | Irradiated Alert (Well-Worn)",
    "src": "https://steamcdn-a.akamaihd.net/apps/730/icons/econ/default_generated/weapon_sawedoff_sp_nukestripe_brown_light_large.6a39be9be23998f45a37a5f71c6467dacb728a03.png",
    "type": "skin",
    "rarity": 0,
    "price": 33
  },
  "Souvenir Sawed-Off | Irradiated Alert (Battle-Scarred)": {
    "souvenir": true,
    "quality": 1,
    "weight": 0.01,
    "skin": "Irradiated Alert",
    "weapon": "Sawed-Off",
    "short": "Sawed-Off | Irradiated Alert",
    "name": "Souvenir Sawed-Off | Irradiated Alert (Battle-Scarred)",
    "src": "https://steamcdn-a.akamaihd.net/apps/730/icons/econ/default_generated/weapon_sawedoff_sp_nukestripe_brown_light_large.6a39be9be23998f45a37a5f71c6467dacb728a03.png",
    "type": "skin",
    "rarity": 0,
    "price": 39
  },
  "Sawed-Off | Irradiated Alert": {
    "souvenirAvailable": true,
    "masterItem": true,
    "qualities": [5, 4, 3, 2, 1],
    "skin": "Irradiated Alert",
    "weapon": "Sawed-Off",
    "short": "Sawed-Off | Irradiated Alert",
    "name": "Sawed-Off | Irradiated Alert",
    "src": "https://steamcdn-a.akamaihd.net/apps/730/icons/econ/default_generated/weapon_sawedoff_sp_nukestripe_brown_light_large.6a39be9be23998f45a37a5f71c6467dacb728a03.png",
    "type": "skin",
    "rarity": 0,
    "price": 1086,
    "minPrice": 24
  },
  "UMP-45 | Fallout Warning (Factory New)": {
    "quality": 5,
    "weight": 0.01,
    "skin": "Fallout Warning",
    "weapon": "UMP-45",
    "short": "UMP-45 | Fallout Warning",
    "name": "UMP-45 | Fallout Warning (Factory New)",
    "src": "https://steamcdn-a.akamaihd.net/apps/730/icons/econ/default_generated/weapon_ump45_sp_nukestripe_maroon_light_large.929675f44f0303f77fdd556348294178ecf23db1.png",
    "type": "skin",
    "rarity": 1,
    "price": 3894
  },
  "UMP-45 | Fallout Warning (Minimal Wear)": {
    "quality": 4,
    "weight": 0.01,
    "skin": "Fallout Warning",
    "weapon": "UMP-45",
    "short": "UMP-45 | Fallout Warning",
    "name": "UMP-45 | Fallout Warning (Minimal Wear)",
    "src": "https://steamcdn-a.akamaihd.net/apps/730/icons/econ/default_generated/weapon_ump45_sp_nukestripe_maroon_light_large.929675f44f0303f77fdd556348294178ecf23db1.png",
    "type": "skin",
    "rarity": 1,
    "price": 896
  },
  "UMP-45 | Fallout Warning (Field-Tested)": {
    "quality": 3,
    "weight": 0.01,
    "skin": "Fallout Warning",
    "weapon": "UMP-45",
    "short": "UMP-45 | Fallout Warning",
    "name": "UMP-45 | Fallout Warning (Field-Tested)",
    "src": "https://steamcdn-a.akamaihd.net/apps/730/icons/econ/default_generated/weapon_ump45_sp_nukestripe_maroon_light_large.929675f44f0303f77fdd556348294178ecf23db1.png",
    "type": "skin",
    "rarity": 1,
    "price": 355
  },
  "UMP-45 | Fallout Warning (Well-Worn)": {
    "quality": 2,
    "weight": 0.01,
    "skin": "Fallout Warning",
    "weapon": "UMP-45",
    "short": "UMP-45 | Fallout Warning",
    "name": "UMP-45 | Fallout Warning (Well-Worn)",
    "src": "https://steamcdn-a.akamaihd.net/apps/730/icons/econ/default_generated/weapon_ump45_sp_nukestripe_maroon_light_large.929675f44f0303f77fdd556348294178ecf23db1.png",
    "type": "skin",
    "rarity": 1,
    "price": 371
  },
  "UMP-45 | Fallout Warning (Battle-Scarred)": {
    "quality": 1,
    "weight": 0.01,
    "skin": "Fallout Warning",
    "weapon": "UMP-45",
    "short": "UMP-45 | Fallout Warning",
    "name": "UMP-45 | Fallout Warning (Battle-Scarred)",
    "src": "https://steamcdn-a.akamaihd.net/apps/730/icons/econ/default_generated/weapon_ump45_sp_nukestripe_maroon_light_large.929675f44f0303f77fdd556348294178ecf23db1.png",
    "type": "skin",
    "rarity": 1,
    "price": 363
  },
  "Souvenir UMP-45 | Fallout Warning (Factory New)": {
    "souvenir": true,
    "quality": 5,
    "weight": 0.01,
    "skin": "Fallout Warning",
    "weapon": "UMP-45",
    "short": "UMP-45 | Fallout Warning",
    "name": "Souvenir UMP-45 | Fallout Warning (Factory New)",
    "src": "https://steamcdn-a.akamaihd.net/apps/730/icons/econ/default_generated/weapon_ump45_sp_nukestripe_maroon_light_large.929675f44f0303f77fdd556348294178ecf23db1.png",
    "type": "skin",
    "rarity": 1,
    "price": 6314
  },
  "Souvenir UMP-45 | Fallout Warning (Minimal Wear)": {
    "souvenir": true,
    "quality": 4,
    "weight": 0.01,
    "skin": "Fallout Warning",
    "weapon": "UMP-45",
    "short": "UMP-45 | Fallout Warning",
    "name": "Souvenir UMP-45 | Fallout Warning (Minimal Wear)",
    "src": "https://steamcdn-a.akamaihd.net/apps/730/icons/econ/default_generated/weapon_ump45_sp_nukestripe_maroon_light_large.929675f44f0303f77fdd556348294178ecf23db1.png",
    "type": "skin",
    "rarity": 1,
    "price": 731
  },
  "Souvenir UMP-45 | Fallout Warning (Field-Tested)": {
    "souvenir": true,
    "quality": 3,
    "weight": 0.01,
    "skin": "Fallout Warning",
    "weapon": "UMP-45",
    "short": "UMP-45 | Fallout Warning",
    "name": "Souvenir UMP-45 | Fallout Warning (Field-Tested)",
    "src": "https://steamcdn-a.akamaihd.net/apps/730/icons/econ/default_generated/weapon_ump45_sp_nukestripe_maroon_light_large.929675f44f0303f77fdd556348294178ecf23db1.png",
    "type": "skin",
    "rarity": 1,
    "price": 241
  },
  "Souvenir UMP-45 | Fallout Warning (Well-Worn)": {
    "souvenir": true,
    "quality": 2,
    "weight": 0.01,
    "skin": "Fallout Warning",
    "weapon": "UMP-45",
    "short": "UMP-45 | Fallout Warning",
    "name": "Souvenir UMP-45 | Fallout Warning (Well-Worn)",
    "src": "https://steamcdn-a.akamaihd.net/apps/730/icons/econ/default_generated/weapon_ump45_sp_nukestripe_maroon_light_large.929675f44f0303f77fdd556348294178ecf23db1.png",
    "type": "skin",
    "rarity": 1,
    "price": 255
  },
  "Souvenir UMP-45 | Fallout Warning (Battle-Scarred)": {
    "souvenir": true,
    "quality": 1,
    "weight": 0.01,
    "skin": "Fallout Warning",
    "weapon": "UMP-45",
    "short": "UMP-45 | Fallout Warning",
    "name": "Souvenir UMP-45 | Fallout Warning (Battle-Scarred)",
    "src": "https://steamcdn-a.akamaihd.net/apps/730/icons/econ/default_generated/weapon_ump45_sp_nukestripe_maroon_light_large.929675f44f0303f77fdd556348294178ecf23db1.png",
    "type": "skin",
    "rarity": 1,
    "price": 148
  },
  "UMP-45 | Fallout Warning": {
    "souvenirAvailable": true,
    "masterItem": true,
    "qualities": [5, 4, 3, 2, 1],
    "skin": "Fallout Warning",
    "weapon": "UMP-45",
    "short": "UMP-45 | Fallout Warning",
    "name": "UMP-45 | Fallout Warning",
    "src": "https://steamcdn-a.akamaihd.net/apps/730/icons/econ/default_generated/weapon_ump45_sp_nukestripe_maroon_light_large.929675f44f0303f77fdd556348294178ecf23db1.png",
    "type": "skin",
    "rarity": 1,
    "price": 6314,
    "minPrice": 148
  },
  "XM1014 | Fallout Warning (Factory New)": {
    "quality": 5,
    "weight": 0.01,
    "skin": "Fallout Warning",
    "weapon": "XM1014",
    "short": "XM1014 | Fallout Warning",
    "name": "XM1014 | Fallout Warning (Factory New)",
    "src": "https://steamcdn-a.akamaihd.net/apps/730/icons/econ/default_generated/weapon_xm1014_sp_nukestripe_maroon_light_large.8b6facf30ed6057509fcaf2c8a75a04c2629203a.png",
    "type": "skin",
    "rarity": 1,
    "price": 5002
  },
  "XM1014 | Fallout Warning (Minimal Wear)": {
    "quality": 4,
    "weight": 0.01,
    "skin": "Fallout Warning",
    "weapon": "XM1014",
    "short": "XM1014 | Fallout Warning",
    "name": "XM1014 | Fallout Warning (Minimal Wear)",
    "src": "https://steamcdn-a.akamaihd.net/apps/730/icons/econ/default_generated/weapon_xm1014_sp_nukestripe_maroon_light_large.8b6facf30ed6057509fcaf2c8a75a04c2629203a.png",
    "type": "skin",
    "rarity": 1,
    "price": 876
  },
  "XM1014 | Fallout Warning (Field-Tested)": {
    "quality": 3,
    "weight": 0.01,
    "skin": "Fallout Warning",
    "weapon": "XM1014",
    "short": "XM1014 | Fallout Warning",
    "name": "XM1014 | Fallout Warning (Field-Tested)",
    "src": "https://steamcdn-a.akamaihd.net/apps/730/icons/econ/default_generated/weapon_xm1014_sp_nukestripe_maroon_light_large.8b6facf30ed6057509fcaf2c8a75a04c2629203a.png",
    "type": "skin",
    "rarity": 1,
    "price": 348
  },
  "XM1014 | Fallout Warning (Well-Worn)": {
    "quality": 2,
    "weight": 0.01,
    "skin": "Fallout Warning",
    "weapon": "XM1014",
    "short": "XM1014 | Fallout Warning",
    "name": "XM1014 | Fallout Warning (Well-Worn)",
    "src": "https://steamcdn-a.akamaihd.net/apps/730/icons/econ/default_generated/weapon_xm1014_sp_nukestripe_maroon_light_large.8b6facf30ed6057509fcaf2c8a75a04c2629203a.png",
    "type": "skin",
    "rarity": 1,
    "price": 355
  },
  "XM1014 | Fallout Warning (Battle-Scarred)": {
    "quality": 1,
    "weight": 0.01,
    "skin": "Fallout Warning",
    "weapon": "XM1014",
    "short": "XM1014 | Fallout Warning",
    "name": "XM1014 | Fallout Warning (Battle-Scarred)",
    "src": "https://steamcdn-a.akamaihd.net/apps/730/icons/econ/default_generated/weapon_xm1014_sp_nukestripe_maroon_light_large.8b6facf30ed6057509fcaf2c8a75a04c2629203a.png",
    "type": "skin",
    "rarity": 1,
    "price": 336
  },
  "Souvenir XM1014 | Fallout Warning (Factory New)": {
    "souvenir": true,
    "quality": 5,
    "weight": 0.01,
    "skin": "Fallout Warning",
    "weapon": "XM1014",
    "short": "XM1014 | Fallout Warning",
    "name": "Souvenir XM1014 | Fallout Warning (Factory New)",
    "src": "https://steamcdn-a.akamaihd.net/apps/730/icons/econ/default_generated/weapon_xm1014_sp_nukestripe_maroon_light_large.8b6facf30ed6057509fcaf2c8a75a04c2629203a.png",
    "type": "skin",
    "rarity": 1,
    "price": 18512
  },
  "Souvenir XM1014 | Fallout Warning (Minimal Wear)": {
    "souvenir": true,
    "quality": 4,
    "weight": 0.01,
    "skin": "Fallout Warning",
    "weapon": "XM1014",
    "short": "XM1014 | Fallout Warning",
    "name": "Souvenir XM1014 | Fallout Warning (Minimal Wear)",
    "src": "https://steamcdn-a.akamaihd.net/apps/730/icons/econ/default_generated/weapon_xm1014_sp_nukestripe_maroon_light_large.8b6facf30ed6057509fcaf2c8a75a04c2629203a.png",
    "type": "skin",
    "rarity": 1,
    "price": 673
  },
  "Souvenir XM1014 | Fallout Warning (Field-Tested)": {
    "souvenir": true,
    "quality": 3,
    "weight": 0.01,
    "skin": "Fallout Warning",
    "weapon": "XM1014",
    "short": "XM1014 | Fallout Warning",
    "name": "Souvenir XM1014 | Fallout Warning (Field-Tested)",
    "src": "https://steamcdn-a.akamaihd.net/apps/730/icons/econ/default_generated/weapon_xm1014_sp_nukestripe_maroon_light_large.8b6facf30ed6057509fcaf2c8a75a04c2629203a.png",
    "type": "skin",
    "rarity": 1,
    "price": 265
  },
  "Souvenir XM1014 | Fallout Warning (Well-Worn)": {
    "souvenir": true,
    "quality": 2,
    "weight": 0.01,
    "skin": "Fallout Warning",
    "weapon": "XM1014",
    "short": "XM1014 | Fallout Warning",
    "name": "Souvenir XM1014 | Fallout Warning (Well-Worn)",
    "src": "https://steamcdn-a.akamaihd.net/apps/730/icons/econ/default_generated/weapon_xm1014_sp_nukestripe_maroon_light_large.8b6facf30ed6057509fcaf2c8a75a04c2629203a.png",
    "type": "skin",
    "rarity": 1,
    "price": 199
  },
  "Souvenir XM1014 | Fallout Warning (Battle-Scarred)": {
    "souvenir": true,
    "quality": 1,
    "weight": 0.01,
    "skin": "Fallout Warning",
    "weapon": "XM1014",
    "short": "XM1014 | Fallout Warning",
    "name": "Souvenir XM1014 | Fallout Warning (Battle-Scarred)",
    "src": "https://steamcdn-a.akamaihd.net/apps/730/icons/econ/default_generated/weapon_xm1014_sp_nukestripe_maroon_light_large.8b6facf30ed6057509fcaf2c8a75a04c2629203a.png",
    "type": "skin",
    "rarity": 1,
    "price": 198
  },
  "XM1014 | Fallout Warning": {
    "souvenirAvailable": true,
    "masterItem": true,
    "qualities": [5, 4, 3, 2, 1],
    "skin": "Fallout Warning",
    "weapon": "XM1014",
    "short": "XM1014 | Fallout Warning",
    "name": "XM1014 | Fallout Warning",
    "src": "https://steamcdn-a.akamaihd.net/apps/730/icons/econ/default_generated/weapon_xm1014_sp_nukestripe_maroon_light_large.8b6facf30ed6057509fcaf2c8a75a04c2629203a.png",
    "type": "skin",
    "rarity": 1,
    "price": 18512,
    "minPrice": 198
  }
}