{"The 2018 Nuke Collection":{"name":"The 2018 Nuke Collection","src":"images/items/collections/nuke2018.png","price":958,"type":"case","rarity":0,"content":{"items":["MP7 | Motherboard (Factory New)","MP7 | Motherboard (Minimal Wear)","MP7 | Motherboard (Field-Tested)","MP7 | Motherboard (Well-Worn)","MP7 | Motherboard (Battle-Scarred)","Souvenir MP7 | Motherboard (Factory New)","Souvenir MP7 | Motherboard (Minimal Wear)","Souvenir MP7 | Motherboard (Field-Tested)","Souvenir MP7 | Motherboard (Well-Worn)","Souvenir MP7 | Motherboard (Battle-Scarred)","PP-Bizon | Facility Sketch (Factory New)","PP-Bizon | Facility Sketch (Minimal Wear)","PP-Bizon | Facility Sketch (Field-Tested)","PP-Bizon | Facility Sketch (Well-Worn)","PP-Bizon | Facility Sketch (Battle-Scarred)","Souvenir PP-Bizon | Facility Sketch (Factory New)","Souvenir PP-Bizon | Facility Sketch (Minimal Wear)","Souvenir PP-Bizon | Facility Sketch (Field-Tested)","Souvenir PP-Bizon | Facility Sketch (Well-Worn)","Souvenir PP-Bizon | Facility Sketch (Battle-Scarred)","AUG | Random Access (Factory New)","AUG | Random Access (Minimal Wear)","AUG | Random Access (Field-Tested)","AUG | Random Access (Well-Worn)","AUG | Random Access (Battle-Scarred)","Souvenir AUG | Random Access (Factory New)","Souvenir AUG | Random Access (Minimal Wear)","Souvenir AUG | Random Access (Field-Tested)","Souvenir AUG | Random Access (Well-Worn)","Souvenir AUG | Random Access (Battle-Scarred)","Five-SeveN | Coolant (Factory New)","Five-SeveN | Coolant (Minimal Wear)","Five-SeveN | Coolant (Field-Tested)","Five-SeveN | Coolant (Well-Worn)","Five-SeveN | Coolant (Battle-Scarred)","Souvenir Five-SeveN | Coolant (Factory New)","Souvenir Five-SeveN | Coolant (Minimal Wear)","Souvenir Five-SeveN | Coolant (Field-Tested)","Souvenir Five-SeveN | Coolant (Well-Worn)","Souvenir Five-SeveN | Coolant (Battle-Scarred)","P250 | Exchanger (Factory New)","P250 | Exchanger (Minimal Wear)","P250 | Exchanger (Field-Tested)","P250 | Exchanger (Well-Worn)","P250 | Exchanger (Battle-Scarred)","Souvenir P250 | Exchanger (Factory New)","Souvenir P250 | Exchanger (Minimal Wear)","Souvenir P250 | Exchanger (Field-Tested)","Souvenir P250 | Exchanger (Well-Worn)","Souvenir P250 | Exchanger (Battle-Scarred)","AWP | Acheron (Factory New)","AWP | Acheron (Minimal Wear)","AWP | Acheron (Field-Tested)","AWP | Acheron (Well-Worn)","AWP | Acheron (Battle-Scarred)","Souvenir AWP | Acheron (Factory New)","Souvenir AWP | Acheron (Minimal Wear)","Souvenir AWP | Acheron (Field-Tested)","Souvenir AWP | Acheron (Well-Worn)","Souvenir AWP | Acheron (Battle-Scarred)","Tec-9 | Remote Control (Factory New)","Tec-9 | Remote Control (Minimal Wear)","Tec-9 | Remote Control (Field-Tested)","Tec-9 | Remote Control (Well-Worn)","Tec-9 | Remote Control (Battle-Scarred)","Souvenir Tec-9 | Remote Control (Factory New)","Souvenir Tec-9 | Remote Control (Minimal Wear)","Souvenir Tec-9 | Remote Control (Field-Tested)","Souvenir Tec-9 | Remote Control (Well-Worn)","Souvenir Tec-9 | Remote Control (Battle-Scarred)","M4A1-S | Control Panel (Factory New)","M4A1-S | Control Panel (Minimal Wear)","M4A1-S | Control Panel (Field-Tested)","M4A1-S | Control Panel (Well-Worn)","M4A1-S | Control Panel (Battle-Scarred)","Souvenir M4A1-S | Control Panel (Factory New)","Souvenir M4A1-S | Control Panel (Minimal Wear)","Souvenir M4A1-S | Control Panel (Field-Tested)","Souvenir M4A1-S | Control Panel (Well-Worn)","Souvenir M4A1-S | Control Panel (Battle-Scarred)","Negev | Bulkhead (Factory New)","Negev | Bulkhead (Minimal Wear)","Negev | Bulkhead (Field-Tested)","Negev | Bulkhead (Well-Worn)","Negev | Bulkhead (Battle-Scarred)","Souvenir Negev | Bulkhead (Factory New)","Souvenir Negev | Bulkhead (Minimal Wear)","Souvenir Negev | Bulkhead (Field-Tested)","Souvenir Negev | Bulkhead (Well-Worn)","Souvenir Negev | Bulkhead (Battle-Scarred)","MAG-7 | Core Breach (Factory New)","MAG-7 | Core Breach (Minimal Wear)","MAG-7 | Core Breach (Field-Tested)","MAG-7 | Core Breach (Well-Worn)","MAG-7 | Core Breach (Battle-Scarred)","Souvenir MAG-7 | Core Breach (Factory New)","Souvenir MAG-7 | Core Breach (Minimal Wear)","Souvenir MAG-7 | Core Breach (Field-Tested)","Souvenir MAG-7 | Core Breach (Well-Worn)","Souvenir MAG-7 | Core Breach (Battle-Scarred)","M4A4 | Mainframe (Factory New)","M4A4 | Mainframe (Minimal Wear)","M4A4 | Mainframe (Field-Tested)","M4A4 | Mainframe (Well-Worn)","M4A4 | Mainframe (Battle-Scarred)","Souvenir M4A4 | Mainframe (Factory New)","Souvenir M4A4 | Mainframe (Minimal Wear)","Souvenir M4A4 | Mainframe (Field-Tested)","Souvenir M4A4 | Mainframe (Well-Worn)","Souvenir M4A4 | Mainframe (Battle-Scarred)","Glock-18 | Nuclear Garden (Factory New)","Glock-18 | Nuclear Garden (Minimal Wear)","Glock-18 | Nuclear Garden (Field-Tested)","Glock-18 | Nuclear Garden (Well-Worn)","Glock-18 | Nuclear Garden (Battle-Scarred)","Souvenir Glock-18 | Nuclear Garden (Factory New)","Souvenir Glock-18 | Nuclear Garden (Minimal Wear)","Souvenir Glock-18 | Nuclear Garden (Field-Tested)","Souvenir Glock-18 | Nuclear Garden (Well-Worn)","Souvenir Glock-18 | Nuclear Garden (Battle-Scarred)","UMP-45 | Facility Dark (Factory New)","UMP-45 | Facility Dark (Minimal Wear)","UMP-45 | Facility Dark (Field-Tested)","UMP-45 | Facility Dark (Well-Worn)","UMP-45 | Facility Dark (Battle-Scarred)","Souvenir UMP-45 | Facility Dark (Factory New)","Souvenir UMP-45 | Facility Dark (Minimal Wear)","Souvenir UMP-45 | Facility Dark (Field-Tested)","Souvenir UMP-45 | Facility Dark (Well-Worn)","Souvenir UMP-45 | Facility Dark (Battle-Scarred)","MP5-SD | Co-Processor (Factory New)","MP5-SD | Co-Processor (Minimal Wear)","MP5-SD | Co-Processor (Field-Tested)","MP5-SD | Co-Processor (Well-Worn)","MP5-SD | Co-Processor (Battle-Scarred)","Souvenir MP5-SD | Co-Processor (Factory New)","Souvenir MP5-SD | Co-Processor (Minimal Wear)","Souvenir MP5-SD | Co-Processor (Field-Tested)","Souvenir MP5-SD | Co-Processor (Well-Worn)","Souvenir MP5-SD | Co-Processor (Battle-Scarred)","P90 | Facility Negative (Factory New)","P90 | Facility Negative (Minimal Wear)","P90 | Facility Negative (Field-Tested)","P90 | Facility Negative (Well-Worn)","P90 | Facility Negative (Battle-Scarred)","Souvenir P90 | Facility Negative (Factory New)","Souvenir P90 | Facility Negative (Minimal Wear)","Souvenir P90 | Facility Negative (Field-Tested)","Souvenir P90 | Facility Negative (Well-Worn)","Souvenir P90 | Facility Negative (Battle-Scarred)","Galil AR | Cold Fusion (Factory New)","Galil AR | Cold Fusion (Minimal Wear)","Galil AR | Cold Fusion (Field-Tested)","Galil AR | Cold Fusion (Well-Worn)","Galil AR | Cold Fusion (Battle-Scarred)","Souvenir Galil AR | Cold Fusion (Factory New)","Souvenir Galil AR | Cold Fusion (Minimal Wear)","Souvenir Galil AR | Cold Fusion (Field-Tested)","Souvenir Galil AR | Cold Fusion (Well-Worn)","Souvenir Galil AR | Cold Fusion (Battle-Scarred)","Nova | Mandrel (Factory New)","Nova | Mandrel (Minimal Wear)","Nova | Mandrel (Field-Tested)","Nova | Mandrel (Well-Worn)","Nova | Mandrel (Battle-Scarred)","Souvenir Nova | Mandrel (Factory New)","Souvenir Nova | Mandrel (Minimal Wear)","Souvenir Nova | Mandrel (Field-Tested)","Souvenir Nova | Mandrel (Well-Worn)","Souvenir Nova | Mandrel (Battle-Scarred)","P250 | Facility Draft (Factory New)","P250 | Facility Draft (Minimal Wear)","P250 | Facility Draft (Field-Tested)","P250 | Facility Draft (Well-Worn)","P250 | Facility Draft (Battle-Scarred)","Souvenir P250 | Facility Draft (Factory New)","Souvenir P250 | Facility Draft (Minimal Wear)","Souvenir P250 | Facility Draft (Field-Tested)","Souvenir P250 | Facility Draft (Well-Worn)","Souvenir P250 | Facility Draft (Battle-Scarred)"]}},"MP7 | Motherboard (Factory New)":{"quality":5,"skin":"Motherboard","weapon":"MP7","short":"MP7 | Motherboard","name":"MP7 | Motherboard (Factory New)","src":"https://steamcdn-a.akamaihd.net/apps/730/icons/econ/default_generated/weapon_mp7_am_circuitboard_green_light_large.0df678715d2256928d817c2e89575879f03ad68e.png","type":"skin","rarity":1,"price":14},"MP7 | Motherboard (Minimal Wear)":{"quality":4,"skin":"Motherboard","weapon":"MP7","short":"MP7 | Motherboard","name":"MP7 | Motherboard (Minimal Wear)","src":"https://steamcdn-a.akamaihd.net/apps/730/icons/econ/default_generated/weapon_mp7_am_circuitboard_green_light_large.0df678715d2256928d817c2e89575879f03ad68e.png","type":"skin","rarity":1,"price":9},"MP7 | Motherboard (Field-Tested)":{"quality":3,"skin":"Motherboard","weapon":"MP7","short":"MP7 | Motherboard","name":"MP7 | Motherboard (Field-Tested)","src":"https://steamcdn-a.akamaihd.net/apps/730/icons/econ/default_generated/weapon_mp7_am_circuitboard_green_light_large.0df678715d2256928d817c2e89575879f03ad68e.png","type":"skin","rarity":1,"price":8},"MP7 | Motherboard (Well-Worn)":{"quality":2,"skin":"Motherboard","weapon":"MP7","short":"MP7 | Motherboard","name":"MP7 | Motherboard (Well-Worn)","src":"https://steamcdn-a.akamaihd.net/apps/730/icons/econ/default_generated/weapon_mp7_am_circuitboard_green_light_large.0df678715d2256928d817c2e89575879f03ad68e.png","type":"skin","rarity":1,"price":8},"MP7 | Motherboard (Battle-Scarred)":{"quality":1,"skin":"Motherboard","weapon":"MP7","short":"MP7 | Motherboard","name":"MP7 | Motherboard (Battle-Scarred)","src":"https://steamcdn-a.akamaihd.net/apps/730/icons/econ/default_generated/weapon_mp7_am_circuitboard_green_light_large.0df678715d2256928d817c2e89575879f03ad68e.png","type":"skin","rarity":1,"price":8},"Souvenir MP7 | Motherboard (Factory New)":{"souvenir":true,"quality":5,"skin":"Motherboard","weapon":"MP7","short":"MP7 | Motherboard","name":"Souvenir MP7 | Motherboard (Factory New)","src":"https://steamcdn-a.akamaihd.net/apps/730/icons/econ/default_generated/weapon_mp7_am_circuitboard_green_light_large.0df678715d2256928d817c2e89575879f03ad68e.png","type":"skin","rarity":1,"price":56},"Souvenir MP7 | Motherboard (Minimal Wear)":{"souvenir":true,"quality":4,"skin":"Motherboard","weapon":"MP7","short":"MP7 | Motherboard","name":"Souvenir MP7 | Motherboard (Minimal Wear)","src":"https://steamcdn-a.akamaihd.net/apps/730/icons/econ/default_generated/weapon_mp7_am_circuitboard_green_light_large.0df678715d2256928d817c2e89575879f03ad68e.png","type":"skin","rarity":1,"price":31},"Souvenir MP7 | Motherboard (Field-Tested)":{"souvenir":true,"quality":3,"skin":"Motherboard","weapon":"MP7","short":"MP7 | Motherboard","name":"Souvenir MP7 | Motherboard (Field-Tested)","src":"https://steamcdn-a.akamaihd.net/apps/730/icons/econ/default_generated/weapon_mp7_am_circuitboard_green_light_large.0df678715d2256928d817c2e89575879f03ad68e.png","type":"skin","rarity":1,"price":10},"Souvenir MP7 | Motherboard (Well-Worn)":{"souvenir":true,"quality":2,"skin":"Motherboard","weapon":"MP7","short":"MP7 | Motherboard","name":"Souvenir MP7 | Motherboard (Well-Worn)","src":"https://steamcdn-a.akamaihd.net/apps/730/icons/econ/default_generated/weapon_mp7_am_circuitboard_green_light_large.0df678715d2256928d817c2e89575879f03ad68e.png","type":"skin","rarity":1,"price":36},"Souvenir MP7 | Motherboard (Battle-Scarred)":{"souvenir":true,"quality":1,"skin":"Motherboard","weapon":"MP7","short":"MP7 | Motherboard","name":"Souvenir MP7 | Motherboard (Battle-Scarred)","src":"https://steamcdn-a.akamaihd.net/apps/730/icons/econ/default_generated/weapon_mp7_am_circuitboard_green_light_large.0df678715d2256928d817c2e89575879f03ad68e.png","type":"skin","rarity":1,"price":30},"MP7 | Motherboard":{"souvenirAvailable":true,"masterItem":true,"qualities":[5,4,3,2,1],"skin":"Motherboard","weapon":"MP7","short":"MP7 | Motherboard","name":"MP7 | Motherboard","src":"https://steamcdn-a.akamaihd.net/apps/730/icons/econ/default_generated/weapon_mp7_am_circuitboard_green_light_large.0df678715d2256928d817c2e89575879f03ad68e.png","type":"skin","rarity":1,"price":56,"minPrice":8},"PP-Bizon | Facility Sketch (Factory New)":{"quality":5,"skin":"Facility Sketch","weapon":"PP-Bizon","short":"PP-Bizon | Facility Sketch","name":"PP-Bizon | Facility Sketch (Factory New)","src":"https://steamcdn-a.akamaihd.net/apps/730/icons/econ/default_generated/weapon_bizon_hy_blueprint_white_light_large.5a8bb5711fec1758844f92beab8a1ecb054f91bd.png","type":"skin","rarity":0,"price":6},"PP-Bizon | Facility Sketch (Minimal Wear)":{"quality":4,"skin":"Facility Sketch","weapon":"PP-Bizon","short":"PP-Bizon | Facility Sketch","name":"PP-Bizon | Facility Sketch (Minimal Wear)","src":"https://steamcdn-a.akamaihd.net/apps/730/icons/econ/default_generated/weapon_bizon_hy_blueprint_white_light_large.5a8bb5711fec1758844f92beab8a1ecb054f91bd.png","type":"skin","rarity":0,"price":3},"PP-Bizon | Facility Sketch (Field-Tested)":{"quality":3,"skin":"Facility Sketch","weapon":"PP-Bizon","short":"PP-Bizon | Facility Sketch","name":"PP-Bizon | Facility Sketch (Field-Tested)","src":"https://steamcdn-a.akamaihd.net/apps/730/icons/econ/default_generated/weapon_bizon_hy_blueprint_white_light_large.5a8bb5711fec1758844f92beab8a1ecb054f91bd.png","type":"skin","rarity":0,"price":3},"PP-Bizon | Facility Sketch (Well-Worn)":{"quality":2,"skin":"Facility Sketch","weapon":"PP-Bizon","short":"PP-Bizon | Facility Sketch","name":"PP-Bizon | Facility Sketch (Well-Worn)","src":"https://steamcdn-a.akamaihd.net/apps/730/icons/econ/default_generated/weapon_bizon_hy_blueprint_white_light_large.5a8bb5711fec1758844f92beab8a1ecb054f91bd.png","type":"skin","rarity":0,"price":3},"PP-Bizon | Facility Sketch (Battle-Scarred)":{"quality":1,"skin":"Facility Sketch","weapon":"PP-Bizon","short":"PP-Bizon | Facility Sketch","name":"PP-Bizon | Facility Sketch (Battle-Scarred)","src":"https://steamcdn-a.akamaihd.net/apps/730/icons/econ/default_generated/weapon_bizon_hy_blueprint_white_light_large.5a8bb5711fec1758844f92beab8a1ecb054f91bd.png","type":"skin","rarity":0,"price":3},"Souvenir PP-Bizon | Facility Sketch (Factory New)":{"souvenir":true,"quality":5,"skin":"Facility Sketch","weapon":"PP-Bizon","short":"PP-Bizon | Facility Sketch","name":"Souvenir PP-Bizon | Facility Sketch (Factory New)","src":"https://steamcdn-a.akamaihd.net/apps/730/icons/econ/default_generated/weapon_bizon_hy_blueprint_white_light_large.5a8bb5711fec1758844f92beab8a1ecb054f91bd.png","type":"skin","rarity":0,"price":32},"Souvenir PP-Bizon | Facility Sketch (Minimal Wear)":{"souvenir":true,"quality":4,"skin":"Facility Sketch","weapon":"PP-Bizon","short":"PP-Bizon | Facility Sketch","name":"Souvenir PP-Bizon | Facility Sketch (Minimal Wear)","src":"https://steamcdn-a.akamaihd.net/apps/730/icons/econ/default_generated/weapon_bizon_hy_blueprint_white_light_large.5a8bb5711fec1758844f92beab8a1ecb054f91bd.png","type":"skin","rarity":0,"price":14},"Souvenir PP-Bizon | Facility Sketch (Field-Tested)":{"souvenir":true,"quality":3,"skin":"Facility Sketch","weapon":"PP-Bizon","short":"PP-Bizon | Facility Sketch","name":"Souvenir PP-Bizon | Facility Sketch (Field-Tested)","src":"https://steamcdn-a.akamaihd.net/apps/730/icons/econ/default_generated/weapon_bizon_hy_blueprint_white_light_large.5a8bb5711fec1758844f92beab8a1ecb054f91bd.png","type":"skin","rarity":0,"price":6},"Souvenir PP-Bizon | Facility Sketch (Well-Worn)":{"souvenir":true,"quality":2,"skin":"Facility Sketch","weapon":"PP-Bizon","short":"PP-Bizon | Facility Sketch","name":"Souvenir PP-Bizon | Facility Sketch (Well-Worn)","src":"https://steamcdn-a.akamaihd.net/apps/730/icons/econ/default_generated/weapon_bizon_hy_blueprint_white_light_large.5a8bb5711fec1758844f92beab8a1ecb054f91bd.png","type":"skin","rarity":0,"price":10},"Souvenir PP-Bizon | Facility Sketch (Battle-Scarred)":{"souvenir":true,"quality":1,"skin":"Facility Sketch","weapon":"PP-Bizon","short":"PP-Bizon | Facility Sketch","name":"Souvenir PP-Bizon | Facility Sketch (Battle-Scarred)","src":"https://steamcdn-a.akamaihd.net/apps/730/icons/econ/default_generated/weapon_bizon_hy_blueprint_white_light_large.5a8bb5711fec1758844f92beab8a1ecb054f91bd.png","type":"skin","rarity":0,"price":9},"PP-Bizon | Facility Sketch":{"souvenirAvailable":true,"masterItem":true,"qualities":[5,4,3,2,1],"skin":"Facility Sketch","weapon":"PP-Bizon","short":"PP-Bizon | Facility Sketch","name":"PP-Bizon | Facility Sketch","src":"https://steamcdn-a.akamaihd.net/apps/730/icons/econ/default_generated/weapon_bizon_hy_blueprint_white_light_large.5a8bb5711fec1758844f92beab8a1ecb054f91bd.png","type":"skin","rarity":0,"price":32,"minPrice":3},"AUG | Random Access (Factory New)":{"quality":5,"skin":"Random Access","weapon":"AUG","short":"AUG | Random Access","name":"AUG | Random Access (Factory New)","src":"https://steamcdn-a.akamaihd.net/apps/730/icons/econ/default_generated/weapon_aug_am_circuitboard_orange_light_large.da9f7304f48f9f02cdc452bf7761452f8fec6bc2.png","type":"skin","rarity":3,"price":449},"AUG | Random Access (Minimal Wear)":{"quality":4,"skin":"Random Access","weapon":"AUG","short":"AUG | Random Access","name":"AUG | Random Access (Minimal Wear)","src":"https://steamcdn-a.akamaihd.net/apps/730/icons/econ/default_generated/weapon_aug_am_circuitboard_orange_light_large.da9f7304f48f9f02cdc452bf7761452f8fec6bc2.png","type":"skin","rarity":3,"price":268},"AUG | Random Access (Field-Tested)":{"quality":3,"skin":"Random Access","weapon":"AUG","short":"AUG | Random Access","name":"AUG | Random Access (Field-Tested)","src":"https://steamcdn-a.akamaihd.net/apps/730/icons/econ/default_generated/weapon_aug_am_circuitboard_orange_light_large.da9f7304f48f9f02cdc452bf7761452f8fec6bc2.png","type":"skin","rarity":3,"price":172},"AUG | Random Access (Well-Worn)":{"quality":2,"skin":"Random Access","weapon":"AUG","short":"AUG | Random Access","name":"AUG | Random Access (Well-Worn)","src":"https://steamcdn-a.akamaihd.net/apps/730/icons/econ/default_generated/weapon_aug_am_circuitboard_orange_light_large.da9f7304f48f9f02cdc452bf7761452f8fec6bc2.png","type":"skin","rarity":3,"price":168},"AUG | Random Access (Battle-Scarred)":{"quality":1,"skin":"Random Access","weapon":"AUG","short":"AUG | Random Access","name":"AUG | Random Access (Battle-Scarred)","src":"https://steamcdn-a.akamaihd.net/apps/730/icons/econ/default_generated/weapon_aug_am_circuitboard_orange_light_large.da9f7304f48f9f02cdc452bf7761452f8fec6bc2.png","type":"skin","rarity":3,"price":161},"Souvenir AUG | Random Access (Factory New)":{"souvenir":true,"quality":5,"skin":"Random Access","weapon":"AUG","short":"AUG | Random Access","name":"Souvenir AUG | Random Access (Factory New)","src":"https://steamcdn-a.akamaihd.net/apps/730/icons/econ/default_generated/weapon_aug_am_circuitboard_orange_light_large.da9f7304f48f9f02cdc452bf7761452f8fec6bc2.png","type":"skin","rarity":3,"price":2928},"Souvenir AUG | Random Access (Minimal Wear)":{"souvenir":true,"quality":4,"skin":"Random Access","weapon":"AUG","short":"AUG | Random Access","name":"Souvenir AUG | Random Access (Minimal Wear)","src":"https://steamcdn-a.akamaihd.net/apps/730/icons/econ/default_generated/weapon_aug_am_circuitboard_orange_light_large.da9f7304f48f9f02cdc452bf7761452f8fec6bc2.png","type":"skin","rarity":3,"price":664},"Souvenir AUG | Random Access (Field-Tested)":{"souvenir":true,"quality":3,"skin":"Random Access","weapon":"AUG","short":"AUG | Random Access","name":"Souvenir AUG | Random Access (Field-Tested)","src":"https://steamcdn-a.akamaihd.net/apps/730/icons/econ/default_generated/weapon_aug_am_circuitboard_orange_light_large.da9f7304f48f9f02cdc452bf7761452f8fec6bc2.png","type":"skin","rarity":3,"price":336},"Souvenir AUG | Random Access (Well-Worn)":{"souvenir":true,"quality":2,"skin":"Random Access","weapon":"AUG","short":"AUG | Random Access","name":"Souvenir AUG | Random Access (Well-Worn)","src":"https://steamcdn-a.akamaihd.net/apps/730/icons/econ/default_generated/weapon_aug_am_circuitboard_orange_light_large.da9f7304f48f9f02cdc452bf7761452f8fec6bc2.png","type":"skin","rarity":3,"price":1445},"Souvenir AUG | Random Access (Battle-Scarred)":{"souvenir":true,"quality":1,"skin":"Random Access","weapon":"AUG","short":"AUG | Random Access","name":"Souvenir AUG | Random Access (Battle-Scarred)","src":"https://steamcdn-a.akamaihd.net/apps/730/icons/econ/default_generated/weapon_aug_am_circuitboard_orange_light_large.da9f7304f48f9f02cdc452bf7761452f8fec6bc2.png","type":"skin","rarity":3,"price":1800},"AUG | Random Access":{"souvenirAvailable":true,"masterItem":true,"qualities":[5,4,3,2,1],"skin":"Random Access","weapon":"AUG","short":"AUG | Random Access","name":"AUG | Random Access","src":"https://steamcdn-a.akamaihd.net/apps/730/icons/econ/default_generated/weapon_aug_am_circuitboard_orange_light_large.da9f7304f48f9f02cdc452bf7761452f8fec6bc2.png","type":"skin","rarity":3,"price":2928,"minPrice":161},"Five-SeveN | Coolant (Factory New)":{"quality":5,"skin":"Coolant","weapon":"Five-SeveN","short":"Five-SeveN | Coolant","name":"Five-SeveN | Coolant (Factory New)","src":"https://steamcdn-a.akamaihd.net/apps/730/icons/econ/default_generated/weapon_fiveseven_hy_ducts_green_light_large.687c4ada7a094872eeb5b48cbff3ebac68a8d7ed.png","type":"skin","rarity":0,"price":6},"Five-SeveN | Coolant (Minimal Wear)":{"quality":4,"skin":"Coolant","weapon":"Five-SeveN","short":"Five-SeveN | Coolant","name":"Five-SeveN | Coolant (Minimal Wear)","src":"https://steamcdn-a.akamaihd.net/apps/730/icons/econ/default_generated/weapon_fiveseven_hy_ducts_green_light_large.687c4ada7a094872eeb5b48cbff3ebac68a8d7ed.png","type":"skin","rarity":0,"price":3},"Five-SeveN | Coolant (Field-Tested)":{"quality":3,"skin":"Coolant","weapon":"Five-SeveN","short":"Five-SeveN | Coolant","name":"Five-SeveN | Coolant (Field-Tested)","src":"https://steamcdn-a.akamaihd.net/apps/730/icons/econ/default_generated/weapon_fiveseven_hy_ducts_green_light_large.687c4ada7a094872eeb5b48cbff3ebac68a8d7ed.png","type":"skin","rarity":0,"price":3},"Five-SeveN | Coolant (Well-Worn)":{"quality":2,"skin":"Coolant","weapon":"Five-SeveN","short":"Five-SeveN | Coolant","name":"Five-SeveN | Coolant (Well-Worn)","src":"https://steamcdn-a.akamaihd.net/apps/730/icons/econ/default_generated/weapon_fiveseven_hy_ducts_green_light_large.687c4ada7a094872eeb5b48cbff3ebac68a8d7ed.png","type":"skin","rarity":0,"price":3},"Five-SeveN | Coolant (Battle-Scarred)":{"quality":1,"skin":"Coolant","weapon":"Five-SeveN","short":"Five-SeveN | Coolant","name":"Five-SeveN | Coolant (Battle-Scarred)","src":"https://steamcdn-a.akamaihd.net/apps/730/icons/econ/default_generated/weapon_fiveseven_hy_ducts_green_light_large.687c4ada7a094872eeb5b48cbff3ebac68a8d7ed.png","type":"skin","rarity":0,"price":3},"Souvenir Five-SeveN | Coolant (Factory New)":{"souvenir":true,"quality":5,"skin":"Coolant","weapon":"Five-SeveN","short":"Five-SeveN | Coolant","name":"Souvenir Five-SeveN | Coolant (Factory New)","src":"https://steamcdn-a.akamaihd.net/apps/730/icons/econ/default_generated/weapon_fiveseven_hy_ducts_green_light_large.687c4ada7a094872eeb5b48cbff3ebac68a8d7ed.png","type":"skin","rarity":0,"price":36},"Souvenir Five-SeveN | Coolant (Minimal Wear)":{"souvenir":true,"quality":4,"skin":"Coolant","weapon":"Five-SeveN","short":"Five-SeveN | Coolant","name":"Souvenir Five-SeveN | Coolant (Minimal Wear)","src":"https://steamcdn-a.akamaihd.net/apps/730/icons/econ/default_generated/weapon_fiveseven_hy_ducts_green_light_large.687c4ada7a094872eeb5b48cbff3ebac68a8d7ed.png","type":"skin","rarity":0,"price":14},"Souvenir Five-SeveN | Coolant (Field-Tested)":{"souvenir":true,"quality":3,"skin":"Coolant","weapon":"Five-SeveN","short":"Five-SeveN | Coolant","name":"Souvenir Five-SeveN | Coolant (Field-Tested)","src":"https://steamcdn-a.akamaihd.net/apps/730/icons/econ/default_generated/weapon_fiveseven_hy_ducts_green_light_large.687c4ada7a094872eeb5b48cbff3ebac68a8d7ed.png","type":"skin","rarity":0,"price":7},"Souvenir Five-SeveN | Coolant (Well-Worn)":{"souvenir":true,"quality":2,"skin":"Coolant","weapon":"Five-SeveN","short":"Five-SeveN | Coolant","name":"Souvenir Five-SeveN | Coolant (Well-Worn)","src":"https://steamcdn-a.akamaihd.net/apps/730/icons/econ/default_generated/weapon_fiveseven_hy_ducts_green_light_large.687c4ada7a094872eeb5b48cbff3ebac68a8d7ed.png","type":"skin","rarity":0,"price":22},"Souvenir Five-SeveN | Coolant (Battle-Scarred)":{"souvenir":true,"quality":1,"skin":"Coolant","weapon":"Five-SeveN","short":"Five-SeveN | Coolant","name":"Souvenir Five-SeveN | Coolant (Battle-Scarred)","src":"https://steamcdn-a.akamaihd.net/apps/730/icons/econ/default_generated/weapon_fiveseven_hy_ducts_green_light_large.687c4ada7a094872eeb5b48cbff3ebac68a8d7ed.png","type":"skin","rarity":0,"price":16},"Five-SeveN | Coolant":{"souvenirAvailable":true,"masterItem":true,"qualities":[5,4,3,2,1],"skin":"Coolant","weapon":"Five-SeveN","short":"Five-SeveN | Coolant","name":"Five-SeveN | Coolant","src":"https://steamcdn-a.akamaihd.net/apps/730/icons/econ/default_generated/weapon_fiveseven_hy_ducts_green_light_large.687c4ada7a094872eeb5b48cbff3ebac68a8d7ed.png","type":"skin","rarity":0,"price":36,"minPrice":3},"P250 | Exchanger (Factory New)":{"quality":5,"skin":"Exchanger","weapon":"P250","short":"P250 | Exchanger","name":"P250 | Exchanger (Factory New)","src":"https://steamcdn-a.akamaihd.net/apps/730/icons/econ/default_generated/weapon_p250_hy_ducts_blue_light_large.7e3036d2c146970842cfdd1e4b4529ee5480787c.png","type":"skin","rarity":2,"price":78},"P250 | Exchanger (Minimal Wear)":{"quality":4,"skin":"Exchanger","weapon":"P250","short":"P250 | Exchanger","name":"P250 | Exchanger (Minimal Wear)","src":"https://steamcdn-a.akamaihd.net/apps/730/icons/econ/default_generated/weapon_p250_hy_ducts_blue_light_large.7e3036d2c146970842cfdd1e4b4529ee5480787c.png","type":"skin","rarity":2,"price":43},"P250 | Exchanger (Field-Tested)":{"quality":3,"skin":"Exchanger","weapon":"P250","short":"P250 | Exchanger","name":"P250 | Exchanger (Field-Tested)","src":"https://steamcdn-a.akamaihd.net/apps/730/icons/econ/default_generated/weapon_p250_hy_ducts_blue_light_large.7e3036d2c146970842cfdd1e4b4529ee5480787c.png","type":"skin","rarity":2,"price":26},"P250 | Exchanger (Well-Worn)":{"quality":2,"skin":"Exchanger","weapon":"P250","short":"P250 | Exchanger","name":"P250 | Exchanger (Well-Worn)","src":"https://steamcdn-a.akamaihd.net/apps/730/icons/econ/default_generated/weapon_p250_hy_ducts_blue_light_large.7e3036d2c146970842cfdd1e4b4529ee5480787c.png","type":"skin","rarity":2,"price":25},"P250 | Exchanger (Battle-Scarred)":{"quality":1,"skin":"Exchanger","weapon":"P250","short":"P250 | Exchanger","name":"P250 | Exchanger (Battle-Scarred)","src":"https://steamcdn-a.akamaihd.net/apps/730/icons/econ/default_generated/weapon_p250_hy_ducts_blue_light_large.7e3036d2c146970842cfdd1e4b4529ee5480787c.png","type":"skin","rarity":2,"price":27},"Souvenir P250 | Exchanger (Factory New)":{"souvenir":true,"quality":5,"skin":"Exchanger","weapon":"P250","short":"P250 | Exchanger","name":"Souvenir P250 | Exchanger (Factory New)","src":"https://steamcdn-a.akamaihd.net/apps/730/icons/econ/default_generated/weapon_p250_hy_ducts_blue_light_large.7e3036d2c146970842cfdd1e4b4529ee5480787c.png","type":"skin","rarity":2,"price":152},"Souvenir P250 | Exchanger (Minimal Wear)":{"souvenir":true,"quality":4,"skin":"Exchanger","weapon":"P250","short":"P250 | Exchanger","name":"Souvenir P250 | Exchanger (Minimal Wear)","src":"https://steamcdn-a.akamaihd.net/apps/730/icons/econ/default_generated/weapon_p250_hy_ducts_blue_light_large.7e3036d2c146970842cfdd1e4b4529ee5480787c.png","type":"skin","rarity":2,"price":87},"Souvenir P250 | Exchanger (Field-Tested)":{"souvenir":true,"quality":3,"skin":"Exchanger","weapon":"P250","short":"P250 | Exchanger","name":"Souvenir P250 | Exchanger (Field-Tested)","src":"https://steamcdn-a.akamaihd.net/apps/730/icons/econ/default_generated/weapon_p250_hy_ducts_blue_light_large.7e3036d2c146970842cfdd1e4b4529ee5480787c.png","type":"skin","rarity":2,"price":50},"Souvenir P250 | Exchanger (Well-Worn)":{"souvenir":true,"quality":2,"skin":"Exchanger","weapon":"P250","short":"P250 | Exchanger","name":"Souvenir P250 | Exchanger (Well-Worn)","src":"https://steamcdn-a.akamaihd.net/apps/730/icons/econ/default_generated/weapon_p250_hy_ducts_blue_light_large.7e3036d2c146970842cfdd1e4b4529ee5480787c.png","type":"skin","rarity":2,"price":118},"Souvenir P250 | Exchanger (Battle-Scarred)":{"souvenir":true,"quality":1,"skin":"Exchanger","weapon":"P250","short":"P250 | Exchanger","name":"Souvenir P250 | Exchanger (Battle-Scarred)","src":"https://steamcdn-a.akamaihd.net/apps/730/icons/econ/default_generated/weapon_p250_hy_ducts_blue_light_large.7e3036d2c146970842cfdd1e4b4529ee5480787c.png","type":"skin","rarity":2,"price":208},"P250 | Exchanger":{"souvenirAvailable":true,"masterItem":true,"qualities":[5,4,3,2,1],"skin":"Exchanger","weapon":"P250","short":"P250 | Exchanger","name":"P250 | Exchanger","src":"https://steamcdn-a.akamaihd.net/apps/730/icons/econ/default_generated/weapon_p250_hy_ducts_blue_light_large.7e3036d2c146970842cfdd1e4b4529ee5480787c.png","type":"skin","rarity":2,"price":208,"minPrice":25},"AWP | Acheron (Factory New)":{"quality":5,"skin":"Acheron","weapon":"AWP","short":"AWP | Acheron","name":"AWP | Acheron (Factory New)","src":"https://steamcdn-a.akamaihd.net/apps/730/icons/econ/default_generated/weapon_awp_hy_nuclear_skulls_redblue_light_large.601aa23f996c480640f439e05f204c5bd7fafa49.png","type":"skin","rarity":2,"price":245},"AWP | Acheron (Minimal Wear)":{"quality":4,"skin":"Acheron","weapon":"AWP","short":"AWP | Acheron","name":"AWP | Acheron (Minimal Wear)","src":"https://steamcdn-a.akamaihd.net/apps/730/icons/econ/default_generated/weapon_awp_hy_nuclear_skulls_redblue_light_large.601aa23f996c480640f439e05f204c5bd7fafa49.png","type":"skin","rarity":2,"price":117},"AWP | Acheron (Field-Tested)":{"quality":3,"skin":"Acheron","weapon":"AWP","short":"AWP | Acheron","name":"AWP | Acheron (Field-Tested)","src":"https://steamcdn-a.akamaihd.net/apps/730/icons/econ/default_generated/weapon_awp_hy_nuclear_skulls_redblue_light_large.601aa23f996c480640f439e05f204c5bd7fafa49.png","type":"skin","rarity":2,"price":53},"AWP | Acheron (Well-Worn)":{"quality":2,"skin":"Acheron","weapon":"AWP","short":"AWP | Acheron","name":"AWP | Acheron (Well-Worn)","src":"https://steamcdn-a.akamaihd.net/apps/730/icons/econ/default_generated/weapon_awp_hy_nuclear_skulls_redblue_light_large.601aa23f996c480640f439e05f204c5bd7fafa49.png","type":"skin","rarity":2,"price":103},"AWP | Acheron (Battle-Scarred)":{"quality":1,"skin":"Acheron","weapon":"AWP","short":"AWP | Acheron","name":"AWP | Acheron (Battle-Scarred)","src":"https://steamcdn-a.akamaihd.net/apps/730/icons/econ/default_generated/weapon_awp_hy_nuclear_skulls_redblue_light_large.601aa23f996c480640f439e05f204c5bd7fafa49.png","type":"skin","rarity":2,"price":56},"Souvenir AWP | Acheron (Factory New)":{"souvenir":true,"quality":5,"skin":"Acheron","weapon":"AWP","short":"AWP | Acheron","name":"Souvenir AWP | Acheron (Factory New)","src":"https://steamcdn-a.akamaihd.net/apps/730/icons/econ/default_generated/weapon_awp_hy_nuclear_skulls_redblue_light_large.601aa23f996c480640f439e05f204c5bd7fafa49.png","type":"skin","rarity":2,"price":9951},"Souvenir AWP | Acheron (Minimal Wear)":{"souvenir":true,"quality":4,"skin":"Acheron","weapon":"AWP","short":"AWP | Acheron","name":"Souvenir AWP | Acheron (Minimal Wear)","src":"https://steamcdn-a.akamaihd.net/apps/730/icons/econ/default_generated/weapon_awp_hy_nuclear_skulls_redblue_light_large.601aa23f996c480640f439e05f204c5bd7fafa49.png","type":"skin","rarity":2,"price":2261},"Souvenir AWP | Acheron (Field-Tested)":{"souvenir":true,"quality":3,"skin":"Acheron","weapon":"AWP","short":"AWP | Acheron","name":"Souvenir AWP | Acheron (Field-Tested)","src":"https://steamcdn-a.akamaihd.net/apps/730/icons/econ/default_generated/weapon_awp_hy_nuclear_skulls_redblue_light_large.601aa23f996c480640f439e05f204c5bd7fafa49.png","type":"skin","rarity":2,"price":845},"Souvenir AWP | Acheron (Well-Worn)":{"souvenir":true,"quality":2,"skin":"Acheron","weapon":"AWP","short":"AWP | Acheron","name":"Souvenir AWP | Acheron (Well-Worn)","src":"https://steamcdn-a.akamaihd.net/apps/730/icons/econ/default_generated/weapon_awp_hy_nuclear_skulls_redblue_light_large.601aa23f996c480640f439e05f204c5bd7fafa49.png","type":"skin","rarity":2,"price":3117},"Souvenir AWP | Acheron (Battle-Scarred)":{"souvenir":true,"quality":1,"skin":"Acheron","weapon":"AWP","short":"AWP | Acheron","name":"Souvenir AWP | Acheron (Battle-Scarred)","src":"https://steamcdn-a.akamaihd.net/apps/730/icons/econ/default_generated/weapon_awp_hy_nuclear_skulls_redblue_light_large.601aa23f996c480640f439e05f204c5bd7fafa49.png","type":"skin","rarity":2,"price":878},"AWP | Acheron":{"souvenirAvailable":true,"masterItem":true,"qualities":[5,4,3,2,1],"skin":"Acheron","weapon":"AWP","short":"AWP | Acheron","name":"AWP | Acheron","src":"https://steamcdn-a.akamaihd.net/apps/730/icons/econ/default_generated/weapon_awp_hy_nuclear_skulls_redblue_light_large.601aa23f996c480640f439e05f204c5bd7fafa49.png","type":"skin","rarity":2,"price":9951,"minPrice":53},"Tec-9 | Remote Control (Factory New)":{"quality":5,"skin":"Remote Control","weapon":"Tec-9","short":"Tec-9 | Remote Control","name":"Tec-9 | Remote Control (Factory New)","src":"https://steamcdn-a.akamaihd.net/apps/730/icons/econ/default_generated/weapon_tec9_gs_tec9_envoy_light_large.068b8cb4ed0f4064624820bf2cf34ecc4c38d8b2.png","type":"skin","rarity":4,"price":711},"Tec-9 | Remote Control (Minimal Wear)":{"quality":4,"skin":"Remote Control","weapon":"Tec-9","short":"Tec-9 | Remote Control","name":"Tec-9 | Remote Control (Minimal Wear)","src":"https://steamcdn-a.akamaihd.net/apps/730/icons/econ/default_generated/weapon_tec9_gs_tec9_envoy_light_large.068b8cb4ed0f4064624820bf2cf34ecc4c38d8b2.png","type":"skin","rarity":4,"price":273},"Tec-9 | Remote Control (Field-Tested)":{"quality":3,"skin":"Remote Control","weapon":"Tec-9","short":"Tec-9 | Remote Control","name":"Tec-9 | Remote Control (Field-Tested)","src":"https://steamcdn-a.akamaihd.net/apps/730/icons/econ/default_generated/weapon_tec9_gs_tec9_envoy_light_large.068b8cb4ed0f4064624820bf2cf34ecc4c38d8b2.png","type":"skin","rarity":4,"price":142},"Tec-9 | Remote Control (Well-Worn)":{"quality":2,"skin":"Remote Control","weapon":"Tec-9","short":"Tec-9 | Remote Control","name":"Tec-9 | Remote Control (Well-Worn)","src":"https://steamcdn-a.akamaihd.net/apps/730/icons/econ/default_generated/weapon_tec9_gs_tec9_envoy_light_large.068b8cb4ed0f4064624820bf2cf34ecc4c38d8b2.png","type":"skin","rarity":4,"price":131},"Tec-9 | Remote Control (Battle-Scarred)":{"quality":1,"skin":"Remote Control","weapon":"Tec-9","short":"Tec-9 | Remote Control","name":"Tec-9 | Remote Control (Battle-Scarred)","src":"https://steamcdn-a.akamaihd.net/apps/730/icons/econ/default_generated/weapon_tec9_gs_tec9_envoy_light_large.068b8cb4ed0f4064624820bf2cf34ecc4c38d8b2.png","type":"skin","rarity":4,"price":128},"Souvenir Tec-9 | Remote Control (Factory New)":{"souvenir":true,"quality":5,"skin":"Remote Control","weapon":"Tec-9","short":"Tec-9 | Remote Control","name":"Souvenir Tec-9 | Remote Control (Factory New)","src":"https://steamcdn-a.akamaihd.net/apps/730/icons/econ/default_generated/weapon_tec9_gs_tec9_envoy_light_large.068b8cb4ed0f4064624820bf2cf34ecc4c38d8b2.png","type":"skin","rarity":4,"price":41269},"Souvenir Tec-9 | Remote Control (Minimal Wear)":{"souvenir":true,"quality":4,"skin":"Remote Control","weapon":"Tec-9","short":"Tec-9 | Remote Control","name":"Souvenir Tec-9 | Remote Control (Minimal Wear)","src":"https://steamcdn-a.akamaihd.net/apps/730/icons/econ/default_generated/weapon_tec9_gs_tec9_envoy_light_large.068b8cb4ed0f4064624820bf2cf34ecc4c38d8b2.png","type":"skin","rarity":4,"price":6032},"Souvenir Tec-9 | Remote Control (Field-Tested)":{"souvenir":true,"quality":3,"skin":"Remote Control","weapon":"Tec-9","short":"Tec-9 | Remote Control","name":"Souvenir Tec-9 | Remote Control (Field-Tested)","src":"https://steamcdn-a.akamaihd.net/apps/730/icons/econ/default_generated/weapon_tec9_gs_tec9_envoy_light_large.068b8cb4ed0f4064624820bf2cf34ecc4c38d8b2.png","type":"skin","rarity":4,"price":3682},"Souvenir Tec-9 | Remote Control (Well-Worn)":{"souvenir":true,"quality":2,"skin":"Remote Control","weapon":"Tec-9","short":"Tec-9 | Remote Control","name":"Souvenir Tec-9 | Remote Control (Well-Worn)","src":"https://steamcdn-a.akamaihd.net/apps/730/icons/econ/default_generated/weapon_tec9_gs_tec9_envoy_light_large.068b8cb4ed0f4064624820bf2cf34ecc4c38d8b2.png","type":"skin","rarity":4,"price":1897},"Souvenir Tec-9 | Remote Control (Battle-Scarred)":{"souvenir":true,"quality":1,"skin":"Remote Control","weapon":"Tec-9","short":"Tec-9 | Remote Control","name":"Souvenir Tec-9 | Remote Control (Battle-Scarred)","src":"https://steamcdn-a.akamaihd.net/apps/730/icons/econ/default_generated/weapon_tec9_gs_tec9_envoy_light_large.068b8cb4ed0f4064624820bf2cf34ecc4c38d8b2.png","type":"skin","rarity":4,"price":1423},"Tec-9 | Remote Control":{"souvenirAvailable":true,"masterItem":true,"qualities":[5,4,3,2,1],"skin":"Remote Control","weapon":"Tec-9","short":"Tec-9 | Remote Control","name":"Tec-9 | Remote Control","src":"https://steamcdn-a.akamaihd.net/apps/730/icons/econ/default_generated/weapon_tec9_gs_tec9_envoy_light_large.068b8cb4ed0f4064624820bf2cf34ecc4c38d8b2.png","type":"skin","rarity":4,"price":41269,"minPrice":128},"M4A1-S | Control Panel (Factory New)":{"quality":5,"skin":"Control Panel","weapon":"M4A1-S","short":"M4A1-S | Control Panel","name":"M4A1-S | Control Panel (Factory New)","src":"https://steamcdn-a.akamaihd.net/apps/730/icons/econ/default_generated/weapon_m4a1_silencer_gs_m4a1s_operator_light_large.1e257113e58841ad0613b4e268d51d239df69a0e.png","type":"skin","rarity":4,"price":3297},"M4A1-S | Control Panel (Minimal Wear)":{"quality":4,"skin":"Control Panel","weapon":"M4A1-S","short":"M4A1-S | Control Panel","name":"M4A1-S | Control Panel (Minimal Wear)","src":"https://steamcdn-a.akamaihd.net/apps/730/icons/econ/default_generated/weapon_m4a1_silencer_gs_m4a1s_operator_light_large.1e257113e58841ad0613b4e268d51d239df69a0e.png","type":"skin","rarity":4,"price":1539},"M4A1-S | Control Panel (Field-Tested)":{"quality":3,"skin":"Control Panel","weapon":"M4A1-S","short":"M4A1-S | Control Panel","name":"M4A1-S | Control Panel (Field-Tested)","src":"https://steamcdn-a.akamaihd.net/apps/730/icons/econ/default_generated/weapon_m4a1_silencer_gs_m4a1s_operator_light_large.1e257113e58841ad0613b4e268d51d239df69a0e.png","type":"skin","rarity":4,"price":1031},"M4A1-S | Control Panel (Well-Worn)":{"quality":2,"skin":"Control Panel","weapon":"M4A1-S","short":"M4A1-S | Control Panel","name":"M4A1-S | Control Panel (Well-Worn)","src":"https://steamcdn-a.akamaihd.net/apps/730/icons/econ/default_generated/weapon_m4a1_silencer_gs_m4a1s_operator_light_large.1e257113e58841ad0613b4e268d51d239df69a0e.png","type":"skin","rarity":4,"price":791},"M4A1-S | Control Panel (Battle-Scarred)":{"quality":1,"skin":"Control Panel","weapon":"M4A1-S","short":"M4A1-S | Control Panel","name":"M4A1-S | Control Panel (Battle-Scarred)","src":"https://steamcdn-a.akamaihd.net/apps/730/icons/econ/default_generated/weapon_m4a1_silencer_gs_m4a1s_operator_light_large.1e257113e58841ad0613b4e268d51d239df69a0e.png","type":"skin","rarity":4,"price":750},"Souvenir M4A1-S | Control Panel (Factory New)":{"souvenir":true,"quality":5,"skin":"Control Panel","weapon":"M4A1-S","short":"M4A1-S | Control Panel","name":"Souvenir M4A1-S | Control Panel (Factory New)","src":"https://steamcdn-a.akamaihd.net/apps/730/icons/econ/default_generated/weapon_m4a1_silencer_gs_m4a1s_operator_light_large.1e257113e58841ad0613b4e268d51d239df69a0e.png","type":"skin","rarity":4,"price":3885},"Souvenir M4A1-S | Control Panel (Minimal Wear)":{"souvenir":true,"quality":4,"skin":"Control Panel","weapon":"M4A1-S","short":"M4A1-S | Control Panel","name":"Souvenir M4A1-S | Control Panel (Minimal Wear)","src":"https://steamcdn-a.akamaihd.net/apps/730/icons/econ/default_generated/weapon_m4a1_silencer_gs_m4a1s_operator_light_large.1e257113e58841ad0613b4e268d51d239df69a0e.png","type":"skin","rarity":4,"price":15257},"Souvenir M4A1-S | Control Panel (Field-Tested)":{"souvenir":true,"quality":3,"skin":"Control Panel","weapon":"M4A1-S","short":"M4A1-S | Control Panel","name":"Souvenir M4A1-S | Control Panel (Field-Tested)","src":"https://steamcdn-a.akamaihd.net/apps/730/icons/econ/default_generated/weapon_m4a1_silencer_gs_m4a1s_operator_light_large.1e257113e58841ad0613b4e268d51d239df69a0e.png","type":"skin","rarity":4,"price":6935},"Souvenir M4A1-S | Control Panel (Well-Worn)":{"souvenir":true,"quality":2,"skin":"Control Panel","weapon":"M4A1-S","short":"M4A1-S | Control Panel","name":"Souvenir M4A1-S | Control Panel (Well-Worn)","src":"https://steamcdn-a.akamaihd.net/apps/730/icons/econ/default_generated/weapon_m4a1_silencer_gs_m4a1s_operator_light_large.1e257113e58841ad0613b4e268d51d239df69a0e.png","type":"skin","rarity":4,"price":5948},"Souvenir M4A1-S | Control Panel (Battle-Scarred)":{"souvenir":true,"quality":1,"skin":"Control Panel","weapon":"M4A1-S","short":"M4A1-S | Control Panel","name":"Souvenir M4A1-S | Control Panel (Battle-Scarred)","src":"https://steamcdn-a.akamaihd.net/apps/730/icons/econ/default_generated/weapon_m4a1_silencer_gs_m4a1s_operator_light_large.1e257113e58841ad0613b4e268d51d239df69a0e.png","type":"skin","rarity":4,"price":4394},"M4A1-S | Control Panel":{"souvenirAvailable":true,"masterItem":true,"qualities":[5,4,3,2,1],"skin":"Control Panel","weapon":"M4A1-S","short":"M4A1-S | Control Panel","name":"M4A1-S | Control Panel","src":"https://steamcdn-a.akamaihd.net/apps/730/icons/econ/default_generated/weapon_m4a1_silencer_gs_m4a1s_operator_light_large.1e257113e58841ad0613b4e268d51d239df69a0e.png","type":"skin","rarity":4,"price":15257,"minPrice":750},"Negev | Bulkhead (Factory New)":{"quality":5,"skin":"Bulkhead","weapon":"Negev","short":"Negev | Bulkhead","name":"Negev | Bulkhead (Factory New)","src":"https://steamcdn-a.akamaihd.net/apps/730/icons/econ/default_generated/weapon_negev_hy_ducts_yellow_light_large.9d9335325a4a696ec6c2ef704ec1d4b3112c8c87.png","type":"skin","rarity":1,"price":15},"Negev | Bulkhead (Minimal Wear)":{"quality":4,"skin":"Bulkhead","weapon":"Negev","short":"Negev | Bulkhead","name":"Negev | Bulkhead (Minimal Wear)","src":"https://steamcdn-a.akamaihd.net/apps/730/icons/econ/default_generated/weapon_negev_hy_ducts_yellow_light_large.9d9335325a4a696ec6c2ef704ec1d4b3112c8c87.png","type":"skin","rarity":1,"price":9},"Negev | Bulkhead (Field-Tested)":{"quality":3,"skin":"Bulkhead","weapon":"Negev","short":"Negev | Bulkhead","name":"Negev | Bulkhead (Field-Tested)","src":"https://steamcdn-a.akamaihd.net/apps/730/icons/econ/default_generated/weapon_negev_hy_ducts_yellow_light_large.9d9335325a4a696ec6c2ef704ec1d4b3112c8c87.png","type":"skin","rarity":1,"price":8},"Negev | Bulkhead (Well-Worn)":{"quality":2,"skin":"Bulkhead","weapon":"Negev","short":"Negev | Bulkhead","name":"Negev | Bulkhead (Well-Worn)","src":"https://steamcdn-a.akamaihd.net/apps/730/icons/econ/default_generated/weapon_negev_hy_ducts_yellow_light_large.9d9335325a4a696ec6c2ef704ec1d4b3112c8c87.png","type":"skin","rarity":1,"price":9},"Negev | Bulkhead (Battle-Scarred)":{"quality":1,"skin":"Bulkhead","weapon":"Negev","short":"Negev | Bulkhead","name":"Negev | Bulkhead (Battle-Scarred)","src":"https://steamcdn-a.akamaihd.net/apps/730/icons/econ/default_generated/weapon_negev_hy_ducts_yellow_light_large.9d9335325a4a696ec6c2ef704ec1d4b3112c8c87.png","type":"skin","rarity":1,"price":8},"Souvenir Negev | Bulkhead (Factory New)":{"souvenir":true,"quality":5,"skin":"Bulkhead","weapon":"Negev","short":"Negev | Bulkhead","name":"Souvenir Negev | Bulkhead (Factory New)","src":"https://steamcdn-a.akamaihd.net/apps/730/icons/econ/default_generated/weapon_negev_hy_ducts_yellow_light_large.9d9335325a4a696ec6c2ef704ec1d4b3112c8c87.png","type":"skin","rarity":1,"price":205},"Souvenir Negev | Bulkhead (Minimal Wear)":{"souvenir":true,"quality":4,"skin":"Bulkhead","weapon":"Negev","short":"Negev | Bulkhead","name":"Souvenir Negev | Bulkhead (Minimal Wear)","src":"https://steamcdn-a.akamaihd.net/apps/730/icons/econ/default_generated/weapon_negev_hy_ducts_yellow_light_large.9d9335325a4a696ec6c2ef704ec1d4b3112c8c87.png","type":"skin","rarity":1,"price":93},"Souvenir Negev | Bulkhead (Field-Tested)":{"souvenir":true,"quality":3,"skin":"Bulkhead","weapon":"Negev","short":"Negev | Bulkhead","name":"Souvenir Negev | Bulkhead (Field-Tested)","src":"https://steamcdn-a.akamaihd.net/apps/730/icons/econ/default_generated/weapon_negev_hy_ducts_yellow_light_large.9d9335325a4a696ec6c2ef704ec1d4b3112c8c87.png","type":"skin","rarity":1,"price":53},"Souvenir Negev | Bulkhead (Well-Worn)":{"souvenir":true,"quality":2,"skin":"Bulkhead","weapon":"Negev","short":"Negev | Bulkhead","name":"Souvenir Negev | Bulkhead (Well-Worn)","src":"https://steamcdn-a.akamaihd.net/apps/730/icons/econ/default_generated/weapon_negev_hy_ducts_yellow_light_large.9d9335325a4a696ec6c2ef704ec1d4b3112c8c87.png","type":"skin","rarity":1,"price":66},"Souvenir Negev | Bulkhead (Battle-Scarred)":{"souvenir":true,"quality":1,"skin":"Bulkhead","weapon":"Negev","short":"Negev | Bulkhead","name":"Souvenir Negev | Bulkhead (Battle-Scarred)","src":"https://steamcdn-a.akamaihd.net/apps/730/icons/econ/default_generated/weapon_negev_hy_ducts_yellow_light_large.9d9335325a4a696ec6c2ef704ec1d4b3112c8c87.png","type":"skin","rarity":1,"price":87},"Negev | Bulkhead":{"souvenirAvailable":true,"masterItem":true,"qualities":[5,4,3,2,1],"skin":"Bulkhead","weapon":"Negev","short":"Negev | Bulkhead","name":"Negev | Bulkhead","src":"https://steamcdn-a.akamaihd.net/apps/730/icons/econ/default_generated/weapon_negev_hy_ducts_yellow_light_large.9d9335325a4a696ec6c2ef704ec1d4b3112c8c87.png","type":"skin","rarity":1,"price":205,"minPrice":8},"MAG-7 | Core Breach (Factory New)":{"quality":5,"skin":"Core Breach","weapon":"MAG-7","short":"MAG-7 | Core Breach","name":"MAG-7 | Core Breach (Factory New)","src":"https://steamcdn-a.akamaihd.net/apps/730/icons/econ/default_generated/weapon_mag7_hy_nuclear_hotorange_light_large.35367773b8501fa045ad8c58387c6f48fc848045.png","type":"skin","rarity":3,"price":495},"MAG-7 | Core Breach (Minimal Wear)":{"quality":4,"skin":"Core Breach","weapon":"MAG-7","short":"MAG-7 | Core Breach","name":"MAG-7 | Core Breach (Minimal Wear)","src":"https://steamcdn-a.akamaihd.net/apps/730/icons/econ/default_generated/weapon_mag7_hy_nuclear_hotorange_light_large.35367773b8501fa045ad8c58387c6f48fc848045.png","type":"skin","rarity":3,"price":260},"MAG-7 | Core Breach (Field-Tested)":{"quality":3,"skin":"Core Breach","weapon":"MAG-7","short":"MAG-7 | Core Breach","name":"MAG-7 | Core Breach (Field-Tested)","src":"https://steamcdn-a.akamaihd.net/apps/730/icons/econ/default_generated/weapon_mag7_hy_nuclear_hotorange_light_large.35367773b8501fa045ad8c58387c6f48fc848045.png","type":"skin","rarity":3,"price":173},"MAG-7 | Core Breach (Well-Worn)":{"quality":2,"skin":"Core Breach","weapon":"MAG-7","short":"MAG-7 | Core Breach","name":"MAG-7 | Core Breach (Well-Worn)","src":"https://steamcdn-a.akamaihd.net/apps/730/icons/econ/default_generated/weapon_mag7_hy_nuclear_hotorange_light_large.35367773b8501fa045ad8c58387c6f48fc848045.png","type":"skin","rarity":3,"price":168},"MAG-7 | Core Breach (Battle-Scarred)":{"quality":1,"skin":"Core Breach","weapon":"MAG-7","short":"MAG-7 | Core Breach","name":"MAG-7 | Core Breach (Battle-Scarred)","src":"https://steamcdn-a.akamaihd.net/apps/730/icons/econ/default_generated/weapon_mag7_hy_nuclear_hotorange_light_large.35367773b8501fa045ad8c58387c6f48fc848045.png","type":"skin","rarity":3,"price":157},"Souvenir MAG-7 | Core Breach (Factory New)":{"souvenir":true,"quality":5,"skin":"Core Breach","weapon":"MAG-7","short":"MAG-7 | Core Breach","name":"Souvenir MAG-7 | Core Breach (Factory New)","src":"https://steamcdn-a.akamaihd.net/apps/730/icons/econ/default_generated/weapon_mag7_hy_nuclear_hotorange_light_large.35367773b8501fa045ad8c58387c6f48fc848045.png","type":"skin","rarity":3,"price":8818},"Souvenir MAG-7 | Core Breach (Minimal Wear)":{"souvenir":true,"quality":4,"skin":"Core Breach","weapon":"MAG-7","short":"MAG-7 | Core Breach","name":"Souvenir MAG-7 | Core Breach (Minimal Wear)","src":"https://steamcdn-a.akamaihd.net/apps/730/icons/econ/default_generated/weapon_mag7_hy_nuclear_hotorange_light_large.35367773b8501fa045ad8c58387c6f48fc848045.png","type":"skin","rarity":3,"price":603},"Souvenir MAG-7 | Core Breach (Field-Tested)":{"souvenir":true,"quality":3,"skin":"Core Breach","weapon":"MAG-7","short":"MAG-7 | Core Breach","name":"Souvenir MAG-7 | Core Breach (Field-Tested)","src":"https://steamcdn-a.akamaihd.net/apps/730/icons/econ/default_generated/weapon_mag7_hy_nuclear_hotorange_light_large.35367773b8501fa045ad8c58387c6f48fc848045.png","type":"skin","rarity":3,"price":264},"Souvenir MAG-7 | Core Breach (Well-Worn)":{"souvenir":true,"quality":2,"skin":"Core Breach","weapon":"MAG-7","short":"MAG-7 | Core Breach","name":"Souvenir MAG-7 | Core Breach (Well-Worn)","src":"https://steamcdn-a.akamaihd.net/apps/730/icons/econ/default_generated/weapon_mag7_hy_nuclear_hotorange_light_large.35367773b8501fa045ad8c58387c6f48fc848045.png","type":"skin","rarity":3,"price":141},"Souvenir MAG-7 | Core Breach (Battle-Scarred)":{"souvenir":true,"quality":1,"skin":"Core Breach","weapon":"MAG-7","short":"MAG-7 | Core Breach","name":"Souvenir MAG-7 | Core Breach (Battle-Scarred)","src":"https://steamcdn-a.akamaihd.net/apps/730/icons/econ/default_generated/weapon_mag7_hy_nuclear_hotorange_light_large.35367773b8501fa045ad8c58387c6f48fc848045.png","type":"skin","rarity":3,"price":230},"MAG-7 | Core Breach":{"souvenirAvailable":true,"masterItem":true,"qualities":[5,4,3,2,1],"skin":"Core Breach","weapon":"MAG-7","short":"MAG-7 | Core Breach","name":"MAG-7 | Core Breach","src":"https://steamcdn-a.akamaihd.net/apps/730/icons/econ/default_generated/weapon_mag7_hy_nuclear_hotorange_light_large.35367773b8501fa045ad8c58387c6f48fc848045.png","type":"skin","rarity":3,"price":8818,"minPrice":141},"M4A4 | Mainframe (Factory New)":{"quality":5,"skin":"Mainframe","weapon":"M4A4","short":"M4A4 | Mainframe","name":"M4A4 | Mainframe (Factory New)","src":"https://steamcdn-a.akamaihd.net/apps/730/icons/econ/default_generated/weapon_m4a1_am_circuitboard_silver_light_large.7a3b860966a77bcb8124a2c38cf4b0449fd542ba.png","type":"skin","rarity":1,"price":15},"M4A4 | Mainframe (Minimal Wear)":{"quality":4,"skin":"Mainframe","weapon":"M4A4","short":"M4A4 | Mainframe","name":"M4A4 | Mainframe (Minimal Wear)","src":"https://steamcdn-a.akamaihd.net/apps/730/icons/econ/default_generated/weapon_m4a1_am_circuitboard_silver_light_large.7a3b860966a77bcb8124a2c38cf4b0449fd542ba.png","type":"skin","rarity":1,"price":9},"M4A4 | Mainframe (Field-Tested)":{"quality":3,"skin":"Mainframe","weapon":"M4A4","short":"M4A4 | Mainframe","name":"M4A4 | Mainframe (Field-Tested)","src":"https://steamcdn-a.akamaihd.net/apps/730/icons/econ/default_generated/weapon_m4a1_am_circuitboard_silver_light_large.7a3b860966a77bcb8124a2c38cf4b0449fd542ba.png","type":"skin","rarity":1,"price":9},"M4A4 | Mainframe (Well-Worn)":{"quality":2,"skin":"Mainframe","weapon":"M4A4","short":"M4A4 | Mainframe","name":"M4A4 | Mainframe (Well-Worn)","src":"https://steamcdn-a.akamaihd.net/apps/730/icons/econ/default_generated/weapon_m4a1_am_circuitboard_silver_light_large.7a3b860966a77bcb8124a2c38cf4b0449fd542ba.png","type":"skin","rarity":1,"price":8},"M4A4 | Mainframe (Battle-Scarred)":{"quality":1,"skin":"Mainframe","weapon":"M4A4","short":"M4A4 | Mainframe","name":"M4A4 | Mainframe (Battle-Scarred)","src":"https://steamcdn-a.akamaihd.net/apps/730/icons/econ/default_generated/weapon_m4a1_am_circuitboard_silver_light_large.7a3b860966a77bcb8124a2c38cf4b0449fd542ba.png","type":"skin","rarity":1,"price":9},"Souvenir M4A4 | Mainframe (Factory New)":{"souvenir":true,"quality":5,"skin":"Mainframe","weapon":"M4A4","short":"M4A4 | Mainframe","name":"Souvenir M4A4 | Mainframe (Factory New)","src":"https://steamcdn-a.akamaihd.net/apps/730/icons/econ/default_generated/weapon_m4a1_am_circuitboard_silver_light_large.7a3b860966a77bcb8124a2c38cf4b0449fd542ba.png","type":"skin","rarity":1,"price":145},"Souvenir M4A4 | Mainframe (Minimal Wear)":{"souvenir":true,"quality":4,"skin":"Mainframe","weapon":"M4A4","short":"M4A4 | Mainframe","name":"Souvenir M4A4 | Mainframe (Minimal Wear)","src":"https://steamcdn-a.akamaihd.net/apps/730/icons/econ/default_generated/weapon_m4a1_am_circuitboard_silver_light_large.7a3b860966a77bcb8124a2c38cf4b0449fd542ba.png","type":"skin","rarity":1,"price":93},"Souvenir M4A4 | Mainframe (Field-Tested)":{"souvenir":true,"quality":3,"skin":"Mainframe","weapon":"M4A4","short":"M4A4 | Mainframe","name":"Souvenir M4A4 | Mainframe (Field-Tested)","src":"https://steamcdn-a.akamaihd.net/apps/730/icons/econ/default_generated/weapon_m4a1_am_circuitboard_silver_light_large.7a3b860966a77bcb8124a2c38cf4b0449fd542ba.png","type":"skin","rarity":1,"price":70},"Souvenir M4A4 | Mainframe (Well-Worn)":{"souvenir":true,"quality":2,"skin":"Mainframe","weapon":"M4A4","short":"M4A4 | Mainframe","name":"Souvenir M4A4 | Mainframe (Well-Worn)","src":"https://steamcdn-a.akamaihd.net/apps/730/icons/econ/default_generated/weapon_m4a1_am_circuitboard_silver_light_large.7a3b860966a77bcb8124a2c38cf4b0449fd542ba.png","type":"skin","rarity":1,"price":162},"Souvenir M4A4 | Mainframe (Battle-Scarred)":{"souvenir":true,"quality":1,"skin":"Mainframe","weapon":"M4A4","short":"M4A4 | Mainframe","name":"Souvenir M4A4 | Mainframe (Battle-Scarred)","src":"https://steamcdn-a.akamaihd.net/apps/730/icons/econ/default_generated/weapon_m4a1_am_circuitboard_silver_light_large.7a3b860966a77bcb8124a2c38cf4b0449fd542ba.png","type":"skin","rarity":1,"price":167},"M4A4 | Mainframe":{"souvenirAvailable":true,"masterItem":true,"qualities":[5,4,3,2,1],"skin":"Mainframe","weapon":"M4A4","short":"M4A4 | Mainframe","name":"M4A4 | Mainframe","src":"https://steamcdn-a.akamaihd.net/apps/730/icons/econ/default_generated/weapon_m4a1_am_circuitboard_silver_light_large.7a3b860966a77bcb8124a2c38cf4b0449fd542ba.png","type":"skin","rarity":1,"price":167,"minPrice":8},"Glock-18 | Nuclear Garden (Factory New)":{"quality":5,"skin":"Nuclear Garden","weapon":"Glock-18","short":"Glock-18 | Nuclear Garden","name":"Glock-18 | Nuclear Garden (Factory New)","src":"https://steamcdn-a.akamaihd.net/apps/730/icons/econ/default_generated/weapon_glock_am_nuclear_skulls_green_light_large.37c3765f928a0a002d283c0fa7f4f409f4fa9e82.png","type":"skin","rarity":3,"price":805},"Glock-18 | Nuclear Garden (Minimal Wear)":{"quality":4,"skin":"Nuclear Garden","weapon":"Glock-18","short":"Glock-18 | Nuclear Garden","name":"Glock-18 | Nuclear Garden (Minimal Wear)","src":"https://steamcdn-a.akamaihd.net/apps/730/icons/econ/default_generated/weapon_glock_am_nuclear_skulls_green_light_large.37c3765f928a0a002d283c0fa7f4f409f4fa9e82.png","type":"skin","rarity":3,"price":478},"Glock-18 | Nuclear Garden (Field-Tested)":{"quality":3,"skin":"Nuclear Garden","weapon":"Glock-18","short":"Glock-18 | Nuclear Garden","name":"Glock-18 | Nuclear Garden (Field-Tested)","src":"https://steamcdn-a.akamaihd.net/apps/730/icons/econ/default_generated/weapon_glock_am_nuclear_skulls_green_light_large.37c3765f928a0a002d283c0fa7f4f409f4fa9e82.png","type":"skin","rarity":3,"price":277},"Glock-18 | Nuclear Garden (Well-Worn)":{"quality":2,"skin":"Nuclear Garden","weapon":"Glock-18","short":"Glock-18 | Nuclear Garden","name":"Glock-18 | Nuclear Garden (Well-Worn)","src":"https://steamcdn-a.akamaihd.net/apps/730/icons/econ/default_generated/weapon_glock_am_nuclear_skulls_green_light_large.37c3765f928a0a002d283c0fa7f4f409f4fa9e82.png","type":"skin","rarity":3,"price":376},"Glock-18 | Nuclear Garden (Battle-Scarred)":{"quality":1,"skin":"Nuclear Garden","weapon":"Glock-18","short":"Glock-18 | Nuclear Garden","name":"Glock-18 | Nuclear Garden (Battle-Scarred)","src":"https://steamcdn-a.akamaihd.net/apps/730/icons/econ/default_generated/weapon_glock_am_nuclear_skulls_green_light_large.37c3765f928a0a002d283c0fa7f4f409f4fa9e82.png","type":"skin","rarity":3,"price":198},"Souvenir Glock-18 | Nuclear Garden (Factory New)":{"souvenir":true,"quality":5,"skin":"Nuclear Garden","weapon":"Glock-18","short":"Glock-18 | Nuclear Garden","name":"Souvenir Glock-18 | Nuclear Garden (Factory New)","src":"https://steamcdn-a.akamaihd.net/apps/730/icons/econ/default_generated/weapon_glock_am_nuclear_skulls_green_light_large.37c3765f928a0a002d283c0fa7f4f409f4fa9e82.png","type":"skin","rarity":3,"price":31972},"Souvenir Glock-18 | Nuclear Garden (Minimal Wear)":{"souvenir":true,"quality":4,"skin":"Nuclear Garden","weapon":"Glock-18","short":"Glock-18 | Nuclear Garden","name":"Souvenir Glock-18 | Nuclear Garden (Minimal Wear)","src":"https://steamcdn-a.akamaihd.net/apps/730/icons/econ/default_generated/weapon_glock_am_nuclear_skulls_green_light_large.37c3765f928a0a002d283c0fa7f4f409f4fa9e82.png","type":"skin","rarity":3,"price":4116},"Souvenir Glock-18 | Nuclear Garden (Field-Tested)":{"souvenir":true,"quality":3,"skin":"Nuclear Garden","weapon":"Glock-18","short":"Glock-18 | Nuclear Garden","name":"Souvenir Glock-18 | Nuclear Garden (Field-Tested)","src":"https://steamcdn-a.akamaihd.net/apps/730/icons/econ/default_generated/weapon_glock_am_nuclear_skulls_green_light_large.37c3765f928a0a002d283c0fa7f4f409f4fa9e82.png","type":"skin","rarity":3,"price":1669},"Souvenir Glock-18 | Nuclear Garden (Well-Worn)":{"souvenir":true,"quality":2,"skin":"Nuclear Garden","weapon":"Glock-18","short":"Glock-18 | Nuclear Garden","name":"Souvenir Glock-18 | Nuclear Garden (Well-Worn)","src":"https://steamcdn-a.akamaihd.net/apps/730/icons/econ/default_generated/weapon_glock_am_nuclear_skulls_green_light_large.37c3765f928a0a002d283c0fa7f4f409f4fa9e82.png","type":"skin","rarity":3,"price":6405},"Souvenir Glock-18 | Nuclear Garden (Battle-Scarred)":{"souvenir":true,"quality":1,"skin":"Nuclear Garden","weapon":"Glock-18","short":"Glock-18 | Nuclear Garden","name":"Souvenir Glock-18 | Nuclear Garden (Battle-Scarred)","src":"https://steamcdn-a.akamaihd.net/apps/730/icons/econ/default_generated/weapon_glock_am_nuclear_skulls_green_light_large.37c3765f928a0a002d283c0fa7f4f409f4fa9e82.png","type":"skin","rarity":3,"price":2407},"Glock-18 | Nuclear Garden":{"souvenirAvailable":true,"masterItem":true,"qualities":[5,4,3,2,1],"skin":"Nuclear Garden","weapon":"Glock-18","short":"Glock-18 | Nuclear Garden","name":"Glock-18 | Nuclear Garden","src":"https://steamcdn-a.akamaihd.net/apps/730/icons/econ/default_generated/weapon_glock_am_nuclear_skulls_green_light_large.37c3765f928a0a002d283c0fa7f4f409f4fa9e82.png","type":"skin","rarity":3,"price":31972,"minPrice":198},"UMP-45 | Facility Dark (Factory New)":{"quality":5,"skin":"Facility Dark","weapon":"UMP-45","short":"UMP-45 | Facility Dark","name":"UMP-45 | Facility Dark (Factory New)","src":"https://steamcdn-a.akamaihd.net/apps/730/icons/econ/default_generated/weapon_ump45_hy_blueprint_bluered_light_large.1f2e4c38f9f9e7e1d815aeb5af99c499c5ff4951.png","type":"skin","rarity":0,"price":6},"UMP-45 | Facility Dark (Minimal Wear)":{"quality":4,"skin":"Facility Dark","weapon":"UMP-45","short":"UMP-45 | Facility Dark","name":"UMP-45 | Facility Dark (Minimal Wear)","src":"https://steamcdn-a.akamaihd.net/apps/730/icons/econ/default_generated/weapon_ump45_hy_blueprint_bluered_light_large.1f2e4c38f9f9e7e1d815aeb5af99c499c5ff4951.png","type":"skin","rarity":0,"price":3},"UMP-45 | Facility Dark (Field-Tested)":{"quality":3,"skin":"Facility Dark","weapon":"UMP-45","short":"UMP-45 | Facility Dark","name":"UMP-45 | Facility Dark (Field-Tested)","src":"https://steamcdn-a.akamaihd.net/apps/730/icons/econ/default_generated/weapon_ump45_hy_blueprint_bluered_light_large.1f2e4c38f9f9e7e1d815aeb5af99c499c5ff4951.png","type":"skin","rarity":0,"price":3},"UMP-45 | Facility Dark (Well-Worn)":{"quality":2,"skin":"Facility Dark","weapon":"UMP-45","short":"UMP-45 | Facility Dark","name":"UMP-45 | Facility Dark (Well-Worn)","src":"https://steamcdn-a.akamaihd.net/apps/730/icons/econ/default_generated/weapon_ump45_hy_blueprint_bluered_light_large.1f2e4c38f9f9e7e1d815aeb5af99c499c5ff4951.png","type":"skin","rarity":0,"price":3},"UMP-45 | Facility Dark (Battle-Scarred)":{"quality":1,"skin":"Facility Dark","weapon":"UMP-45","short":"UMP-45 | Facility Dark","name":"UMP-45 | Facility Dark (Battle-Scarred)","src":"https://steamcdn-a.akamaihd.net/apps/730/icons/econ/default_generated/weapon_ump45_hy_blueprint_bluered_light_large.1f2e4c38f9f9e7e1d815aeb5af99c499c5ff4951.png","type":"skin","rarity":0,"price":3},"Souvenir UMP-45 | Facility Dark (Factory New)":{"souvenir":true,"quality":5,"skin":"Facility Dark","weapon":"UMP-45","short":"UMP-45 | Facility Dark","name":"Souvenir UMP-45 | Facility Dark (Factory New)","src":"https://steamcdn-a.akamaihd.net/apps/730/icons/econ/default_generated/weapon_ump45_hy_blueprint_bluered_light_large.1f2e4c38f9f9e7e1d815aeb5af99c499c5ff4951.png","type":"skin","rarity":0,"price":11},"Souvenir UMP-45 | Facility Dark (Minimal Wear)":{"souvenir":true,"quality":4,"skin":"Facility Dark","weapon":"UMP-45","short":"UMP-45 | Facility Dark","name":"Souvenir UMP-45 | Facility Dark (Minimal Wear)","src":"https://steamcdn-a.akamaihd.net/apps/730/icons/econ/default_generated/weapon_ump45_hy_blueprint_bluered_light_large.1f2e4c38f9f9e7e1d815aeb5af99c499c5ff4951.png","type":"skin","rarity":0,"price":8},"Souvenir UMP-45 | Facility Dark (Field-Tested)":{"souvenir":true,"quality":3,"skin":"Facility Dark","weapon":"UMP-45","short":"UMP-45 | Facility Dark","name":"Souvenir UMP-45 | Facility Dark (Field-Tested)","src":"https://steamcdn-a.akamaihd.net/apps/730/icons/econ/default_generated/weapon_ump45_hy_blueprint_bluered_light_large.1f2e4c38f9f9e7e1d815aeb5af99c499c5ff4951.png","type":"skin","rarity":0,"price":4},"Souvenir UMP-45 | Facility Dark (Well-Worn)":{"souvenir":true,"quality":2,"skin":"Facility Dark","weapon":"UMP-45","short":"UMP-45 | Facility Dark","name":"Souvenir UMP-45 | Facility Dark (Well-Worn)","src":"https://steamcdn-a.akamaihd.net/apps/730/icons/econ/default_generated/weapon_ump45_hy_blueprint_bluered_light_large.1f2e4c38f9f9e7e1d815aeb5af99c499c5ff4951.png","type":"skin","rarity":0,"price":8},"Souvenir UMP-45 | Facility Dark (Battle-Scarred)":{"souvenir":true,"quality":1,"skin":"Facility Dark","weapon":"UMP-45","short":"UMP-45 | Facility Dark","name":"Souvenir UMP-45 | Facility Dark (Battle-Scarred)","src":"https://steamcdn-a.akamaihd.net/apps/730/icons/econ/default_generated/weapon_ump45_hy_blueprint_bluered_light_large.1f2e4c38f9f9e7e1d815aeb5af99c499c5ff4951.png","type":"skin","rarity":0,"price":10},"UMP-45 | Facility Dark":{"souvenirAvailable":true,"masterItem":true,"qualities":[5,4,3,2,1],"skin":"Facility Dark","weapon":"UMP-45","short":"UMP-45 | Facility Dark","name":"UMP-45 | Facility Dark","src":"https://steamcdn-a.akamaihd.net/apps/730/icons/econ/default_generated/weapon_ump45_hy_blueprint_bluered_light_large.1f2e4c38f9f9e7e1d815aeb5af99c499c5ff4951.png","type":"skin","rarity":0,"price":11,"minPrice":3},"MP5-SD | Co-Processor (Factory New)":{"quality":5,"skin":"Co-Processor","weapon":"MP5-SD","short":"MP5-SD | Co-Processor","name":"MP5-SD | Co-Processor (Factory New)","src":"https://steamcdn-a.akamaihd.net/apps/730/icons/econ/default_generated/weapon_mp5sd_am_circuitboard_aqua_light_large.205e1ac1b5bfbbfa8f0449cc08b42daf3e4addd2.png","type":"skin","rarity":2,"price":57},"MP5-SD | Co-Processor (Minimal Wear)":{"quality":4,"skin":"Co-Processor","weapon":"MP5-SD","short":"MP5-SD | Co-Processor","name":"MP5-SD | Co-Processor (Minimal Wear)","src":"https://steamcdn-a.akamaihd.net/apps/730/icons/econ/default_generated/weapon_mp5sd_am_circuitboard_aqua_light_large.205e1ac1b5bfbbfa8f0449cc08b42daf3e4addd2.png","type":"skin","rarity":2,"price":43},"MP5-SD | Co-Processor (Field-Tested)":{"quality":3,"skin":"Co-Processor","weapon":"MP5-SD","short":"MP5-SD | Co-Processor","name":"MP5-SD | Co-Processor (Field-Tested)","src":"https://steamcdn-a.akamaihd.net/apps/730/icons/econ/default_generated/weapon_mp5sd_am_circuitboard_aqua_light_large.205e1ac1b5bfbbfa8f0449cc08b42daf3e4addd2.png","type":"skin","rarity":2,"price":25},"MP5-SD | Co-Processor (Well-Worn)":{"quality":2,"skin":"Co-Processor","weapon":"MP5-SD","short":"MP5-SD | Co-Processor","name":"MP5-SD | Co-Processor (Well-Worn)","src":"https://steamcdn-a.akamaihd.net/apps/730/icons/econ/default_generated/weapon_mp5sd_am_circuitboard_aqua_light_large.205e1ac1b5bfbbfa8f0449cc08b42daf3e4addd2.png","type":"skin","rarity":2,"price":27},"MP5-SD | Co-Processor (Battle-Scarred)":{"quality":1,"skin":"Co-Processor","weapon":"MP5-SD","short":"MP5-SD | Co-Processor","name":"MP5-SD | Co-Processor (Battle-Scarred)","src":"https://steamcdn-a.akamaihd.net/apps/730/icons/econ/default_generated/weapon_mp5sd_am_circuitboard_aqua_light_large.205e1ac1b5bfbbfa8f0449cc08b42daf3e4addd2.png","type":"skin","rarity":2,"price":25},"Souvenir MP5-SD | Co-Processor (Factory New)":{"souvenir":true,"quality":5,"skin":"Co-Processor","weapon":"MP5-SD","short":"MP5-SD | Co-Processor","name":"Souvenir MP5-SD | Co-Processor (Factory New)","src":"https://steamcdn-a.akamaihd.net/apps/730/icons/econ/default_generated/weapon_mp5sd_am_circuitboard_aqua_light_large.205e1ac1b5bfbbfa8f0449cc08b42daf3e4addd2.png","type":"skin","rarity":2,"price":441},"Souvenir MP5-SD | Co-Processor (Minimal Wear)":{"souvenir":true,"quality":4,"skin":"Co-Processor","weapon":"MP5-SD","short":"MP5-SD | Co-Processor","name":"Souvenir MP5-SD | Co-Processor (Minimal Wear)","src":"https://steamcdn-a.akamaihd.net/apps/730/icons/econ/default_generated/weapon_mp5sd_am_circuitboard_aqua_light_large.205e1ac1b5bfbbfa8f0449cc08b42daf3e4addd2.png","type":"skin","rarity":2,"price":177},"Souvenir MP5-SD | Co-Processor (Field-Tested)":{"souvenir":true,"quality":3,"skin":"Co-Processor","weapon":"MP5-SD","short":"MP5-SD | Co-Processor","name":"Souvenir MP5-SD | Co-Processor (Field-Tested)","src":"https://steamcdn-a.akamaihd.net/apps/730/icons/econ/default_generated/weapon_mp5sd_am_circuitboard_aqua_light_large.205e1ac1b5bfbbfa8f0449cc08b42daf3e4addd2.png","type":"skin","rarity":2,"price":112},"Souvenir MP5-SD | Co-Processor (Well-Worn)":{"souvenir":true,"quality":2,"skin":"Co-Processor","weapon":"MP5-SD","short":"MP5-SD | Co-Processor","name":"Souvenir MP5-SD | Co-Processor (Well-Worn)","src":"https://steamcdn-a.akamaihd.net/apps/730/icons/econ/default_generated/weapon_mp5sd_am_circuitboard_aqua_light_large.205e1ac1b5bfbbfa8f0449cc08b42daf3e4addd2.png","type":"skin","rarity":2,"price":412},"Souvenir MP5-SD | Co-Processor (Battle-Scarred)":{"souvenir":true,"quality":1,"skin":"Co-Processor","weapon":"MP5-SD","short":"MP5-SD | Co-Processor","name":"Souvenir MP5-SD | Co-Processor (Battle-Scarred)","src":"https://steamcdn-a.akamaihd.net/apps/730/icons/econ/default_generated/weapon_mp5sd_am_circuitboard_aqua_light_large.205e1ac1b5bfbbfa8f0449cc08b42daf3e4addd2.png","type":"skin","rarity":2,"price":424},"MP5-SD | Co-Processor":{"souvenirAvailable":true,"masterItem":true,"qualities":[5,4,3,2,1],"skin":"Co-Processor","weapon":"MP5-SD","short":"MP5-SD | Co-Processor","name":"MP5-SD | Co-Processor","src":"https://steamcdn-a.akamaihd.net/apps/730/icons/econ/default_generated/weapon_mp5sd_am_circuitboard_aqua_light_large.205e1ac1b5bfbbfa8f0449cc08b42daf3e4addd2.png","type":"skin","rarity":2,"price":441,"minPrice":25},"P90 | Facility Negative (Factory New)":{"quality":5,"skin":"Facility Negative","weapon":"P90","short":"P90 | Facility Negative","name":"P90 | Facility Negative (Factory New)","src":"https://steamcdn-a.akamaihd.net/apps/730/icons/econ/default_generated/weapon_p90_hy_blueprint_aqua_light_large.35f86b3da01a31539d5a592958c96356f63d1675.png","type":"skin","rarity":2,"price":60},"P90 | Facility Negative (Minimal Wear)":{"quality":4,"skin":"Facility Negative","weapon":"P90","short":"P90 | Facility Negative","name":"P90 | Facility Negative (Minimal Wear)","src":"https://steamcdn-a.akamaihd.net/apps/730/icons/econ/default_generated/weapon_p90_hy_blueprint_aqua_light_large.35f86b3da01a31539d5a592958c96356f63d1675.png","type":"skin","rarity":2,"price":47},"P90 | Facility Negative (Field-Tested)":{"quality":3,"skin":"Facility Negative","weapon":"P90","short":"P90 | Facility Negative","name":"P90 | Facility Negative (Field-Tested)","src":"https://steamcdn-a.akamaihd.net/apps/730/icons/econ/default_generated/weapon_p90_hy_blueprint_aqua_light_large.35f86b3da01a31539d5a592958c96356f63d1675.png","type":"skin","rarity":2,"price":26},"P90 | Facility Negative (Well-Worn)":{"quality":2,"skin":"Facility Negative","weapon":"P90","short":"P90 | Facility Negative","name":"P90 | Facility Negative (Well-Worn)","src":"https://steamcdn-a.akamaihd.net/apps/730/icons/econ/default_generated/weapon_p90_hy_blueprint_aqua_light_large.35f86b3da01a31539d5a592958c96356f63d1675.png","type":"skin","rarity":2,"price":25},"P90 | Facility Negative (Battle-Scarred)":{"quality":1,"skin":"Facility Negative","weapon":"P90","short":"P90 | Facility Negative","name":"P90 | Facility Negative (Battle-Scarred)","src":"https://steamcdn-a.akamaihd.net/apps/730/icons/econ/default_generated/weapon_p90_hy_blueprint_aqua_light_large.35f86b3da01a31539d5a592958c96356f63d1675.png","type":"skin","rarity":2,"price":23},"Souvenir P90 | Facility Negative (Factory New)":{"souvenir":true,"quality":5,"skin":"Facility Negative","weapon":"P90","short":"P90 | Facility Negative","name":"Souvenir P90 | Facility Negative (Factory New)","src":"https://steamcdn-a.akamaihd.net/apps/730/icons/econ/default_generated/weapon_p90_hy_blueprint_aqua_light_large.35f86b3da01a31539d5a592958c96356f63d1675.png","type":"skin","rarity":2,"price":348},"Souvenir P90 | Facility Negative (Minimal Wear)":{"souvenir":true,"quality":4,"skin":"Facility Negative","weapon":"P90","short":"P90 | Facility Negative","name":"Souvenir P90 | Facility Negative (Minimal Wear)","src":"https://steamcdn-a.akamaihd.net/apps/730/icons/econ/default_generated/weapon_p90_hy_blueprint_aqua_light_large.35f86b3da01a31539d5a592958c96356f63d1675.png","type":"skin","rarity":2,"price":159},"Souvenir P90 | Facility Negative (Field-Tested)":{"souvenir":true,"quality":3,"skin":"Facility Negative","weapon":"P90","short":"P90 | Facility Negative","name":"Souvenir P90 | Facility Negative (Field-Tested)","src":"https://steamcdn-a.akamaihd.net/apps/730/icons/econ/default_generated/weapon_p90_hy_blueprint_aqua_light_large.35f86b3da01a31539d5a592958c96356f63d1675.png","type":"skin","rarity":2,"price":87},"Souvenir P90 | Facility Negative (Well-Worn)":{"souvenir":true,"quality":2,"skin":"Facility Negative","weapon":"P90","short":"P90 | Facility Negative","name":"Souvenir P90 | Facility Negative (Well-Worn)","src":"https://steamcdn-a.akamaihd.net/apps/730/icons/econ/default_generated/weapon_p90_hy_blueprint_aqua_light_large.35f86b3da01a31539d5a592958c96356f63d1675.png","type":"skin","rarity":2,"price":229},"Souvenir P90 | Facility Negative (Battle-Scarred)":{"souvenir":true,"quality":1,"skin":"Facility Negative","weapon":"P90","short":"P90 | Facility Negative","name":"Souvenir P90 | Facility Negative (Battle-Scarred)","src":"https://steamcdn-a.akamaihd.net/apps/730/icons/econ/default_generated/weapon_p90_hy_blueprint_aqua_light_large.35f86b3da01a31539d5a592958c96356f63d1675.png","type":"skin","rarity":2,"price":300},"P90 | Facility Negative":{"souvenirAvailable":true,"masterItem":true,"qualities":[5,4,3,2,1],"skin":"Facility Negative","weapon":"P90","short":"P90 | Facility Negative","name":"P90 | Facility Negative","src":"https://steamcdn-a.akamaihd.net/apps/730/icons/econ/default_generated/weapon_p90_hy_blueprint_aqua_light_large.35f86b3da01a31539d5a592958c96356f63d1675.png","type":"skin","rarity":2,"price":348,"minPrice":23},"Galil AR | Cold Fusion (Factory New)":{"quality":5,"skin":"Cold Fusion","weapon":"Galil AR","short":"Galil AR | Cold Fusion","name":"Galil AR | Cold Fusion (Factory New)","src":"https://steamcdn-a.akamaihd.net/apps/730/icons/econ/default_generated/weapon_galilar_hy_nuclear_skulls_aqua_light_large.7a9f8497a5e17485c2dcd09ec23da307bc3c06c3.png","type":"skin","rarity":1,"price":29},"Galil AR | Cold Fusion (Minimal Wear)":{"quality":4,"skin":"Cold Fusion","weapon":"Galil AR","short":"Galil AR | Cold Fusion","name":"Galil AR | Cold Fusion (Minimal Wear)","src":"https://steamcdn-a.akamaihd.net/apps/730/icons/econ/default_generated/weapon_galilar_hy_nuclear_skulls_aqua_light_large.7a9f8497a5e17485c2dcd09ec23da307bc3c06c3.png","type":"skin","rarity":1,"price":11},"Galil AR | Cold Fusion (Field-Tested)":{"quality":3,"skin":"Cold Fusion","weapon":"Galil AR","short":"Galil AR | Cold Fusion","name":"Galil AR | Cold Fusion (Field-Tested)","src":"https://steamcdn-a.akamaihd.net/apps/730/icons/econ/default_generated/weapon_galilar_hy_nuclear_skulls_aqua_light_large.7a9f8497a5e17485c2dcd09ec23da307bc3c06c3.png","type":"skin","rarity":1,"price":8},"Galil AR | Cold Fusion (Well-Worn)":{"quality":2,"skin":"Cold Fusion","weapon":"Galil AR","short":"Galil AR | Cold Fusion","name":"Galil AR | Cold Fusion (Well-Worn)","src":"https://steamcdn-a.akamaihd.net/apps/730/icons/econ/default_generated/weapon_galilar_hy_nuclear_skulls_aqua_light_large.7a9f8497a5e17485c2dcd09ec23da307bc3c06c3.png","type":"skin","rarity":1,"price":11},"Galil AR | Cold Fusion (Battle-Scarred)":{"quality":1,"skin":"Cold Fusion","weapon":"Galil AR","short":"Galil AR | Cold Fusion","name":"Galil AR | Cold Fusion (Battle-Scarred)","src":"https://steamcdn-a.akamaihd.net/apps/730/icons/econ/default_generated/weapon_galilar_hy_nuclear_skulls_aqua_light_large.7a9f8497a5e17485c2dcd09ec23da307bc3c06c3.png","type":"skin","rarity":1,"price":8},"Souvenir Galil AR | Cold Fusion (Factory New)":{"souvenir":true,"quality":5,"skin":"Cold Fusion","weapon":"Galil AR","short":"Galil AR | Cold Fusion","name":"Souvenir Galil AR | Cold Fusion (Factory New)","src":"https://steamcdn-a.akamaihd.net/apps/730/icons/econ/default_generated/weapon_galilar_hy_nuclear_skulls_aqua_light_large.7a9f8497a5e17485c2dcd09ec23da307bc3c06c3.png","type":"skin","rarity":1,"price":501},"Souvenir Galil AR | Cold Fusion (Minimal Wear)":{"souvenir":true,"quality":4,"skin":"Cold Fusion","weapon":"Galil AR","short":"Galil AR | Cold Fusion","name":"Souvenir Galil AR | Cold Fusion (Minimal Wear)","src":"https://steamcdn-a.akamaihd.net/apps/730/icons/econ/default_generated/weapon_galilar_hy_nuclear_skulls_aqua_light_large.7a9f8497a5e17485c2dcd09ec23da307bc3c06c3.png","type":"skin","rarity":1,"price":138},"Souvenir Galil AR | Cold Fusion (Field-Tested)":{"souvenir":true,"quality":3,"skin":"Cold Fusion","weapon":"Galil AR","short":"Galil AR | Cold Fusion","name":"Souvenir Galil AR | Cold Fusion (Field-Tested)","src":"https://steamcdn-a.akamaihd.net/apps/730/icons/econ/default_generated/weapon_galilar_hy_nuclear_skulls_aqua_light_large.7a9f8497a5e17485c2dcd09ec23da307bc3c06c3.png","type":"skin","rarity":1,"price":52},"Souvenir Galil AR | Cold Fusion (Well-Worn)":{"souvenir":true,"quality":2,"skin":"Cold Fusion","weapon":"Galil AR","short":"Galil AR | Cold Fusion","name":"Souvenir Galil AR | Cold Fusion (Well-Worn)","src":"https://steamcdn-a.akamaihd.net/apps/730/icons/econ/default_generated/weapon_galilar_hy_nuclear_skulls_aqua_light_large.7a9f8497a5e17485c2dcd09ec23da307bc3c06c3.png","type":"skin","rarity":1,"price":86},"Souvenir Galil AR | Cold Fusion (Battle-Scarred)":{"souvenir":true,"quality":1,"skin":"Cold Fusion","weapon":"Galil AR","short":"Galil AR | Cold Fusion","name":"Souvenir Galil AR | Cold Fusion (Battle-Scarred)","src":"https://steamcdn-a.akamaihd.net/apps/730/icons/econ/default_generated/weapon_galilar_hy_nuclear_skulls_aqua_light_large.7a9f8497a5e17485c2dcd09ec23da307bc3c06c3.png","type":"skin","rarity":1,"price":53},"Galil AR | Cold Fusion":{"souvenirAvailable":true,"masterItem":true,"qualities":[5,4,3,2,1],"skin":"Cold Fusion","weapon":"Galil AR","short":"Galil AR | Cold Fusion","name":"Galil AR | Cold Fusion","src":"https://steamcdn-a.akamaihd.net/apps/730/icons/econ/default_generated/weapon_galilar_hy_nuclear_skulls_aqua_light_large.7a9f8497a5e17485c2dcd09ec23da307bc3c06c3.png","type":"skin","rarity":1,"price":501,"minPrice":8},"Nova | Mandrel (Factory New)":{"quality":5,"skin":"Mandrel","weapon":"Nova","short":"Nova | Mandrel","name":"Nova | Mandrel (Factory New)","src":"https://steamcdn-a.akamaihd.net/apps/730/icons/econ/default_generated/weapon_nova_hy_ducts_grey_light_large.5da9a312aedae8885ff2e4dec4387fe614ce4ee3.png","type":"skin","rarity":0,"price":6},"Nova | Mandrel (Minimal Wear)":{"quality":4,"skin":"Mandrel","weapon":"Nova","short":"Nova | Mandrel","name":"Nova | Mandrel (Minimal Wear)","src":"https://steamcdn-a.akamaihd.net/apps/730/icons/econ/default_generated/weapon_nova_hy_ducts_grey_light_large.5da9a312aedae8885ff2e4dec4387fe614ce4ee3.png","type":"skin","rarity":0,"price":3},"Nova | Mandrel (Field-Tested)":{"quality":3,"skin":"Mandrel","weapon":"Nova","short":"Nova | Mandrel","name":"Nova | Mandrel (Field-Tested)","src":"https://steamcdn-a.akamaihd.net/apps/730/icons/econ/default_generated/weapon_nova_hy_ducts_grey_light_large.5da9a312aedae8885ff2e4dec4387fe614ce4ee3.png","type":"skin","rarity":0,"price":3},"Nova | Mandrel (Well-Worn)":{"quality":2,"skin":"Mandrel","weapon":"Nova","short":"Nova | Mandrel","name":"Nova | Mandrel (Well-Worn)","src":"https://steamcdn-a.akamaihd.net/apps/730/icons/econ/default_generated/weapon_nova_hy_ducts_grey_light_large.5da9a312aedae8885ff2e4dec4387fe614ce4ee3.png","type":"skin","rarity":0,"price":3},"Nova | Mandrel (Battle-Scarred)":{"quality":1,"skin":"Mandrel","weapon":"Nova","short":"Nova | Mandrel","name":"Nova | Mandrel (Battle-Scarred)","src":"https://steamcdn-a.akamaihd.net/apps/730/icons/econ/default_generated/weapon_nova_hy_ducts_grey_light_large.5da9a312aedae8885ff2e4dec4387fe614ce4ee3.png","type":"skin","rarity":0,"price":3},"Souvenir Nova | Mandrel (Factory New)":{"souvenir":true,"quality":5,"skin":"Mandrel","weapon":"Nova","short":"Nova | Mandrel","name":"Souvenir Nova | Mandrel (Factory New)","src":"https://steamcdn-a.akamaihd.net/apps/730/icons/econ/default_generated/weapon_nova_hy_ducts_grey_light_large.5da9a312aedae8885ff2e4dec4387fe614ce4ee3.png","type":"skin","rarity":0,"price":11},"Souvenir Nova | Mandrel (Minimal Wear)":{"souvenir":true,"quality":4,"skin":"Mandrel","weapon":"Nova","short":"Nova | Mandrel","name":"Souvenir Nova | Mandrel (Minimal Wear)","src":"https://steamcdn-a.akamaihd.net/apps/730/icons/econ/default_generated/weapon_nova_hy_ducts_grey_light_large.5da9a312aedae8885ff2e4dec4387fe614ce4ee3.png","type":"skin","rarity":0,"price":7},"Souvenir Nova | Mandrel (Field-Tested)":{"souvenir":true,"quality":3,"skin":"Mandrel","weapon":"Nova","short":"Nova | Mandrel","name":"Souvenir Nova | Mandrel (Field-Tested)","src":"https://steamcdn-a.akamaihd.net/apps/730/icons/econ/default_generated/weapon_nova_hy_ducts_grey_light_large.5da9a312aedae8885ff2e4dec4387fe614ce4ee3.png","type":"skin","rarity":0,"price":3},"Souvenir Nova | Mandrel (Well-Worn)":{"souvenir":true,"quality":2,"skin":"Mandrel","weapon":"Nova","short":"Nova | Mandrel","name":"Souvenir Nova | Mandrel (Well-Worn)","src":"https://steamcdn-a.akamaihd.net/apps/730/icons/econ/default_generated/weapon_nova_hy_ducts_grey_light_large.5da9a312aedae8885ff2e4dec4387fe614ce4ee3.png","type":"skin","rarity":0,"price":6},"Souvenir Nova | Mandrel (Battle-Scarred)":{"souvenir":true,"quality":1,"skin":"Mandrel","weapon":"Nova","short":"Nova | Mandrel","name":"Souvenir Nova | Mandrel (Battle-Scarred)","src":"https://steamcdn-a.akamaihd.net/apps/730/icons/econ/default_generated/weapon_nova_hy_ducts_grey_light_large.5da9a312aedae8885ff2e4dec4387fe614ce4ee3.png","type":"skin","rarity":0,"price":8},"Nova | Mandrel":{"souvenirAvailable":true,"masterItem":true,"qualities":[5,4,3,2,1],"skin":"Mandrel","weapon":"Nova","short":"Nova | Mandrel","name":"Nova | Mandrel","src":"https://steamcdn-a.akamaihd.net/apps/730/icons/econ/default_generated/weapon_nova_hy_ducts_grey_light_large.5da9a312aedae8885ff2e4dec4387fe614ce4ee3.png","type":"skin","rarity":0,"price":11,"minPrice":3},"P250 | Facility Draft (Factory New)":{"quality":5,"skin":"Facility Draft","weapon":"P250","short":"P250 | Facility Draft","name":"P250 | Facility Draft (Factory New)","src":"https://steamcdn-a.akamaihd.net/apps/730/icons/econ/default_generated/weapon_p250_hy_blueprint_red_light_large.aff5f9b0847413a1749e8636dfc9a92d1ed77f3e.png","type":"skin","rarity":0,"price":6},"P250 | Facility Draft (Minimal Wear)":{"quality":4,"skin":"Facility Draft","weapon":"P250","short":"P250 | Facility Draft","name":"P250 | Facility Draft (Minimal Wear)","src":"https://steamcdn-a.akamaihd.net/apps/730/icons/econ/default_generated/weapon_p250_hy_blueprint_red_light_large.aff5f9b0847413a1749e8636dfc9a92d1ed77f3e.png","type":"skin","rarity":0,"price":3},"P250 | Facility Draft (Field-Tested)":{"quality":3,"skin":"Facility Draft","weapon":"P250","short":"P250 | Facility Draft","name":"P250 | Facility Draft (Field-Tested)","src":"https://steamcdn-a.akamaihd.net/apps/730/icons/econ/default_generated/weapon_p250_hy_blueprint_red_light_large.aff5f9b0847413a1749e8636dfc9a92d1ed77f3e.png","type":"skin","rarity":0,"price":3},"P250 | Facility Draft (Well-Worn)":{"quality":2,"skin":"Facility Draft","weapon":"P250","short":"P250 | Facility Draft","name":"P250 | Facility Draft (Well-Worn)","src":"https://steamcdn-a.akamaihd.net/apps/730/icons/econ/default_generated/weapon_p250_hy_blueprint_red_light_large.aff5f9b0847413a1749e8636dfc9a92d1ed77f3e.png","type":"skin","rarity":0,"price":3},"P250 | Facility Draft (Battle-Scarred)":{"quality":1,"skin":"Facility Draft","weapon":"P250","short":"P250 | Facility Draft","name":"P250 | Facility Draft (Battle-Scarred)","src":"https://steamcdn-a.akamaihd.net/apps/730/icons/econ/default_generated/weapon_p250_hy_blueprint_red_light_large.aff5f9b0847413a1749e8636dfc9a92d1ed77f3e.png","type":"skin","rarity":0,"price":3},"Souvenir P250 | Facility Draft (Factory New)":{"souvenir":true,"quality":5,"skin":"Facility Draft","weapon":"P250","short":"P250 | Facility Draft","name":"Souvenir P250 | Facility Draft (Factory New)","src":"https://steamcdn-a.akamaihd.net/apps/730/icons/econ/default_generated/weapon_p250_hy_blueprint_red_light_large.aff5f9b0847413a1749e8636dfc9a92d1ed77f3e.png","type":"skin","rarity":0,"price":22},"Souvenir P250 | Facility Draft (Minimal Wear)":{"souvenir":true,"quality":4,"skin":"Facility Draft","weapon":"P250","short":"P250 | Facility Draft","name":"Souvenir P250 | Facility Draft (Minimal Wear)","src":"https://steamcdn-a.akamaihd.net/apps/730/icons/econ/default_generated/weapon_p250_hy_blueprint_red_light_large.aff5f9b0847413a1749e8636dfc9a92d1ed77f3e.png","type":"skin","rarity":0,"price":14},"Souvenir P250 | Facility Draft (Field-Tested)":{"souvenir":true,"quality":3,"skin":"Facility Draft","weapon":"P250","short":"P250 | Facility Draft","name":"Souvenir P250 | Facility Draft (Field-Tested)","src":"https://steamcdn-a.akamaihd.net/apps/730/icons/econ/default_generated/weapon_p250_hy_blueprint_red_light_large.aff5f9b0847413a1749e8636dfc9a92d1ed77f3e.png","type":"skin","rarity":0,"price":6},"Souvenir P250 | Facility Draft (Well-Worn)":{"souvenir":true,"quality":2,"skin":"Facility Draft","weapon":"P250","short":"P250 | Facility Draft","name":"Souvenir P250 | Facility Draft (Well-Worn)","src":"https://steamcdn-a.akamaihd.net/apps/730/icons/econ/default_generated/weapon_p250_hy_blueprint_red_light_large.aff5f9b0847413a1749e8636dfc9a92d1ed77f3e.png","type":"skin","rarity":0,"price":14},"Souvenir P250 | Facility Draft (Battle-Scarred)":{"souvenir":true,"quality":1,"skin":"Facility Draft","weapon":"P250","short":"P250 | Facility Draft","name":"Souvenir P250 | Facility Draft (Battle-Scarred)","src":"https://steamcdn-a.akamaihd.net/apps/730/icons/econ/default_generated/weapon_p250_hy_blueprint_red_light_large.aff5f9b0847413a1749e8636dfc9a92d1ed77f3e.png","type":"skin","rarity":0,"price":16},"P250 | Facility Draft":{"souvenirAvailable":true,"masterItem":true,"qualities":[5,4,3,2,1],"skin":"Facility Draft","weapon":"P250","short":"P250 | Facility Draft","name":"P250 | Facility Draft","src":"https://steamcdn-a.akamaihd.net/apps/730/icons/econ/default_generated/weapon_p250_hy_blueprint_red_light_large.aff5f9b0847413a1749e8636dfc9a92d1ed77f3e.png","type":"skin","rarity":0,"price":22,"minPrice":3}}