{
  "The Office Collection": {
    "name": "The Office Collection",
    "src": "images/items/collections/office.png",
    "price": 6068,
    "type": "case",
    "rarity": 0,
    "content": {
      "items": [
        "MP7 | Whiteout (Factory New)", "MP7 | Whiteout (Minimal Wear)", "MP7 | Whiteout (Field-Tested)",
        "MP7 | Whiteout (Well-Worn)", "MP7 | Whiteout (Battle-Scarred)", "P2000 | Silver (Factory New)",
        "P2000 | Silver (Minimal Wear)", "Galil AR | Winter Forest (Factory New)",
        "Galil AR | Winter Forest (Minimal Wear)", "Galil AR | Winter Forest (Field-Tested)",
        "Galil AR | Winter Forest (Well-Worn)", "Galil AR | Winter Forest (Battle-Scarred)",
        "FAMAS | Contrast Spray (Factory New)", "FAMAS | Contrast Spray (Minimal Wear)",
        "FAMAS | Contrast Spray (Field-Tested)", "FAMAS | Contrast Spray (Well-Worn)",
        "FAMAS | Contrast Spray (Battle-Scarred)", "G3SG1 | Arctic Camo (Factory New)",
        "G3SG1 | Arctic Camo (Minimal Wear)", "G3SG1 | Arctic Camo (Field-Tested)", "G3SG1 | Arctic Camo (Well-Worn)",
        "G3SG1 | Arctic Camo (Battle-Scarred)", "M249 | Blizzard Marbleized (Factory New)",
        "M249 | Blizzard Marbleized (Minimal Wear)", "M249 | Blizzard Marbleized (Field-Tested)",
        "M249 | Blizzard Marbleized (Well-Worn)", "M249 | Blizzard Marbleized (Battle-Scarred)"
      ]
    }
  },
  "MP7 | Whiteout (Factory New)": {
    "quality": 5,
    "weight": 0.01,
    "skin": "Whiteout",
    "weapon": "MP7",
    "short": "MP7 | Whiteout",
    "name": "MP7 | Whiteout (Factory New)",
    "src": "https://steamcdn-a.akamaihd.net/apps/730/icons/econ/default_generated/weapon_mp7_so_whiteout_light_large.1f27273c189c19b42567bdd44ffc3e5be70ea3a4.png",
    "type": "skin",
    "rarity": 2,
    "price": 43551
  },
  "MP7 | Whiteout (Minimal Wear)": {
    "quality": 4,
    "weight": 0.01,
    "skin": "Whiteout",
    "weapon": "MP7",
    "short": "MP7 | Whiteout",
    "name": "MP7 | Whiteout (Minimal Wear)",
    "src": "https://steamcdn-a.akamaihd.net/apps/730/icons/econ/default_generated/weapon_mp7_so_whiteout_light_large.1f27273c189c19b42567bdd44ffc3e5be70ea3a4.png",
    "type": "skin",
    "rarity": 2,
    "price": 2867
  },
  "MP7 | Whiteout (Field-Tested)": {
    "quality": 3,
    "weight": 0.01,
    "skin": "Whiteout",
    "weapon": "MP7",
    "short": "MP7 | Whiteout",
    "name": "MP7 | Whiteout (Field-Tested)",
    "src": "https://steamcdn-a.akamaihd.net/apps/730/icons/econ/default_generated/weapon_mp7_so_whiteout_light_large.1f27273c189c19b42567bdd44ffc3e5be70ea3a4.png",
    "type": "skin",
    "rarity": 2,
    "price": 286
  },
  "MP7 | Whiteout (Well-Worn)": {
    "quality": 2,
    "weight": 0.01,
    "skin": "Whiteout",
    "weapon": "MP7",
    "short": "MP7 | Whiteout",
    "name": "MP7 | Whiteout (Well-Worn)",
    "src": "https://steamcdn-a.akamaihd.net/apps/730/icons/econ/default_generated/weapon_mp7_so_whiteout_light_large.1f27273c189c19b42567bdd44ffc3e5be70ea3a4.png",
    "type": "skin",
    "rarity": 2,
    "price": 373
  },
  "MP7 | Whiteout (Battle-Scarred)": {
    "quality": 1,
    "weight": 0.01,
    "skin": "Whiteout",
    "weapon": "MP7",
    "short": "MP7 | Whiteout",
    "name": "MP7 | Whiteout (Battle-Scarred)",
    "src": "https://steamcdn-a.akamaihd.net/apps/730/icons/econ/default_generated/weapon_mp7_so_whiteout_light_large.1f27273c189c19b42567bdd44ffc3e5be70ea3a4.png",
    "type": "skin",
    "rarity": 2,
    "price": 269
  },
  "MP7 | Whiteout": {
    "masterItem": true,
    "qualities": [5, 4, 3, 2, 1],
    "skin": "Whiteout",
    "weapon": "MP7",
    "short": "MP7 | Whiteout",
    "name": "MP7 | Whiteout",
    "src": "https://steamcdn-a.akamaihd.net/apps/730/icons/econ/default_generated/weapon_mp7_so_whiteout_light_large.1f27273c189c19b42567bdd44ffc3e5be70ea3a4.png",
    "type": "skin",
    "rarity": 2,
    "price": 43551,
    "minPrice": 269
  },
  "P2000 | Silver (Factory New)": {
    "quality": 5,
    "weight": 0.01,
    "skin": "Silver",
    "weapon": "P2000",
    "short": "P2000 | Silver",
    "name": "P2000 | Silver (Factory New)",
    "src": "https://steamcdn-a.akamaihd.net/apps/730/icons/econ/default_generated/weapon_hkp2000_an_silver_light_large.84bfd2f0bdc7ab614d9cd7103b7d071606118166.png",
    "type": "skin",
    "rarity": 2,
    "price": 354
  },
  "P2000 | Silver (Minimal Wear)": {
    "quality": 4,
    "weight": 0.01,
    "skin": "Silver",
    "weapon": "P2000",
    "short": "P2000 | Silver",
    "name": "P2000 | Silver (Minimal Wear)",
    "src": "https://steamcdn-a.akamaihd.net/apps/730/icons/econ/default_generated/weapon_hkp2000_an_silver_light_large.84bfd2f0bdc7ab614d9cd7103b7d071606118166.png",
    "type": "skin",
    "rarity": 2,
    "price": 630
  },
  "P2000 | Silver": {
    "masterItem": true,
    "qualities": [5, 4],
    "skin": "Silver",
    "weapon": "P2000",
    "short": "P2000 | Silver",
    "name": "P2000 | Silver",
    "src": "https://steamcdn-a.akamaihd.net/apps/730/icons/econ/default_generated/weapon_hkp2000_an_silver_light_large.84bfd2f0bdc7ab614d9cd7103b7d071606118166.png",
    "type": "skin",
    "rarity": 2,
    "price": 630,
    "minPrice": 354
  },
  "Galil AR | Winter Forest (Factory New)": {
    "quality": 5,
    "weight": 0.01,
    "skin": "Winter Forest",
    "weapon": "Galil AR",
    "short": "Galil AR | Winter Forest",
    "name": "Galil AR | Winter Forest (Factory New)",
    "src": "https://steamcdn-a.akamaihd.net/apps/730/icons/econ/default_generated/weapon_galilar_hy_forest_winter_light_large.2a0bc5c784fc6782304eb3ef68e4f07c6c92d3bf.png",
    "type": "skin",
    "rarity": 1,
    "price": 8381
  },
  "Galil AR | Winter Forest (Minimal Wear)": {
    "quality": 4,
    "weight": 0.01,
    "skin": "Winter Forest",
    "weapon": "Galil AR",
    "short": "Galil AR | Winter Forest",
    "name": "Galil AR | Winter Forest (Minimal Wear)",
    "src": "https://steamcdn-a.akamaihd.net/apps/730/icons/econ/default_generated/weapon_galilar_hy_forest_winter_light_large.2a0bc5c784fc6782304eb3ef68e4f07c6c92d3bf.png",
    "type": "skin",
    "rarity": 1,
    "price": 948
  },
  "Galil AR | Winter Forest (Field-Tested)": {
    "quality": 3,
    "weight": 0.01,
    "skin": "Winter Forest",
    "weapon": "Galil AR",
    "short": "Galil AR | Winter Forest",
    "name": "Galil AR | Winter Forest (Field-Tested)",
    "src": "https://steamcdn-a.akamaihd.net/apps/730/icons/econ/default_generated/weapon_galilar_hy_forest_winter_light_large.2a0bc5c784fc6782304eb3ef68e4f07c6c92d3bf.png",
    "type": "skin",
    "rarity": 1,
    "price": 240
  },
  "Galil AR | Winter Forest (Well-Worn)": {
    "quality": 2,
    "weight": 0.01,
    "skin": "Winter Forest",
    "weapon": "Galil AR",
    "short": "Galil AR | Winter Forest",
    "name": "Galil AR | Winter Forest (Well-Worn)",
    "src": "https://steamcdn-a.akamaihd.net/apps/730/icons/econ/default_generated/weapon_galilar_hy_forest_winter_light_large.2a0bc5c784fc6782304eb3ef68e4f07c6c92d3bf.png",
    "type": "skin",
    "rarity": 1,
    "price": 361
  },
  "Galil AR | Winter Forest (Battle-Scarred)": {
    "quality": 1,
    "weight": 0.01,
    "skin": "Winter Forest",
    "weapon": "Galil AR",
    "short": "Galil AR | Winter Forest",
    "name": "Galil AR | Winter Forest (Battle-Scarred)",
    "src": "https://steamcdn-a.akamaihd.net/apps/730/icons/econ/default_generated/weapon_galilar_hy_forest_winter_light_large.2a0bc5c784fc6782304eb3ef68e4f07c6c92d3bf.png",
    "type": "skin",
    "rarity": 1,
    "price": 244
  },
  "Galil AR | Winter Forest": {
    "masterItem": true,
    "qualities": [5, 4, 3, 2, 1],
    "skin": "Winter Forest",
    "weapon": "Galil AR",
    "short": "Galil AR | Winter Forest",
    "name": "Galil AR | Winter Forest",
    "src": "https://steamcdn-a.akamaihd.net/apps/730/icons/econ/default_generated/weapon_galilar_hy_forest_winter_light_large.2a0bc5c784fc6782304eb3ef68e4f07c6c92d3bf.png",
    "type": "skin",
    "rarity": 1,
    "price": 8381,
    "minPrice": 240
  },
  "FAMAS | Contrast Spray (Factory New)": {
    "quality": 5,
    "weight": 0.01,
    "skin": "Contrast Spray",
    "weapon": "FAMAS",
    "short": "FAMAS | Contrast Spray",
    "name": "FAMAS | Contrast Spray (Factory New)",
    "src": "https://steamcdn-a.akamaihd.net/apps/730/icons/econ/default_generated/weapon_famas_sp_spray_light_large.fe886d820746c0f4333c0e0ea6d308473e241c4b.png",
    "type": "skin",
    "rarity": 0,
    "price": 2864
  },
  "FAMAS | Contrast Spray (Minimal Wear)": {
    "quality": 4,
    "weight": 0.01,
    "skin": "Contrast Spray",
    "weapon": "FAMAS",
    "short": "FAMAS | Contrast Spray",
    "name": "FAMAS | Contrast Spray (Minimal Wear)",
    "src": "https://steamcdn-a.akamaihd.net/apps/730/icons/econ/default_generated/weapon_famas_sp_spray_light_large.fe886d820746c0f4333c0e0ea6d308473e241c4b.png",
    "type": "skin",
    "rarity": 0,
    "price": 325
  },
  "FAMAS | Contrast Spray (Field-Tested)": {
    "quality": 3,
    "weight": 0.01,
    "skin": "Contrast Spray",
    "weapon": "FAMAS",
    "short": "FAMAS | Contrast Spray",
    "name": "FAMAS | Contrast Spray (Field-Tested)",
    "src": "https://steamcdn-a.akamaihd.net/apps/730/icons/econ/default_generated/weapon_famas_sp_spray_light_large.fe886d820746c0f4333c0e0ea6d308473e241c4b.png",
    "type": "skin",
    "rarity": 0,
    "price": 114
  },
  "FAMAS | Contrast Spray (Well-Worn)": {
    "quality": 2,
    "weight": 0.01,
    "skin": "Contrast Spray",
    "weapon": "FAMAS",
    "short": "FAMAS | Contrast Spray",
    "name": "FAMAS | Contrast Spray (Well-Worn)",
    "src": "https://steamcdn-a.akamaihd.net/apps/730/icons/econ/default_generated/weapon_famas_sp_spray_light_large.fe886d820746c0f4333c0e0ea6d308473e241c4b.png",
    "type": "skin",
    "rarity": 0,
    "price": 114
  },
  "FAMAS | Contrast Spray (Battle-Scarred)": {
    "quality": 1,
    "weight": 0.01,
    "skin": "Contrast Spray",
    "weapon": "FAMAS",
    "short": "FAMAS | Contrast Spray",
    "name": "FAMAS | Contrast Spray (Battle-Scarred)",
    "src": "https://steamcdn-a.akamaihd.net/apps/730/icons/econ/default_generated/weapon_famas_sp_spray_light_large.fe886d820746c0f4333c0e0ea6d308473e241c4b.png",
    "type": "skin",
    "rarity": 0,
    "price": 101
  },
  "FAMAS | Contrast Spray": {
    "masterItem": true,
    "qualities": [5, 4, 3, 2, 1],
    "skin": "Contrast Spray",
    "weapon": "FAMAS",
    "short": "FAMAS | Contrast Spray",
    "name": "FAMAS | Contrast Spray",
    "src": "https://steamcdn-a.akamaihd.net/apps/730/icons/econ/default_generated/weapon_famas_sp_spray_light_large.fe886d820746c0f4333c0e0ea6d308473e241c4b.png",
    "type": "skin",
    "rarity": 0,
    "price": 2864,
    "minPrice": 101
  },
  "G3SG1 | Arctic Camo (Factory New)": {
    "quality": 5,
    "weight": 0.01,
    "skin": "Arctic Camo",
    "weapon": "G3SG1",
    "short": "G3SG1 | Arctic Camo",
    "name": "G3SG1 | Arctic Camo (Factory New)",
    "src": "https://steamcdn-a.akamaihd.net/apps/730/icons/econ/default_generated/weapon_g3sg1_hy_arctic_light_large.0eb54eebce1517513ecdb3788459c09358971f77.png",
    "type": "skin",
    "rarity": 1,
    "price": 6666
  },
  "G3SG1 | Arctic Camo (Minimal Wear)": {
    "quality": 4,
    "weight": 0.01,
    "skin": "Arctic Camo",
    "weapon": "G3SG1",
    "short": "G3SG1 | Arctic Camo",
    "name": "G3SG1 | Arctic Camo (Minimal Wear)",
    "src": "https://steamcdn-a.akamaihd.net/apps/730/icons/econ/default_generated/weapon_g3sg1_hy_arctic_light_large.0eb54eebce1517513ecdb3788459c09358971f77.png",
    "type": "skin",
    "rarity": 1,
    "price": 918
  },
  "G3SG1 | Arctic Camo (Field-Tested)": {
    "quality": 3,
    "weight": 0.01,
    "skin": "Arctic Camo",
    "weapon": "G3SG1",
    "short": "G3SG1 | Arctic Camo",
    "name": "G3SG1 | Arctic Camo (Field-Tested)",
    "src": "https://steamcdn-a.akamaihd.net/apps/730/icons/econ/default_generated/weapon_g3sg1_hy_arctic_light_large.0eb54eebce1517513ecdb3788459c09358971f77.png",
    "type": "skin",
    "rarity": 1,
    "price": 211
  },
  "G3SG1 | Arctic Camo (Well-Worn)": {
    "quality": 2,
    "weight": 0.01,
    "skin": "Arctic Camo",
    "weapon": "G3SG1",
    "short": "G3SG1 | Arctic Camo",
    "name": "G3SG1 | Arctic Camo (Well-Worn)",
    "src": "https://steamcdn-a.akamaihd.net/apps/730/icons/econ/default_generated/weapon_g3sg1_hy_arctic_light_large.0eb54eebce1517513ecdb3788459c09358971f77.png",
    "type": "skin",
    "rarity": 1,
    "price": 253
  },
  "G3SG1 | Arctic Camo (Battle-Scarred)": {
    "quality": 1,
    "weight": 0.01,
    "skin": "Arctic Camo",
    "weapon": "G3SG1",
    "short": "G3SG1 | Arctic Camo",
    "name": "G3SG1 | Arctic Camo (Battle-Scarred)",
    "src": "https://steamcdn-a.akamaihd.net/apps/730/icons/econ/default_generated/weapon_g3sg1_hy_arctic_light_large.0eb54eebce1517513ecdb3788459c09358971f77.png",
    "type": "skin",
    "rarity": 1,
    "price": 207
  },
  "G3SG1 | Arctic Camo": {
    "masterItem": true,
    "qualities": [5, 4, 3, 2, 1],
    "skin": "Arctic Camo",
    "weapon": "G3SG1",
    "short": "G3SG1 | Arctic Camo",
    "name": "G3SG1 | Arctic Camo",
    "src": "https://steamcdn-a.akamaihd.net/apps/730/icons/econ/default_generated/weapon_g3sg1_hy_arctic_light_large.0eb54eebce1517513ecdb3788459c09358971f77.png",
    "type": "skin",
    "rarity": 1,
    "price": 6666,
    "minPrice": 207
  },
  "M249 | Blizzard Marbleized (Factory New)": {
    "quality": 5,
    "weight": 0.01,
    "skin": "Blizzard Marbleized",
    "weapon": "M249",
    "short": "M249 | Blizzard Marbleized",
    "name": "M249 | Blizzard Marbleized (Factory New)",
    "src": "https://steamcdn-a.akamaihd.net/apps/730/icons/econ/default_generated/weapon_m249_hy_blizzard_light_large.d247530ad94ee2a0c164116b89fd3f38a43dbf30.png",
    "type": "skin",
    "rarity": 1,
    "price": 10006
  },
  "M249 | Blizzard Marbleized (Minimal Wear)": {
    "quality": 4,
    "weight": 0.01,
    "skin": "Blizzard Marbleized",
    "weapon": "M249",
    "short": "M249 | Blizzard Marbleized",
    "name": "M249 | Blizzard Marbleized (Minimal Wear)",
    "src": "https://steamcdn-a.akamaihd.net/apps/730/icons/econ/default_generated/weapon_m249_hy_blizzard_light_large.d247530ad94ee2a0c164116b89fd3f38a43dbf30.png",
    "type": "skin",
    "rarity": 1,
    "price": 925
  },
  "M249 | Blizzard Marbleized (Field-Tested)": {
    "quality": 3,
    "weight": 0.01,
    "skin": "Blizzard Marbleized",
    "weapon": "M249",
    "short": "M249 | Blizzard Marbleized",
    "name": "M249 | Blizzard Marbleized (Field-Tested)",
    "src": "https://steamcdn-a.akamaihd.net/apps/730/icons/econ/default_generated/weapon_m249_hy_blizzard_light_large.d247530ad94ee2a0c164116b89fd3f38a43dbf30.png",
    "type": "skin",
    "rarity": 1,
    "price": 253
  },
  "M249 | Blizzard Marbleized (Well-Worn)": {
    "quality": 2,
    "weight": 0.01,
    "skin": "Blizzard Marbleized",
    "weapon": "M249",
    "short": "M249 | Blizzard Marbleized",
    "name": "M249 | Blizzard Marbleized (Well-Worn)",
    "src": "https://steamcdn-a.akamaihd.net/apps/730/icons/econ/default_generated/weapon_m249_hy_blizzard_light_large.d247530ad94ee2a0c164116b89fd3f38a43dbf30.png",
    "type": "skin",
    "rarity": 1,
    "price": 311
  },
  "M249 | Blizzard Marbleized (Battle-Scarred)": {
    "quality": 1,
    "weight": 0.01,
    "skin": "Blizzard Marbleized",
    "weapon": "M249",
    "short": "M249 | Blizzard Marbleized",
    "name": "M249 | Blizzard Marbleized (Battle-Scarred)",
    "src": "https://steamcdn-a.akamaihd.net/apps/730/icons/econ/default_generated/weapon_m249_hy_blizzard_light_large.d247530ad94ee2a0c164116b89fd3f38a43dbf30.png",
    "type": "skin",
    "rarity": 1,
    "price": 191
  },
  "M249 | Blizzard Marbleized": {
    "masterItem": true,
    "qualities": [5, 4, 3, 2, 1],
    "skin": "Blizzard Marbleized",
    "weapon": "M249",
    "short": "M249 | Blizzard Marbleized",
    "name": "M249 | Blizzard Marbleized",
    "src": "https://steamcdn-a.akamaihd.net/apps/730/icons/econ/default_generated/weapon_m249_hy_blizzard_light_large.d247530ad94ee2a0c164116b89fd3f38a43dbf30.png",
    "type": "skin",
    "rarity": 1,
    "price": 10006,
    "minPrice": 191
  }
}