{
  "The Overpass Collection": {
    "name": "The Overpass Collection",
    "src": "images/items/collections/overpass.webp",
    "price": 4138,
    "type": "case",
    "rarity": 0,
    "content": {
      "items": [
        "M4A1-S | Master Piece (Factory New)", "M4A1-S | Master Piece (Minimal Wear)",
        "M4A1-S | Master Piece (Field-Tested)", "M4A1-S | Master Piece (Well-Worn)",
        "M4A1-S | Master Piece (Battle-Scarred)", "Souvenir M4A1-S | Master Piece (Factory New)",
        "Souvenir M4A1-S | Master Piece (Minimal Wear)", "Souvenir M4A1-S | Master Piece (Field-Tested)",
        "Souvenir M4A1-S | Master Piece (Well-Worn)", "Souvenir M4A1-S | Master Piece (Battle-Scarred)",
        "USP-S | Road Rash (Factory New)", "USP-S | Road Rash (Minimal Wear)", "USP-S | Road Rash (Field-Tested)",
        "USP-S | Road Rash (Well-Worn)", "USP-S | Road Rash (Battle-Scarred)",
        "Souvenir USP-S | Road Rash (Factory New)", "Souvenir USP-S | Road Rash (Minimal Wear)",
        "Souvenir USP-S | Road Rash (Field-Tested)", "Souvenir USP-S | Road Rash (Well-Worn)",
        "Souvenir USP-S | Road Rash (Battle-Scarred)", "CZ75-Auto | Nitro (Factory New)",
        "CZ75-Auto | Nitro (Minimal Wear)", "CZ75-Auto | Nitro (Field-Tested)", "CZ75-Auto | Nitro (Well-Worn)",
        "CZ75-Auto | Nitro (Battle-Scarred)", "Souvenir CZ75-Auto | Nitro (Factory New)",
        "Souvenir CZ75-Auto | Nitro (Minimal Wear)", "Souvenir CZ75-Auto | Nitro (Field-Tested)",
        "Souvenir CZ75-Auto | Nitro (Well-Worn)", "Souvenir CZ75-Auto | Nitro (Battle-Scarred)",
        "XM1014 | VariCamo Blue (Factory New)", "XM1014 | VariCamo Blue (Minimal Wear)",
        "XM1014 | VariCamo Blue (Field-Tested)", "XM1014 | VariCamo Blue (Well-Worn)",
        "XM1014 | VariCamo Blue (Battle-Scarred)", "Souvenir XM1014 | VariCamo Blue (Factory New)",
        "Souvenir XM1014 | VariCamo Blue (Minimal Wear)", "Souvenir XM1014 | VariCamo Blue (Field-Tested)",
        "Souvenir XM1014 | VariCamo Blue (Well-Worn)", "Souvenir XM1014 | VariCamo Blue (Battle-Scarred)",
        "Sawed-Off | Sage Spray (Factory New)", "Sawed-Off | Sage Spray (Minimal Wear)",
        "Sawed-Off | Sage Spray (Field-Tested)", "Sawed-Off | Sage Spray (Well-Worn)",
        "Sawed-Off | Sage Spray (Battle-Scarred)", "Souvenir Sawed-Off | Sage Spray (Factory New)",
        "Souvenir Sawed-Off | Sage Spray (Minimal Wear)", "Souvenir Sawed-Off | Sage Spray (Field-Tested)",
        "Souvenir Sawed-Off | Sage Spray (Well-Worn)", "Souvenir Sawed-Off | Sage Spray (Battle-Scarred)",
        "SSG 08 | Detour (Factory New)", "SSG 08 | Detour (Minimal Wear)", "SSG 08 | Detour (Field-Tested)",
        "SSG 08 | Detour (Well-Worn)", "Souvenir SSG 08 | Detour (Factory New)",
        "Souvenir SSG 08 | Detour (Minimal Wear)", "Souvenir SSG 08 | Detour (Field-Tested)",
        "Souvenir SSG 08 | Detour (Well-Worn)", "AWP | Pink DDPAT (Factory New)", "AWP | Pink DDPAT (Minimal Wear)",
        "AWP | Pink DDPAT (Field-Tested)", "AWP | Pink DDPAT (Well-Worn)", "AWP | Pink DDPAT (Battle-Scarred)",
        "Souvenir AWP | Pink DDPAT (Factory New)", "Souvenir AWP | Pink DDPAT (Minimal Wear)",
        "Souvenir AWP | Pink DDPAT (Field-Tested)", "Souvenir AWP | Pink DDPAT (Well-Worn)",
        "Souvenir AWP | Pink DDPAT (Battle-Scarred)", "Glock-18 | Night (Factory New)",
        "Glock-18 | Night (Minimal Wear)", "Glock-18 | Night (Field-Tested)", "Glock-18 | Night (Well-Worn)",
        "Glock-18 | Night (Battle-Scarred)", "Souvenir Glock-18 | Night (Factory New)",
        "Souvenir Glock-18 | Night (Minimal Wear)", "Souvenir Glock-18 | Night (Field-Tested)",
        "Souvenir Glock-18 | Night (Well-Worn)", "Souvenir Glock-18 | Night (Battle-Scarred)",
        "MAG-7 | Storm (Factory New)", "MAG-7 | Storm (Minimal Wear)", "MAG-7 | Storm (Field-Tested)",
        "MAG-7 | Storm (Well-Worn)", "MAG-7 | Storm (Battle-Scarred)", "Souvenir MAG-7 | Storm (Factory New)",
        "Souvenir MAG-7 | Storm (Minimal Wear)", "Souvenir MAG-7 | Storm (Field-Tested)",
        "Souvenir MAG-7 | Storm (Well-Worn)", "Souvenir MAG-7 | Storm (Battle-Scarred)",
        "UMP-45 | Scorched (Factory New)", "UMP-45 | Scorched (Minimal Wear)", "UMP-45 | Scorched (Field-Tested)",
        "UMP-45 | Scorched (Well-Worn)", "UMP-45 | Scorched (Battle-Scarred)",
        "Souvenir UMP-45 | Scorched (Factory New)", "Souvenir UMP-45 | Scorched (Minimal Wear)",
        "Souvenir UMP-45 | Scorched (Field-Tested)", "Souvenir UMP-45 | Scorched (Well-Worn)",
        "Souvenir UMP-45 | Scorched (Battle-Scarred)", "MP9 | Storm (Factory New)", "MP9 | Storm (Minimal Wear)",
        "MP9 | Storm (Field-Tested)", "MP9 | Storm (Well-Worn)", "MP9 | Storm (Battle-Scarred)",
        "Souvenir MP9 | Storm (Factory New)", "Souvenir MP9 | Storm (Minimal Wear)",
        "Souvenir MP9 | Storm (Field-Tested)", "Souvenir MP9 | Storm (Well-Worn)",
        "Souvenir MP9 | Storm (Battle-Scarred)", "P2000 | Grassland (Factory New)", "P2000 | Grassland (Minimal Wear)",
        "P2000 | Grassland (Field-Tested)", "P2000 | Grassland (Well-Worn)", "P2000 | Grassland (Battle-Scarred)",
        "Souvenir P2000 | Grassland (Factory New)", "Souvenir P2000 | Grassland (Minimal Wear)",
        "Souvenir P2000 | Grassland (Field-Tested)", "Souvenir P2000 | Grassland (Well-Worn)",
        "Souvenir P2000 | Grassland (Battle-Scarred)", "MP7 | Gunsmoke (Factory New)", "MP7 | Gunsmoke (Minimal Wear)",
        "MP7 | Gunsmoke (Field-Tested)", "MP7 | Gunsmoke (Well-Worn)", "MP7 | Gunsmoke (Battle-Scarred)",
        "Souvenir MP7 | Gunsmoke (Factory New)", "Souvenir MP7 | Gunsmoke (Minimal Wear)",
        "Souvenir MP7 | Gunsmoke (Field-Tested)", "Souvenir MP7 | Gunsmoke (Well-Worn)",
        "Souvenir MP7 | Gunsmoke (Battle-Scarred)", "M249 | Contrast Spray (Factory New)",
        "M249 | Contrast Spray (Minimal Wear)", "M249 | Contrast Spray (Field-Tested)",
        "M249 | Contrast Spray (Well-Worn)", "M249 | Contrast Spray (Battle-Scarred)",
        "Souvenir M249 | Contrast Spray (Factory New)", "Souvenir M249 | Contrast Spray (Minimal Wear)",
        "Souvenir M249 | Contrast Spray (Field-Tested)", "Souvenir M249 | Contrast Spray (Well-Worn)",
        "Souvenir M249 | Contrast Spray (Battle-Scarred)", "Desert Eagle | Urban DDPAT (Factory New)",
        "Desert Eagle | Urban DDPAT (Minimal Wear)", "Desert Eagle | Urban DDPAT (Field-Tested)",
        "Desert Eagle | Urban DDPAT (Well-Worn)", "Desert Eagle | Urban DDPAT (Battle-Scarred)",
        "Souvenir Desert Eagle | Urban DDPAT (Factory New)", "Souvenir Desert Eagle | Urban DDPAT (Minimal Wear)",
        "Souvenir Desert Eagle | Urban DDPAT (Field-Tested)", "Souvenir Desert Eagle | Urban DDPAT (Well-Worn)",
        "Souvenir Desert Eagle | Urban DDPAT (Battle-Scarred)"
      ]
    }
  },
  "M4A1-S | Master Piece (Factory New)": {
    "quality": 5,
    "weight": 0.05,
    "skin": "Master Piece",
    "weapon": "M4A1-S",
    "short": "M4A1-S | Master Piece",
    "name": "M4A1-S | Master Piece (Factory New)",
    "src": "https://steamcdn-a.akamaihd.net/apps/730/icons/econ/default_generated/weapon_m4a1_silencer_cu_m4a1-s_silence_light_large.e48d06783e5c6c99b2f65d6c82891ce9739f0181.png",
    "type": "skin",
    "rarity": 4,
    "price": 13481
  },
  "M4A1-S | Master Piece (Minimal Wear)": {
    "quality": 4,
    "weight": 0.05,
    "skin": "Master Piece",
    "weapon": "M4A1-S",
    "short": "M4A1-S | Master Piece",
    "name": "M4A1-S | Master Piece (Minimal Wear)",
    "src": "https://steamcdn-a.akamaihd.net/apps/730/icons/econ/default_generated/weapon_m4a1_silencer_cu_m4a1-s_silence_light_large.e48d06783e5c6c99b2f65d6c82891ce9739f0181.png",
    "type": "skin",
    "rarity": 4,
    "price": 4410
  },
  "M4A1-S | Master Piece (Field-Tested)": {
    "quality": 3,
    "weight": 0.05,
    "skin": "Master Piece",
    "weapon": "M4A1-S",
    "short": "M4A1-S | Master Piece",
    "name": "M4A1-S | Master Piece (Field-Tested)",
    "src": "https://steamcdn-a.akamaihd.net/apps/730/icons/econ/default_generated/weapon_m4a1_silencer_cu_m4a1-s_silence_light_large.e48d06783e5c6c99b2f65d6c82891ce9739f0181.png",
    "type": "skin",
    "rarity": 4,
    "price": 2430
  },
  "M4A1-S | Master Piece (Well-Worn)": {
    "quality": 2,
    "weight": 0.05,
    "skin": "Master Piece",
    "weapon": "M4A1-S",
    "short": "M4A1-S | Master Piece",
    "name": "M4A1-S | Master Piece (Well-Worn)",
    "src": "https://steamcdn-a.akamaihd.net/apps/730/icons/econ/default_generated/weapon_m4a1_silencer_cu_m4a1-s_silence_light_large.e48d06783e5c6c99b2f65d6c82891ce9739f0181.png",
    "type": "skin",
    "rarity": 4,
    "price": 1898
  },
  "M4A1-S | Master Piece (Battle-Scarred)": {
    "quality": 1,
    "weight": 0.05,
    "skin": "Master Piece",
    "weapon": "M4A1-S",
    "short": "M4A1-S | Master Piece",
    "name": "M4A1-S | Master Piece (Battle-Scarred)",
    "src": "https://steamcdn-a.akamaihd.net/apps/730/icons/econ/default_generated/weapon_m4a1_silencer_cu_m4a1-s_silence_light_large.e48d06783e5c6c99b2f65d6c82891ce9739f0181.png",
    "type": "skin",
    "rarity": 4,
    "price": 1497
  },
  "Souvenir M4A1-S | Master Piece (Factory New)": {
    "souvenir": true,
    "quality": 5,
    "weight": 0.05,
    "skin": "Master Piece",
    "weapon": "M4A1-S",
    "short": "M4A1-S | Master Piece",
    "name": "Souvenir M4A1-S | Master Piece (Factory New)",
    "src": "https://steamcdn-a.akamaihd.net/apps/730/icons/econ/default_generated/weapon_m4a1_silencer_cu_m4a1-s_silence_light_large.e48d06783e5c6c99b2f65d6c82891ce9739f0181.png",
    "type": "skin",
    "rarity": 4,
    "price": 152790
  },
  "Souvenir M4A1-S | Master Piece (Minimal Wear)": {
    "souvenir": true,
    "quality": 4,
    "weight": 0.05,
    "skin": "Master Piece",
    "weapon": "M4A1-S",
    "short": "M4A1-S | Master Piece",
    "name": "Souvenir M4A1-S | Master Piece (Minimal Wear)",
    "src": "https://steamcdn-a.akamaihd.net/apps/730/icons/econ/default_generated/weapon_m4a1_silencer_cu_m4a1-s_silence_light_large.e48d06783e5c6c99b2f65d6c82891ce9739f0181.png",
    "type": "skin",
    "rarity": 4,
    "price": 15180
  },
  "Souvenir M4A1-S | Master Piece (Field-Tested)": {
    "souvenir": true,
    "quality": 3,
    "weight": 0.05,
    "skin": "Master Piece",
    "weapon": "M4A1-S",
    "short": "M4A1-S | Master Piece",
    "name": "Souvenir M4A1-S | Master Piece (Field-Tested)",
    "src": "https://steamcdn-a.akamaihd.net/apps/730/icons/econ/default_generated/weapon_m4a1_silencer_cu_m4a1-s_silence_light_large.e48d06783e5c6c99b2f65d6c82891ce9739f0181.png",
    "type": "skin",
    "rarity": 4,
    "price": 13981
  },
  "Souvenir M4A1-S | Master Piece (Well-Worn)": {
    "souvenir": true,
    "quality": 2,
    "weight": 0.05,
    "skin": "Master Piece",
    "weapon": "M4A1-S",
    "short": "M4A1-S | Master Piece",
    "name": "Souvenir M4A1-S | Master Piece (Well-Worn)",
    "src": "https://steamcdn-a.akamaihd.net/apps/730/icons/econ/default_generated/weapon_m4a1_silencer_cu_m4a1-s_silence_light_large.e48d06783e5c6c99b2f65d6c82891ce9739f0181.png",
    "type": "skin",
    "rarity": 4,
    "price": 5803
  },
  "Souvenir M4A1-S | Master Piece (Battle-Scarred)": {
    "souvenir": true,
    "quality": 1,
    "weight": 0.05,
    "skin": "Master Piece",
    "weapon": "M4A1-S",
    "short": "M4A1-S | Master Piece",
    "name": "Souvenir M4A1-S | Master Piece (Battle-Scarred)",
    "src": "https://steamcdn-a.akamaihd.net/apps/730/icons/econ/default_generated/weapon_m4a1_silencer_cu_m4a1-s_silence_light_large.e48d06783e5c6c99b2f65d6c82891ce9739f0181.png",
    "type": "skin",
    "rarity": 4,
    "price": 4327
  },
  "M4A1-S | Master Piece": {
    "souvenirAvailable": true,
    "masterItem": true,
    "qualities": [5, 4, 3, 2, 1],
    "skin": "Master Piece",
    "weapon": "M4A1-S",
    "short": "M4A1-S | Master Piece",
    "name": "M4A1-S | Master Piece",
    "src": "https://steamcdn-a.akamaihd.net/apps/730/icons/econ/default_generated/weapon_m4a1_silencer_cu_m4a1-s_silence_light_large.e48d06783e5c6c99b2f65d6c82891ce9739f0181.png",
    "type": "skin",
    "rarity": 4,
    "price": 152790,
    "minPrice": 1497
  },
  "USP-S | Road Rash (Factory New)": {
    "quality": 5,
    "weight": 0.05,
    "skin": "Road Rash",
    "weapon": "USP-S",
    "short": "USP-S | Road Rash",
    "name": "USP-S | Road Rash (Factory New)",
    "src": "https://steamcdn-a.akamaihd.net/apps/730/icons/econ/default_generated/weapon_usp_silencer_cu_usp_sandpapered_light_large.8de907fed2d0036e0c6c1f326c20915e846227a7.png",
    "type": "skin",
    "rarity": 3,
    "price": 3492
  },
  "USP-S | Road Rash (Minimal Wear)": {
    "quality": 4,
    "weight": 0.05,
    "skin": "Road Rash",
    "weapon": "USP-S",
    "short": "USP-S | Road Rash",
    "name": "USP-S | Road Rash (Minimal Wear)",
    "src": "https://steamcdn-a.akamaihd.net/apps/730/icons/econ/default_generated/weapon_usp_silencer_cu_usp_sandpapered_light_large.8de907fed2d0036e0c6c1f326c20915e846227a7.png",
    "type": "skin",
    "rarity": 3,
    "price": 2089
  },
  "USP-S | Road Rash (Field-Tested)": {
    "quality": 3,
    "weight": 0.05,
    "skin": "Road Rash",
    "weapon": "USP-S",
    "short": "USP-S | Road Rash",
    "name": "USP-S | Road Rash (Field-Tested)",
    "src": "https://steamcdn-a.akamaihd.net/apps/730/icons/econ/default_generated/weapon_usp_silencer_cu_usp_sandpapered_light_large.8de907fed2d0036e0c6c1f326c20915e846227a7.png",
    "type": "skin",
    "rarity": 3,
    "price": 1844
  },
  "USP-S | Road Rash (Well-Worn)": {
    "quality": 2,
    "weight": 0.05,
    "skin": "Road Rash",
    "weapon": "USP-S",
    "short": "USP-S | Road Rash",
    "name": "USP-S | Road Rash (Well-Worn)",
    "src": "https://steamcdn-a.akamaihd.net/apps/730/icons/econ/default_generated/weapon_usp_silencer_cu_usp_sandpapered_light_large.8de907fed2d0036e0c6c1f326c20915e846227a7.png",
    "type": "skin",
    "rarity": 3,
    "price": 1335
  },
  "USP-S | Road Rash (Battle-Scarred)": {
    "quality": 1,
    "weight": 0.05,
    "skin": "Road Rash",
    "weapon": "USP-S",
    "short": "USP-S | Road Rash",
    "name": "USP-S | Road Rash (Battle-Scarred)",
    "src": "https://steamcdn-a.akamaihd.net/apps/730/icons/econ/default_generated/weapon_usp_silencer_cu_usp_sandpapered_light_large.8de907fed2d0036e0c6c1f326c20915e846227a7.png",
    "type": "skin",
    "rarity": 3,
    "price": 1471
  },
  "Souvenir USP-S | Road Rash (Factory New)": {
    "souvenir": true,
    "quality": 5,
    "weight": 0.05,
    "skin": "Road Rash",
    "weapon": "USP-S",
    "short": "USP-S | Road Rash",
    "name": "Souvenir USP-S | Road Rash (Factory New)",
    "src": "https://steamcdn-a.akamaihd.net/apps/730/icons/econ/default_generated/weapon_usp_silencer_cu_usp_sandpapered_light_large.8de907fed2d0036e0c6c1f326c20915e846227a7.png",
    "type": "skin",
    "rarity": 3,
    "price": 67962
  },
  "Souvenir USP-S | Road Rash (Minimal Wear)": {
    "souvenir": true,
    "quality": 4,
    "weight": 0.05,
    "skin": "Road Rash",
    "weapon": "USP-S",
    "short": "USP-S | Road Rash",
    "name": "Souvenir USP-S | Road Rash (Minimal Wear)",
    "src": "https://steamcdn-a.akamaihd.net/apps/730/icons/econ/default_generated/weapon_usp_silencer_cu_usp_sandpapered_light_large.8de907fed2d0036e0c6c1f326c20915e846227a7.png",
    "type": "skin",
    "rarity": 3,
    "price": 5221
  },
  "Souvenir USP-S | Road Rash (Field-Tested)": {
    "souvenir": true,
    "quality": 3,
    "weight": 0.05,
    "skin": "Road Rash",
    "weapon": "USP-S",
    "short": "USP-S | Road Rash",
    "name": "Souvenir USP-S | Road Rash (Field-Tested)",
    "src": "https://steamcdn-a.akamaihd.net/apps/730/icons/econ/default_generated/weapon_usp_silencer_cu_usp_sandpapered_light_large.8de907fed2d0036e0c6c1f326c20915e846227a7.png",
    "type": "skin",
    "rarity": 3,
    "price": 2901
  },
  "Souvenir USP-S | Road Rash (Well-Worn)": {
    "souvenir": true,
    "quality": 2,
    "weight": 0.05,
    "skin": "Road Rash",
    "weapon": "USP-S",
    "short": "USP-S | Road Rash",
    "name": "Souvenir USP-S | Road Rash (Well-Worn)",
    "src": "https://steamcdn-a.akamaihd.net/apps/730/icons/econ/default_generated/weapon_usp_silencer_cu_usp_sandpapered_light_large.8de907fed2d0036e0c6c1f326c20915e846227a7.png",
    "type": "skin",
    "rarity": 3,
    "price": 2536
  },
  "Souvenir USP-S | Road Rash (Battle-Scarred)": {
    "souvenir": true,
    "quality": 1,
    "weight": 0.05,
    "skin": "Road Rash",
    "weapon": "USP-S",
    "short": "USP-S | Road Rash",
    "name": "Souvenir USP-S | Road Rash (Battle-Scarred)",
    "src": "https://steamcdn-a.akamaihd.net/apps/730/icons/econ/default_generated/weapon_usp_silencer_cu_usp_sandpapered_light_large.8de907fed2d0036e0c6c1f326c20915e846227a7.png",
    "type": "skin",
    "rarity": 3,
    "price": 2319
  },
  "USP-S | Road Rash": {
    "souvenirAvailable": true,
    "masterItem": true,
    "qualities": [5, 4, 3, 2, 1],
    "skin": "Road Rash",
    "weapon": "USP-S",
    "short": "USP-S | Road Rash",
    "name": "USP-S | Road Rash",
    "src": "https://steamcdn-a.akamaihd.net/apps/730/icons/econ/default_generated/weapon_usp_silencer_cu_usp_sandpapered_light_large.8de907fed2d0036e0c6c1f326c20915e846227a7.png",
    "type": "skin",
    "rarity": 3,
    "price": 67962,
    "minPrice": 1335
  },
  "CZ75-Auto | Nitro (Factory New)": {
    "quality": 5,
    "weight": 0.05,
    "skin": "Nitro",
    "weapon": "CZ75-Auto",
    "short": "CZ75-Auto | Nitro",
    "name": "CZ75-Auto | Nitro (Factory New)",
    "src": "https://steamcdn-a.akamaihd.net/apps/730/icons/econ/default_generated/weapon_cz75a_so_orange_accents2_light_large.844bd6d01ce7c69486327ceb44b65b8c7cc49f2d.png",
    "type": "skin",
    "rarity": 2,
    "price": 2242
  },
  "CZ75-Auto | Nitro (Minimal Wear)": {
    "quality": 4,
    "weight": 0.05,
    "skin": "Nitro",
    "weapon": "CZ75-Auto",
    "short": "CZ75-Auto | Nitro",
    "name": "CZ75-Auto | Nitro (Minimal Wear)",
    "src": "https://steamcdn-a.akamaihd.net/apps/730/icons/econ/default_generated/weapon_cz75a_so_orange_accents2_light_large.844bd6d01ce7c69486327ceb44b65b8c7cc49f2d.png",
    "type": "skin",
    "rarity": 2,
    "price": 456
  },
  "CZ75-Auto | Nitro (Field-Tested)": {
    "quality": 3,
    "weight": 0.05,
    "skin": "Nitro",
    "weapon": "CZ75-Auto",
    "short": "CZ75-Auto | Nitro",
    "name": "CZ75-Auto | Nitro (Field-Tested)",
    "src": "https://steamcdn-a.akamaihd.net/apps/730/icons/econ/default_generated/weapon_cz75a_so_orange_accents2_light_large.844bd6d01ce7c69486327ceb44b65b8c7cc49f2d.png",
    "type": "skin",
    "rarity": 2,
    "price": 387
  },
  "CZ75-Auto | Nitro (Well-Worn)": {
    "quality": 2,
    "weight": 0.05,
    "skin": "Nitro",
    "weapon": "CZ75-Auto",
    "short": "CZ75-Auto | Nitro",
    "name": "CZ75-Auto | Nitro (Well-Worn)",
    "src": "https://steamcdn-a.akamaihd.net/apps/730/icons/econ/default_generated/weapon_cz75a_so_orange_accents2_light_large.844bd6d01ce7c69486327ceb44b65b8c7cc49f2d.png",
    "type": "skin",
    "rarity": 2,
    "price": 442
  },
  "CZ75-Auto | Nitro (Battle-Scarred)": {
    "quality": 1,
    "weight": 0.05,
    "skin": "Nitro",
    "weapon": "CZ75-Auto",
    "short": "CZ75-Auto | Nitro",
    "name": "CZ75-Auto | Nitro (Battle-Scarred)",
    "src": "https://steamcdn-a.akamaihd.net/apps/730/icons/econ/default_generated/weapon_cz75a_so_orange_accents2_light_large.844bd6d01ce7c69486327ceb44b65b8c7cc49f2d.png",
    "type": "skin",
    "rarity": 2,
    "price": 401
  },
  "Souvenir CZ75-Auto | Nitro (Factory New)": {
    "souvenir": true,
    "quality": 5,
    "weight": 0.05,
    "skin": "Nitro",
    "weapon": "CZ75-Auto",
    "short": "CZ75-Auto | Nitro",
    "name": "Souvenir CZ75-Auto | Nitro (Factory New)",
    "src": "https://steamcdn-a.akamaihd.net/apps/730/icons/econ/default_generated/weapon_cz75a_so_orange_accents2_light_large.844bd6d01ce7c69486327ceb44b65b8c7cc49f2d.png",
    "type": "skin",
    "rarity": 2,
    "price": 6324
  },
  "Souvenir CZ75-Auto | Nitro (Minimal Wear)": {
    "souvenir": true,
    "quality": 4,
    "weight": 0.05,
    "skin": "Nitro",
    "weapon": "CZ75-Auto",
    "short": "CZ75-Auto | Nitro",
    "name": "Souvenir CZ75-Auto | Nitro (Minimal Wear)",
    "src": "https://steamcdn-a.akamaihd.net/apps/730/icons/econ/default_generated/weapon_cz75a_so_orange_accents2_light_large.844bd6d01ce7c69486327ceb44b65b8c7cc49f2d.png",
    "type": "skin",
    "rarity": 2,
    "price": 406
  },
  "Souvenir CZ75-Auto | Nitro (Field-Tested)": {
    "souvenir": true,
    "quality": 3,
    "weight": 0.05,
    "skin": "Nitro",
    "weapon": "CZ75-Auto",
    "short": "CZ75-Auto | Nitro",
    "name": "Souvenir CZ75-Auto | Nitro (Field-Tested)",
    "src": "https://steamcdn-a.akamaihd.net/apps/730/icons/econ/default_generated/weapon_cz75a_so_orange_accents2_light_large.844bd6d01ce7c69486327ceb44b65b8c7cc49f2d.png",
    "type": "skin",
    "rarity": 2,
    "price": 115
  },
  "Souvenir CZ75-Auto | Nitro (Well-Worn)": {
    "souvenir": true,
    "quality": 2,
    "weight": 0.05,
    "skin": "Nitro",
    "weapon": "CZ75-Auto",
    "short": "CZ75-Auto | Nitro",
    "name": "Souvenir CZ75-Auto | Nitro (Well-Worn)",
    "src": "https://steamcdn-a.akamaihd.net/apps/730/icons/econ/default_generated/weapon_cz75a_so_orange_accents2_light_large.844bd6d01ce7c69486327ceb44b65b8c7cc49f2d.png",
    "type": "skin",
    "rarity": 2,
    "price": 153
  },
  "Souvenir CZ75-Auto | Nitro (Battle-Scarred)": {
    "souvenir": true,
    "quality": 1,
    "weight": 0.05,
    "skin": "Nitro",
    "weapon": "CZ75-Auto",
    "short": "CZ75-Auto | Nitro",
    "name": "Souvenir CZ75-Auto | Nitro (Battle-Scarred)",
    "src": "https://steamcdn-a.akamaihd.net/apps/730/icons/econ/default_generated/weapon_cz75a_so_orange_accents2_light_large.844bd6d01ce7c69486327ceb44b65b8c7cc49f2d.png",
    "type": "skin",
    "rarity": 2,
    "price": 139
  },
  "CZ75-Auto | Nitro": {
    "souvenirAvailable": true,
    "masterItem": true,
    "qualities": [5, 4, 3, 2, 1],
    "skin": "Nitro",
    "weapon": "CZ75-Auto",
    "short": "CZ75-Auto | Nitro",
    "name": "CZ75-Auto | Nitro",
    "src": "https://steamcdn-a.akamaihd.net/apps/730/icons/econ/default_generated/weapon_cz75a_so_orange_accents2_light_large.844bd6d01ce7c69486327ceb44b65b8c7cc49f2d.png",
    "type": "skin",
    "rarity": 2,
    "price": 6324,
    "minPrice": 115
  },
  "XM1014 | VariCamo Blue (Factory New)": {
    "quality": 5,
    "weight": 0.05,
    "skin": "VariCamo Blue",
    "weapon": "XM1014",
    "short": "XM1014 | VariCamo Blue",
    "name": "XM1014 | VariCamo Blue (Factory New)",
    "src": "https://steamcdn-a.akamaihd.net/apps/730/icons/econ/default_generated/weapon_xm1014_hy_varicamo_blue_light_large.6b99e2f4d5092295c86b872e2a08d7ea698fe5b6.png",
    "type": "skin",
    "rarity": 2,
    "price": 694
  },
  "XM1014 | VariCamo Blue (Minimal Wear)": {
    "quality": 4,
    "weight": 0.05,
    "skin": "VariCamo Blue",
    "weapon": "XM1014",
    "short": "XM1014 | VariCamo Blue",
    "name": "XM1014 | VariCamo Blue (Minimal Wear)",
    "src": "https://steamcdn-a.akamaihd.net/apps/730/icons/econ/default_generated/weapon_xm1014_hy_varicamo_blue_light_large.6b99e2f4d5092295c86b872e2a08d7ea698fe5b6.png",
    "type": "skin",
    "rarity": 2,
    "price": 457
  },
  "XM1014 | VariCamo Blue (Field-Tested)": {
    "quality": 3,
    "weight": 0.05,
    "skin": "VariCamo Blue",
    "weapon": "XM1014",
    "short": "XM1014 | VariCamo Blue",
    "name": "XM1014 | VariCamo Blue (Field-Tested)",
    "src": "https://steamcdn-a.akamaihd.net/apps/730/icons/econ/default_generated/weapon_xm1014_hy_varicamo_blue_light_large.6b99e2f4d5092295c86b872e2a08d7ea698fe5b6.png",
    "type": "skin",
    "rarity": 2,
    "price": 267
  },
  "XM1014 | VariCamo Blue (Well-Worn)": {
    "quality": 2,
    "weight": 0.05,
    "skin": "VariCamo Blue",
    "weapon": "XM1014",
    "short": "XM1014 | VariCamo Blue",
    "name": "XM1014 | VariCamo Blue (Well-Worn)",
    "src": "https://steamcdn-a.akamaihd.net/apps/730/icons/econ/default_generated/weapon_xm1014_hy_varicamo_blue_light_large.6b99e2f4d5092295c86b872e2a08d7ea698fe5b6.png",
    "type": "skin",
    "rarity": 2,
    "price": 574
  },
  "XM1014 | VariCamo Blue (Battle-Scarred)": {
    "quality": 1,
    "weight": 0.05,
    "skin": "VariCamo Blue",
    "weapon": "XM1014",
    "short": "XM1014 | VariCamo Blue",
    "name": "XM1014 | VariCamo Blue (Battle-Scarred)",
    "src": "https://steamcdn-a.akamaihd.net/apps/730/icons/econ/default_generated/weapon_xm1014_hy_varicamo_blue_light_large.6b99e2f4d5092295c86b872e2a08d7ea698fe5b6.png",
    "type": "skin",
    "rarity": 2,
    "price": 33476
  },
  "Souvenir XM1014 | VariCamo Blue (Factory New)": {
    "souvenir": true,
    "quality": 5,
    "weight": 0.05,
    "skin": "VariCamo Blue",
    "weapon": "XM1014",
    "short": "XM1014 | VariCamo Blue",
    "name": "Souvenir XM1014 | VariCamo Blue (Factory New)",
    "src": "https://steamcdn-a.akamaihd.net/apps/730/icons/econ/default_generated/weapon_xm1014_hy_varicamo_blue_light_large.6b99e2f4d5092295c86b872e2a08d7ea698fe5b6.png",
    "type": "skin",
    "rarity": 2,
    "price": 346
  },
  "Souvenir XM1014 | VariCamo Blue (Minimal Wear)": {
    "souvenir": true,
    "quality": 4,
    "weight": 0.05,
    "skin": "VariCamo Blue",
    "weapon": "XM1014",
    "short": "XM1014 | VariCamo Blue",
    "name": "Souvenir XM1014 | VariCamo Blue (Minimal Wear)",
    "src": "https://steamcdn-a.akamaihd.net/apps/730/icons/econ/default_generated/weapon_xm1014_hy_varicamo_blue_light_large.6b99e2f4d5092295c86b872e2a08d7ea698fe5b6.png",
    "type": "skin",
    "rarity": 2,
    "price": 149
  },
  "Souvenir XM1014 | VariCamo Blue (Field-Tested)": {
    "souvenir": true,
    "quality": 3,
    "weight": 0.05,
    "skin": "VariCamo Blue",
    "weapon": "XM1014",
    "short": "XM1014 | VariCamo Blue",
    "name": "Souvenir XM1014 | VariCamo Blue (Field-Tested)",
    "src": "https://steamcdn-a.akamaihd.net/apps/730/icons/econ/default_generated/weapon_xm1014_hy_varicamo_blue_light_large.6b99e2f4d5092295c86b872e2a08d7ea698fe5b6.png",
    "type": "skin",
    "rarity": 2,
    "price": 102
  },
  "Souvenir XM1014 | VariCamo Blue (Well-Worn)": {
    "souvenir": true,
    "quality": 2,
    "weight": 0.05,
    "skin": "VariCamo Blue",
    "weapon": "XM1014",
    "short": "XM1014 | VariCamo Blue",
    "name": "Souvenir XM1014 | VariCamo Blue (Well-Worn)",
    "src": "https://steamcdn-a.akamaihd.net/apps/730/icons/econ/default_generated/weapon_xm1014_hy_varicamo_blue_light_large.6b99e2f4d5092295c86b872e2a08d7ea698fe5b6.png",
    "type": "skin",
    "rarity": 2,
    "price": 255
  },
  "Souvenir XM1014 | VariCamo Blue (Battle-Scarred)": {
    "souvenir": true,
    "quality": 1,
    "weight": 0.05,
    "skin": "VariCamo Blue",
    "weapon": "XM1014",
    "short": "XM1014 | VariCamo Blue",
    "name": "Souvenir XM1014 | VariCamo Blue (Battle-Scarred)",
    "src": "https://steamcdn-a.akamaihd.net/apps/730/icons/econ/default_generated/weapon_xm1014_hy_varicamo_blue_light_large.6b99e2f4d5092295c86b872e2a08d7ea698fe5b6.png",
    "type": "skin",
    "rarity": 2,
    "price": 172
  },
  "XM1014 | VariCamo Blue": {
    "souvenirAvailable": true,
    "masterItem": true,
    "qualities": [5, 4, 3, 2, 1],
    "skin": "VariCamo Blue",
    "weapon": "XM1014",
    "short": "XM1014 | VariCamo Blue",
    "name": "XM1014 | VariCamo Blue",
    "src": "https://steamcdn-a.akamaihd.net/apps/730/icons/econ/default_generated/weapon_xm1014_hy_varicamo_blue_light_large.6b99e2f4d5092295c86b872e2a08d7ea698fe5b6.png",
    "type": "skin",
    "rarity": 2,
    "price": 33476,
    "minPrice": 102
  },
  "Sawed-Off | Sage Spray (Factory New)": {
    "quality": 5,
    "weight": 0.05,
    "skin": "Sage Spray",
    "weapon": "Sawed-Off",
    "short": "Sawed-Off | Sage Spray",
    "name": "Sawed-Off | Sage Spray (Factory New)",
    "src": "https://steamcdn-a.akamaihd.net/apps/730/icons/econ/default_generated/weapon_sawedoff_sp_spray_desert_sage_light_large.e944ddb90e97199d1f274c481462a3a660b9fc5a.png",
    "type": "skin",
    "rarity": 0,
    "price": 208
  },
  "Sawed-Off | Sage Spray (Minimal Wear)": {
    "quality": 4,
    "weight": 0.05,
    "skin": "Sage Spray",
    "weapon": "Sawed-Off",
    "short": "Sawed-Off | Sage Spray",
    "name": "Sawed-Off | Sage Spray (Minimal Wear)",
    "src": "https://steamcdn-a.akamaihd.net/apps/730/icons/econ/default_generated/weapon_sawedoff_sp_spray_desert_sage_light_large.e944ddb90e97199d1f274c481462a3a660b9fc5a.png",
    "type": "skin",
    "rarity": 0,
    "price": 23
  },
  "Sawed-Off | Sage Spray (Field-Tested)": {
    "quality": 3,
    "weight": 0.05,
    "skin": "Sage Spray",
    "weapon": "Sawed-Off",
    "short": "Sawed-Off | Sage Spray",
    "name": "Sawed-Off | Sage Spray (Field-Tested)",
    "src": "https://steamcdn-a.akamaihd.net/apps/730/icons/econ/default_generated/weapon_sawedoff_sp_spray_desert_sage_light_large.e944ddb90e97199d1f274c481462a3a660b9fc5a.png",
    "type": "skin",
    "rarity": 0,
    "price": 10
  },
  "Sawed-Off | Sage Spray (Well-Worn)": {
    "quality": 2,
    "weight": 0.05,
    "skin": "Sage Spray",
    "weapon": "Sawed-Off",
    "short": "Sawed-Off | Sage Spray",
    "name": "Sawed-Off | Sage Spray (Well-Worn)",
    "src": "https://steamcdn-a.akamaihd.net/apps/730/icons/econ/default_generated/weapon_sawedoff_sp_spray_desert_sage_light_large.e944ddb90e97199d1f274c481462a3a660b9fc5a.png",
    "type": "skin",
    "rarity": 0,
    "price": 81
  },
  "Sawed-Off | Sage Spray (Battle-Scarred)": {
    "quality": 1,
    "weight": 0.05,
    "skin": "Sage Spray",
    "weapon": "Sawed-Off",
    "short": "Sawed-Off | Sage Spray",
    "name": "Sawed-Off | Sage Spray (Battle-Scarred)",
    "src": "https://steamcdn-a.akamaihd.net/apps/730/icons/econ/default_generated/weapon_sawedoff_sp_spray_desert_sage_light_large.e944ddb90e97199d1f274c481462a3a660b9fc5a.png",
    "type": "skin",
    "rarity": 0,
    "price": 14
  },
  "Souvenir Sawed-Off | Sage Spray (Factory New)": {
    "souvenir": true,
    "quality": 5,
    "weight": 0.05,
    "skin": "Sage Spray",
    "weapon": "Sawed-Off",
    "short": "Sawed-Off | Sage Spray",
    "name": "Souvenir Sawed-Off | Sage Spray (Factory New)",
    "src": "https://steamcdn-a.akamaihd.net/apps/730/icons/econ/default_generated/weapon_sawedoff_sp_spray_desert_sage_light_large.e944ddb90e97199d1f274c481462a3a660b9fc5a.png",
    "type": "skin",
    "rarity": 0,
    "price": 190
  },
  "Souvenir Sawed-Off | Sage Spray (Minimal Wear)": {
    "souvenir": true,
    "quality": 4,
    "weight": 0.05,
    "skin": "Sage Spray",
    "weapon": "Sawed-Off",
    "short": "Sawed-Off | Sage Spray",
    "name": "Souvenir Sawed-Off | Sage Spray (Minimal Wear)",
    "src": "https://steamcdn-a.akamaihd.net/apps/730/icons/econ/default_generated/weapon_sawedoff_sp_spray_desert_sage_light_large.e944ddb90e97199d1f274c481462a3a660b9fc5a.png",
    "type": "skin",
    "rarity": 0,
    "price": 17
  },
  "Souvenir Sawed-Off | Sage Spray (Field-Tested)": {
    "souvenir": true,
    "quality": 3,
    "weight": 0.05,
    "skin": "Sage Spray",
    "weapon": "Sawed-Off",
    "short": "Sawed-Off | Sage Spray",
    "name": "Souvenir Sawed-Off | Sage Spray (Field-Tested)",
    "src": "https://steamcdn-a.akamaihd.net/apps/730/icons/econ/default_generated/weapon_sawedoff_sp_spray_desert_sage_light_large.e944ddb90e97199d1f274c481462a3a660b9fc5a.png",
    "type": "skin",
    "rarity": 0,
    "price": 11
  },
  "Souvenir Sawed-Off | Sage Spray (Well-Worn)": {
    "souvenir": true,
    "quality": 2,
    "weight": 0.05,
    "skin": "Sage Spray",
    "weapon": "Sawed-Off",
    "short": "Sawed-Off | Sage Spray",
    "name": "Souvenir Sawed-Off | Sage Spray (Well-Worn)",
    "src": "https://steamcdn-a.akamaihd.net/apps/730/icons/econ/default_generated/weapon_sawedoff_sp_spray_desert_sage_light_large.e944ddb90e97199d1f274c481462a3a660b9fc5a.png",
    "type": "skin",
    "rarity": 0,
    "price": 11
  },
  "Souvenir Sawed-Off | Sage Spray (Battle-Scarred)": {
    "souvenir": true,
    "quality": 1,
    "weight": 0.05,
    "skin": "Sage Spray",
    "weapon": "Sawed-Off",
    "short": "Sawed-Off | Sage Spray",
    "name": "Souvenir Sawed-Off | Sage Spray (Battle-Scarred)",
    "src": "https://steamcdn-a.akamaihd.net/apps/730/icons/econ/default_generated/weapon_sawedoff_sp_spray_desert_sage_light_large.e944ddb90e97199d1f274c481462a3a660b9fc5a.png",
    "type": "skin",
    "rarity": 0,
    "price": 11
  },
  "Sawed-Off | Sage Spray": {
    "souvenirAvailable": true,
    "masterItem": true,
    "qualities": [5, 4, 3, 2, 1],
    "skin": "Sage Spray",
    "weapon": "Sawed-Off",
    "short": "Sawed-Off | Sage Spray",
    "name": "Sawed-Off | Sage Spray",
    "src": "https://steamcdn-a.akamaihd.net/apps/730/icons/econ/default_generated/weapon_sawedoff_sp_spray_desert_sage_light_large.e944ddb90e97199d1f274c481462a3a660b9fc5a.png",
    "type": "skin",
    "rarity": 0,
    "price": 208,
    "minPrice": 10
  },
  "SSG 08 | Detour (Factory New)": {
    "quality": 5,
    "weight": 0.05,
    "skin": "Detour",
    "weapon": "SSG 08",
    "short": "SSG 08 | Detour",
    "name": "SSG 08 | Detour (Factory New)",
    "src": "https://steamcdn-a.akamaihd.net/apps/730/icons/econ/default_generated/weapon_ssg08_hy_ssg08_marker_light_large.318454c8676dc6d72ad1b6e343e661d9831645fb.png",
    "type": "skin",
    "rarity": 2,
    "price": 663
  },
  "SSG 08 | Detour (Minimal Wear)": {
    "quality": 4,
    "weight": 0.05,
    "skin": "Detour",
    "weapon": "SSG 08",
    "short": "SSG 08 | Detour",
    "name": "SSG 08 | Detour (Minimal Wear)",
    "src": "https://steamcdn-a.akamaihd.net/apps/730/icons/econ/default_generated/weapon_ssg08_hy_ssg08_marker_light_large.318454c8676dc6d72ad1b6e343e661d9831645fb.png",
    "type": "skin",
    "rarity": 2,
    "price": 494
  },
  "SSG 08 | Detour (Field-Tested)": {
    "quality": 3,
    "weight": 0.05,
    "skin": "Detour",
    "weapon": "SSG 08",
    "short": "SSG 08 | Detour",
    "name": "SSG 08 | Detour (Field-Tested)",
    "src": "https://steamcdn-a.akamaihd.net/apps/730/icons/econ/default_generated/weapon_ssg08_hy_ssg08_marker_light_large.318454c8676dc6d72ad1b6e343e661d9831645fb.png",
    "type": "skin",
    "rarity": 2,
    "price": 433
  },
  "SSG 08 | Detour (Well-Worn)": {
    "quality": 2,
    "weight": 0.05,
    "skin": "Detour",
    "weapon": "SSG 08",
    "short": "SSG 08 | Detour",
    "name": "SSG 08 | Detour (Well-Worn)",
    "src": "https://steamcdn-a.akamaihd.net/apps/730/icons/econ/default_generated/weapon_ssg08_hy_ssg08_marker_light_large.318454c8676dc6d72ad1b6e343e661d9831645fb.png",
    "type": "skin",
    "rarity": 2,
    "price": 458
  },
  "Souvenir SSG 08 | Detour (Factory New)": {
    "souvenir": true,
    "quality": 5,
    "weight": 0.05,
    "skin": "Detour",
    "weapon": "SSG 08",
    "short": "SSG 08 | Detour",
    "name": "Souvenir SSG 08 | Detour (Factory New)",
    "src": "https://steamcdn-a.akamaihd.net/apps/730/icons/econ/default_generated/weapon_ssg08_hy_ssg08_marker_light_large.318454c8676dc6d72ad1b6e343e661d9831645fb.png",
    "type": "skin",
    "rarity": 2,
    "price": 1733
  },
  "Souvenir SSG 08 | Detour (Minimal Wear)": {
    "souvenir": true,
    "quality": 4,
    "weight": 0.05,
    "skin": "Detour",
    "weapon": "SSG 08",
    "short": "SSG 08 | Detour",
    "name": "Souvenir SSG 08 | Detour (Minimal Wear)",
    "src": "https://steamcdn-a.akamaihd.net/apps/730/icons/econ/default_generated/weapon_ssg08_hy_ssg08_marker_light_large.318454c8676dc6d72ad1b6e343e661d9831645fb.png",
    "type": "skin",
    "rarity": 2,
    "price": 1001
  },
  "Souvenir SSG 08 | Detour (Field-Tested)": {
    "souvenir": true,
    "quality": 3,
    "weight": 0.05,
    "skin": "Detour",
    "weapon": "SSG 08",
    "short": "SSG 08 | Detour",
    "name": "Souvenir SSG 08 | Detour (Field-Tested)",
    "src": "https://steamcdn-a.akamaihd.net/apps/730/icons/econ/default_generated/weapon_ssg08_hy_ssg08_marker_light_large.318454c8676dc6d72ad1b6e343e661d9831645fb.png",
    "type": "skin",
    "rarity": 2,
    "price": 466
  },
  "Souvenir SSG 08 | Detour (Well-Worn)": {
    "souvenir": true,
    "quality": 2,
    "weight": 0.05,
    "skin": "Detour",
    "weapon": "SSG 08",
    "short": "SSG 08 | Detour",
    "name": "Souvenir SSG 08 | Detour (Well-Worn)",
    "src": "https://steamcdn-a.akamaihd.net/apps/730/icons/econ/default_generated/weapon_ssg08_hy_ssg08_marker_light_large.318454c8676dc6d72ad1b6e343e661d9831645fb.png",
    "type": "skin",
    "rarity": 2,
    "price": 618
  },
  "SSG 08 | Detour": {
    "souvenirAvailable": true,
    "masterItem": true,
    "qualities": [5, 4, 3, 2],
    "skin": "Detour",
    "weapon": "SSG 08",
    "short": "SSG 08 | Detour",
    "name": "SSG 08 | Detour",
    "src": "https://steamcdn-a.akamaihd.net/apps/730/icons/econ/default_generated/weapon_ssg08_hy_ssg08_marker_light_large.318454c8676dc6d72ad1b6e343e661d9831645fb.png",
    "type": "skin",
    "rarity": 2,
    "price": 1733,
    "minPrice": 433
  },
  "AWP | Pink DDPAT (Factory New)": {
    "quality": 5,
    "weight": 0.05,
    "skin": "Pink DDPAT",
    "weapon": "AWP",
    "short": "AWP | Pink DDPAT",
    "name": "AWP | Pink DDPAT (Factory New)",
    "src": "https://steamcdn-a.akamaihd.net/apps/730/icons/econ/default_generated/weapon_awp_hy_ddpat_pink_light_large.a00bebead467a7106062058982a1f8651cf663bc.png",
    "type": "skin",
    "rarity": 3,
    "price": 8776
  },
  "AWP | Pink DDPAT (Minimal Wear)": {
    "quality": 4,
    "weight": 0.05,
    "skin": "Pink DDPAT",
    "weapon": "AWP",
    "short": "AWP | Pink DDPAT",
    "name": "AWP | Pink DDPAT (Minimal Wear)",
    "src": "https://steamcdn-a.akamaihd.net/apps/730/icons/econ/default_generated/weapon_awp_hy_ddpat_pink_light_large.a00bebead467a7106062058982a1f8651cf663bc.png",
    "type": "skin",
    "rarity": 3,
    "price": 2188
  },
  "AWP | Pink DDPAT (Field-Tested)": {
    "quality": 3,
    "weight": 0.05,
    "skin": "Pink DDPAT",
    "weapon": "AWP",
    "short": "AWP | Pink DDPAT",
    "name": "AWP | Pink DDPAT (Field-Tested)",
    "src": "https://steamcdn-a.akamaihd.net/apps/730/icons/econ/default_generated/weapon_awp_hy_ddpat_pink_light_large.a00bebead467a7106062058982a1f8651cf663bc.png",
    "type": "skin",
    "rarity": 3,
    "price": 1270
  },
  "AWP | Pink DDPAT (Well-Worn)": {
    "quality": 2,
    "weight": 0.05,
    "skin": "Pink DDPAT",
    "weapon": "AWP",
    "short": "AWP | Pink DDPAT",
    "name": "AWP | Pink DDPAT (Well-Worn)",
    "src": "https://steamcdn-a.akamaihd.net/apps/730/icons/econ/default_generated/weapon_awp_hy_ddpat_pink_light_large.a00bebead467a7106062058982a1f8651cf663bc.png",
    "type": "skin",
    "rarity": 3,
    "price": 1393
  },
  "AWP | Pink DDPAT (Battle-Scarred)": {
    "quality": 1,
    "weight": 0.05,
    "skin": "Pink DDPAT",
    "weapon": "AWP",
    "short": "AWP | Pink DDPAT",
    "name": "AWP | Pink DDPAT (Battle-Scarred)",
    "src": "https://steamcdn-a.akamaihd.net/apps/730/icons/econ/default_generated/weapon_awp_hy_ddpat_pink_light_large.a00bebead467a7106062058982a1f8651cf663bc.png",
    "type": "skin",
    "rarity": 3,
    "price": 1262
  },
  "Souvenir AWP | Pink DDPAT (Factory New)": {
    "souvenir": true,
    "quality": 5,
    "weight": 0.05,
    "skin": "Pink DDPAT",
    "weapon": "AWP",
    "short": "AWP | Pink DDPAT",
    "name": "Souvenir AWP | Pink DDPAT (Factory New)",
    "src": "https://steamcdn-a.akamaihd.net/apps/730/icons/econ/default_generated/weapon_awp_hy_ddpat_pink_light_large.a00bebead467a7106062058982a1f8651cf663bc.png",
    "type": "skin",
    "rarity": 3,
    "price": 1050
  },
  "Souvenir AWP | Pink DDPAT (Minimal Wear)": {
    "souvenir": true,
    "quality": 4,
    "weight": 0.05,
    "skin": "Pink DDPAT",
    "weapon": "AWP",
    "short": "AWP | Pink DDPAT",
    "name": "Souvenir AWP | Pink DDPAT (Minimal Wear)",
    "src": "https://steamcdn-a.akamaihd.net/apps/730/icons/econ/default_generated/weapon_awp_hy_ddpat_pink_light_large.a00bebead467a7106062058982a1f8651cf663bc.png",
    "type": "skin",
    "rarity": 3,
    "price": 10106
  },
  "Souvenir AWP | Pink DDPAT (Field-Tested)": {
    "souvenir": true,
    "quality": 3,
    "weight": 0.05,
    "skin": "Pink DDPAT",
    "weapon": "AWP",
    "short": "AWP | Pink DDPAT",
    "name": "Souvenir AWP | Pink DDPAT (Field-Tested)",
    "src": "https://steamcdn-a.akamaihd.net/apps/730/icons/econ/default_generated/weapon_awp_hy_ddpat_pink_light_large.a00bebead467a7106062058982a1f8651cf663bc.png",
    "type": "skin",
    "rarity": 3,
    "price": 3943
  },
  "Souvenir AWP | Pink DDPAT (Well-Worn)": {
    "souvenir": true,
    "quality": 2,
    "weight": 0.05,
    "skin": "Pink DDPAT",
    "weapon": "AWP",
    "short": "AWP | Pink DDPAT",
    "name": "Souvenir AWP | Pink DDPAT (Well-Worn)",
    "src": "https://steamcdn-a.akamaihd.net/apps/730/icons/econ/default_generated/weapon_awp_hy_ddpat_pink_light_large.a00bebead467a7106062058982a1f8651cf663bc.png",
    "type": "skin",
    "rarity": 3,
    "price": 3924
  },
  "Souvenir AWP | Pink DDPAT (Battle-Scarred)": {
    "souvenir": true,
    "quality": 1,
    "weight": 0.05,
    "skin": "Pink DDPAT",
    "weapon": "AWP",
    "short": "AWP | Pink DDPAT",
    "name": "Souvenir AWP | Pink DDPAT (Battle-Scarred)",
    "src": "https://steamcdn-a.akamaihd.net/apps/730/icons/econ/default_generated/weapon_awp_hy_ddpat_pink_light_large.a00bebead467a7106062058982a1f8651cf663bc.png",
    "type": "skin",
    "rarity": 3,
    "price": 4514
  },
  "AWP | Pink DDPAT": {
    "souvenirAvailable": true,
    "masterItem": true,
    "qualities": [5, 4, 3, 2, 1],
    "skin": "Pink DDPAT",
    "weapon": "AWP",
    "short": "AWP | Pink DDPAT",
    "name": "AWP | Pink DDPAT",
    "src": "https://steamcdn-a.akamaihd.net/apps/730/icons/econ/default_generated/weapon_awp_hy_ddpat_pink_light_large.a00bebead467a7106062058982a1f8651cf663bc.png",
    "type": "skin",
    "rarity": 3,
    "price": 10106,
    "minPrice": 1050
  },
  "Glock-18 | Night (Factory New)": {
    "quality": 5,
    "weight": 0.05,
    "skin": "Night",
    "weapon": "Glock-18",
    "short": "Glock-18 | Night",
    "name": "Glock-18 | Night (Factory New)",
    "src": "https://steamcdn-a.akamaihd.net/apps/730/icons/econ/default_generated/weapon_glock_so_night_light_large.e56ea92b4b8c1914a7f5f4e789483313845a0b4a.png",
    "type": "skin",
    "rarity": 1,
    "price": 1409
  },
  "Glock-18 | Night (Minimal Wear)": {
    "quality": 4,
    "weight": 0.05,
    "skin": "Night",
    "weapon": "Glock-18",
    "short": "Glock-18 | Night",
    "name": "Glock-18 | Night (Minimal Wear)",
    "src": "https://steamcdn-a.akamaihd.net/apps/730/icons/econ/default_generated/weapon_glock_so_night_light_large.e56ea92b4b8c1914a7f5f4e789483313845a0b4a.png",
    "type": "skin",
    "rarity": 1,
    "price": 84
  },
  "Glock-18 | Night (Field-Tested)": {
    "quality": 3,
    "weight": 0.05,
    "skin": "Night",
    "weapon": "Glock-18",
    "short": "Glock-18 | Night",
    "name": "Glock-18 | Night (Field-Tested)",
    "src": "https://steamcdn-a.akamaihd.net/apps/730/icons/econ/default_generated/weapon_glock_so_night_light_large.e56ea92b4b8c1914a7f5f4e789483313845a0b4a.png",
    "type": "skin",
    "rarity": 1,
    "price": 59
  },
  "Glock-18 | Night (Well-Worn)": {
    "quality": 2,
    "weight": 0.05,
    "skin": "Night",
    "weapon": "Glock-18",
    "short": "Glock-18 | Night",
    "name": "Glock-18 | Night (Well-Worn)",
    "src": "https://steamcdn-a.akamaihd.net/apps/730/icons/econ/default_generated/weapon_glock_so_night_light_large.e56ea92b4b8c1914a7f5f4e789483313845a0b4a.png",
    "type": "skin",
    "rarity": 1,
    "price": 54
  },
  "Glock-18 | Night (Battle-Scarred)": {
    "quality": 1,
    "weight": 0.05,
    "skin": "Night",
    "weapon": "Glock-18",
    "short": "Glock-18 | Night",
    "name": "Glock-18 | Night (Battle-Scarred)",
    "src": "https://steamcdn-a.akamaihd.net/apps/730/icons/econ/default_generated/weapon_glock_so_night_light_large.e56ea92b4b8c1914a7f5f4e789483313845a0b4a.png",
    "type": "skin",
    "rarity": 1,
    "price": 50
  },
  "Souvenir Glock-18 | Night (Factory New)": {
    "souvenir": true,
    "quality": 5,
    "weight": 0.05,
    "skin": "Night",
    "weapon": "Glock-18",
    "short": "Glock-18 | Night",
    "name": "Souvenir Glock-18 | Night (Factory New)",
    "src": "https://steamcdn-a.akamaihd.net/apps/730/icons/econ/default_generated/weapon_glock_so_night_light_large.e56ea92b4b8c1914a7f5f4e789483313845a0b4a.png",
    "type": "skin",
    "rarity": 1,
    "price": 4499
  },
  "Souvenir Glock-18 | Night (Minimal Wear)": {
    "souvenir": true,
    "quality": 4,
    "weight": 0.05,
    "skin": "Night",
    "weapon": "Glock-18",
    "short": "Glock-18 | Night",
    "name": "Souvenir Glock-18 | Night (Minimal Wear)",
    "src": "https://steamcdn-a.akamaihd.net/apps/730/icons/econ/default_generated/weapon_glock_so_night_light_large.e56ea92b4b8c1914a7f5f4e789483313845a0b4a.png",
    "type": "skin",
    "rarity": 1,
    "price": 334
  },
  "Souvenir Glock-18 | Night (Field-Tested)": {
    "souvenir": true,
    "quality": 3,
    "weight": 0.05,
    "skin": "Night",
    "weapon": "Glock-18",
    "short": "Glock-18 | Night",
    "name": "Souvenir Glock-18 | Night (Field-Tested)",
    "src": "https://steamcdn-a.akamaihd.net/apps/730/icons/econ/default_generated/weapon_glock_so_night_light_large.e56ea92b4b8c1914a7f5f4e789483313845a0b4a.png",
    "type": "skin",
    "rarity": 1,
    "price": 127
  },
  "Souvenir Glock-18 | Night (Well-Worn)": {
    "souvenir": true,
    "quality": 2,
    "weight": 0.05,
    "skin": "Night",
    "weapon": "Glock-18",
    "short": "Glock-18 | Night",
    "name": "Souvenir Glock-18 | Night (Well-Worn)",
    "src": "https://steamcdn-a.akamaihd.net/apps/730/icons/econ/default_generated/weapon_glock_so_night_light_large.e56ea92b4b8c1914a7f5f4e789483313845a0b4a.png",
    "type": "skin",
    "rarity": 1,
    "price": 173
  },
  "Souvenir Glock-18 | Night (Battle-Scarred)": {
    "souvenir": true,
    "quality": 1,
    "weight": 0.05,
    "skin": "Night",
    "weapon": "Glock-18",
    "short": "Glock-18 | Night",
    "name": "Souvenir Glock-18 | Night (Battle-Scarred)",
    "src": "https://steamcdn-a.akamaihd.net/apps/730/icons/econ/default_generated/weapon_glock_so_night_light_large.e56ea92b4b8c1914a7f5f4e789483313845a0b4a.png",
    "type": "skin",
    "rarity": 1,
    "price": 158
  },
  "Glock-18 | Night": {
    "souvenirAvailable": true,
    "masterItem": true,
    "qualities": [5, 4, 3, 2, 1],
    "skin": "Night",
    "weapon": "Glock-18",
    "short": "Glock-18 | Night",
    "name": "Glock-18 | Night",
    "src": "https://steamcdn-a.akamaihd.net/apps/730/icons/econ/default_generated/weapon_glock_so_night_light_large.e56ea92b4b8c1914a7f5f4e789483313845a0b4a.png",
    "type": "skin",
    "rarity": 1,
    "price": 4499,
    "minPrice": 50
  },
  "MAG-7 | Storm (Factory New)": {
    "quality": 5,
    "weight": 0.05,
    "skin": "Storm",
    "weapon": "MAG-7",
    "short": "MAG-7 | Storm",
    "name": "MAG-7 | Storm (Factory New)",
    "src": "https://steamcdn-a.akamaihd.net/apps/730/icons/econ/default_generated/weapon_mag7_so_stormfront_light_large.40f72ef6782f32f64bd883923fedfe0d1512d582.png",
    "type": "skin",
    "rarity": 0,
    "price": 199
  },
  "MAG-7 | Storm (Minimal Wear)": {
    "quality": 4,
    "weight": 0.05,
    "skin": "Storm",
    "weapon": "MAG-7",
    "short": "MAG-7 | Storm",
    "name": "MAG-7 | Storm (Minimal Wear)",
    "src": "https://steamcdn-a.akamaihd.net/apps/730/icons/econ/default_generated/weapon_mag7_so_stormfront_light_large.40f72ef6782f32f64bd883923fedfe0d1512d582.png",
    "type": "skin",
    "rarity": 0,
    "price": 21
  },
  "MAG-7 | Storm (Field-Tested)": {
    "quality": 3,
    "weight": 0.05,
    "skin": "Storm",
    "weapon": "MAG-7",
    "short": "MAG-7 | Storm",
    "name": "MAG-7 | Storm (Field-Tested)",
    "src": "https://steamcdn-a.akamaihd.net/apps/730/icons/econ/default_generated/weapon_mag7_so_stormfront_light_large.40f72ef6782f32f64bd883923fedfe0d1512d582.png",
    "type": "skin",
    "rarity": 0,
    "price": 10
  },
  "MAG-7 | Storm (Well-Worn)": {
    "quality": 2,
    "weight": 0.05,
    "skin": "Storm",
    "weapon": "MAG-7",
    "short": "MAG-7 | Storm",
    "name": "MAG-7 | Storm (Well-Worn)",
    "src": "https://steamcdn-a.akamaihd.net/apps/730/icons/econ/default_generated/weapon_mag7_so_stormfront_light_large.40f72ef6782f32f64bd883923fedfe0d1512d582.png",
    "type": "skin",
    "rarity": 0,
    "price": 32
  },
  "MAG-7 | Storm (Battle-Scarred)": {
    "quality": 1,
    "weight": 0.05,
    "skin": "Storm",
    "weapon": "MAG-7",
    "short": "MAG-7 | Storm",
    "name": "MAG-7 | Storm (Battle-Scarred)",
    "src": "https://steamcdn-a.akamaihd.net/apps/730/icons/econ/default_generated/weapon_mag7_so_stormfront_light_large.40f72ef6782f32f64bd883923fedfe0d1512d582.png",
    "type": "skin",
    "rarity": 0,
    "price": 14
  },
  "Souvenir MAG-7 | Storm (Factory New)": {
    "souvenir": true,
    "quality": 5,
    "weight": 0.05,
    "skin": "Storm",
    "weapon": "MAG-7",
    "short": "MAG-7 | Storm",
    "name": "Souvenir MAG-7 | Storm (Factory New)",
    "src": "https://steamcdn-a.akamaihd.net/apps/730/icons/econ/default_generated/weapon_mag7_so_stormfront_light_large.40f72ef6782f32f64bd883923fedfe0d1512d582.png",
    "type": "skin",
    "rarity": 0,
    "price": 249
  },
  "Souvenir MAG-7 | Storm (Minimal Wear)": {
    "souvenir": true,
    "quality": 4,
    "weight": 0.05,
    "skin": "Storm",
    "weapon": "MAG-7",
    "short": "MAG-7 | Storm",
    "name": "Souvenir MAG-7 | Storm (Minimal Wear)",
    "src": "https://steamcdn-a.akamaihd.net/apps/730/icons/econ/default_generated/weapon_mag7_so_stormfront_light_large.40f72ef6782f32f64bd883923fedfe0d1512d582.png",
    "type": "skin",
    "rarity": 0,
    "price": 22
  },
  "Souvenir MAG-7 | Storm (Field-Tested)": {
    "souvenir": true,
    "quality": 3,
    "weight": 0.05,
    "skin": "Storm",
    "weapon": "MAG-7",
    "short": "MAG-7 | Storm",
    "name": "Souvenir MAG-7 | Storm (Field-Tested)",
    "src": "https://steamcdn-a.akamaihd.net/apps/730/icons/econ/default_generated/weapon_mag7_so_stormfront_light_large.40f72ef6782f32f64bd883923fedfe0d1512d582.png",
    "type": "skin",
    "rarity": 0,
    "price": 11
  },
  "Souvenir MAG-7 | Storm (Well-Worn)": {
    "souvenir": true,
    "quality": 2,
    "weight": 0.05,
    "skin": "Storm",
    "weapon": "MAG-7",
    "short": "MAG-7 | Storm",
    "name": "Souvenir MAG-7 | Storm (Well-Worn)",
    "src": "https://steamcdn-a.akamaihd.net/apps/730/icons/econ/default_generated/weapon_mag7_so_stormfront_light_large.40f72ef6782f32f64bd883923fedfe0d1512d582.png",
    "type": "skin",
    "rarity": 0,
    "price": 12
  },
  "Souvenir MAG-7 | Storm (Battle-Scarred)": {
    "souvenir": true,
    "quality": 1,
    "weight": 0.05,
    "skin": "Storm",
    "weapon": "MAG-7",
    "short": "MAG-7 | Storm",
    "name": "Souvenir MAG-7 | Storm (Battle-Scarred)",
    "src": "https://steamcdn-a.akamaihd.net/apps/730/icons/econ/default_generated/weapon_mag7_so_stormfront_light_large.40f72ef6782f32f64bd883923fedfe0d1512d582.png",
    "type": "skin",
    "rarity": 0,
    "price": 11
  },
  "MAG-7 | Storm": {
    "souvenirAvailable": true,
    "masterItem": true,
    "qualities": [5, 4, 3, 2, 1],
    "skin": "Storm",
    "weapon": "MAG-7",
    "short": "MAG-7 | Storm",
    "name": "MAG-7 | Storm",
    "src": "https://steamcdn-a.akamaihd.net/apps/730/icons/econ/default_generated/weapon_mag7_so_stormfront_light_large.40f72ef6782f32f64bd883923fedfe0d1512d582.png",
    "type": "skin",
    "rarity": 0,
    "price": 249,
    "minPrice": 10
  },
  "UMP-45 | Scorched (Factory New)": {
    "quality": 5,
    "weight": 0.05,
    "skin": "Scorched",
    "weapon": "UMP-45",
    "short": "UMP-45 | Scorched",
    "name": "UMP-45 | Scorched (Factory New)",
    "src": "https://steamcdn-a.akamaihd.net/apps/730/icons/econ/default_generated/weapon_ump45_sp_dapple_light_large.a25c92df26ac1c70c65741a07d9da8b0d0785022.png",
    "type": "skin",
    "rarity": 0,
    "price": 179
  },
  "UMP-45 | Scorched (Minimal Wear)": {
    "quality": 4,
    "weight": 0.05,
    "skin": "Scorched",
    "weapon": "UMP-45",
    "short": "UMP-45 | Scorched",
    "name": "UMP-45 | Scorched (Minimal Wear)",
    "src": "https://steamcdn-a.akamaihd.net/apps/730/icons/econ/default_generated/weapon_ump45_sp_dapple_light_large.a25c92df26ac1c70c65741a07d9da8b0d0785022.png",
    "type": "skin",
    "rarity": 0,
    "price": 22
  },
  "UMP-45 | Scorched (Field-Tested)": {
    "quality": 3,
    "weight": 0.05,
    "skin": "Scorched",
    "weapon": "UMP-45",
    "short": "UMP-45 | Scorched",
    "name": "UMP-45 | Scorched (Field-Tested)",
    "src": "https://steamcdn-a.akamaihd.net/apps/730/icons/econ/default_generated/weapon_ump45_sp_dapple_light_large.a25c92df26ac1c70c65741a07d9da8b0d0785022.png",
    "type": "skin",
    "rarity": 0,
    "price": 11
  },
  "UMP-45 | Scorched (Well-Worn)": {
    "quality": 2,
    "weight": 0.05,
    "skin": "Scorched",
    "weapon": "UMP-45",
    "short": "UMP-45 | Scorched",
    "name": "UMP-45 | Scorched (Well-Worn)",
    "src": "https://steamcdn-a.akamaihd.net/apps/730/icons/econ/default_generated/weapon_ump45_sp_dapple_light_large.a25c92df26ac1c70c65741a07d9da8b0d0785022.png",
    "type": "skin",
    "rarity": 0,
    "price": 110
  },
  "UMP-45 | Scorched (Battle-Scarred)": {
    "quality": 1,
    "weight": 0.05,
    "skin": "Scorched",
    "weapon": "UMP-45",
    "short": "UMP-45 | Scorched",
    "name": "UMP-45 | Scorched (Battle-Scarred)",
    "src": "https://steamcdn-a.akamaihd.net/apps/730/icons/econ/default_generated/weapon_ump45_sp_dapple_light_large.a25c92df26ac1c70c65741a07d9da8b0d0785022.png",
    "type": "skin",
    "rarity": 0,
    "price": 12
  },
  "Souvenir UMP-45 | Scorched (Factory New)": {
    "souvenir": true,
    "quality": 5,
    "weight": 0.05,
    "skin": "Scorched",
    "weapon": "UMP-45",
    "short": "UMP-45 | Scorched",
    "name": "Souvenir UMP-45 | Scorched (Factory New)",
    "src": "https://steamcdn-a.akamaihd.net/apps/730/icons/econ/default_generated/weapon_ump45_sp_dapple_light_large.a25c92df26ac1c70c65741a07d9da8b0d0785022.png",
    "type": "skin",
    "rarity": 0,
    "price": 140
  },
  "Souvenir UMP-45 | Scorched (Minimal Wear)": {
    "souvenir": true,
    "quality": 4,
    "weight": 0.05,
    "skin": "Scorched",
    "weapon": "UMP-45",
    "short": "UMP-45 | Scorched",
    "name": "Souvenir UMP-45 | Scorched (Minimal Wear)",
    "src": "https://steamcdn-a.akamaihd.net/apps/730/icons/econ/default_generated/weapon_ump45_sp_dapple_light_large.a25c92df26ac1c70c65741a07d9da8b0d0785022.png",
    "type": "skin",
    "rarity": 0,
    "price": 17
  },
  "Souvenir UMP-45 | Scorched (Field-Tested)": {
    "souvenir": true,
    "quality": 3,
    "weight": 0.05,
    "skin": "Scorched",
    "weapon": "UMP-45",
    "short": "UMP-45 | Scorched",
    "name": "Souvenir UMP-45 | Scorched (Field-Tested)",
    "src": "https://steamcdn-a.akamaihd.net/apps/730/icons/econ/default_generated/weapon_ump45_sp_dapple_light_large.a25c92df26ac1c70c65741a07d9da8b0d0785022.png",
    "type": "skin",
    "rarity": 0,
    "price": 10
  },
  "Souvenir UMP-45 | Scorched (Well-Worn)": {
    "souvenir": true,
    "quality": 2,
    "weight": 0.05,
    "skin": "Scorched",
    "weapon": "UMP-45",
    "short": "UMP-45 | Scorched",
    "name": "Souvenir UMP-45 | Scorched (Well-Worn)",
    "src": "https://steamcdn-a.akamaihd.net/apps/730/icons/econ/default_generated/weapon_ump45_sp_dapple_light_large.a25c92df26ac1c70c65741a07d9da8b0d0785022.png",
    "type": "skin",
    "rarity": 0,
    "price": 11
  },
  "Souvenir UMP-45 | Scorched (Battle-Scarred)": {
    "souvenir": true,
    "quality": 1,
    "weight": 0.05,
    "skin": "Scorched",
    "weapon": "UMP-45",
    "short": "UMP-45 | Scorched",
    "name": "Souvenir UMP-45 | Scorched (Battle-Scarred)",
    "src": "https://steamcdn-a.akamaihd.net/apps/730/icons/econ/default_generated/weapon_ump45_sp_dapple_light_large.a25c92df26ac1c70c65741a07d9da8b0d0785022.png",
    "type": "skin",
    "rarity": 0,
    "price": 12
  },
  "UMP-45 | Scorched": {
    "souvenirAvailable": true,
    "masterItem": true,
    "qualities": [5, 4, 3, 2, 1],
    "skin": "Scorched",
    "weapon": "UMP-45",
    "short": "UMP-45 | Scorched",
    "name": "UMP-45 | Scorched",
    "src": "https://steamcdn-a.akamaihd.net/apps/730/icons/econ/default_generated/weapon_ump45_sp_dapple_light_large.a25c92df26ac1c70c65741a07d9da8b0d0785022.png",
    "type": "skin",
    "rarity": 0,
    "price": 179,
    "minPrice": 10
  },
  "MP9 | Storm (Factory New)": {
    "quality": 5,
    "weight": 0.05,
    "skin": "Storm",
    "weapon": "MP9",
    "short": "MP9 | Storm",
    "name": "MP9 | Storm (Factory New)",
    "src": "https://steamcdn-a.akamaihd.net/apps/730/icons/econ/default_generated/weapon_mp9_so_stormfront_light_large.7ba67d4546c43cb6dfb9e46eb68d23d5b57471ae.png",
    "type": "skin",
    "rarity": 0,
    "price": 301
  },
  "MP9 | Storm (Minimal Wear)": {
    "quality": 4,
    "weight": 0.05,
    "skin": "Storm",
    "weapon": "MP9",
    "short": "MP9 | Storm",
    "name": "MP9 | Storm (Minimal Wear)",
    "src": "https://steamcdn-a.akamaihd.net/apps/730/icons/econ/default_generated/weapon_mp9_so_stormfront_light_large.7ba67d4546c43cb6dfb9e46eb68d23d5b57471ae.png",
    "type": "skin",
    "rarity": 0,
    "price": 23
  },
  "MP9 | Storm (Field-Tested)": {
    "quality": 3,
    "weight": 0.05,
    "skin": "Storm",
    "weapon": "MP9",
    "short": "MP9 | Storm",
    "name": "MP9 | Storm (Field-Tested)",
    "src": "https://steamcdn-a.akamaihd.net/apps/730/icons/econ/default_generated/weapon_mp9_so_stormfront_light_large.7ba67d4546c43cb6dfb9e46eb68d23d5b57471ae.png",
    "type": "skin",
    "rarity": 0,
    "price": 11
  },
  "MP9 | Storm (Well-Worn)": {
    "quality": 2,
    "weight": 0.05,
    "skin": "Storm",
    "weapon": "MP9",
    "short": "MP9 | Storm",
    "name": "MP9 | Storm (Well-Worn)",
    "src": "https://steamcdn-a.akamaihd.net/apps/730/icons/econ/default_generated/weapon_mp9_so_stormfront_light_large.7ba67d4546c43cb6dfb9e46eb68d23d5b57471ae.png",
    "type": "skin",
    "rarity": 0,
    "price": 464
  },
  "MP9 | Storm (Battle-Scarred)": {
    "quality": 1,
    "weight": 0.05,
    "skin": "Storm",
    "weapon": "MP9",
    "short": "MP9 | Storm",
    "name": "MP9 | Storm (Battle-Scarred)",
    "src": "https://steamcdn-a.akamaihd.net/apps/730/icons/econ/default_generated/weapon_mp9_so_stormfront_light_large.7ba67d4546c43cb6dfb9e46eb68d23d5b57471ae.png",
    "type": "skin",
    "rarity": 0,
    "price": 20
  },
  "Souvenir MP9 | Storm (Factory New)": {
    "souvenir": true,
    "quality": 5,
    "weight": 0.05,
    "skin": "Storm",
    "weapon": "MP9",
    "short": "MP9 | Storm",
    "name": "Souvenir MP9 | Storm (Factory New)",
    "src": "https://steamcdn-a.akamaihd.net/apps/730/icons/econ/default_generated/weapon_mp9_so_stormfront_light_large.7ba67d4546c43cb6dfb9e46eb68d23d5b57471ae.png",
    "type": "skin",
    "rarity": 0,
    "price": 596
  },
  "Souvenir MP9 | Storm (Minimal Wear)": {
    "souvenir": true,
    "quality": 4,
    "weight": 0.05,
    "skin": "Storm",
    "weapon": "MP9",
    "short": "MP9 | Storm",
    "name": "Souvenir MP9 | Storm (Minimal Wear)",
    "src": "https://steamcdn-a.akamaihd.net/apps/730/icons/econ/default_generated/weapon_mp9_so_stormfront_light_large.7ba67d4546c43cb6dfb9e46eb68d23d5b57471ae.png",
    "type": "skin",
    "rarity": 0,
    "price": 86
  },
  "Souvenir MP9 | Storm (Field-Tested)": {
    "souvenir": true,
    "quality": 3,
    "weight": 0.05,
    "skin": "Storm",
    "weapon": "MP9",
    "short": "MP9 | Storm",
    "name": "Souvenir MP9 | Storm (Field-Tested)",
    "src": "https://steamcdn-a.akamaihd.net/apps/730/icons/econ/default_generated/weapon_mp9_so_stormfront_light_large.7ba67d4546c43cb6dfb9e46eb68d23d5b57471ae.png",
    "type": "skin",
    "rarity": 0,
    "price": 16
  },
  "Souvenir MP9 | Storm (Well-Worn)": {
    "souvenir": true,
    "quality": 2,
    "weight": 0.05,
    "skin": "Storm",
    "weapon": "MP9",
    "short": "MP9 | Storm",
    "name": "Souvenir MP9 | Storm (Well-Worn)",
    "src": "https://steamcdn-a.akamaihd.net/apps/730/icons/econ/default_generated/weapon_mp9_so_stormfront_light_large.7ba67d4546c43cb6dfb9e46eb68d23d5b57471ae.png",
    "type": "skin",
    "rarity": 0,
    "price": 21
  },
  "Souvenir MP9 | Storm (Battle-Scarred)": {
    "souvenir": true,
    "quality": 1,
    "weight": 0.05,
    "skin": "Storm",
    "weapon": "MP9",
    "short": "MP9 | Storm",
    "name": "Souvenir MP9 | Storm (Battle-Scarred)",
    "src": "https://steamcdn-a.akamaihd.net/apps/730/icons/econ/default_generated/weapon_mp9_so_stormfront_light_large.7ba67d4546c43cb6dfb9e46eb68d23d5b57471ae.png",
    "type": "skin",
    "rarity": 0,
    "price": 15
  },
  "MP9 | Storm": {
    "souvenirAvailable": true,
    "masterItem": true,
    "qualities": [5, 4, 3, 2, 1],
    "skin": "Storm",
    "weapon": "MP9",
    "short": "MP9 | Storm",
    "name": "MP9 | Storm",
    "src": "https://steamcdn-a.akamaihd.net/apps/730/icons/econ/default_generated/weapon_mp9_so_stormfront_light_large.7ba67d4546c43cb6dfb9e46eb68d23d5b57471ae.png",
    "type": "skin",
    "rarity": 0,
    "price": 596,
    "minPrice": 11
  },
  "P2000 | Grassland (Factory New)": {
    "quality": 5,
    "weight": 0.05,
    "skin": "Grassland",
    "weapon": "P2000",
    "short": "P2000 | Grassland",
    "name": "P2000 | Grassland (Factory New)",
    "src": "https://steamcdn-a.akamaihd.net/apps/730/icons/econ/default_generated/weapon_hkp2000_so_grassland_light_large.c2c8cd99960f57e1e4eeb1261dfaf3006e672577.png",
    "type": "skin",
    "rarity": 1,
    "price": 438
  },
  "P2000 | Grassland (Minimal Wear)": {
    "quality": 4,
    "weight": 0.05,
    "skin": "Grassland",
    "weapon": "P2000",
    "short": "P2000 | Grassland",
    "name": "P2000 | Grassland (Minimal Wear)",
    "src": "https://steamcdn-a.akamaihd.net/apps/730/icons/econ/default_generated/weapon_hkp2000_so_grassland_light_large.c2c8cd99960f57e1e4eeb1261dfaf3006e672577.png",
    "type": "skin",
    "rarity": 1,
    "price": 101
  },
  "P2000 | Grassland (Field-Tested)": {
    "quality": 3,
    "weight": 0.05,
    "skin": "Grassland",
    "weapon": "P2000",
    "short": "P2000 | Grassland",
    "name": "P2000 | Grassland (Field-Tested)",
    "src": "https://steamcdn-a.akamaihd.net/apps/730/icons/econ/default_generated/weapon_hkp2000_so_grassland_light_large.c2c8cd99960f57e1e4eeb1261dfaf3006e672577.png",
    "type": "skin",
    "rarity": 1,
    "price": 54
  },
  "P2000 | Grassland (Well-Worn)": {
    "quality": 2,
    "weight": 0.05,
    "skin": "Grassland",
    "weapon": "P2000",
    "short": "P2000 | Grassland",
    "name": "P2000 | Grassland (Well-Worn)",
    "src": "https://steamcdn-a.akamaihd.net/apps/730/icons/econ/default_generated/weapon_hkp2000_so_grassland_light_large.c2c8cd99960f57e1e4eeb1261dfaf3006e672577.png",
    "type": "skin",
    "rarity": 1,
    "price": 55
  },
  "P2000 | Grassland (Battle-Scarred)": {
    "quality": 1,
    "weight": 0.05,
    "skin": "Grassland",
    "weapon": "P2000",
    "short": "P2000 | Grassland",
    "name": "P2000 | Grassland (Battle-Scarred)",
    "src": "https://steamcdn-a.akamaihd.net/apps/730/icons/econ/default_generated/weapon_hkp2000_so_grassland_light_large.c2c8cd99960f57e1e4eeb1261dfaf3006e672577.png",
    "type": "skin",
    "rarity": 1,
    "price": 65
  },
  "Souvenir P2000 | Grassland (Factory New)": {
    "souvenir": true,
    "quality": 5,
    "weight": 0.05,
    "skin": "Grassland",
    "weapon": "P2000",
    "short": "P2000 | Grassland",
    "name": "Souvenir P2000 | Grassland (Factory New)",
    "src": "https://steamcdn-a.akamaihd.net/apps/730/icons/econ/default_generated/weapon_hkp2000_so_grassland_light_large.c2c8cd99960f57e1e4eeb1261dfaf3006e672577.png",
    "type": "skin",
    "rarity": 1,
    "price": 894
  },
  "Souvenir P2000 | Grassland (Minimal Wear)": {
    "souvenir": true,
    "quality": 4,
    "weight": 0.05,
    "skin": "Grassland",
    "weapon": "P2000",
    "short": "P2000 | Grassland",
    "name": "Souvenir P2000 | Grassland (Minimal Wear)",
    "src": "https://steamcdn-a.akamaihd.net/apps/730/icons/econ/default_generated/weapon_hkp2000_so_grassland_light_large.c2c8cd99960f57e1e4eeb1261dfaf3006e672577.png",
    "type": "skin",
    "rarity": 1,
    "price": 81
  },
  "Souvenir P2000 | Grassland (Field-Tested)": {
    "souvenir": true,
    "quality": 3,
    "weight": 0.05,
    "skin": "Grassland",
    "weapon": "P2000",
    "short": "P2000 | Grassland",
    "name": "Souvenir P2000 | Grassland (Field-Tested)",
    "src": "https://steamcdn-a.akamaihd.net/apps/730/icons/econ/default_generated/weapon_hkp2000_so_grassland_light_large.c2c8cd99960f57e1e4eeb1261dfaf3006e672577.png",
    "type": "skin",
    "rarity": 1,
    "price": 23
  },
  "Souvenir P2000 | Grassland (Well-Worn)": {
    "souvenir": true,
    "quality": 2,
    "weight": 0.05,
    "skin": "Grassland",
    "weapon": "P2000",
    "short": "P2000 | Grassland",
    "name": "Souvenir P2000 | Grassland (Well-Worn)",
    "src": "https://steamcdn-a.akamaihd.net/apps/730/icons/econ/default_generated/weapon_hkp2000_so_grassland_light_large.c2c8cd99960f57e1e4eeb1261dfaf3006e672577.png",
    "type": "skin",
    "rarity": 1,
    "price": 33
  },
  "Souvenir P2000 | Grassland (Battle-Scarred)": {
    "souvenir": true,
    "quality": 1,
    "weight": 0.05,
    "skin": "Grassland",
    "weapon": "P2000",
    "short": "P2000 | Grassland",
    "name": "Souvenir P2000 | Grassland (Battle-Scarred)",
    "src": "https://steamcdn-a.akamaihd.net/apps/730/icons/econ/default_generated/weapon_hkp2000_so_grassland_light_large.c2c8cd99960f57e1e4eeb1261dfaf3006e672577.png",
    "type": "skin",
    "rarity": 1,
    "price": 31
  },
  "P2000 | Grassland": {
    "souvenirAvailable": true,
    "masterItem": true,
    "qualities": [5, 4, 3, 2, 1],
    "skin": "Grassland",
    "weapon": "P2000",
    "short": "P2000 | Grassland",
    "name": "P2000 | Grassland",
    "src": "https://steamcdn-a.akamaihd.net/apps/730/icons/econ/default_generated/weapon_hkp2000_so_grassland_light_large.c2c8cd99960f57e1e4eeb1261dfaf3006e672577.png",
    "type": "skin",
    "rarity": 1,
    "price": 894,
    "minPrice": 23
  },
  "MP7 | Gunsmoke (Factory New)": {
    "quality": 5,
    "weight": 0.05,
    "skin": "Gunsmoke",
    "weapon": "MP7",
    "short": "MP7 | Gunsmoke",
    "name": "MP7 | Gunsmoke (Factory New)",
    "src": "https://steamcdn-a.akamaihd.net/apps/730/icons/econ/default_generated/weapon_mp7_hy_gelpen_light_large.e19dd688c21ae094ffc3649e80ee1c1f0959125a.png",
    "type": "skin",
    "rarity": 1,
    "price": 388
  },
  "MP7 | Gunsmoke (Minimal Wear)": {
    "quality": 4,
    "weight": 0.05,
    "skin": "Gunsmoke",
    "weapon": "MP7",
    "short": "MP7 | Gunsmoke",
    "name": "MP7 | Gunsmoke (Minimal Wear)",
    "src": "https://steamcdn-a.akamaihd.net/apps/730/icons/econ/default_generated/weapon_mp7_hy_gelpen_light_large.e19dd688c21ae094ffc3649e80ee1c1f0959125a.png",
    "type": "skin",
    "rarity": 1,
    "price": 81
  },
  "MP7 | Gunsmoke (Field-Tested)": {
    "quality": 3,
    "weight": 0.05,
    "skin": "Gunsmoke",
    "weapon": "MP7",
    "short": "MP7 | Gunsmoke",
    "name": "MP7 | Gunsmoke (Field-Tested)",
    "src": "https://steamcdn-a.akamaihd.net/apps/730/icons/econ/default_generated/weapon_mp7_hy_gelpen_light_large.e19dd688c21ae094ffc3649e80ee1c1f0959125a.png",
    "type": "skin",
    "rarity": 1,
    "price": 53
  },
  "MP7 | Gunsmoke (Well-Worn)": {
    "quality": 2,
    "weight": 0.05,
    "skin": "Gunsmoke",
    "weapon": "MP7",
    "short": "MP7 | Gunsmoke",
    "name": "MP7 | Gunsmoke (Well-Worn)",
    "src": "https://steamcdn-a.akamaihd.net/apps/730/icons/econ/default_generated/weapon_mp7_hy_gelpen_light_large.e19dd688c21ae094ffc3649e80ee1c1f0959125a.png",
    "type": "skin",
    "rarity": 1,
    "price": 52
  },
  "MP7 | Gunsmoke (Battle-Scarred)": {
    "quality": 1,
    "weight": 0.05,
    "skin": "Gunsmoke",
    "weapon": "MP7",
    "short": "MP7 | Gunsmoke",
    "name": "MP7 | Gunsmoke (Battle-Scarred)",
    "src": "https://steamcdn-a.akamaihd.net/apps/730/icons/econ/default_generated/weapon_mp7_hy_gelpen_light_large.e19dd688c21ae094ffc3649e80ee1c1f0959125a.png",
    "type": "skin",
    "rarity": 1,
    "price": 52
  },
  "Souvenir MP7 | Gunsmoke (Factory New)": {
    "souvenir": true,
    "quality": 5,
    "weight": 0.05,
    "skin": "Gunsmoke",
    "weapon": "MP7",
    "short": "MP7 | Gunsmoke",
    "name": "Souvenir MP7 | Gunsmoke (Factory New)",
    "src": "https://steamcdn-a.akamaihd.net/apps/730/icons/econ/default_generated/weapon_mp7_hy_gelpen_light_large.e19dd688c21ae094ffc3649e80ee1c1f0959125a.png",
    "type": "skin",
    "rarity": 1,
    "price": 865
  },
  "Souvenir MP7 | Gunsmoke (Minimal Wear)": {
    "souvenir": true,
    "quality": 4,
    "weight": 0.05,
    "skin": "Gunsmoke",
    "weapon": "MP7",
    "short": "MP7 | Gunsmoke",
    "name": "Souvenir MP7 | Gunsmoke (Minimal Wear)",
    "src": "https://steamcdn-a.akamaihd.net/apps/730/icons/econ/default_generated/weapon_mp7_hy_gelpen_light_large.e19dd688c21ae094ffc3649e80ee1c1f0959125a.png",
    "type": "skin",
    "rarity": 1,
    "price": 159
  },
  "Souvenir MP7 | Gunsmoke (Field-Tested)": {
    "souvenir": true,
    "quality": 3,
    "weight": 0.05,
    "skin": "Gunsmoke",
    "weapon": "MP7",
    "short": "MP7 | Gunsmoke",
    "name": "Souvenir MP7 | Gunsmoke (Field-Tested)",
    "src": "https://steamcdn-a.akamaihd.net/apps/730/icons/econ/default_generated/weapon_mp7_hy_gelpen_light_large.e19dd688c21ae094ffc3649e80ee1c1f0959125a.png",
    "type": "skin",
    "rarity": 1,
    "price": 36
  },
  "Souvenir MP7 | Gunsmoke (Well-Worn)": {
    "souvenir": true,
    "quality": 2,
    "weight": 0.05,
    "skin": "Gunsmoke",
    "weapon": "MP7",
    "short": "MP7 | Gunsmoke",
    "name": "Souvenir MP7 | Gunsmoke (Well-Worn)",
    "src": "https://steamcdn-a.akamaihd.net/apps/730/icons/econ/default_generated/weapon_mp7_hy_gelpen_light_large.e19dd688c21ae094ffc3649e80ee1c1f0959125a.png",
    "type": "skin",
    "rarity": 1,
    "price": 55
  },
  "Souvenir MP7 | Gunsmoke (Battle-Scarred)": {
    "souvenir": true,
    "quality": 1,
    "weight": 0.05,
    "skin": "Gunsmoke",
    "weapon": "MP7",
    "short": "MP7 | Gunsmoke",
    "name": "Souvenir MP7 | Gunsmoke (Battle-Scarred)",
    "src": "https://steamcdn-a.akamaihd.net/apps/730/icons/econ/default_generated/weapon_mp7_hy_gelpen_light_large.e19dd688c21ae094ffc3649e80ee1c1f0959125a.png",
    "type": "skin",
    "rarity": 1,
    "price": 49
  },
  "MP7 | Gunsmoke": {
    "souvenirAvailable": true,
    "masterItem": true,
    "qualities": [5, 4, 3, 2, 1],
    "skin": "Gunsmoke",
    "weapon": "MP7",
    "short": "MP7 | Gunsmoke",
    "name": "MP7 | Gunsmoke",
    "src": "https://steamcdn-a.akamaihd.net/apps/730/icons/econ/default_generated/weapon_mp7_hy_gelpen_light_large.e19dd688c21ae094ffc3649e80ee1c1f0959125a.png",
    "type": "skin",
    "rarity": 1,
    "price": 865,
    "minPrice": 36
  },
  "M249 | Contrast Spray (Factory New)": {
    "quality": 5,
    "weight": 0.05,
    "skin": "Contrast Spray",
    "weapon": "M249",
    "short": "M249 | Contrast Spray",
    "name": "M249 | Contrast Spray (Factory New)",
    "src": "https://steamcdn-a.akamaihd.net/apps/730/icons/econ/default_generated/weapon_m249_sp_spray_light_large.1954bdc0dc1e10eebeece7f34e2b9f8e51596d55.png",
    "type": "skin",
    "rarity": 0,
    "price": 245
  },
  "M249 | Contrast Spray (Minimal Wear)": {
    "quality": 4,
    "weight": 0.05,
    "skin": "Contrast Spray",
    "weapon": "M249",
    "short": "M249 | Contrast Spray",
    "name": "M249 | Contrast Spray (Minimal Wear)",
    "src": "https://steamcdn-a.akamaihd.net/apps/730/icons/econ/default_generated/weapon_m249_sp_spray_light_large.1954bdc0dc1e10eebeece7f34e2b9f8e51596d55.png",
    "type": "skin",
    "rarity": 0,
    "price": 22
  },
  "M249 | Contrast Spray (Field-Tested)": {
    "quality": 3,
    "weight": 0.05,
    "skin": "Contrast Spray",
    "weapon": "M249",
    "short": "M249 | Contrast Spray",
    "name": "M249 | Contrast Spray (Field-Tested)",
    "src": "https://steamcdn-a.akamaihd.net/apps/730/icons/econ/default_generated/weapon_m249_sp_spray_light_large.1954bdc0dc1e10eebeece7f34e2b9f8e51596d55.png",
    "type": "skin",
    "rarity": 0,
    "price": 10
  },
  "M249 | Contrast Spray (Well-Worn)": {
    "quality": 2,
    "weight": 0.05,
    "skin": "Contrast Spray",
    "weapon": "M249",
    "short": "M249 | Contrast Spray",
    "name": "M249 | Contrast Spray (Well-Worn)",
    "src": "https://steamcdn-a.akamaihd.net/apps/730/icons/econ/default_generated/weapon_m249_sp_spray_light_large.1954bdc0dc1e10eebeece7f34e2b9f8e51596d55.png",
    "type": "skin",
    "rarity": 0,
    "price": 81
  },
  "M249 | Contrast Spray (Battle-Scarred)": {
    "quality": 1,
    "weight": 0.05,
    "skin": "Contrast Spray",
    "weapon": "M249",
    "short": "M249 | Contrast Spray",
    "name": "M249 | Contrast Spray (Battle-Scarred)",
    "src": "https://steamcdn-a.akamaihd.net/apps/730/icons/econ/default_generated/weapon_m249_sp_spray_light_large.1954bdc0dc1e10eebeece7f34e2b9f8e51596d55.png",
    "type": "skin",
    "rarity": 0,
    "price": 9
  },
  "Souvenir M249 | Contrast Spray (Factory New)": {
    "souvenir": true,
    "quality": 5,
    "weight": 0.05,
    "skin": "Contrast Spray",
    "weapon": "M249",
    "short": "M249 | Contrast Spray",
    "name": "Souvenir M249 | Contrast Spray (Factory New)",
    "src": "https://steamcdn-a.akamaihd.net/apps/730/icons/econ/default_generated/weapon_m249_sp_spray_light_large.1954bdc0dc1e10eebeece7f34e2b9f8e51596d55.png",
    "type": "skin",
    "rarity": 0,
    "price": 226
  },
  "Souvenir M249 | Contrast Spray (Minimal Wear)": {
    "souvenir": true,
    "quality": 4,
    "weight": 0.05,
    "skin": "Contrast Spray",
    "weapon": "M249",
    "short": "M249 | Contrast Spray",
    "name": "Souvenir M249 | Contrast Spray (Minimal Wear)",
    "src": "https://steamcdn-a.akamaihd.net/apps/730/icons/econ/default_generated/weapon_m249_sp_spray_light_large.1954bdc0dc1e10eebeece7f34e2b9f8e51596d55.png",
    "type": "skin",
    "rarity": 0,
    "price": 23
  },
  "Souvenir M249 | Contrast Spray (Field-Tested)": {
    "souvenir": true,
    "quality": 3,
    "weight": 0.05,
    "skin": "Contrast Spray",
    "weapon": "M249",
    "short": "M249 | Contrast Spray",
    "name": "Souvenir M249 | Contrast Spray (Field-Tested)",
    "src": "https://steamcdn-a.akamaihd.net/apps/730/icons/econ/default_generated/weapon_m249_sp_spray_light_large.1954bdc0dc1e10eebeece7f34e2b9f8e51596d55.png",
    "type": "skin",
    "rarity": 0,
    "price": 11
  },
  "Souvenir M249 | Contrast Spray (Well-Worn)": {
    "souvenir": true,
    "quality": 2,
    "weight": 0.05,
    "skin": "Contrast Spray",
    "weapon": "M249",
    "short": "M249 | Contrast Spray",
    "name": "Souvenir M249 | Contrast Spray (Well-Worn)",
    "src": "https://steamcdn-a.akamaihd.net/apps/730/icons/econ/default_generated/weapon_m249_sp_spray_light_large.1954bdc0dc1e10eebeece7f34e2b9f8e51596d55.png",
    "type": "skin",
    "rarity": 0,
    "price": 11
  },
  "Souvenir M249 | Contrast Spray (Battle-Scarred)": {
    "souvenir": true,
    "quality": 1,
    "weight": 0.05,
    "skin": "Contrast Spray",
    "weapon": "M249",
    "short": "M249 | Contrast Spray",
    "name": "Souvenir M249 | Contrast Spray (Battle-Scarred)",
    "src": "https://steamcdn-a.akamaihd.net/apps/730/icons/econ/default_generated/weapon_m249_sp_spray_light_large.1954bdc0dc1e10eebeece7f34e2b9f8e51596d55.png",
    "type": "skin",
    "rarity": 0,
    "price": 11
  },
  "M249 | Contrast Spray": {
    "souvenirAvailable": true,
    "masterItem": true,
    "qualities": [5, 4, 3, 2, 1],
    "skin": "Contrast Spray",
    "weapon": "M249",
    "short": "M249 | Contrast Spray",
    "name": "M249 | Contrast Spray",
    "src": "https://steamcdn-a.akamaihd.net/apps/730/icons/econ/default_generated/weapon_m249_sp_spray_light_large.1954bdc0dc1e10eebeece7f34e2b9f8e51596d55.png",
    "type": "skin",
    "rarity": 0,
    "price": 245,
    "minPrice": 9
  },
  "Desert Eagle | Urban DDPAT (Factory New)": {
    "quality": 5,
    "weight": 0.05,
    "skin": "Urban DDPAT",
    "weapon": "Desert Eagle",
    "short": "Desert Eagle | Urban DDPAT",
    "name": "Desert Eagle | Urban DDPAT (Factory New)",
    "src": "https://steamcdn-a.akamaihd.net/apps/730/icons/econ/default_generated/weapon_deagle_hy_ddpat_urb_light_large.06af0cb0e08490f1fba17acd1b9c98978745c213.png",
    "type": "skin",
    "rarity": 1,
    "price": 1096
  },
  "Desert Eagle | Urban DDPAT (Minimal Wear)": {
    "quality": 4,
    "weight": 0.05,
    "skin": "Urban DDPAT",
    "weapon": "Desert Eagle",
    "short": "Desert Eagle | Urban DDPAT",
    "name": "Desert Eagle | Urban DDPAT (Minimal Wear)",
    "src": "https://steamcdn-a.akamaihd.net/apps/730/icons/econ/default_generated/weapon_deagle_hy_ddpat_urb_light_large.06af0cb0e08490f1fba17acd1b9c98978745c213.png",
    "type": "skin",
    "rarity": 1,
    "price": 128
  },
  "Desert Eagle | Urban DDPAT (Field-Tested)": {
    "quality": 3,
    "weight": 0.05,
    "skin": "Urban DDPAT",
    "weapon": "Desert Eagle",
    "short": "Desert Eagle | Urban DDPAT",
    "name": "Desert Eagle | Urban DDPAT (Field-Tested)",
    "src": "https://steamcdn-a.akamaihd.net/apps/730/icons/econ/default_generated/weapon_deagle_hy_ddpat_urb_light_large.06af0cb0e08490f1fba17acd1b9c98978745c213.png",
    "type": "skin",
    "rarity": 1,
    "price": 52
  },
  "Desert Eagle | Urban DDPAT (Well-Worn)": {
    "quality": 2,
    "weight": 0.05,
    "skin": "Urban DDPAT",
    "weapon": "Desert Eagle",
    "short": "Desert Eagle | Urban DDPAT",
    "name": "Desert Eagle | Urban DDPAT (Well-Worn)",
    "src": "https://steamcdn-a.akamaihd.net/apps/730/icons/econ/default_generated/weapon_deagle_hy_ddpat_urb_light_large.06af0cb0e08490f1fba17acd1b9c98978745c213.png",
    "type": "skin",
    "rarity": 1,
    "price": 52
  },
  "Desert Eagle | Urban DDPAT (Battle-Scarred)": {
    "quality": 1,
    "weight": 0.05,
    "skin": "Urban DDPAT",
    "weapon": "Desert Eagle",
    "short": "Desert Eagle | Urban DDPAT",
    "name": "Desert Eagle | Urban DDPAT (Battle-Scarred)",
    "src": "https://steamcdn-a.akamaihd.net/apps/730/icons/econ/default_generated/weapon_deagle_hy_ddpat_urb_light_large.06af0cb0e08490f1fba17acd1b9c98978745c213.png",
    "type": "skin",
    "rarity": 1,
    "price": 63
  },
  "Souvenir Desert Eagle | Urban DDPAT (Factory New)": {
    "souvenir": true,
    "quality": 5,
    "weight": 0.05,
    "skin": "Urban DDPAT",
    "weapon": "Desert Eagle",
    "short": "Desert Eagle | Urban DDPAT",
    "name": "Souvenir Desert Eagle | Urban DDPAT (Factory New)",
    "src": "https://steamcdn-a.akamaihd.net/apps/730/icons/econ/default_generated/weapon_deagle_hy_ddpat_urb_light_large.06af0cb0e08490f1fba17acd1b9c98978745c213.png",
    "type": "skin",
    "rarity": 1,
    "price": 4031
  },
  "Souvenir Desert Eagle | Urban DDPAT (Minimal Wear)": {
    "souvenir": true,
    "quality": 4,
    "weight": 0.05,
    "skin": "Urban DDPAT",
    "weapon": "Desert Eagle",
    "short": "Desert Eagle | Urban DDPAT",
    "name": "Souvenir Desert Eagle | Urban DDPAT (Minimal Wear)",
    "src": "https://steamcdn-a.akamaihd.net/apps/730/icons/econ/default_generated/weapon_deagle_hy_ddpat_urb_light_large.06af0cb0e08490f1fba17acd1b9c98978745c213.png",
    "type": "skin",
    "rarity": 1,
    "price": 553
  },
  "Souvenir Desert Eagle | Urban DDPAT (Field-Tested)": {
    "souvenir": true,
    "quality": 3,
    "weight": 0.05,
    "skin": "Urban DDPAT",
    "weapon": "Desert Eagle",
    "short": "Desert Eagle | Urban DDPAT",
    "name": "Souvenir Desert Eagle | Urban DDPAT (Field-Tested)",
    "src": "https://steamcdn-a.akamaihd.net/apps/730/icons/econ/default_generated/weapon_deagle_hy_ddpat_urb_light_large.06af0cb0e08490f1fba17acd1b9c98978745c213.png",
    "type": "skin",
    "rarity": 1,
    "price": 219
  },
  "Souvenir Desert Eagle | Urban DDPAT (Well-Worn)": {
    "souvenir": true,
    "quality": 2,
    "weight": 0.05,
    "skin": "Urban DDPAT",
    "weapon": "Desert Eagle",
    "short": "Desert Eagle | Urban DDPAT",
    "name": "Souvenir Desert Eagle | Urban DDPAT (Well-Worn)",
    "src": "https://steamcdn-a.akamaihd.net/apps/730/icons/econ/default_generated/weapon_deagle_hy_ddpat_urb_light_large.06af0cb0e08490f1fba17acd1b9c98978745c213.png",
    "type": "skin",
    "rarity": 1,
    "price": 251
  },
  "Souvenir Desert Eagle | Urban DDPAT (Battle-Scarred)": {
    "souvenir": true,
    "quality": 1,
    "weight": 0.05,
    "skin": "Urban DDPAT",
    "weapon": "Desert Eagle",
    "short": "Desert Eagle | Urban DDPAT",
    "name": "Souvenir Desert Eagle | Urban DDPAT (Battle-Scarred)",
    "src": "https://steamcdn-a.akamaihd.net/apps/730/icons/econ/default_generated/weapon_deagle_hy_ddpat_urb_light_large.06af0cb0e08490f1fba17acd1b9c98978745c213.png",
    "type": "skin",
    "rarity": 1,
    "price": 347
  },
  "Desert Eagle | Urban DDPAT": {
    "souvenirAvailable": true,
    "masterItem": true,
    "qualities": [5, 4, 3, 2, 1],
    "skin": "Urban DDPAT",
    "weapon": "Desert Eagle",
    "short": "Desert Eagle | Urban DDPAT",
    "name": "Desert Eagle | Urban DDPAT",
    "src": "https://steamcdn-a.akamaihd.net/apps/730/icons/econ/default_generated/weapon_deagle_hy_ddpat_urb_light_large.06af0cb0e08490f1fba17acd1b9c98978745c213.png",
    "type": "skin",
    "rarity": 1,
    "price": 4031,
    "minPrice": 52
  }
}