{
  "The Rising Sun Collection": {
    "name": "The Rising Sun Collection",
    "src": "images/items/collections/risingsun.webp",
    "price": 10493,
    "type": "case",
    "rarity": 0,
    "content": {
      "items": [
        "Desert Eagle | Sunset Storm 弐 (Factory New)", "Desert Eagle | Sunset Storm 弐 (Minimal Wear)",
        "Desert Eagle | Sunset Storm 弐 (Field-Tested)", "Desert Eagle | Sunset Storm 弐 (Well-Worn)",
        "Desert Eagle | Sunset Storm 弐 (Battle-Scarred)", "AK-47 | Hydroponic (Factory New)",
        "AK-47 | Hydroponic (Minimal Wear)", "AK-47 | Hydroponic (Field-Tested)", "AK-47 | Hydroponic (Well-Worn)",
        "AK-47 | Hydroponic (Battle-Scarred)", "M4A4 | Daybreak (Factory New)", "M4A4 | Daybreak (Minimal Wear)",
        "M4A4 | Daybreak (Field-Tested)", "M4A4 | Daybreak (Well-Worn)", "M4A4 | Daybreak (Battle-Scarred)",
        "AUG | Akihabara Accept (Factory New)", "AUG | Akihabara Accept (Minimal Wear)",
        "AUG | Akihabara Accept (Field-Tested)", "AUG | Akihabara Accept (Well-Worn)",
        "AUG | Akihabara Accept (Battle-Scarred)", "Five-SeveN | Neon Kimono (Factory New)",
        "Five-SeveN | Neon Kimono (Minimal Wear)", "Five-SeveN | Neon Kimono (Field-Tested)",
        "Five-SeveN | Neon Kimono (Well-Worn)", "Five-SeveN | Neon Kimono (Battle-Scarred)",
        "P250 | Crimson Kimono (Factory New)", "P250 | Crimson Kimono (Minimal Wear)",
        "P250 | Crimson Kimono (Field-Tested)", "P250 | Crimson Kimono (Well-Worn)",
        "P250 | Crimson Kimono (Battle-Scarred)", "Tec-9 | Bamboo Forest (Factory New)",
        "Tec-9 | Bamboo Forest (Minimal Wear)", "Tec-9 | Bamboo Forest (Field-Tested)",
        "Tec-9 | Bamboo Forest (Well-Worn)", "Tec-9 | Bamboo Forest (Battle-Scarred)",
        "P250 | Mint Kimono (Factory New)", "P250 | Mint Kimono (Minimal Wear)", "P250 | Mint Kimono (Field-Tested)",
        "P250 | Mint Kimono (Well-Worn)", "P250 | Mint Kimono (Battle-Scarred)", "G3SG1 | Orange Kimono (Factory New)",
        "G3SG1 | Orange Kimono (Minimal Wear)", "G3SG1 | Orange Kimono (Field-Tested)",
        "G3SG1 | Orange Kimono (Well-Worn)", "G3SG1 | Orange Kimono (Battle-Scarred)",
        "MAG-7 | Counter Terrace (Factory New)", "MAG-7 | Counter Terrace (Minimal Wear)",
        "MAG-7 | Counter Terrace (Field-Tested)", "MAG-7 | Counter Terrace (Well-Worn)",
        "MAG-7 | Counter Terrace (Battle-Scarred)", "Desert Eagle | Sunset Storm 壱 (Factory New)",
        "Desert Eagle | Sunset Storm 壱 (Minimal Wear)", "Desert Eagle | Sunset Storm 壱 (Field-Tested)",
        "Desert Eagle | Sunset Storm 壱 (Well-Worn)", "Desert Eagle | Sunset Storm 壱 (Battle-Scarred)",
        "PP-Bizon | Bamboo Print (Factory New)", "PP-Bizon | Bamboo Print (Minimal Wear)",
        "PP-Bizon | Bamboo Print (Field-Tested)", "PP-Bizon | Bamboo Print (Well-Worn)",
        "PP-Bizon | Bamboo Print (Battle-Scarred)", "Desert Eagle | Midnight Storm (Factory New)",
        "Desert Eagle | Midnight Storm (Minimal Wear)", "Desert Eagle | Midnight Storm (Field-Tested)",
        "Desert Eagle | Midnight Storm (Well-Worn)", "Desert Eagle | Midnight Storm (Battle-Scarred)",
        "Sawed-Off | Bamboo Shadow (Factory New)", "Sawed-Off | Bamboo Shadow (Minimal Wear)",
        "Sawed-Off | Bamboo Shadow (Field-Tested)", "Sawed-Off | Bamboo Shadow (Well-Worn)",
        "Sawed-Off | Bamboo Shadow (Battle-Scarred)", "Tec-9 | Terrace (Factory New)", "Tec-9 | Terrace (Minimal Wear)",
        "Tec-9 | Terrace (Field-Tested)", "Tec-9 | Terrace (Well-Worn)", "Tec-9 | Terrace (Battle-Scarred)",
        "Galil AR | Aqua Terrace (Factory New)", "Galil AR | Aqua Terrace (Minimal Wear)",
        "Galil AR | Aqua Terrace (Field-Tested)", "Galil AR | Aqua Terrace (Well-Worn)",
        "Galil AR | Aqua Terrace (Battle-Scarred)"
      ]
    }
  },
  "Desert Eagle | Sunset Storm 弐 (Factory New)": {
    "quality": 5,
    "weight": 0.05,
    "skin": "Sunset Storm 弐",
    "weapon": "Desert Eagle",
    "short": "Desert Eagle | Sunset Storm 弐",
    "name": "Desert Eagle | Sunset Storm 弐 (Factory New)",
    "src": "https://steamcdn-a.akamaihd.net/apps/730/icons/econ/default_generated/weapon_deagle_am_seastorm_shojo_light_large.7df4fe386dac18ae2a8c3e50df7dfb9165dece83.png",
    "type": "skin",
    "rarity": 3,
    "price": 15814
  },
  "Desert Eagle | Sunset Storm 弐 (Minimal Wear)": {
    "quality": 4,
    "weight": 0.05,
    "skin": "Sunset Storm 弐",
    "weapon": "Desert Eagle",
    "short": "Desert Eagle | Sunset Storm 弐",
    "name": "Desert Eagle | Sunset Storm 弐 (Minimal Wear)",
    "src": "https://steamcdn-a.akamaihd.net/apps/730/icons/econ/default_generated/weapon_deagle_am_seastorm_shojo_light_large.7df4fe386dac18ae2a8c3e50df7dfb9165dece83.png",
    "type": "skin",
    "rarity": 3,
    "price": 15978
  },
  "Desert Eagle | Sunset Storm 弐 (Field-Tested)": {
    "quality": 3,
    "weight": 0.05,
    "skin": "Sunset Storm 弐",
    "weapon": "Desert Eagle",
    "short": "Desert Eagle | Sunset Storm 弐",
    "name": "Desert Eagle | Sunset Storm 弐 (Field-Tested)",
    "src": "https://steamcdn-a.akamaihd.net/apps/730/icons/econ/default_generated/weapon_deagle_am_seastorm_shojo_light_large.7df4fe386dac18ae2a8c3e50df7dfb9165dece83.png",
    "type": "skin",
    "rarity": 3,
    "price": 15207
  },
  "Desert Eagle | Sunset Storm 弐 (Well-Worn)": {
    "quality": 2,
    "weight": 0.05,
    "skin": "Sunset Storm 弐",
    "weapon": "Desert Eagle",
    "short": "Desert Eagle | Sunset Storm 弐",
    "name": "Desert Eagle | Sunset Storm 弐 (Well-Worn)",
    "src": "https://steamcdn-a.akamaihd.net/apps/730/icons/econ/default_generated/weapon_deagle_am_seastorm_shojo_light_large.7df4fe386dac18ae2a8c3e50df7dfb9165dece83.png",
    "type": "skin",
    "rarity": 3,
    "price": 629
  },
  "Desert Eagle | Sunset Storm 弐 (Battle-Scarred)": {
    "quality": 1,
    "weight": 0.05,
    "skin": "Sunset Storm 弐",
    "weapon": "Desert Eagle",
    "short": "Desert Eagle | Sunset Storm 弐",
    "name": "Desert Eagle | Sunset Storm 弐 (Battle-Scarred)",
    "src": "https://steamcdn-a.akamaihd.net/apps/730/icons/econ/default_generated/weapon_deagle_am_seastorm_shojo_light_large.7df4fe386dac18ae2a8c3e50df7dfb9165dece83.png",
    "type": "skin",
    "rarity": 3,
    "price": 11607
  },
  "Desert Eagle | Sunset Storm 弐": {
    "masterItem": true,
    "qualities": [5, 4, 3, 2, 1],
    "skin": "Sunset Storm 弐",
    "weapon": "Desert Eagle",
    "short": "Desert Eagle | Sunset Storm 弐",
    "name": "Desert Eagle | Sunset Storm 弐",
    "src": "https://steamcdn-a.akamaihd.net/apps/730/icons/econ/default_generated/weapon_deagle_am_seastorm_shojo_light_large.7df4fe386dac18ae2a8c3e50df7dfb9165dece83.png",
    "type": "skin",
    "rarity": 3,
    "price": 15978,
    "minPrice": 629
  },
  "AK-47 | Hydroponic (Factory New)": {
    "quality": 5,
    "weight": 0.05,
    "skin": "Hydroponic",
    "weapon": "AK-47",
    "short": "AK-47 | Hydroponic",
    "name": "AK-47 | Hydroponic (Factory New)",
    "src": "https://steamcdn-a.akamaihd.net/apps/730/icons/econ/default_generated/weapon_ak47_am_bamboo_jungle_light_large.98cd023e9d2207ad765b600b281352cbc5009051.png",
    "type": "skin",
    "rarity": 4,
    "price": 117065
  },
  "AK-47 | Hydroponic (Minimal Wear)": {
    "quality": 4,
    "weight": 0.05,
    "skin": "Hydroponic",
    "weapon": "AK-47",
    "short": "AK-47 | Hydroponic",
    "name": "AK-47 | Hydroponic (Minimal Wear)",
    "src": "https://steamcdn-a.akamaihd.net/apps/730/icons/econ/default_generated/weapon_ak47_am_bamboo_jungle_light_large.98cd023e9d2207ad765b600b281352cbc5009051.png",
    "type": "skin",
    "rarity": 4,
    "price": 84452
  },
  "AK-47 | Hydroponic (Field-Tested)": {
    "quality": 3,
    "weight": 0.05,
    "skin": "Hydroponic",
    "weapon": "AK-47",
    "short": "AK-47 | Hydroponic",
    "name": "AK-47 | Hydroponic (Field-Tested)",
    "src": "https://steamcdn-a.akamaihd.net/apps/730/icons/econ/default_generated/weapon_ak47_am_bamboo_jungle_light_large.98cd023e9d2207ad765b600b281352cbc5009051.png",
    "type": "skin",
    "rarity": 4,
    "price": 54174
  },
  "AK-47 | Hydroponic (Well-Worn)": {
    "quality": 2,
    "weight": 0.05,
    "skin": "Hydroponic",
    "weapon": "AK-47",
    "short": "AK-47 | Hydroponic",
    "name": "AK-47 | Hydroponic (Well-Worn)",
    "src": "https://steamcdn-a.akamaihd.net/apps/730/icons/econ/default_generated/weapon_ak47_am_bamboo_jungle_light_large.98cd023e9d2207ad765b600b281352cbc5009051.png",
    "type": "skin",
    "rarity": 4,
    "price": 1874
  },
  "AK-47 | Hydroponic (Battle-Scarred)": {
    "quality": 1,
    "weight": 0.05,
    "skin": "Hydroponic",
    "weapon": "AK-47",
    "short": "AK-47 | Hydroponic",
    "name": "AK-47 | Hydroponic (Battle-Scarred)",
    "src": "https://steamcdn-a.akamaihd.net/apps/730/icons/econ/default_generated/weapon_ak47_am_bamboo_jungle_light_large.98cd023e9d2207ad765b600b281352cbc5009051.png",
    "type": "skin",
    "rarity": 4,
    "price": 27890
  },
  "AK-47 | Hydroponic": {
    "masterItem": true,
    "qualities": [5, 4, 3, 2, 1],
    "skin": "Hydroponic",
    "weapon": "AK-47",
    "short": "AK-47 | Hydroponic",
    "name": "AK-47 | Hydroponic",
    "src": "https://steamcdn-a.akamaihd.net/apps/730/icons/econ/default_generated/weapon_ak47_am_bamboo_jungle_light_large.98cd023e9d2207ad765b600b281352cbc5009051.png",
    "type": "skin",
    "rarity": 4,
    "price": 117065,
    "minPrice": 1874
  },
  "M4A4 | Daybreak (Factory New)": {
    "quality": 5,
    "weight": 0.05,
    "skin": "Daybreak",
    "weapon": "M4A4",
    "short": "M4A4 | Daybreak",
    "name": "M4A4 | Daybreak (Factory New)",
    "src": "https://steamcdn-a.akamaihd.net/apps/730/icons/econ/default_generated/weapon_m4a1_am_kimono_sunrise_light_large.f4c4233632fed7004ab4666aeaceab53233cddd6.png",
    "type": "skin",
    "rarity": 3,
    "price": 14967
  },
  "M4A4 | Daybreak (Minimal Wear)": {
    "quality": 4,
    "weight": 0.05,
    "skin": "Daybreak",
    "weapon": "M4A4",
    "short": "M4A4 | Daybreak",
    "name": "M4A4 | Daybreak (Minimal Wear)",
    "src": "https://steamcdn-a.akamaihd.net/apps/730/icons/econ/default_generated/weapon_m4a1_am_kimono_sunrise_light_large.f4c4233632fed7004ab4666aeaceab53233cddd6.png",
    "type": "skin",
    "rarity": 3,
    "price": 14502
  },
  "M4A4 | Daybreak (Field-Tested)": {
    "quality": 3,
    "weight": 0.05,
    "skin": "Daybreak",
    "weapon": "M4A4",
    "short": "M4A4 | Daybreak",
    "name": "M4A4 | Daybreak (Field-Tested)",
    "src": "https://steamcdn-a.akamaihd.net/apps/730/icons/econ/default_generated/weapon_m4a1_am_kimono_sunrise_light_large.f4c4233632fed7004ab4666aeaceab53233cddd6.png",
    "type": "skin",
    "rarity": 3,
    "price": 13613
  },
  "M4A4 | Daybreak (Well-Worn)": {
    "quality": 2,
    "weight": 0.05,
    "skin": "Daybreak",
    "weapon": "M4A4",
    "short": "M4A4 | Daybreak",
    "name": "M4A4 | Daybreak (Well-Worn)",
    "src": "https://steamcdn-a.akamaihd.net/apps/730/icons/econ/default_generated/weapon_m4a1_am_kimono_sunrise_light_large.f4c4233632fed7004ab4666aeaceab53233cddd6.png",
    "type": "skin",
    "rarity": 3,
    "price": 14587
  },
  "M4A4 | Daybreak (Battle-Scarred)": {
    "quality": 1,
    "weight": 0.05,
    "skin": "Daybreak",
    "weapon": "M4A4",
    "short": "M4A4 | Daybreak",
    "name": "M4A4 | Daybreak (Battle-Scarred)",
    "src": "https://steamcdn-a.akamaihd.net/apps/730/icons/econ/default_generated/weapon_m4a1_am_kimono_sunrise_light_large.f4c4233632fed7004ab4666aeaceab53233cddd6.png",
    "type": "skin",
    "rarity": 3,
    "price": 630
  },
  "M4A4 | Daybreak": {
    "masterItem": true,
    "qualities": [5, 4, 3, 2, 1],
    "skin": "Daybreak",
    "weapon": "M4A4",
    "short": "M4A4 | Daybreak",
    "name": "M4A4 | Daybreak",
    "src": "https://steamcdn-a.akamaihd.net/apps/730/icons/econ/default_generated/weapon_m4a1_am_kimono_sunrise_light_large.f4c4233632fed7004ab4666aeaceab53233cddd6.png",
    "type": "skin",
    "rarity": 3,
    "price": 14967,
    "minPrice": 630
  },
  "AUG | Akihabara Accept (Factory New)": {
    "quality": 5,
    "weight": 0.05,
    "skin": "Akihabara Accept",
    "weapon": "AUG",
    "short": "AUG | Akihabara Accept",
    "name": "AUG | Akihabara Accept (Factory New)",
    "src": "https://steamcdn-a.akamaihd.net/apps/730/icons/econ/default_generated/weapon_aug_cu_anime_aug_light_large.f049075c645871ee67b0b47253f59c26143efc49.png",
    "type": "skin",
    "rarity": 5,
    "price": 260554
  },
  "AUG | Akihabara Accept (Minimal Wear)": {
    "quality": 4,
    "weight": 0.05,
    "skin": "Akihabara Accept",
    "weapon": "AUG",
    "short": "AUG | Akihabara Accept",
    "name": "AUG | Akihabara Accept (Minimal Wear)",
    "src": "https://steamcdn-a.akamaihd.net/apps/730/icons/econ/default_generated/weapon_aug_cu_anime_aug_light_large.f049075c645871ee67b0b47253f59c26143efc49.png",
    "type": "skin",
    "rarity": 5,
    "price": 112260
  },
  "AUG | Akihabara Accept (Field-Tested)": {
    "quality": 3,
    "weight": 0.05,
    "skin": "Akihabara Accept",
    "weapon": "AUG",
    "short": "AUG | Akihabara Accept",
    "name": "AUG | Akihabara Accept (Field-Tested)",
    "src": "https://steamcdn-a.akamaihd.net/apps/730/icons/econ/default_generated/weapon_aug_cu_anime_aug_light_large.f049075c645871ee67b0b47253f59c26143efc49.png",
    "type": "skin",
    "rarity": 5,
    "price": 77612
  },
  "AUG | Akihabara Accept (Well-Worn)": {
    "quality": 2,
    "weight": 0.05,
    "skin": "Akihabara Accept",
    "weapon": "AUG",
    "short": "AUG | Akihabara Accept",
    "name": "AUG | Akihabara Accept (Well-Worn)",
    "src": "https://steamcdn-a.akamaihd.net/apps/730/icons/econ/default_generated/weapon_aug_cu_anime_aug_light_large.f049075c645871ee67b0b47253f59c26143efc49.png",
    "type": "skin",
    "rarity": 5,
    "price": 38166
  },
  "AUG | Akihabara Accept (Battle-Scarred)": {
    "quality": 1,
    "weight": 0.05,
    "skin": "Akihabara Accept",
    "weapon": "AUG",
    "short": "AUG | Akihabara Accept",
    "name": "AUG | Akihabara Accept (Battle-Scarred)",
    "src": "https://steamcdn-a.akamaihd.net/apps/730/icons/econ/default_generated/weapon_aug_cu_anime_aug_light_large.f049075c645871ee67b0b47253f59c26143efc49.png",
    "type": "skin",
    "rarity": 5,
    "price": 24500
  },
  "AUG | Akihabara Accept": {
    "masterItem": true,
    "qualities": [5, 4, 3, 2, 1],
    "skin": "Akihabara Accept",
    "weapon": "AUG",
    "short": "AUG | Akihabara Accept",
    "name": "AUG | Akihabara Accept",
    "src": "https://steamcdn-a.akamaihd.net/apps/730/icons/econ/default_generated/weapon_aug_cu_anime_aug_light_large.f049075c645871ee67b0b47253f59c26143efc49.png",
    "type": "skin",
    "rarity": 5,
    "price": 260554,
    "minPrice": 24500
  },
  "Five-SeveN | Neon Kimono (Factory New)": {
    "quality": 5,
    "weight": 0.05,
    "skin": "Neon Kimono",
    "weapon": "Five-SeveN",
    "short": "Five-SeveN | Neon Kimono",
    "name": "Five-SeveN | Neon Kimono (Factory New)",
    "src": "https://steamcdn-a.akamaihd.net/apps/730/icons/econ/default_generated/weapon_fiveseven_hy_kimono_diamonds_light_large.c82060a31b7e4b17c73eb76fd87c09037a3eba42.png",
    "type": "skin",
    "rarity": 3,
    "price": 16669
  },
  "Five-SeveN | Neon Kimono (Minimal Wear)": {
    "quality": 4,
    "weight": 0.05,
    "skin": "Neon Kimono",
    "weapon": "Five-SeveN",
    "short": "Five-SeveN | Neon Kimono",
    "name": "Five-SeveN | Neon Kimono (Minimal Wear)",
    "src": "https://steamcdn-a.akamaihd.net/apps/730/icons/econ/default_generated/weapon_fiveseven_hy_kimono_diamonds_light_large.c82060a31b7e4b17c73eb76fd87c09037a3eba42.png",
    "type": "skin",
    "rarity": 3,
    "price": 15503
  },
  "Five-SeveN | Neon Kimono (Field-Tested)": {
    "quality": 3,
    "weight": 0.05,
    "skin": "Neon Kimono",
    "weapon": "Five-SeveN",
    "short": "Five-SeveN | Neon Kimono",
    "name": "Five-SeveN | Neon Kimono (Field-Tested)",
    "src": "https://steamcdn-a.akamaihd.net/apps/730/icons/econ/default_generated/weapon_fiveseven_hy_kimono_diamonds_light_large.c82060a31b7e4b17c73eb76fd87c09037a3eba42.png",
    "type": "skin",
    "rarity": 3,
    "price": 14396
  },
  "Five-SeveN | Neon Kimono (Well-Worn)": {
    "quality": 2,
    "weight": 0.05,
    "skin": "Neon Kimono",
    "weapon": "Five-SeveN",
    "short": "Five-SeveN | Neon Kimono",
    "name": "Five-SeveN | Neon Kimono (Well-Worn)",
    "src": "https://steamcdn-a.akamaihd.net/apps/730/icons/econ/default_generated/weapon_fiveseven_hy_kimono_diamonds_light_large.c82060a31b7e4b17c73eb76fd87c09037a3eba42.png",
    "type": "skin",
    "rarity": 3,
    "price": 56614
  },
  "Five-SeveN | Neon Kimono (Battle-Scarred)": {
    "quality": 1,
    "weight": 0.05,
    "skin": "Neon Kimono",
    "weapon": "Five-SeveN",
    "short": "Five-SeveN | Neon Kimono",
    "name": "Five-SeveN | Neon Kimono (Battle-Scarred)",
    "src": "https://steamcdn-a.akamaihd.net/apps/730/icons/econ/default_generated/weapon_fiveseven_hy_kimono_diamonds_light_large.c82060a31b7e4b17c73eb76fd87c09037a3eba42.png",
    "type": "skin",
    "rarity": 3,
    "price": 12383
  },
  "Five-SeveN | Neon Kimono": {
    "masterItem": true,
    "qualities": [5, 4, 3, 2, 1],
    "skin": "Neon Kimono",
    "weapon": "Five-SeveN",
    "short": "Five-SeveN | Neon Kimono",
    "name": "Five-SeveN | Neon Kimono",
    "src": "https://steamcdn-a.akamaihd.net/apps/730/icons/econ/default_generated/weapon_fiveseven_hy_kimono_diamonds_light_large.c82060a31b7e4b17c73eb76fd87c09037a3eba42.png",
    "type": "skin",
    "rarity": 3,
    "price": 56614,
    "minPrice": 12383
  },
  "P250 | Crimson Kimono (Factory New)": {
    "quality": 5,
    "weight": 0.05,
    "skin": "Crimson Kimono",
    "weapon": "P250",
    "short": "P250 | Crimson Kimono",
    "name": "P250 | Crimson Kimono (Factory New)",
    "src": "https://steamcdn-a.akamaihd.net/apps/730/icons/econ/default_generated/weapon_p250_hy_kimono_diamonds_red_light_large.99ecb66f68d6bba4e17bc30cd72d5041e838371c.png",
    "type": "skin",
    "rarity": 1,
    "price": 1084
  },
  "P250 | Crimson Kimono (Minimal Wear)": {
    "quality": 4,
    "weight": 0.05,
    "skin": "Crimson Kimono",
    "weapon": "P250",
    "short": "P250 | Crimson Kimono",
    "name": "P250 | Crimson Kimono (Minimal Wear)",
    "src": "https://steamcdn-a.akamaihd.net/apps/730/icons/econ/default_generated/weapon_p250_hy_kimono_diamonds_red_light_large.99ecb66f68d6bba4e17bc30cd72d5041e838371c.png",
    "type": "skin",
    "rarity": 1,
    "price": 882
  },
  "P250 | Crimson Kimono (Field-Tested)": {
    "quality": 3,
    "weight": 0.05,
    "skin": "Crimson Kimono",
    "weapon": "P250",
    "short": "P250 | Crimson Kimono",
    "name": "P250 | Crimson Kimono (Field-Tested)",
    "src": "https://steamcdn-a.akamaihd.net/apps/730/icons/econ/default_generated/weapon_p250_hy_kimono_diamonds_red_light_large.99ecb66f68d6bba4e17bc30cd72d5041e838371c.png",
    "type": "skin",
    "rarity": 1,
    "price": 812
  },
  "P250 | Crimson Kimono (Well-Worn)": {
    "quality": 2,
    "weight": 0.05,
    "skin": "Crimson Kimono",
    "weapon": "P250",
    "short": "P250 | Crimson Kimono",
    "name": "P250 | Crimson Kimono (Well-Worn)",
    "src": "https://steamcdn-a.akamaihd.net/apps/730/icons/econ/default_generated/weapon_p250_hy_kimono_diamonds_red_light_large.99ecb66f68d6bba4e17bc30cd72d5041e838371c.png",
    "type": "skin",
    "rarity": 1,
    "price": 934
  },
  "P250 | Crimson Kimono (Battle-Scarred)": {
    "quality": 1,
    "weight": 0.05,
    "skin": "Crimson Kimono",
    "weapon": "P250",
    "short": "P250 | Crimson Kimono",
    "name": "P250 | Crimson Kimono (Battle-Scarred)",
    "src": "https://steamcdn-a.akamaihd.net/apps/730/icons/econ/default_generated/weapon_p250_hy_kimono_diamonds_red_light_large.99ecb66f68d6bba4e17bc30cd72d5041e838371c.png",
    "type": "skin",
    "rarity": 1,
    "price": 969
  },
  "P250 | Crimson Kimono": {
    "masterItem": true,
    "qualities": [5, 4, 3, 2, 1],
    "skin": "Crimson Kimono",
    "weapon": "P250",
    "short": "P250 | Crimson Kimono",
    "name": "P250 | Crimson Kimono",
    "src": "https://steamcdn-a.akamaihd.net/apps/730/icons/econ/default_generated/weapon_p250_hy_kimono_diamonds_red_light_large.99ecb66f68d6bba4e17bc30cd72d5041e838371c.png",
    "type": "skin",
    "rarity": 1,
    "price": 1084,
    "minPrice": 812
  },
  "Tec-9 | Bamboo Forest (Factory New)": {
    "quality": 5,
    "weight": 0.05,
    "skin": "Bamboo Forest",
    "weapon": "Tec-9",
    "short": "Tec-9 | Bamboo Forest",
    "name": "Tec-9 | Bamboo Forest (Factory New)",
    "src": "https://steamcdn-a.akamaihd.net/apps/730/icons/econ/default_generated/weapon_tec9_hy_bamboo_jungle_light_large.31268450fbb5b5c2221e6eaadbe7124cf85f3e1d.png",
    "type": "skin",
    "rarity": 0,
    "price": 270
  },
  "Tec-9 | Bamboo Forest (Minimal Wear)": {
    "quality": 4,
    "weight": 0.05,
    "skin": "Bamboo Forest",
    "weapon": "Tec-9",
    "short": "Tec-9 | Bamboo Forest",
    "name": "Tec-9 | Bamboo Forest (Minimal Wear)",
    "src": "https://steamcdn-a.akamaihd.net/apps/730/icons/econ/default_generated/weapon_tec9_hy_bamboo_jungle_light_large.31268450fbb5b5c2221e6eaadbe7124cf85f3e1d.png",
    "type": "skin",
    "rarity": 0,
    "price": 150
  },
  "Tec-9 | Bamboo Forest (Field-Tested)": {
    "quality": 3,
    "weight": 0.05,
    "skin": "Bamboo Forest",
    "weapon": "Tec-9",
    "short": "Tec-9 | Bamboo Forest",
    "name": "Tec-9 | Bamboo Forest (Field-Tested)",
    "src": "https://steamcdn-a.akamaihd.net/apps/730/icons/econ/default_generated/weapon_tec9_hy_bamboo_jungle_light_large.31268450fbb5b5c2221e6eaadbe7124cf85f3e1d.png",
    "type": "skin",
    "rarity": 0,
    "price": 90
  },
  "Tec-9 | Bamboo Forest (Well-Worn)": {
    "quality": 2,
    "weight": 0.05,
    "skin": "Bamboo Forest",
    "weapon": "Tec-9",
    "short": "Tec-9 | Bamboo Forest",
    "name": "Tec-9 | Bamboo Forest (Well-Worn)",
    "src": "https://steamcdn-a.akamaihd.net/apps/730/icons/econ/default_generated/weapon_tec9_hy_bamboo_jungle_light_large.31268450fbb5b5c2221e6eaadbe7124cf85f3e1d.png",
    "type": "skin",
    "rarity": 0,
    "price": 104
  },
  "Tec-9 | Bamboo Forest (Battle-Scarred)": {
    "quality": 1,
    "weight": 0.05,
    "skin": "Bamboo Forest",
    "weapon": "Tec-9",
    "short": "Tec-9 | Bamboo Forest",
    "name": "Tec-9 | Bamboo Forest (Battle-Scarred)",
    "src": "https://steamcdn-a.akamaihd.net/apps/730/icons/econ/default_generated/weapon_tec9_hy_bamboo_jungle_light_large.31268450fbb5b5c2221e6eaadbe7124cf85f3e1d.png",
    "type": "skin",
    "rarity": 0,
    "price": 91
  },
  "Tec-9 | Bamboo Forest": {
    "masterItem": true,
    "qualities": [5, 4, 3, 2, 1],
    "skin": "Bamboo Forest",
    "weapon": "Tec-9",
    "short": "Tec-9 | Bamboo Forest",
    "name": "Tec-9 | Bamboo Forest",
    "src": "https://steamcdn-a.akamaihd.net/apps/730/icons/econ/default_generated/weapon_tec9_hy_bamboo_jungle_light_large.31268450fbb5b5c2221e6eaadbe7124cf85f3e1d.png",
    "type": "skin",
    "rarity": 0,
    "price": 270,
    "minPrice": 90
  },
  "P250 | Mint Kimono (Factory New)": {
    "quality": 5,
    "weight": 0.05,
    "skin": "Mint Kimono",
    "weapon": "P250",
    "short": "P250 | Mint Kimono",
    "name": "P250 | Mint Kimono (Factory New)",
    "src": "https://steamcdn-a.akamaihd.net/apps/730/icons/econ/default_generated/weapon_p250_sp_kimono_diamonds_light_large.f8b2d66cdc64e8860b36ac2d08060d04e5ec6ae4.png",
    "type": "skin",
    "rarity": 0,
    "price": 162
  },
  "P250 | Mint Kimono (Minimal Wear)": {
    "quality": 4,
    "weight": 0.05,
    "skin": "Mint Kimono",
    "weapon": "P250",
    "short": "P250 | Mint Kimono",
    "name": "P250 | Mint Kimono (Minimal Wear)",
    "src": "https://steamcdn-a.akamaihd.net/apps/730/icons/econ/default_generated/weapon_p250_sp_kimono_diamonds_light_large.f8b2d66cdc64e8860b36ac2d08060d04e5ec6ae4.png",
    "type": "skin",
    "rarity": 0,
    "price": 117
  },
  "P250 | Mint Kimono (Field-Tested)": {
    "quality": 3,
    "weight": 0.05,
    "skin": "Mint Kimono",
    "weapon": "P250",
    "short": "P250 | Mint Kimono",
    "name": "P250 | Mint Kimono (Field-Tested)",
    "src": "https://steamcdn-a.akamaihd.net/apps/730/icons/econ/default_generated/weapon_p250_sp_kimono_diamonds_light_large.f8b2d66cdc64e8860b36ac2d08060d04e5ec6ae4.png",
    "type": "skin",
    "rarity": 0,
    "price": 98
  },
  "P250 | Mint Kimono (Well-Worn)": {
    "quality": 2,
    "weight": 0.05,
    "skin": "Mint Kimono",
    "weapon": "P250",
    "short": "P250 | Mint Kimono",
    "name": "P250 | Mint Kimono (Well-Worn)",
    "src": "https://steamcdn-a.akamaihd.net/apps/730/icons/econ/default_generated/weapon_p250_sp_kimono_diamonds_light_large.f8b2d66cdc64e8860b36ac2d08060d04e5ec6ae4.png",
    "type": "skin",
    "rarity": 0,
    "price": 102
  },
  "P250 | Mint Kimono (Battle-Scarred)": {
    "quality": 1,
    "weight": 0.05,
    "skin": "Mint Kimono",
    "weapon": "P250",
    "short": "P250 | Mint Kimono",
    "name": "P250 | Mint Kimono (Battle-Scarred)",
    "src": "https://steamcdn-a.akamaihd.net/apps/730/icons/econ/default_generated/weapon_p250_sp_kimono_diamonds_light_large.f8b2d66cdc64e8860b36ac2d08060d04e5ec6ae4.png",
    "type": "skin",
    "rarity": 0,
    "price": 92
  },
  "P250 | Mint Kimono": {
    "masterItem": true,
    "qualities": [5, 4, 3, 2, 1],
    "skin": "Mint Kimono",
    "weapon": "P250",
    "short": "P250 | Mint Kimono",
    "name": "P250 | Mint Kimono",
    "src": "https://steamcdn-a.akamaihd.net/apps/730/icons/econ/default_generated/weapon_p250_sp_kimono_diamonds_light_large.f8b2d66cdc64e8860b36ac2d08060d04e5ec6ae4.png",
    "type": "skin",
    "rarity": 0,
    "price": 162,
    "minPrice": 92
  },
  "G3SG1 | Orange Kimono (Factory New)": {
    "quality": 5,
    "weight": 0.05,
    "skin": "Orange Kimono",
    "weapon": "G3SG1",
    "short": "G3SG1 | Orange Kimono",
    "name": "G3SG1 | Orange Kimono (Factory New)",
    "src": "https://steamcdn-a.akamaihd.net/apps/730/icons/econ/default_generated/weapon_g3sg1_hy_kimono_diamonds_orange_light_large.bdab5d4f92f5733ed056bbe276761c377b5c3401.png",
    "type": "skin",
    "rarity": 0,
    "price": 169
  },
  "G3SG1 | Orange Kimono (Minimal Wear)": {
    "quality": 4,
    "weight": 0.05,
    "skin": "Orange Kimono",
    "weapon": "G3SG1",
    "short": "G3SG1 | Orange Kimono",
    "name": "G3SG1 | Orange Kimono (Minimal Wear)",
    "src": "https://steamcdn-a.akamaihd.net/apps/730/icons/econ/default_generated/weapon_g3sg1_hy_kimono_diamonds_orange_light_large.bdab5d4f92f5733ed056bbe276761c377b5c3401.png",
    "type": "skin",
    "rarity": 0,
    "price": 117
  },
  "G3SG1 | Orange Kimono (Field-Tested)": {
    "quality": 3,
    "weight": 0.05,
    "skin": "Orange Kimono",
    "weapon": "G3SG1",
    "short": "G3SG1 | Orange Kimono",
    "name": "G3SG1 | Orange Kimono (Field-Tested)",
    "src": "https://steamcdn-a.akamaihd.net/apps/730/icons/econ/default_generated/weapon_g3sg1_hy_kimono_diamonds_orange_light_large.bdab5d4f92f5733ed056bbe276761c377b5c3401.png",
    "type": "skin",
    "rarity": 0,
    "price": 91
  },
  "G3SG1 | Orange Kimono (Well-Worn)": {
    "quality": 2,
    "weight": 0.05,
    "skin": "Orange Kimono",
    "weapon": "G3SG1",
    "short": "G3SG1 | Orange Kimono",
    "name": "G3SG1 | Orange Kimono (Well-Worn)",
    "src": "https://steamcdn-a.akamaihd.net/apps/730/icons/econ/default_generated/weapon_g3sg1_hy_kimono_diamonds_orange_light_large.bdab5d4f92f5733ed056bbe276761c377b5c3401.png",
    "type": "skin",
    "rarity": 0,
    "price": 101
  },
  "G3SG1 | Orange Kimono (Battle-Scarred)": {
    "quality": 1,
    "weight": 0.05,
    "skin": "Orange Kimono",
    "weapon": "G3SG1",
    "short": "G3SG1 | Orange Kimono",
    "name": "G3SG1 | Orange Kimono (Battle-Scarred)",
    "src": "https://steamcdn-a.akamaihd.net/apps/730/icons/econ/default_generated/weapon_g3sg1_hy_kimono_diamonds_orange_light_large.bdab5d4f92f5733ed056bbe276761c377b5c3401.png",
    "type": "skin",
    "rarity": 0,
    "price": 84
  },
  "G3SG1 | Orange Kimono": {
    "masterItem": true,
    "qualities": [5, 4, 3, 2, 1],
    "skin": "Orange Kimono",
    "weapon": "G3SG1",
    "short": "G3SG1 | Orange Kimono",
    "name": "G3SG1 | Orange Kimono",
    "src": "https://steamcdn-a.akamaihd.net/apps/730/icons/econ/default_generated/weapon_g3sg1_hy_kimono_diamonds_orange_light_large.bdab5d4f92f5733ed056bbe276761c377b5c3401.png",
    "type": "skin",
    "rarity": 0,
    "price": 169,
    "minPrice": 84
  },
  "MAG-7 | Counter Terrace (Factory New)": {
    "quality": 5,
    "weight": 0.05,
    "skin": "Counter Terrace",
    "weapon": "MAG-7",
    "short": "MAG-7 | Counter Terrace",
    "name": "MAG-7 | Counter Terrace (Factory New)",
    "src": "https://steamcdn-a.akamaihd.net/apps/730/icons/econ/default_generated/weapon_mag7_hy_geometric_steps_green_light_large.542348e3effe63aae75b070cb1ca7d193e8356cf.png",
    "type": "skin",
    "rarity": 2,
    "price": 6720
  },
  "MAG-7 | Counter Terrace (Minimal Wear)": {
    "quality": 4,
    "weight": 0.05,
    "skin": "Counter Terrace",
    "weapon": "MAG-7",
    "short": "MAG-7 | Counter Terrace",
    "name": "MAG-7 | Counter Terrace (Minimal Wear)",
    "src": "https://steamcdn-a.akamaihd.net/apps/730/icons/econ/default_generated/weapon_mag7_hy_geometric_steps_green_light_large.542348e3effe63aae75b070cb1ca7d193e8356cf.png",
    "type": "skin",
    "rarity": 2,
    "price": 5928
  },
  "MAG-7 | Counter Terrace (Field-Tested)": {
    "quality": 3,
    "weight": 0.05,
    "skin": "Counter Terrace",
    "weapon": "MAG-7",
    "short": "MAG-7 | Counter Terrace",
    "name": "MAG-7 | Counter Terrace (Field-Tested)",
    "src": "https://steamcdn-a.akamaihd.net/apps/730/icons/econ/default_generated/weapon_mag7_hy_geometric_steps_green_light_large.542348e3effe63aae75b070cb1ca7d193e8356cf.png",
    "type": "skin",
    "rarity": 2,
    "price": 5693
  },
  "MAG-7 | Counter Terrace (Well-Worn)": {
    "quality": 2,
    "weight": 0.05,
    "skin": "Counter Terrace",
    "weapon": "MAG-7",
    "short": "MAG-7 | Counter Terrace",
    "name": "MAG-7 | Counter Terrace (Well-Worn)",
    "src": "https://steamcdn-a.akamaihd.net/apps/730/icons/econ/default_generated/weapon_mag7_hy_geometric_steps_green_light_large.542348e3effe63aae75b070cb1ca7d193e8356cf.png",
    "type": "skin",
    "rarity": 2,
    "price": 6824
  },
  "MAG-7 | Counter Terrace (Battle-Scarred)": {
    "quality": 1,
    "weight": 0.05,
    "skin": "Counter Terrace",
    "weapon": "MAG-7",
    "short": "MAG-7 | Counter Terrace",
    "name": "MAG-7 | Counter Terrace (Battle-Scarred)",
    "src": "https://steamcdn-a.akamaihd.net/apps/730/icons/econ/default_generated/weapon_mag7_hy_geometric_steps_green_light_large.542348e3effe63aae75b070cb1ca7d193e8356cf.png",
    "type": "skin",
    "rarity": 2,
    "price": 6108
  },
  "MAG-7 | Counter Terrace": {
    "masterItem": true,
    "qualities": [5, 4, 3, 2, 1],
    "skin": "Counter Terrace",
    "weapon": "MAG-7",
    "short": "MAG-7 | Counter Terrace",
    "name": "MAG-7 | Counter Terrace",
    "src": "https://steamcdn-a.akamaihd.net/apps/730/icons/econ/default_generated/weapon_mag7_hy_geometric_steps_green_light_large.542348e3effe63aae75b070cb1ca7d193e8356cf.png",
    "type": "skin",
    "rarity": 2,
    "price": 6824,
    "minPrice": 5693
  },
  "Desert Eagle | Sunset Storm 壱 (Factory New)": {
    "quality": 5,
    "weight": 0.05,
    "skin": "Sunset Storm 壱",
    "weapon": "Desert Eagle",
    "short": "Desert Eagle | Sunset Storm 壱",
    "name": "Desert Eagle | Sunset Storm 壱 (Factory New)",
    "src": "https://steamcdn-a.akamaihd.net/apps/730/icons/econ/default_generated/weapon_deagle_am_seastorm_blood_light_large.1e92a7e19fde014e5a70832a93b440e0c036d596.png",
    "type": "skin",
    "rarity": 3,
    "price": 14416
  },
  "Desert Eagle | Sunset Storm 壱 (Minimal Wear)": {
    "quality": 4,
    "weight": 0.05,
    "skin": "Sunset Storm 壱",
    "weapon": "Desert Eagle",
    "short": "Desert Eagle | Sunset Storm 壱",
    "name": "Desert Eagle | Sunset Storm 壱 (Minimal Wear)",
    "src": "https://steamcdn-a.akamaihd.net/apps/730/icons/econ/default_generated/weapon_deagle_am_seastorm_blood_light_large.1e92a7e19fde014e5a70832a93b440e0c036d596.png",
    "type": "skin",
    "rarity": 3,
    "price": 14672
  },
  "Desert Eagle | Sunset Storm 壱 (Field-Tested)": {
    "quality": 3,
    "weight": 0.05,
    "skin": "Sunset Storm 壱",
    "weapon": "Desert Eagle",
    "short": "Desert Eagle | Sunset Storm 壱",
    "name": "Desert Eagle | Sunset Storm 壱 (Field-Tested)",
    "src": "https://steamcdn-a.akamaihd.net/apps/730/icons/econ/default_generated/weapon_deagle_am_seastorm_blood_light_large.1e92a7e19fde014e5a70832a93b440e0c036d596.png",
    "type": "skin",
    "rarity": 3,
    "price": 14912
  },
  "Desert Eagle | Sunset Storm 壱 (Well-Worn)": {
    "quality": 2,
    "weight": 0.05,
    "skin": "Sunset Storm 壱",
    "weapon": "Desert Eagle",
    "short": "Desert Eagle | Sunset Storm 壱",
    "name": "Desert Eagle | Sunset Storm 壱 (Well-Worn)",
    "src": "https://steamcdn-a.akamaihd.net/apps/730/icons/econ/default_generated/weapon_deagle_am_seastorm_blood_light_large.1e92a7e19fde014e5a70832a93b440e0c036d596.png",
    "type": "skin",
    "rarity": 3,
    "price": 54869
  },
  "Desert Eagle | Sunset Storm 壱 (Battle-Scarred)": {
    "quality": 1,
    "weight": 0.05,
    "skin": "Sunset Storm 壱",
    "weapon": "Desert Eagle",
    "short": "Desert Eagle | Sunset Storm 壱",
    "name": "Desert Eagle | Sunset Storm 壱 (Battle-Scarred)",
    "src": "https://steamcdn-a.akamaihd.net/apps/730/icons/econ/default_generated/weapon_deagle_am_seastorm_blood_light_large.1e92a7e19fde014e5a70832a93b440e0c036d596.png",
    "type": "skin",
    "rarity": 3,
    "price": 9344
  },
  "Desert Eagle | Sunset Storm 壱": {
    "masterItem": true,
    "qualities": [5, 4, 3, 2, 1],
    "skin": "Sunset Storm 壱",
    "weapon": "Desert Eagle",
    "short": "Desert Eagle | Sunset Storm 壱",
    "name": "Desert Eagle | Sunset Storm 壱",
    "src": "https://steamcdn-a.akamaihd.net/apps/730/icons/econ/default_generated/weapon_deagle_am_seastorm_blood_light_large.1e92a7e19fde014e5a70832a93b440e0c036d596.png",
    "type": "skin",
    "rarity": 3,
    "price": 54869,
    "minPrice": 9344
  },
  "PP-Bizon | Bamboo Print (Factory New)": {
    "quality": 5,
    "weight": 0.05,
    "skin": "Bamboo Print",
    "weapon": "PP-Bizon",
    "short": "PP-Bizon | Bamboo Print",
    "name": "PP-Bizon | Bamboo Print (Factory New)",
    "src": "https://steamcdn-a.akamaihd.net/apps/730/icons/econ/default_generated/weapon_bizon_hy_bamboo_jungle_ink_light_large.0f9ee611e9b667e90923e9fc0da89430881ae7ae.png",
    "type": "skin",
    "rarity": 0,
    "price": 222
  },
  "PP-Bizon | Bamboo Print (Minimal Wear)": {
    "quality": 4,
    "weight": 0.05,
    "skin": "Bamboo Print",
    "weapon": "PP-Bizon",
    "short": "PP-Bizon | Bamboo Print",
    "name": "PP-Bizon | Bamboo Print (Minimal Wear)",
    "src": "https://steamcdn-a.akamaihd.net/apps/730/icons/econ/default_generated/weapon_bizon_hy_bamboo_jungle_ink_light_large.0f9ee611e9b667e90923e9fc0da89430881ae7ae.png",
    "type": "skin",
    "rarity": 0,
    "price": 117
  },
  "PP-Bizon | Bamboo Print (Field-Tested)": {
    "quality": 3,
    "weight": 0.05,
    "skin": "Bamboo Print",
    "weapon": "PP-Bizon",
    "short": "PP-Bizon | Bamboo Print",
    "name": "PP-Bizon | Bamboo Print (Field-Tested)",
    "src": "https://steamcdn-a.akamaihd.net/apps/730/icons/econ/default_generated/weapon_bizon_hy_bamboo_jungle_ink_light_large.0f9ee611e9b667e90923e9fc0da89430881ae7ae.png",
    "type": "skin",
    "rarity": 0,
    "price": 98
  },
  "PP-Bizon | Bamboo Print (Well-Worn)": {
    "quality": 2,
    "weight": 0.05,
    "skin": "Bamboo Print",
    "weapon": "PP-Bizon",
    "short": "PP-Bizon | Bamboo Print",
    "name": "PP-Bizon | Bamboo Print (Well-Worn)",
    "src": "https://steamcdn-a.akamaihd.net/apps/730/icons/econ/default_generated/weapon_bizon_hy_bamboo_jungle_ink_light_large.0f9ee611e9b667e90923e9fc0da89430881ae7ae.png",
    "type": "skin",
    "rarity": 0,
    "price": 103
  },
  "PP-Bizon | Bamboo Print (Battle-Scarred)": {
    "quality": 1,
    "weight": 0.05,
    "skin": "Bamboo Print",
    "weapon": "PP-Bizon",
    "short": "PP-Bizon | Bamboo Print",
    "name": "PP-Bizon | Bamboo Print (Battle-Scarred)",
    "src": "https://steamcdn-a.akamaihd.net/apps/730/icons/econ/default_generated/weapon_bizon_hy_bamboo_jungle_ink_light_large.0f9ee611e9b667e90923e9fc0da89430881ae7ae.png",
    "type": "skin",
    "rarity": 0,
    "price": 101
  },
  "PP-Bizon | Bamboo Print": {
    "masterItem": true,
    "qualities": [5, 4, 3, 2, 1],
    "skin": "Bamboo Print",
    "weapon": "PP-Bizon",
    "short": "PP-Bizon | Bamboo Print",
    "name": "PP-Bizon | Bamboo Print",
    "src": "https://steamcdn-a.akamaihd.net/apps/730/icons/econ/default_generated/weapon_bizon_hy_bamboo_jungle_ink_light_large.0f9ee611e9b667e90923e9fc0da89430881ae7ae.png",
    "type": "skin",
    "rarity": 0,
    "price": 222,
    "minPrice": 98
  },
  "Desert Eagle | Midnight Storm (Factory New)": {
    "quality": 5,
    "weight": 0.05,
    "skin": "Midnight Storm",
    "weapon": "Desert Eagle",
    "short": "Desert Eagle | Midnight Storm",
    "name": "Desert Eagle | Midnight Storm (Factory New)",
    "src": "https://steamcdn-a.akamaihd.net/apps/730/icons/econ/default_generated/weapon_deagle_am_seastorm_light_large.aef21efecda37237d24debe3f409f42954dadddd.png",
    "type": "skin",
    "rarity": 1,
    "price": 975
  },
  "Desert Eagle | Midnight Storm (Minimal Wear)": {
    "quality": 4,
    "weight": 0.05,
    "skin": "Midnight Storm",
    "weapon": "Desert Eagle",
    "short": "Desert Eagle | Midnight Storm",
    "name": "Desert Eagle | Midnight Storm (Minimal Wear)",
    "src": "https://steamcdn-a.akamaihd.net/apps/730/icons/econ/default_generated/weapon_deagle_am_seastorm_light_large.aef21efecda37237d24debe3f409f42954dadddd.png",
    "type": "skin",
    "rarity": 1,
    "price": 799
  },
  "Desert Eagle | Midnight Storm (Field-Tested)": {
    "quality": 3,
    "weight": 0.05,
    "skin": "Midnight Storm",
    "weapon": "Desert Eagle",
    "short": "Desert Eagle | Midnight Storm",
    "name": "Desert Eagle | Midnight Storm (Field-Tested)",
    "src": "https://steamcdn-a.akamaihd.net/apps/730/icons/econ/default_generated/weapon_deagle_am_seastorm_light_large.aef21efecda37237d24debe3f409f42954dadddd.png",
    "type": "skin",
    "rarity": 1,
    "price": 799
  },
  "Desert Eagle | Midnight Storm (Well-Worn)": {
    "quality": 2,
    "weight": 0.05,
    "skin": "Midnight Storm",
    "weapon": "Desert Eagle",
    "short": "Desert Eagle | Midnight Storm",
    "name": "Desert Eagle | Midnight Storm (Well-Worn)",
    "src": "https://steamcdn-a.akamaihd.net/apps/730/icons/econ/default_generated/weapon_deagle_am_seastorm_light_large.aef21efecda37237d24debe3f409f42954dadddd.png",
    "type": "skin",
    "rarity": 1,
    "price": 945
  },
  "Desert Eagle | Midnight Storm (Battle-Scarred)": {
    "quality": 1,
    "weight": 0.05,
    "skin": "Midnight Storm",
    "weapon": "Desert Eagle",
    "short": "Desert Eagle | Midnight Storm",
    "name": "Desert Eagle | Midnight Storm (Battle-Scarred)",
    "src": "https://steamcdn-a.akamaihd.net/apps/730/icons/econ/default_generated/weapon_deagle_am_seastorm_light_large.aef21efecda37237d24debe3f409f42954dadddd.png",
    "type": "skin",
    "rarity": 1,
    "price": 835
  },
  "Desert Eagle | Midnight Storm": {
    "masterItem": true,
    "qualities": [5, 4, 3, 2, 1],
    "skin": "Midnight Storm",
    "weapon": "Desert Eagle",
    "short": "Desert Eagle | Midnight Storm",
    "name": "Desert Eagle | Midnight Storm",
    "src": "https://steamcdn-a.akamaihd.net/apps/730/icons/econ/default_generated/weapon_deagle_am_seastorm_light_large.aef21efecda37237d24debe3f409f42954dadddd.png",
    "type": "skin",
    "rarity": 1,
    "price": 975,
    "minPrice": 799
  },
  "Sawed-Off | Bamboo Shadow (Factory New)": {
    "quality": 5,
    "weight": 0.05,
    "skin": "Bamboo Shadow",
    "weapon": "Sawed-Off",
    "short": "Sawed-Off | Bamboo Shadow",
    "name": "Sawed-Off | Bamboo Shadow (Factory New)",
    "src": "https://steamcdn-a.akamaihd.net/apps/730/icons/econ/default_generated/weapon_sawedoff_hy_bamboo_jungle_black_light_large.8c345668f9d6ba961f72fd67c405a8ed2cfffd4c.png",
    "type": "skin",
    "rarity": 0,
    "price": 153
  },
  "Sawed-Off | Bamboo Shadow (Minimal Wear)": {
    "quality": 4,
    "weight": 0.05,
    "skin": "Bamboo Shadow",
    "weapon": "Sawed-Off",
    "short": "Sawed-Off | Bamboo Shadow",
    "name": "Sawed-Off | Bamboo Shadow (Minimal Wear)",
    "src": "https://steamcdn-a.akamaihd.net/apps/730/icons/econ/default_generated/weapon_sawedoff_hy_bamboo_jungle_black_light_large.8c345668f9d6ba961f72fd67c405a8ed2cfffd4c.png",
    "type": "skin",
    "rarity": 0,
    "price": 114
  },
  "Sawed-Off | Bamboo Shadow (Field-Tested)": {
    "quality": 3,
    "weight": 0.05,
    "skin": "Bamboo Shadow",
    "weapon": "Sawed-Off",
    "short": "Sawed-Off | Bamboo Shadow",
    "name": "Sawed-Off | Bamboo Shadow (Field-Tested)",
    "src": "https://steamcdn-a.akamaihd.net/apps/730/icons/econ/default_generated/weapon_sawedoff_hy_bamboo_jungle_black_light_large.8c345668f9d6ba961f72fd67c405a8ed2cfffd4c.png",
    "type": "skin",
    "rarity": 0,
    "price": 98
  },
  "Sawed-Off | Bamboo Shadow (Well-Worn)": {
    "quality": 2,
    "weight": 0.05,
    "skin": "Bamboo Shadow",
    "weapon": "Sawed-Off",
    "short": "Sawed-Off | Bamboo Shadow",
    "name": "Sawed-Off | Bamboo Shadow (Well-Worn)",
    "src": "https://steamcdn-a.akamaihd.net/apps/730/icons/econ/default_generated/weapon_sawedoff_hy_bamboo_jungle_black_light_large.8c345668f9d6ba961f72fd67c405a8ed2cfffd4c.png",
    "type": "skin",
    "rarity": 0,
    "price": 95
  },
  "Sawed-Off | Bamboo Shadow (Battle-Scarred)": {
    "quality": 1,
    "weight": 0.05,
    "skin": "Bamboo Shadow",
    "weapon": "Sawed-Off",
    "short": "Sawed-Off | Bamboo Shadow",
    "name": "Sawed-Off | Bamboo Shadow (Battle-Scarred)",
    "src": "https://steamcdn-a.akamaihd.net/apps/730/icons/econ/default_generated/weapon_sawedoff_hy_bamboo_jungle_black_light_large.8c345668f9d6ba961f72fd67c405a8ed2cfffd4c.png",
    "type": "skin",
    "rarity": 0,
    "price": 101
  },
  "Sawed-Off | Bamboo Shadow": {
    "masterItem": true,
    "qualities": [5, 4, 3, 2, 1],
    "skin": "Bamboo Shadow",
    "weapon": "Sawed-Off",
    "short": "Sawed-Off | Bamboo Shadow",
    "name": "Sawed-Off | Bamboo Shadow",
    "src": "https://steamcdn-a.akamaihd.net/apps/730/icons/econ/default_generated/weapon_sawedoff_hy_bamboo_jungle_black_light_large.8c345668f9d6ba961f72fd67c405a8ed2cfffd4c.png",
    "type": "skin",
    "rarity": 0,
    "price": 153,
    "minPrice": 95
  },
  "Tec-9 | Terrace (Factory New)": {
    "quality": 5,
    "weight": 0.05,
    "skin": "Terrace",
    "weapon": "Tec-9",
    "short": "Tec-9 | Terrace",
    "name": "Tec-9 | Terrace (Factory New)",
    "src": "https://steamcdn-a.akamaihd.net/apps/730/icons/econ/default_generated/weapon_tec9_hy_geometric_steps_yellow_light_large.4d50c678bf9eeb9f063a432aa9d5aec68e863f7d.png",
    "type": "skin",
    "rarity": 2,
    "price": 6583
  },
  "Tec-9 | Terrace (Minimal Wear)": {
    "quality": 4,
    "weight": 0.05,
    "skin": "Terrace",
    "weapon": "Tec-9",
    "short": "Tec-9 | Terrace",
    "name": "Tec-9 | Terrace (Minimal Wear)",
    "src": "https://steamcdn-a.akamaihd.net/apps/730/icons/econ/default_generated/weapon_tec9_hy_geometric_steps_yellow_light_large.4d50c678bf9eeb9f063a432aa9d5aec68e863f7d.png",
    "type": "skin",
    "rarity": 2,
    "price": 5741
  },
  "Tec-9 | Terrace (Field-Tested)": {
    "quality": 3,
    "weight": 0.05,
    "skin": "Terrace",
    "weapon": "Tec-9",
    "short": "Tec-9 | Terrace",
    "name": "Tec-9 | Terrace (Field-Tested)",
    "src": "https://steamcdn-a.akamaihd.net/apps/730/icons/econ/default_generated/weapon_tec9_hy_geometric_steps_yellow_light_large.4d50c678bf9eeb9f063a432aa9d5aec68e863f7d.png",
    "type": "skin",
    "rarity": 2,
    "price": 5792
  },
  "Tec-9 | Terrace (Well-Worn)": {
    "quality": 2,
    "weight": 0.05,
    "skin": "Terrace",
    "weapon": "Tec-9",
    "short": "Tec-9 | Terrace",
    "name": "Tec-9 | Terrace (Well-Worn)",
    "src": "https://steamcdn-a.akamaihd.net/apps/730/icons/econ/default_generated/weapon_tec9_hy_geometric_steps_yellow_light_large.4d50c678bf9eeb9f063a432aa9d5aec68e863f7d.png",
    "type": "skin",
    "rarity": 2,
    "price": 5380
  },
  "Tec-9 | Terrace (Battle-Scarred)": {
    "quality": 1,
    "weight": 0.05,
    "skin": "Terrace",
    "weapon": "Tec-9",
    "short": "Tec-9 | Terrace",
    "name": "Tec-9 | Terrace (Battle-Scarred)",
    "src": "https://steamcdn-a.akamaihd.net/apps/730/icons/econ/default_generated/weapon_tec9_hy_geometric_steps_yellow_light_large.4d50c678bf9eeb9f063a432aa9d5aec68e863f7d.png",
    "type": "skin",
    "rarity": 2,
    "price": 5224
  },
  "Tec-9 | Terrace": {
    "masterItem": true,
    "qualities": [5, 4, 3, 2, 1],
    "skin": "Terrace",
    "weapon": "Tec-9",
    "short": "Tec-9 | Terrace",
    "name": "Tec-9 | Terrace",
    "src": "https://steamcdn-a.akamaihd.net/apps/730/icons/econ/default_generated/weapon_tec9_hy_geometric_steps_yellow_light_large.4d50c678bf9eeb9f063a432aa9d5aec68e863f7d.png",
    "type": "skin",
    "rarity": 2,
    "price": 6583,
    "minPrice": 5224
  },
  "Galil AR | Aqua Terrace (Factory New)": {
    "quality": 5,
    "weight": 0.05,
    "skin": "Aqua Terrace",
    "weapon": "Galil AR",
    "short": "Galil AR | Aqua Terrace",
    "name": "Galil AR | Aqua Terrace (Factory New)",
    "src": "https://steamcdn-a.akamaihd.net/apps/730/icons/econ/default_generated/weapon_galilar_am_geometric_steps_light_large.fd64d3b26b97da3c03ab009e91d3f53c95e86cc0.png",
    "type": "skin",
    "rarity": 2,
    "price": 6291
  },
  "Galil AR | Aqua Terrace (Minimal Wear)": {
    "quality": 4,
    "weight": 0.05,
    "skin": "Aqua Terrace",
    "weapon": "Galil AR",
    "short": "Galil AR | Aqua Terrace",
    "name": "Galil AR | Aqua Terrace (Minimal Wear)",
    "src": "https://steamcdn-a.akamaihd.net/apps/730/icons/econ/default_generated/weapon_galilar_am_geometric_steps_light_large.fd64d3b26b97da3c03ab009e91d3f53c95e86cc0.png",
    "type": "skin",
    "rarity": 2,
    "price": 5929
  },
  "Galil AR | Aqua Terrace (Field-Tested)": {
    "quality": 3,
    "weight": 0.05,
    "skin": "Aqua Terrace",
    "weapon": "Galil AR",
    "short": "Galil AR | Aqua Terrace",
    "name": "Galil AR | Aqua Terrace (Field-Tested)",
    "src": "https://steamcdn-a.akamaihd.net/apps/730/icons/econ/default_generated/weapon_galilar_am_geometric_steps_light_large.fd64d3b26b97da3c03ab009e91d3f53c95e86cc0.png",
    "type": "skin",
    "rarity": 2,
    "price": 5493
  },
  "Galil AR | Aqua Terrace (Well-Worn)": {
    "quality": 2,
    "weight": 0.05,
    "skin": "Aqua Terrace",
    "weapon": "Galil AR",
    "short": "Galil AR | Aqua Terrace",
    "name": "Galil AR | Aqua Terrace (Well-Worn)",
    "src": "https://steamcdn-a.akamaihd.net/apps/730/icons/econ/default_generated/weapon_galilar_am_geometric_steps_light_large.fd64d3b26b97da3c03ab009e91d3f53c95e86cc0.png",
    "type": "skin",
    "rarity": 2,
    "price": 7636
  },
  "Galil AR | Aqua Terrace (Battle-Scarred)": {
    "quality": 1,
    "weight": 0.05,
    "skin": "Aqua Terrace",
    "weapon": "Galil AR",
    "short": "Galil AR | Aqua Terrace",
    "name": "Galil AR | Aqua Terrace (Battle-Scarred)",
    "src": "https://steamcdn-a.akamaihd.net/apps/730/icons/econ/default_generated/weapon_galilar_am_geometric_steps_light_large.fd64d3b26b97da3c03ab009e91d3f53c95e86cc0.png",
    "type": "skin",
    "rarity": 2,
    "price": 5993
  },
  "Galil AR | Aqua Terrace": {
    "masterItem": true,
    "qualities": [5, 4, 3, 2, 1],
    "skin": "Aqua Terrace",
    "weapon": "Galil AR",
    "short": "Galil AR | Aqua Terrace",
    "name": "Galil AR | Aqua Terrace",
    "src": "https://steamcdn-a.akamaihd.net/apps/730/icons/econ/default_generated/weapon_galilar_am_geometric_steps_light_large.fd64d3b26b97da3c03ab009e91d3f53c95e86cc0.png",
    "type": "skin",
    "rarity": 2,
    "price": 7636,
    "minPrice": 5493
  }
}