{"The Safehouse Collection":{"name":"The Safehouse Collection","src":"images/items/collections/safehouse.webp","price":6347,"type":"case","rarity":0,"content":{"items":["SCAR-20 | Contractor (Factory New)","SCAR-20 | Contractor (Minimal Wear)","SCAR-20 | Contractor (Field-Tested)","SCAR-20 | Contractor (Well-Worn)","SCAR-20 | Contractor (Battle-Scarred)","Souvenir SCAR-20 | Contractor (Factory New)","Souvenir SCAR-20 | Contractor (Minimal Wear)","Souvenir SCAR-20 | Contractor (Field-Tested)","Souvenir SCAR-20 | Contractor (Well-Worn)","Souvenir SCAR-20 | Contractor (Battle-Scarred)","SSG 08 | Acid Fade (Factory New)","Souvenir SSG 08 | Acid Fade (Factory New)","SSG 08 | Blue Spruce (Factory New)","SSG 08 | Blue Spruce (Minimal Wear)","SSG 08 | Blue Spruce (Field-Tested)","SSG 08 | Blue Spruce (Well-Worn)","SSG 08 | Blue Spruce (Battle-Scarred)","Souvenir SSG 08 | Blue Spruce (Factory New)","Souvenir SSG 08 | Blue Spruce (Minimal Wear)","Souvenir SSG 08 | Blue Spruce (Field-Tested)","Souvenir SSG 08 | Blue Spruce (Well-Worn)","Souvenir SSG 08 | Blue Spruce (Battle-Scarred)","M249 | Gator Mesh (Factory New)","M249 | Gator Mesh (Minimal Wear)","M249 | Gator Mesh (Field-Tested)","M249 | Gator Mesh (Well-Worn)","M249 | Gator Mesh (Battle-Scarred)","Souvenir M249 | Gator Mesh (Factory New)","Souvenir M249 | Gator Mesh (Minimal Wear)","Souvenir M249 | Gator Mesh (Field-Tested)","Souvenir M249 | Gator Mesh (Well-Worn)","Souvenir M249 | Gator Mesh (Battle-Scarred)","USP-S | Forest Leaves (Factory New)","USP-S | Forest Leaves (Minimal Wear)","USP-S | Forest Leaves (Field-Tested)","USP-S | Forest Leaves (Well-Worn)","USP-S | Forest Leaves (Battle-Scarred)","Souvenir USP-S | Forest Leaves (Factory New)","Souvenir USP-S | Forest Leaves (Minimal Wear)","Souvenir USP-S | Forest Leaves (Field-Tested)","Souvenir USP-S | Forest Leaves (Well-Worn)","Souvenir USP-S | Forest Leaves (Battle-Scarred)","MP9 | Orange Peel (Factory New)","MP9 | Orange Peel (Minimal Wear)","MP9 | Orange Peel (Field-Tested)","MP9 | Orange Peel (Well-Worn)","MP9 | Orange Peel (Battle-Scarred)","Souvenir MP9 | Orange Peel (Factory New)","Souvenir MP9 | Orange Peel (Minimal Wear)","Souvenir MP9 | Orange Peel (Field-Tested)","Souvenir MP9 | Orange Peel (Well-Worn)","Souvenir MP9 | Orange Peel (Battle-Scarred)","FAMAS | Teardown (Factory New)","FAMAS | Teardown (Minimal Wear)","FAMAS | Teardown (Field-Tested)","FAMAS | Teardown (Well-Worn)","FAMAS | Teardown (Battle-Scarred)","Souvenir FAMAS | Teardown (Factory New)","Souvenir FAMAS | Teardown (Minimal Wear)","Souvenir FAMAS | Teardown (Field-Tested)","Souvenir FAMAS | Teardown (Well-Worn)","Souvenir FAMAS | Teardown (Battle-Scarred)","M4A1-S | Nitro (Factory New)","M4A1-S | Nitro (Minimal Wear)","M4A1-S | Nitro (Field-Tested)","M4A1-S | Nitro (Well-Worn)","M4A1-S | Nitro (Battle-Scarred)","Souvenir M4A1-S | Nitro (Factory New)","Souvenir M4A1-S | Nitro (Minimal Wear)","Souvenir M4A1-S | Nitro (Field-Tested)","Souvenir M4A1-S | Nitro (Well-Worn)","Souvenir M4A1-S | Nitro (Battle-Scarred)","G3SG1 | VariCamo (Factory New)","G3SG1 | VariCamo (Minimal Wear)","G3SG1 | VariCamo (Field-Tested)","G3SG1 | VariCamo (Well-Worn)","G3SG1 | VariCamo (Battle-Scarred)","Souvenir G3SG1 | VariCamo (Factory New)","Souvenir G3SG1 | VariCamo (Minimal Wear)","Souvenir G3SG1 | VariCamo (Field-Tested)","Souvenir G3SG1 | VariCamo (Well-Worn)","Souvenir G3SG1 | VariCamo (Battle-Scarred)","Five-SeveN | Silver Quartz (Factory New)","Five-SeveN | Silver Quartz (Minimal Wear)","Five-SeveN | Silver Quartz (Field-Tested)","Five-SeveN | Silver Quartz (Well-Worn)","Souvenir Five-SeveN | Silver Quartz (Factory New)","Souvenir Five-SeveN | Silver Quartz (Minimal Wear)","Souvenir Five-SeveN | Silver Quartz (Field-Tested)","Souvenir Five-SeveN | Silver Quartz (Well-Worn)","Galil AR | VariCamo (Factory New)","Galil AR | VariCamo (Minimal Wear)","Galil AR | VariCamo (Field-Tested)","Galil AR | VariCamo (Well-Worn)","Galil AR | VariCamo (Battle-Scarred)","Souvenir Galil AR | VariCamo (Factory New)","Souvenir Galil AR | VariCamo (Minimal Wear)","Souvenir Galil AR | VariCamo (Field-Tested)","Souvenir Galil AR | VariCamo (Well-Worn)","Souvenir Galil AR | VariCamo (Battle-Scarred)","MP7 | Army Recon (Factory New)","MP7 | Army Recon (Minimal Wear)","MP7 | Army Recon (Field-Tested)","MP7 | Army Recon (Well-Worn)","MP7 | Army Recon (Battle-Scarred)","Souvenir MP7 | Army Recon (Factory New)","Souvenir MP7 | Army Recon (Minimal Wear)","Souvenir MP7 | Army Recon (Field-Tested)","Souvenir MP7 | Army Recon (Well-Worn)","Souvenir MP7 | Army Recon (Battle-Scarred)","AUG | Condemned (Factory New)","AUG | Condemned (Minimal Wear)","AUG | Condemned (Field-Tested)","AUG | Condemned (Well-Worn)","AUG | Condemned (Battle-Scarred)","Souvenir AUG | Condemned (Factory New)","Souvenir AUG | Condemned (Minimal Wear)","Souvenir AUG | Condemned (Field-Tested)","Souvenir AUG | Condemned (Well-Worn)","Souvenir AUG | Condemned (Battle-Scarred)","Tec-9 | Army Mesh (Factory New)","Tec-9 | Army Mesh (Minimal Wear)","Tec-9 | Army Mesh (Field-Tested)","Tec-9 | Army Mesh (Well-Worn)","Tec-9 | Army Mesh (Battle-Scarred)","Souvenir Tec-9 | Army Mesh (Factory New)","Souvenir Tec-9 | Army Mesh (Minimal Wear)","Souvenir Tec-9 | Army Mesh (Field-Tested)","Souvenir Tec-9 | Army Mesh (Well-Worn)","Souvenir Tec-9 | Army Mesh (Battle-Scarred)","Dual Berettas | Contractor (Factory New)","Dual Berettas | Contractor (Minimal Wear)","Dual Berettas | Contractor (Field-Tested)","Dual Berettas | Contractor (Well-Worn)","Dual Berettas | Contractor (Battle-Scarred)","Souvenir Dual Berettas | Contractor (Factory New)","Souvenir Dual Berettas | Contractor (Minimal Wear)","Souvenir Dual Berettas | Contractor (Field-Tested)","Souvenir Dual Berettas | Contractor (Well-Worn)","Souvenir Dual Berettas | Contractor (Battle-Scarred)"]}},"SCAR-20 | Contractor (Factory New)":{"quality":5,"skin":"Contractor","weapon":"SCAR-20","short":"SCAR-20 | Contractor","name":"SCAR-20 | Contractor (Factory New)","src":"https://steamcdn-a.akamaihd.net/apps/730/icons/econ/default_generated/weapon_scar20_so_pmc_light_large.c3e05baecc15229a989ddd093964e9c4e9fbe68a.png","type":"skin","rarity":0,"price":7},"SCAR-20 | Contractor (Minimal Wear)":{"quality":4,"skin":"Contractor","weapon":"SCAR-20","short":"SCAR-20 | Contractor","name":"SCAR-20 | Contractor (Minimal Wear)","src":"https://steamcdn-a.akamaihd.net/apps/730/icons/econ/default_generated/weapon_scar20_so_pmc_light_large.c3e05baecc15229a989ddd093964e9c4e9fbe68a.png","type":"skin","rarity":0,"price":3},"SCAR-20 | Contractor (Field-Tested)":{"quality":3,"skin":"Contractor","weapon":"SCAR-20","short":"SCAR-20 | Contractor","name":"SCAR-20 | Contractor (Field-Tested)","src":"https://steamcdn-a.akamaihd.net/apps/730/icons/econ/default_generated/weapon_scar20_so_pmc_light_large.c3e05baecc15229a989ddd093964e9c4e9fbe68a.png","type":"skin","rarity":0,"price":3},"SCAR-20 | Contractor (Well-Worn)":{"quality":2,"skin":"Contractor","weapon":"SCAR-20","short":"SCAR-20 | Contractor","name":"SCAR-20 | Contractor (Well-Worn)","src":"https://steamcdn-a.akamaihd.net/apps/730/icons/econ/default_generated/weapon_scar20_so_pmc_light_large.c3e05baecc15229a989ddd093964e9c4e9fbe68a.png","type":"skin","rarity":0,"price":3},"SCAR-20 | Contractor (Battle-Scarred)":{"quality":1,"skin":"Contractor","weapon":"SCAR-20","short":"SCAR-20 | Contractor","name":"SCAR-20 | Contractor (Battle-Scarred)","src":"https://steamcdn-a.akamaihd.net/apps/730/icons/econ/default_generated/weapon_scar20_so_pmc_light_large.c3e05baecc15229a989ddd093964e9c4e9fbe68a.png","type":"skin","rarity":0,"price":3},"Souvenir SCAR-20 | Contractor (Factory New)":{"souvenir":true,"quality":5,"skin":"Contractor","weapon":"SCAR-20","short":"SCAR-20 | Contractor","name":"Souvenir SCAR-20 | Contractor (Factory New)","src":"https://steamcdn-a.akamaihd.net/apps/730/icons/econ/default_generated/weapon_scar20_so_pmc_light_large.c3e05baecc15229a989ddd093964e9c4e9fbe68a.png","type":"skin","rarity":0,"price":73},"Souvenir SCAR-20 | Contractor (Minimal Wear)":{"souvenir":true,"quality":4,"skin":"Contractor","weapon":"SCAR-20","short":"SCAR-20 | Contractor","name":"Souvenir SCAR-20 | Contractor (Minimal Wear)","src":"https://steamcdn-a.akamaihd.net/apps/730/icons/econ/default_generated/weapon_scar20_so_pmc_light_large.c3e05baecc15229a989ddd093964e9c4e9fbe68a.png","type":"skin","rarity":0,"price":701},"Souvenir SCAR-20 | Contractor (Field-Tested)":{"souvenir":true,"quality":3,"skin":"Contractor","weapon":"SCAR-20","short":"SCAR-20 | Contractor","name":"Souvenir SCAR-20 | Contractor (Field-Tested)","src":"https://steamcdn-a.akamaihd.net/apps/730/icons/econ/default_generated/weapon_scar20_so_pmc_light_large.c3e05baecc15229a989ddd093964e9c4e9fbe68a.png","type":"skin","rarity":0,"price":159},"Souvenir SCAR-20 | Contractor (Well-Worn)":{"souvenir":true,"quality":2,"skin":"Contractor","weapon":"SCAR-20","short":"SCAR-20 | Contractor","name":"Souvenir SCAR-20 | Contractor (Well-Worn)","src":"https://steamcdn-a.akamaihd.net/apps/730/icons/econ/default_generated/weapon_scar20_so_pmc_light_large.c3e05baecc15229a989ddd093964e9c4e9fbe68a.png","type":"skin","rarity":0,"price":336},"Souvenir SCAR-20 | Contractor (Battle-Scarred)":{"souvenir":true,"quality":1,"skin":"Contractor","weapon":"SCAR-20","short":"SCAR-20 | Contractor","name":"Souvenir SCAR-20 | Contractor (Battle-Scarred)","src":"https://steamcdn-a.akamaihd.net/apps/730/icons/econ/default_generated/weapon_scar20_so_pmc_light_large.c3e05baecc15229a989ddd093964e9c4e9fbe68a.png","type":"skin","rarity":0,"price":784},"SCAR-20 | Contractor":{"souvenirAvailable":true,"masterItem":true,"qualities":[5,4,3,2,1],"skin":"Contractor","weapon":"SCAR-20","short":"SCAR-20 | Contractor","name":"SCAR-20 | Contractor","src":"https://steamcdn-a.akamaihd.net/apps/730/icons/econ/default_generated/weapon_scar20_so_pmc_light_large.c3e05baecc15229a989ddd093964e9c4e9fbe68a.png","type":"skin","rarity":0,"price":784,"minPrice":3},"SSG 08 | Acid Fade (Factory New)":{"quality":5,"skin":"Acid Fade","weapon":"SSG 08","short":"SSG 08 | Acid Fade","name":"SSG 08 | Acid Fade (Factory New)","src":"https://steamcdn-a.akamaihd.net/apps/730/icons/econ/default_generated/weapon_ssg08_aa_fade_grassland_light_large.82950af31c177d14983665459ddee77f63379f4d.png","type":"skin","rarity":2,"price":137},"Souvenir SSG 08 | Acid Fade (Factory New)":{"souvenir":true,"quality":5,"skin":"Acid Fade","weapon":"SSG 08","short":"SSG 08 | Acid Fade","name":"Souvenir SSG 08 | Acid Fade (Factory New)","src":"https://steamcdn-a.akamaihd.net/apps/730/icons/econ/default_generated/weapon_ssg08_aa_fade_grassland_light_large.82950af31c177d14983665459ddee77f63379f4d.png","type":"skin","rarity":2,"price":12773},"SSG 08 | Acid Fade":{"souvenirAvailable":true,"masterItem":true,"qualities":[5],"skin":"Acid Fade","weapon":"SSG 08","short":"SSG 08 | Acid Fade","name":"SSG 08 | Acid Fade","src":"https://steamcdn-a.akamaihd.net/apps/730/icons/econ/default_generated/weapon_ssg08_aa_fade_grassland_light_large.82950af31c177d14983665459ddee77f63379f4d.png","type":"skin","rarity":2,"price":12773,"minPrice":137},"SSG 08 | Blue Spruce (Factory New)":{"quality":5,"skin":"Blue Spruce","weapon":"SSG 08","short":"SSG 08 | Blue Spruce","name":"SSG 08 | Blue Spruce (Factory New)","src":"https://steamcdn-a.akamaihd.net/apps/730/icons/econ/default_generated/weapon_ssg08_so_moss_light_large.74753da395e67d490101269838df28e1b6313a25.png","type":"skin","rarity":0,"price":14},"SSG 08 | Blue Spruce (Minimal Wear)":{"quality":4,"skin":"Blue Spruce","weapon":"SSG 08","short":"SSG 08 | Blue Spruce","name":"SSG 08 | Blue Spruce (Minimal Wear)","src":"https://steamcdn-a.akamaihd.net/apps/730/icons/econ/default_generated/weapon_ssg08_so_moss_light_large.74753da395e67d490101269838df28e1b6313a25.png","type":"skin","rarity":0,"price":3},"SSG 08 | Blue Spruce (Field-Tested)":{"quality":3,"skin":"Blue Spruce","weapon":"SSG 08","short":"SSG 08 | Blue Spruce","name":"SSG 08 | Blue Spruce (Field-Tested)","src":"https://steamcdn-a.akamaihd.net/apps/730/icons/econ/default_generated/weapon_ssg08_so_moss_light_large.74753da395e67d490101269838df28e1b6313a25.png","type":"skin","rarity":0,"price":3},"SSG 08 | Blue Spruce (Well-Worn)":{"quality":2,"skin":"Blue Spruce","weapon":"SSG 08","short":"SSG 08 | Blue Spruce","name":"SSG 08 | Blue Spruce (Well-Worn)","src":"https://steamcdn-a.akamaihd.net/apps/730/icons/econ/default_generated/weapon_ssg08_so_moss_light_large.74753da395e67d490101269838df28e1b6313a25.png","type":"skin","rarity":0,"price":3},"SSG 08 | Blue Spruce (Battle-Scarred)":{"quality":1,"skin":"Blue Spruce","weapon":"SSG 08","short":"SSG 08 | Blue Spruce","name":"SSG 08 | Blue Spruce (Battle-Scarred)","src":"https://steamcdn-a.akamaihd.net/apps/730/icons/econ/default_generated/weapon_ssg08_so_moss_light_large.74753da395e67d490101269838df28e1b6313a25.png","type":"skin","rarity":0,"price":3},"Souvenir SSG 08 | Blue Spruce (Factory New)":{"souvenir":true,"quality":5,"skin":"Blue Spruce","weapon":"SSG 08","short":"SSG 08 | Blue Spruce","name":"Souvenir SSG 08 | Blue Spruce (Factory New)","src":"https://steamcdn-a.akamaihd.net/apps/730/icons/econ/default_generated/weapon_ssg08_so_moss_light_large.74753da395e67d490101269838df28e1b6313a25.png","type":"skin","rarity":0,"price":79},"Souvenir SSG 08 | Blue Spruce (Minimal Wear)":{"souvenir":true,"quality":4,"skin":"Blue Spruce","weapon":"SSG 08","short":"SSG 08 | Blue Spruce","name":"Souvenir SSG 08 | Blue Spruce (Minimal Wear)","src":"https://steamcdn-a.akamaihd.net/apps/730/icons/econ/default_generated/weapon_ssg08_so_moss_light_large.74753da395e67d490101269838df28e1b6313a25.png","type":"skin","rarity":0,"price":1530},"Souvenir SSG 08 | Blue Spruce (Field-Tested)":{"souvenir":true,"quality":3,"skin":"Blue Spruce","weapon":"SSG 08","short":"SSG 08 | Blue Spruce","name":"Souvenir SSG 08 | Blue Spruce (Field-Tested)","src":"https://steamcdn-a.akamaihd.net/apps/730/icons/econ/default_generated/weapon_ssg08_so_moss_light_large.74753da395e67d490101269838df28e1b6313a25.png","type":"skin","rarity":0,"price":675},"Souvenir SSG 08 | Blue Spruce (Well-Worn)":{"souvenir":true,"quality":2,"skin":"Blue Spruce","weapon":"SSG 08","short":"SSG 08 | Blue Spruce","name":"Souvenir SSG 08 | Blue Spruce (Well-Worn)","src":"https://steamcdn-a.akamaihd.net/apps/730/icons/econ/default_generated/weapon_ssg08_so_moss_light_large.74753da395e67d490101269838df28e1b6313a25.png","type":"skin","rarity":0,"price":520},"Souvenir SSG 08 | Blue Spruce (Battle-Scarred)":{"souvenir":true,"quality":1,"skin":"Blue Spruce","weapon":"SSG 08","short":"SSG 08 | Blue Spruce","name":"Souvenir SSG 08 | Blue Spruce (Battle-Scarred)","src":"https://steamcdn-a.akamaihd.net/apps/730/icons/econ/default_generated/weapon_ssg08_so_moss_light_large.74753da395e67d490101269838df28e1b6313a25.png","type":"skin","rarity":0,"price":499},"SSG 08 | Blue Spruce":{"souvenirAvailable":true,"masterItem":true,"qualities":[5,4,3,2,1],"skin":"Blue Spruce","weapon":"SSG 08","short":"SSG 08 | Blue Spruce","name":"SSG 08 | Blue Spruce","src":"https://steamcdn-a.akamaihd.net/apps/730/icons/econ/default_generated/weapon_ssg08_so_moss_light_large.74753da395e67d490101269838df28e1b6313a25.png","type":"skin","rarity":0,"price":1530,"minPrice":3},"M249 | Gator Mesh (Factory New)":{"quality":5,"skin":"Gator Mesh","weapon":"M249","short":"M249 | Gator Mesh","name":"M249 | Gator Mesh (Factory New)","src":"https://steamcdn-a.akamaihd.net/apps/730/icons/econ/default_generated/weapon_m249_sp_mesh_python_light_large.39f20f5499a7d68e8b90a9e064c993e9a803d721.png","type":"skin","rarity":1,"price":15},"M249 | Gator Mesh (Minimal Wear)":{"quality":4,"skin":"Gator Mesh","weapon":"M249","short":"M249 | Gator Mesh","name":"M249 | Gator Mesh (Minimal Wear)","src":"https://steamcdn-a.akamaihd.net/apps/730/icons/econ/default_generated/weapon_m249_sp_mesh_python_light_large.39f20f5499a7d68e8b90a9e064c993e9a803d721.png","type":"skin","rarity":1,"price":10},"M249 | Gator Mesh (Field-Tested)":{"quality":3,"skin":"Gator Mesh","weapon":"M249","short":"M249 | Gator Mesh","name":"M249 | Gator Mesh (Field-Tested)","src":"https://steamcdn-a.akamaihd.net/apps/730/icons/econ/default_generated/weapon_m249_sp_mesh_python_light_large.39f20f5499a7d68e8b90a9e064c993e9a803d721.png","type":"skin","rarity":1,"price":9},"M249 | Gator Mesh (Well-Worn)":{"quality":2,"skin":"Gator Mesh","weapon":"M249","short":"M249 | Gator Mesh","name":"M249 | Gator Mesh (Well-Worn)","src":"https://steamcdn-a.akamaihd.net/apps/730/icons/econ/default_generated/weapon_m249_sp_mesh_python_light_large.39f20f5499a7d68e8b90a9e064c993e9a803d721.png","type":"skin","rarity":1,"price":9},"M249 | Gator Mesh (Battle-Scarred)":{"quality":1,"skin":"Gator Mesh","weapon":"M249","short":"M249 | Gator Mesh","name":"M249 | Gator Mesh (Battle-Scarred)","src":"https://steamcdn-a.akamaihd.net/apps/730/icons/econ/default_generated/weapon_m249_sp_mesh_python_light_large.39f20f5499a7d68e8b90a9e064c993e9a803d721.png","type":"skin","rarity":1,"price":9},"Souvenir M249 | Gator Mesh (Factory New)":{"souvenir":true,"quality":5,"skin":"Gator Mesh","weapon":"M249","short":"M249 | Gator Mesh","name":"Souvenir M249 | Gator Mesh (Factory New)","src":"https://steamcdn-a.akamaihd.net/apps/730/icons/econ/default_generated/weapon_m249_sp_mesh_python_light_large.39f20f5499a7d68e8b90a9e064c993e9a803d721.png","type":"skin","rarity":1,"price":8946},"Souvenir M249 | Gator Mesh (Minimal Wear)":{"souvenir":true,"quality":4,"skin":"Gator Mesh","weapon":"M249","short":"M249 | Gator Mesh","name":"Souvenir M249 | Gator Mesh (Minimal Wear)","src":"https://steamcdn-a.akamaihd.net/apps/730/icons/econ/default_generated/weapon_m249_sp_mesh_python_light_large.39f20f5499a7d68e8b90a9e064c993e9a803d721.png","type":"skin","rarity":1,"price":783},"Souvenir M249 | Gator Mesh (Field-Tested)":{"souvenir":true,"quality":3,"skin":"Gator Mesh","weapon":"M249","short":"M249 | Gator Mesh","name":"Souvenir M249 | Gator Mesh (Field-Tested)","src":"https://steamcdn-a.akamaihd.net/apps/730/icons/econ/default_generated/weapon_m249_sp_mesh_python_light_large.39f20f5499a7d68e8b90a9e064c993e9a803d721.png","type":"skin","rarity":1,"price":1116},"Souvenir M249 | Gator Mesh (Well-Worn)":{"souvenir":true,"quality":2,"skin":"Gator Mesh","weapon":"M249","short":"M249 | Gator Mesh","name":"Souvenir M249 | Gator Mesh (Well-Worn)","src":"https://steamcdn-a.akamaihd.net/apps/730/icons/econ/default_generated/weapon_m249_sp_mesh_python_light_large.39f20f5499a7d68e8b90a9e064c993e9a803d721.png","type":"skin","rarity":1,"price":15027},"Souvenir M249 | Gator Mesh (Battle-Scarred)":{"souvenir":true,"quality":1,"skin":"Gator Mesh","weapon":"M249","short":"M249 | Gator Mesh","name":"Souvenir M249 | Gator Mesh (Battle-Scarred)","src":"https://steamcdn-a.akamaihd.net/apps/730/icons/econ/default_generated/weapon_m249_sp_mesh_python_light_large.39f20f5499a7d68e8b90a9e064c993e9a803d721.png","type":"skin","rarity":1,"price":3631},"M249 | Gator Mesh":{"souvenirAvailable":true,"masterItem":true,"qualities":[5,4,3,2,1],"skin":"Gator Mesh","weapon":"M249","short":"M249 | Gator Mesh","name":"M249 | Gator Mesh","src":"https://steamcdn-a.akamaihd.net/apps/730/icons/econ/default_generated/weapon_m249_sp_mesh_python_light_large.39f20f5499a7d68e8b90a9e064c993e9a803d721.png","type":"skin","rarity":1,"price":15027,"minPrice":9},"USP-S | Forest Leaves (Factory New)":{"quality":5,"skin":"Forest Leaves","weapon":"USP-S","short":"USP-S | Forest Leaves","name":"USP-S | Forest Leaves (Factory New)","src":"https://steamcdn-a.akamaihd.net/apps/730/icons/econ/default_generated/weapon_usp_silencer_sp_leaves_light_large.a71c8dc482fea4aaa1c6b5c115e370a7e134ddfd.png","type":"skin","rarity":1,"price":77},"USP-S | Forest Leaves (Minimal Wear)":{"quality":4,"skin":"Forest Leaves","weapon":"USP-S","short":"USP-S | Forest Leaves","name":"USP-S | Forest Leaves (Minimal Wear)","src":"https://steamcdn-a.akamaihd.net/apps/730/icons/econ/default_generated/weapon_usp_silencer_sp_leaves_light_large.a71c8dc482fea4aaa1c6b5c115e370a7e134ddfd.png","type":"skin","rarity":1,"price":14},"USP-S | Forest Leaves (Field-Tested)":{"quality":3,"skin":"Forest Leaves","weapon":"USP-S","short":"USP-S | Forest Leaves","name":"USP-S | Forest Leaves (Field-Tested)","src":"https://steamcdn-a.akamaihd.net/apps/730/icons/econ/default_generated/weapon_usp_silencer_sp_leaves_light_large.a71c8dc482fea4aaa1c6b5c115e370a7e134ddfd.png","type":"skin","rarity":1,"price":9},"USP-S | Forest Leaves (Well-Worn)":{"quality":2,"skin":"Forest Leaves","weapon":"USP-S","short":"USP-S | Forest Leaves","name":"USP-S | Forest Leaves (Well-Worn)","src":"https://steamcdn-a.akamaihd.net/apps/730/icons/econ/default_generated/weapon_usp_silencer_sp_leaves_light_large.a71c8dc482fea4aaa1c6b5c115e370a7e134ddfd.png","type":"skin","rarity":1,"price":9},"USP-S | Forest Leaves (Battle-Scarred)":{"quality":1,"skin":"Forest Leaves","weapon":"USP-S","short":"USP-S | Forest Leaves","name":"USP-S | Forest Leaves (Battle-Scarred)","src":"https://steamcdn-a.akamaihd.net/apps/730/icons/econ/default_generated/weapon_usp_silencer_sp_leaves_light_large.a71c8dc482fea4aaa1c6b5c115e370a7e134ddfd.png","type":"skin","rarity":1,"price":9},"Souvenir USP-S | Forest Leaves (Factory New)":{"souvenir":true,"quality":5,"skin":"Forest Leaves","weapon":"USP-S","short":"USP-S | Forest Leaves","name":"Souvenir USP-S | Forest Leaves (Factory New)","src":"https://steamcdn-a.akamaihd.net/apps/730/icons/econ/default_generated/weapon_usp_silencer_sp_leaves_light_large.a71c8dc482fea4aaa1c6b5c115e370a7e134ddfd.png","type":"skin","rarity":1,"price":119},"Souvenir USP-S | Forest Leaves (Minimal Wear)":{"souvenir":true,"quality":4,"skin":"Forest Leaves","weapon":"USP-S","short":"USP-S | Forest Leaves","name":"Souvenir USP-S | Forest Leaves (Minimal Wear)","src":"https://steamcdn-a.akamaihd.net/apps/730/icons/econ/default_generated/weapon_usp_silencer_sp_leaves_light_large.a71c8dc482fea4aaa1c6b5c115e370a7e134ddfd.png","type":"skin","rarity":1,"price":6032},"Souvenir USP-S | Forest Leaves (Field-Tested)":{"souvenir":true,"quality":3,"skin":"Forest Leaves","weapon":"USP-S","short":"USP-S | Forest Leaves","name":"Souvenir USP-S | Forest Leaves (Field-Tested)","src":"https://steamcdn-a.akamaihd.net/apps/730/icons/econ/default_generated/weapon_usp_silencer_sp_leaves_light_large.a71c8dc482fea4aaa1c6b5c115e370a7e134ddfd.png","type":"skin","rarity":1,"price":4394},"Souvenir USP-S | Forest Leaves (Well-Worn)":{"souvenir":true,"quality":2,"skin":"Forest Leaves","weapon":"USP-S","short":"USP-S | Forest Leaves","name":"Souvenir USP-S | Forest Leaves (Well-Worn)","src":"https://steamcdn-a.akamaihd.net/apps/730/icons/econ/default_generated/weapon_usp_silencer_sp_leaves_light_large.a71c8dc482fea4aaa1c6b5c115e370a7e134ddfd.png","type":"skin","rarity":1,"price":5883},"Souvenir USP-S | Forest Leaves (Battle-Scarred)":{"souvenir":true,"quality":1,"skin":"Forest Leaves","weapon":"USP-S","short":"USP-S | Forest Leaves","name":"Souvenir USP-S | Forest Leaves (Battle-Scarred)","src":"https://steamcdn-a.akamaihd.net/apps/730/icons/econ/default_generated/weapon_usp_silencer_sp_leaves_light_large.a71c8dc482fea4aaa1c6b5c115e370a7e134ddfd.png","type":"skin","rarity":1,"price":3631},"USP-S | Forest Leaves":{"souvenirAvailable":true,"masterItem":true,"qualities":[5,4,3,2,1],"skin":"Forest Leaves","weapon":"USP-S","short":"USP-S | Forest Leaves","name":"USP-S | Forest Leaves","src":"https://steamcdn-a.akamaihd.net/apps/730/icons/econ/default_generated/weapon_usp_silencer_sp_leaves_light_large.a71c8dc482fea4aaa1c6b5c115e370a7e134ddfd.png","type":"skin","rarity":1,"price":6032,"minPrice":9},"MP9 | Orange Peel (Factory New)":{"quality":5,"skin":"Orange Peel","weapon":"MP9","short":"MP9 | Orange Peel","name":"MP9 | Orange Peel (Factory New)","src":"https://steamcdn-a.akamaihd.net/apps/730/icons/econ/default_generated/weapon_mp9_sp_tape_orange_light_large.77854282ffc131b7bbe878c140b3c41bfb735242.png","type":"skin","rarity":1,"price":36},"MP9 | Orange Peel (Minimal Wear)":{"quality":4,"skin":"Orange Peel","weapon":"MP9","short":"MP9 | Orange Peel","name":"MP9 | Orange Peel (Minimal Wear)","src":"https://steamcdn-a.akamaihd.net/apps/730/icons/econ/default_generated/weapon_mp9_sp_tape_orange_light_large.77854282ffc131b7bbe878c140b3c41bfb735242.png","type":"skin","rarity":1,"price":10},"MP9 | Orange Peel (Field-Tested)":{"quality":3,"skin":"Orange Peel","weapon":"MP9","short":"MP9 | Orange Peel","name":"MP9 | Orange Peel (Field-Tested)","src":"https://steamcdn-a.akamaihd.net/apps/730/icons/econ/default_generated/weapon_mp9_sp_tape_orange_light_large.77854282ffc131b7bbe878c140b3c41bfb735242.png","type":"skin","rarity":1,"price":9},"MP9 | Orange Peel (Well-Worn)":{"quality":2,"skin":"Orange Peel","weapon":"MP9","short":"MP9 | Orange Peel","name":"MP9 | Orange Peel (Well-Worn)","src":"https://steamcdn-a.akamaihd.net/apps/730/icons/econ/default_generated/weapon_mp9_sp_tape_orange_light_large.77854282ffc131b7bbe878c140b3c41bfb735242.png","type":"skin","rarity":1,"price":9},"MP9 | Orange Peel (Battle-Scarred)":{"quality":1,"skin":"Orange Peel","weapon":"MP9","short":"MP9 | Orange Peel","name":"MP9 | Orange Peel (Battle-Scarred)","src":"https://steamcdn-a.akamaihd.net/apps/730/icons/econ/default_generated/weapon_mp9_sp_tape_orange_light_large.77854282ffc131b7bbe878c140b3c41bfb735242.png","type":"skin","rarity":1,"price":9},"Souvenir MP9 | Orange Peel (Factory New)":{"souvenir":true,"quality":5,"skin":"Orange Peel","weapon":"MP9","short":"MP9 | Orange Peel","name":"Souvenir MP9 | Orange Peel (Factory New)","src":"https://steamcdn-a.akamaihd.net/apps/730/icons/econ/default_generated/weapon_mp9_sp_tape_orange_light_large.77854282ffc131b7bbe878c140b3c41bfb735242.png","type":"skin","rarity":1,"price":174},"Souvenir MP9 | Orange Peel (Minimal Wear)":{"souvenir":true,"quality":4,"skin":"Orange Peel","weapon":"MP9","short":"MP9 | Orange Peel","name":"Souvenir MP9 | Orange Peel (Minimal Wear)","src":"https://steamcdn-a.akamaihd.net/apps/730/icons/econ/default_generated/weapon_mp9_sp_tape_orange_light_large.77854282ffc131b7bbe878c140b3c41bfb735242.png","type":"skin","rarity":1,"price":5247},"Souvenir MP9 | Orange Peel (Field-Tested)":{"souvenir":true,"quality":3,"skin":"Orange Peel","weapon":"MP9","short":"MP9 | Orange Peel","name":"Souvenir MP9 | Orange Peel (Field-Tested)","src":"https://steamcdn-a.akamaihd.net/apps/730/icons/econ/default_generated/weapon_mp9_sp_tape_orange_light_large.77854282ffc131b7bbe878c140b3c41bfb735242.png","type":"skin","rarity":1,"price":499},"Souvenir MP9 | Orange Peel (Well-Worn)":{"souvenir":true,"quality":2,"skin":"Orange Peel","weapon":"MP9","short":"MP9 | Orange Peel","name":"Souvenir MP9 | Orange Peel (Well-Worn)","src":"https://steamcdn-a.akamaihd.net/apps/730/icons/econ/default_generated/weapon_mp9_sp_tape_orange_light_large.77854282ffc131b7bbe878c140b3c41bfb735242.png","type":"skin","rarity":1,"price":6062},"Souvenir MP9 | Orange Peel (Battle-Scarred)":{"souvenir":true,"quality":1,"skin":"Orange Peel","weapon":"MP9","short":"MP9 | Orange Peel","name":"Souvenir MP9 | Orange Peel (Battle-Scarred)","src":"https://steamcdn-a.akamaihd.net/apps/730/icons/econ/default_generated/weapon_mp9_sp_tape_orange_light_large.77854282ffc131b7bbe878c140b3c41bfb735242.png","type":"skin","rarity":1,"price":3727},"MP9 | Orange Peel":{"souvenirAvailable":true,"masterItem":true,"qualities":[5,4,3,2,1],"skin":"Orange Peel","weapon":"MP9","short":"MP9 | Orange Peel","name":"MP9 | Orange Peel","src":"https://steamcdn-a.akamaihd.net/apps/730/icons/econ/default_generated/weapon_mp9_sp_tape_orange_light_large.77854282ffc131b7bbe878c140b3c41bfb735242.png","type":"skin","rarity":1,"price":6062,"minPrice":9},"FAMAS | Teardown (Factory New)":{"quality":5,"skin":"Teardown","weapon":"FAMAS","short":"FAMAS | Teardown","name":"FAMAS | Teardown (Factory New)","src":"https://steamcdn-a.akamaihd.net/apps/730/icons/econ/default_generated/weapon_famas_sp_mesh_hot_and_cold_light_large.c93a700bb3cf4d14241d3c837569b571685b0b29.png","type":"skin","rarity":2,"price":95},"FAMAS | Teardown (Minimal Wear)":{"quality":4,"skin":"Teardown","weapon":"FAMAS","short":"FAMAS | Teardown","name":"FAMAS | Teardown (Minimal Wear)","src":"https://steamcdn-a.akamaihd.net/apps/730/icons/econ/default_generated/weapon_famas_sp_mesh_hot_and_cold_light_large.c93a700bb3cf4d14241d3c837569b571685b0b29.png","type":"skin","rarity":2,"price":83},"FAMAS | Teardown (Field-Tested)":{"quality":3,"skin":"Teardown","weapon":"FAMAS","short":"FAMAS | Teardown","name":"FAMAS | Teardown (Field-Tested)","src":"https://steamcdn-a.akamaihd.net/apps/730/icons/econ/default_generated/weapon_famas_sp_mesh_hot_and_cold_light_large.c93a700bb3cf4d14241d3c837569b571685b0b29.png","type":"skin","rarity":2,"price":64},"FAMAS | Teardown (Well-Worn)":{"quality":2,"skin":"Teardown","weapon":"FAMAS","short":"FAMAS | Teardown","name":"FAMAS | Teardown (Well-Worn)","src":"https://steamcdn-a.akamaihd.net/apps/730/icons/econ/default_generated/weapon_famas_sp_mesh_hot_and_cold_light_large.c93a700bb3cf4d14241d3c837569b571685b0b29.png","type":"skin","rarity":2,"price":63},"FAMAS | Teardown (Battle-Scarred)":{"quality":1,"skin":"Teardown","weapon":"FAMAS","short":"FAMAS | Teardown","name":"FAMAS | Teardown (Battle-Scarred)","src":"https://steamcdn-a.akamaihd.net/apps/730/icons/econ/default_generated/weapon_famas_sp_mesh_hot_and_cold_light_large.c93a700bb3cf4d14241d3c837569b571685b0b29.png","type":"skin","rarity":2,"price":60},"Souvenir FAMAS | Teardown (Factory New)":{"souvenir":true,"quality":5,"skin":"Teardown","weapon":"FAMAS","short":"FAMAS | Teardown","name":"Souvenir FAMAS | Teardown (Factory New)","src":"https://steamcdn-a.akamaihd.net/apps/730/icons/econ/default_generated/weapon_famas_sp_mesh_hot_and_cold_light_large.c93a700bb3cf4d14241d3c837569b571685b0b29.png","type":"skin","rarity":2,"price":10105},"Souvenir FAMAS | Teardown (Minimal Wear)":{"souvenir":true,"quality":4,"skin":"Teardown","weapon":"FAMAS","short":"FAMAS | Teardown","name":"Souvenir FAMAS | Teardown (Minimal Wear)","src":"https://steamcdn-a.akamaihd.net/apps/730/icons/econ/default_generated/weapon_famas_sp_mesh_hot_and_cold_light_large.c93a700bb3cf4d14241d3c837569b571685b0b29.png","type":"skin","rarity":2,"price":3005},"Souvenir FAMAS | Teardown (Field-Tested)":{"souvenir":true,"quality":3,"skin":"Teardown","weapon":"FAMAS","short":"FAMAS | Teardown","name":"Souvenir FAMAS | Teardown (Field-Tested)","src":"https://steamcdn-a.akamaihd.net/apps/730/icons/econ/default_generated/weapon_famas_sp_mesh_hot_and_cold_light_large.c93a700bb3cf4d14241d3c837569b571685b0b29.png","type":"skin","rarity":2,"price":1573},"Souvenir FAMAS | Teardown (Well-Worn)":{"souvenir":true,"quality":2,"skin":"Teardown","weapon":"FAMAS","short":"FAMAS | Teardown","name":"Souvenir FAMAS | Teardown (Well-Worn)","src":"https://steamcdn-a.akamaihd.net/apps/730/icons/econ/default_generated/weapon_famas_sp_mesh_hot_and_cold_light_large.c93a700bb3cf4d14241d3c837569b571685b0b29.png","type":"skin","rarity":2,"price":1713},"Souvenir FAMAS | Teardown (Battle-Scarred)":{"souvenir":true,"quality":1,"skin":"Teardown","weapon":"FAMAS","short":"FAMAS | Teardown","name":"Souvenir FAMAS | Teardown (Battle-Scarred)","src":"https://steamcdn-a.akamaihd.net/apps/730/icons/econ/default_generated/weapon_famas_sp_mesh_hot_and_cold_light_large.c93a700bb3cf4d14241d3c837569b571685b0b29.png","type":"skin","rarity":2,"price":170},"FAMAS | Teardown":{"souvenirAvailable":true,"masterItem":true,"qualities":[5,4,3,2,1],"skin":"Teardown","weapon":"FAMAS","short":"FAMAS | Teardown","name":"FAMAS | Teardown","src":"https://steamcdn-a.akamaihd.net/apps/730/icons/econ/default_generated/weapon_famas_sp_mesh_hot_and_cold_light_large.c93a700bb3cf4d14241d3c837569b571685b0b29.png","type":"skin","rarity":2,"price":10105,"minPrice":60},"M4A1-S | Nitro (Factory New)":{"quality":5,"skin":"Nitro","weapon":"M4A1-S","short":"M4A1-S | Nitro","name":"M4A1-S | Nitro (Factory New)","src":"https://steamcdn-a.akamaihd.net/apps/730/icons/econ/default_generated/weapon_m4a1_silencer_so_orange_accents_light_large.625f58cdc5641f440ccf2fe866c3152b5803d1f2.png","type":"skin","rarity":3,"price":749},"M4A1-S | Nitro (Minimal Wear)":{"quality":4,"skin":"Nitro","weapon":"M4A1-S","short":"M4A1-S | Nitro","name":"M4A1-S | Nitro (Minimal Wear)","src":"https://steamcdn-a.akamaihd.net/apps/730/icons/econ/default_generated/weapon_m4a1_silencer_so_orange_accents_light_large.625f58cdc5641f440ccf2fe866c3152b5803d1f2.png","type":"skin","rarity":3,"price":333},"M4A1-S | Nitro (Field-Tested)":{"quality":3,"skin":"Nitro","weapon":"M4A1-S","short":"M4A1-S | Nitro","name":"M4A1-S | Nitro (Field-Tested)","src":"https://steamcdn-a.akamaihd.net/apps/730/icons/econ/default_generated/weapon_m4a1_silencer_so_orange_accents_light_large.625f58cdc5641f440ccf2fe866c3152b5803d1f2.png","type":"skin","rarity":3,"price":165},"M4A1-S | Nitro (Well-Worn)":{"quality":2,"skin":"Nitro","weapon":"M4A1-S","short":"M4A1-S | Nitro","name":"M4A1-S | Nitro (Well-Worn)","src":"https://steamcdn-a.akamaihd.net/apps/730/icons/econ/default_generated/weapon_m4a1_silencer_so_orange_accents_light_large.625f58cdc5641f440ccf2fe866c3152b5803d1f2.png","type":"skin","rarity":3,"price":189},"M4A1-S | Nitro (Battle-Scarred)":{"quality":1,"skin":"Nitro","weapon":"M4A1-S","short":"M4A1-S | Nitro","name":"M4A1-S | Nitro (Battle-Scarred)","src":"https://steamcdn-a.akamaihd.net/apps/730/icons/econ/default_generated/weapon_m4a1_silencer_so_orange_accents_light_large.625f58cdc5641f440ccf2fe866c3152b5803d1f2.png","type":"skin","rarity":3,"price":145},"Souvenir M4A1-S | Nitro (Factory New)":{"souvenir":true,"quality":5,"skin":"Nitro","weapon":"M4A1-S","short":"M4A1-S | Nitro","name":"Souvenir M4A1-S | Nitro (Factory New)","src":"https://steamcdn-a.akamaihd.net/apps/730/icons/econ/default_generated/weapon_m4a1_silencer_so_orange_accents_light_large.625f58cdc5641f440ccf2fe866c3152b5803d1f2.png","type":"skin","rarity":3,"price":1278},"Souvenir M4A1-S | Nitro (Minimal Wear)":{"souvenir":true,"quality":4,"skin":"Nitro","weapon":"M4A1-S","short":"M4A1-S | Nitro","name":"Souvenir M4A1-S | Nitro (Minimal Wear)","src":"https://steamcdn-a.akamaihd.net/apps/730/icons/econ/default_generated/weapon_m4a1_silencer_so_orange_accents_light_large.625f58cdc5641f440ccf2fe866c3152b5803d1f2.png","type":"skin","rarity":3,"price":163490},"Souvenir M4A1-S | Nitro (Field-Tested)":{"souvenir":true,"quality":3,"skin":"Nitro","weapon":"M4A1-S","short":"M4A1-S | Nitro","name":"Souvenir M4A1-S | Nitro (Field-Tested)","src":"https://steamcdn-a.akamaihd.net/apps/730/icons/econ/default_generated/weapon_m4a1_silencer_so_orange_accents_light_large.625f58cdc5641f440ccf2fe866c3152b5803d1f2.png","type":"skin","rarity":3,"price":21067},"Souvenir M4A1-S | Nitro (Well-Worn)":{"souvenir":true,"quality":2,"skin":"Nitro","weapon":"M4A1-S","short":"M4A1-S | Nitro","name":"Souvenir M4A1-S | Nitro (Well-Worn)","src":"https://steamcdn-a.akamaihd.net/apps/730/icons/econ/default_generated/weapon_m4a1_silencer_so_orange_accents_light_large.625f58cdc5641f440ccf2fe866c3152b5803d1f2.png","type":"skin","rarity":3,"price":922},"Souvenir M4A1-S | Nitro (Battle-Scarred)":{"souvenir":true,"quality":1,"skin":"Nitro","weapon":"M4A1-S","short":"M4A1-S | Nitro","name":"Souvenir M4A1-S | Nitro (Battle-Scarred)","src":"https://steamcdn-a.akamaihd.net/apps/730/icons/econ/default_generated/weapon_m4a1_silencer_so_orange_accents_light_large.625f58cdc5641f440ccf2fe866c3152b5803d1f2.png","type":"skin","rarity":3,"price":603},"M4A1-S | Nitro":{"souvenirAvailable":true,"masterItem":true,"qualities":[5,4,3,2,1],"skin":"Nitro","weapon":"M4A1-S","short":"M4A1-S | Nitro","name":"M4A1-S | Nitro","src":"https://steamcdn-a.akamaihd.net/apps/730/icons/econ/default_generated/weapon_m4a1_silencer_so_orange_accents_light_large.625f58cdc5641f440ccf2fe866c3152b5803d1f2.png","type":"skin","rarity":3,"price":163490,"minPrice":145},"G3SG1 | VariCamo (Factory New)":{"quality":5,"skin":"VariCamo","weapon":"G3SG1","short":"G3SG1 | VariCamo","name":"G3SG1 | VariCamo (Factory New)","src":"https://steamcdn-a.akamaihd.net/apps/730/icons/econ/default_generated/weapon_g3sg1_hy_varicamo_light_large.6c944e82080f68d87881cdab86852e9375af9bb9.png","type":"skin","rarity":1,"price":15},"G3SG1 | VariCamo (Minimal Wear)":{"quality":4,"skin":"VariCamo","weapon":"G3SG1","short":"G3SG1 | VariCamo","name":"G3SG1 | VariCamo (Minimal Wear)","src":"https://steamcdn-a.akamaihd.net/apps/730/icons/econ/default_generated/weapon_g3sg1_hy_varicamo_light_large.6c944e82080f68d87881cdab86852e9375af9bb9.png","type":"skin","rarity":1,"price":10},"G3SG1 | VariCamo (Field-Tested)":{"quality":3,"skin":"VariCamo","weapon":"G3SG1","short":"G3SG1 | VariCamo","name":"G3SG1 | VariCamo (Field-Tested)","src":"https://steamcdn-a.akamaihd.net/apps/730/icons/econ/default_generated/weapon_g3sg1_hy_varicamo_light_large.6c944e82080f68d87881cdab86852e9375af9bb9.png","type":"skin","rarity":1,"price":9},"G3SG1 | VariCamo (Well-Worn)":{"quality":2,"skin":"VariCamo","weapon":"G3SG1","short":"G3SG1 | VariCamo","name":"G3SG1 | VariCamo (Well-Worn)","src":"https://steamcdn-a.akamaihd.net/apps/730/icons/econ/default_generated/weapon_g3sg1_hy_varicamo_light_large.6c944e82080f68d87881cdab86852e9375af9bb9.png","type":"skin","rarity":1,"price":10},"G3SG1 | VariCamo (Battle-Scarred)":{"quality":1,"skin":"VariCamo","weapon":"G3SG1","short":"G3SG1 | VariCamo","name":"G3SG1 | VariCamo (Battle-Scarred)","src":"https://steamcdn-a.akamaihd.net/apps/730/icons/econ/default_generated/weapon_g3sg1_hy_varicamo_light_large.6c944e82080f68d87881cdab86852e9375af9bb9.png","type":"skin","rarity":1,"price":9},"Souvenir G3SG1 | VariCamo (Factory New)":{"souvenir":true,"quality":5,"skin":"VariCamo","weapon":"G3SG1","short":"G3SG1 | VariCamo","name":"Souvenir G3SG1 | VariCamo (Factory New)","src":"https://steamcdn-a.akamaihd.net/apps/730/icons/econ/default_generated/weapon_g3sg1_hy_varicamo_light_large.6c944e82080f68d87881cdab86852e9375af9bb9.png","type":"skin","rarity":1,"price":28900},"Souvenir G3SG1 | VariCamo (Minimal Wear)":{"souvenir":true,"quality":4,"skin":"VariCamo","weapon":"G3SG1","short":"G3SG1 | VariCamo","name":"Souvenir G3SG1 | VariCamo (Minimal Wear)","src":"https://steamcdn-a.akamaihd.net/apps/730/icons/econ/default_generated/weapon_g3sg1_hy_varicamo_light_large.6c944e82080f68d87881cdab86852e9375af9bb9.png","type":"skin","rarity":1,"price":879},"Souvenir G3SG1 | VariCamo (Field-Tested)":{"souvenir":true,"quality":3,"skin":"VariCamo","weapon":"G3SG1","short":"G3SG1 | VariCamo","name":"Souvenir G3SG1 | VariCamo (Field-Tested)","src":"https://steamcdn-a.akamaihd.net/apps/730/icons/econ/default_generated/weapon_g3sg1_hy_varicamo_light_large.6c944e82080f68d87881cdab86852e9375af9bb9.png","type":"skin","rarity":1,"price":507},"Souvenir G3SG1 | VariCamo (Well-Worn)":{"souvenir":true,"quality":2,"skin":"VariCamo","weapon":"G3SG1","short":"G3SG1 | VariCamo","name":"Souvenir G3SG1 | VariCamo (Well-Worn)","src":"https://steamcdn-a.akamaihd.net/apps/730/icons/econ/default_generated/weapon_g3sg1_hy_varicamo_light_large.6c944e82080f68d87881cdab86852e9375af9bb9.png","type":"skin","rarity":1,"price":2681},"Souvenir G3SG1 | VariCamo (Battle-Scarred)":{"souvenir":true,"quality":1,"skin":"VariCamo","weapon":"G3SG1","short":"G3SG1 | VariCamo","name":"Souvenir G3SG1 | VariCamo (Battle-Scarred)","src":"https://steamcdn-a.akamaihd.net/apps/730/icons/econ/default_generated/weapon_g3sg1_hy_varicamo_light_large.6c944e82080f68d87881cdab86852e9375af9bb9.png","type":"skin","rarity":1,"price":1754},"G3SG1 | VariCamo":{"souvenirAvailable":true,"masterItem":true,"qualities":[5,4,3,2,1],"skin":"VariCamo","weapon":"G3SG1","short":"G3SG1 | VariCamo","name":"G3SG1 | VariCamo","src":"https://steamcdn-a.akamaihd.net/apps/730/icons/econ/default_generated/weapon_g3sg1_hy_varicamo_light_large.6c944e82080f68d87881cdab86852e9375af9bb9.png","type":"skin","rarity":1,"price":28900,"minPrice":9},"Five-SeveN | Silver Quartz (Factory New)":{"quality":5,"skin":"Silver Quartz","weapon":"Five-SeveN","short":"Five-SeveN | Silver Quartz","name":"Five-SeveN | Silver Quartz (Factory New)","src":"https://steamcdn-a.akamaihd.net/apps/730/icons/econ/default_generated/weapon_fiveseven_am_crystallized_silver_light_large.1c5e2fb5a3541523f1ff3a28f4138d83eed3a67f.png","type":"skin","rarity":2,"price":96},"Five-SeveN | Silver Quartz (Minimal Wear)":{"quality":4,"skin":"Silver Quartz","weapon":"Five-SeveN","short":"Five-SeveN | Silver Quartz","name":"Five-SeveN | Silver Quartz (Minimal Wear)","src":"https://steamcdn-a.akamaihd.net/apps/730/icons/econ/default_generated/weapon_fiveseven_am_crystallized_silver_light_large.1c5e2fb5a3541523f1ff3a28f4138d83eed3a67f.png","type":"skin","rarity":2,"price":83},"Five-SeveN | Silver Quartz (Field-Tested)":{"quality":3,"skin":"Silver Quartz","weapon":"Five-SeveN","short":"Five-SeveN | Silver Quartz","name":"Five-SeveN | Silver Quartz (Field-Tested)","src":"https://steamcdn-a.akamaihd.net/apps/730/icons/econ/default_generated/weapon_fiveseven_am_crystallized_silver_light_large.1c5e2fb5a3541523f1ff3a28f4138d83eed3a67f.png","type":"skin","rarity":2,"price":64},"Five-SeveN | Silver Quartz (Well-Worn)":{"quality":2,"skin":"Silver Quartz","weapon":"Five-SeveN","short":"Five-SeveN | Silver Quartz","name":"Five-SeveN | Silver Quartz (Well-Worn)","src":"https://steamcdn-a.akamaihd.net/apps/730/icons/econ/default_generated/weapon_fiveseven_am_crystallized_silver_light_large.1c5e2fb5a3541523f1ff3a28f4138d83eed3a67f.png","type":"skin","rarity":2,"price":65},"Souvenir Five-SeveN | Silver Quartz (Factory New)":{"souvenir":true,"quality":5,"skin":"Silver Quartz","weapon":"Five-SeveN","short":"Five-SeveN | Silver Quartz","name":"Souvenir Five-SeveN | Silver Quartz (Factory New)","src":"https://steamcdn-a.akamaihd.net/apps/730/icons/econ/default_generated/weapon_fiveseven_am_crystallized_silver_light_large.1c5e2fb5a3541523f1ff3a28f4138d83eed3a67f.png","type":"skin","rarity":2,"price":10090},"Souvenir Five-SeveN | Silver Quartz (Minimal Wear)":{"souvenir":true,"quality":4,"skin":"Silver Quartz","weapon":"Five-SeveN","short":"Five-SeveN | Silver Quartz","name":"Souvenir Five-SeveN | Silver Quartz (Minimal Wear)","src":"https://steamcdn-a.akamaihd.net/apps/730/icons/econ/default_generated/weapon_fiveseven_am_crystallized_silver_light_large.1c5e2fb5a3541523f1ff3a28f4138d83eed3a67f.png","type":"skin","rarity":2,"price":7537},"Souvenir Five-SeveN | Silver Quartz (Field-Tested)":{"souvenir":true,"quality":3,"skin":"Silver Quartz","weapon":"Five-SeveN","short":"Five-SeveN | Silver Quartz","name":"Souvenir Five-SeveN | Silver Quartz (Field-Tested)","src":"https://steamcdn-a.akamaihd.net/apps/730/icons/econ/default_generated/weapon_fiveseven_am_crystallized_silver_light_large.1c5e2fb5a3541523f1ff3a28f4138d83eed3a67f.png","type":"skin","rarity":2,"price":2311},"Souvenir Five-SeveN | Silver Quartz (Well-Worn)":{"souvenir":true,"quality":2,"skin":"Silver Quartz","weapon":"Five-SeveN","short":"Five-SeveN | Silver Quartz","name":"Souvenir Five-SeveN | Silver Quartz (Well-Worn)","src":"https://steamcdn-a.akamaihd.net/apps/730/icons/econ/default_generated/weapon_fiveseven_am_crystallized_silver_light_large.1c5e2fb5a3541523f1ff3a28f4138d83eed3a67f.png","type":"skin","rarity":2,"price":300},"Five-SeveN | Silver Quartz":{"souvenirAvailable":true,"masterItem":true,"qualities":[5,4,3,2],"skin":"Silver Quartz","weapon":"Five-SeveN","short":"Five-SeveN | Silver Quartz","name":"Five-SeveN | Silver Quartz","src":"https://steamcdn-a.akamaihd.net/apps/730/icons/econ/default_generated/weapon_fiveseven_am_crystallized_silver_light_large.1c5e2fb5a3541523f1ff3a28f4138d83eed3a67f.png","type":"skin","rarity":2,"price":10090,"minPrice":64},"Galil AR | VariCamo (Factory New)":{"quality":5,"skin":"VariCamo","weapon":"Galil AR","short":"Galil AR | VariCamo","name":"Galil AR | VariCamo (Factory New)","src":"https://steamcdn-a.akamaihd.net/apps/730/icons/econ/default_generated/weapon_galilar_hy_varicamo_light_large.4893edef6838528fadcc0a790a0ed132cdf2f1b9.png","type":"skin","rarity":1,"price":14},"Galil AR | VariCamo (Minimal Wear)":{"quality":4,"skin":"VariCamo","weapon":"Galil AR","short":"Galil AR | VariCamo","name":"Galil AR | VariCamo (Minimal Wear)","src":"https://steamcdn-a.akamaihd.net/apps/730/icons/econ/default_generated/weapon_galilar_hy_varicamo_light_large.4893edef6838528fadcc0a790a0ed132cdf2f1b9.png","type":"skin","rarity":1,"price":10},"Galil AR | VariCamo (Field-Tested)":{"quality":3,"skin":"VariCamo","weapon":"Galil AR","short":"Galil AR | VariCamo","name":"Galil AR | VariCamo (Field-Tested)","src":"https://steamcdn-a.akamaihd.net/apps/730/icons/econ/default_generated/weapon_galilar_hy_varicamo_light_large.4893edef6838528fadcc0a790a0ed132cdf2f1b9.png","type":"skin","rarity":1,"price":9},"Galil AR | VariCamo (Well-Worn)":{"quality":2,"skin":"VariCamo","weapon":"Galil AR","short":"Galil AR | VariCamo","name":"Galil AR | VariCamo (Well-Worn)","src":"https://steamcdn-a.akamaihd.net/apps/730/icons/econ/default_generated/weapon_galilar_hy_varicamo_light_large.4893edef6838528fadcc0a790a0ed132cdf2f1b9.png","type":"skin","rarity":1,"price":10},"Galil AR | VariCamo (Battle-Scarred)":{"quality":1,"skin":"VariCamo","weapon":"Galil AR","short":"Galil AR | VariCamo","name":"Galil AR | VariCamo (Battle-Scarred)","src":"https://steamcdn-a.akamaihd.net/apps/730/icons/econ/default_generated/weapon_galilar_hy_varicamo_light_large.4893edef6838528fadcc0a790a0ed132cdf2f1b9.png","type":"skin","rarity":1,"price":9},"Souvenir Galil AR | VariCamo (Factory New)":{"souvenir":true,"quality":5,"skin":"VariCamo","weapon":"Galil AR","short":"Galil AR | VariCamo","name":"Souvenir Galil AR | VariCamo (Factory New)","src":"https://steamcdn-a.akamaihd.net/apps/730/icons/econ/default_generated/weapon_galilar_hy_varicamo_light_large.4893edef6838528fadcc0a790a0ed132cdf2f1b9.png","type":"skin","rarity":1,"price":7081},"Souvenir Galil AR | VariCamo (Minimal Wear)":{"souvenir":true,"quality":4,"skin":"VariCamo","weapon":"Galil AR","short":"Galil AR | VariCamo","name":"Souvenir Galil AR | VariCamo (Minimal Wear)","src":"https://steamcdn-a.akamaihd.net/apps/730/icons/econ/default_generated/weapon_galilar_hy_varicamo_light_large.4893edef6838528fadcc0a790a0ed132cdf2f1b9.png","type":"skin","rarity":1,"price":6877},"Souvenir Galil AR | VariCamo (Field-Tested)":{"souvenir":true,"quality":3,"skin":"VariCamo","weapon":"Galil AR","short":"Galil AR | VariCamo","name":"Souvenir Galil AR | VariCamo (Field-Tested)","src":"https://steamcdn-a.akamaihd.net/apps/730/icons/econ/default_generated/weapon_galilar_hy_varicamo_light_large.4893edef6838528fadcc0a790a0ed132cdf2f1b9.png","type":"skin","rarity":1,"price":4524},"Souvenir Galil AR | VariCamo (Well-Worn)":{"souvenir":true,"quality":2,"skin":"VariCamo","weapon":"Galil AR","short":"Galil AR | VariCamo","name":"Souvenir Galil AR | VariCamo (Well-Worn)","src":"https://steamcdn-a.akamaihd.net/apps/730/icons/econ/default_generated/weapon_galilar_hy_varicamo_light_large.4893edef6838528fadcc0a790a0ed132cdf2f1b9.png","type":"skin","rarity":1,"price":116},"Souvenir Galil AR | VariCamo (Battle-Scarred)":{"souvenir":true,"quality":1,"skin":"VariCamo","weapon":"Galil AR","short":"Galil AR | VariCamo","name":"Souvenir Galil AR | VariCamo (Battle-Scarred)","src":"https://steamcdn-a.akamaihd.net/apps/730/icons/econ/default_generated/weapon_galilar_hy_varicamo_light_large.4893edef6838528fadcc0a790a0ed132cdf2f1b9.png","type":"skin","rarity":1,"price":1573},"Galil AR | VariCamo":{"souvenirAvailable":true,"masterItem":true,"qualities":[5,4,3,2,1],"skin":"VariCamo","weapon":"Galil AR","short":"Galil AR | VariCamo","name":"Galil AR | VariCamo","src":"https://steamcdn-a.akamaihd.net/apps/730/icons/econ/default_generated/weapon_galilar_hy_varicamo_light_large.4893edef6838528fadcc0a790a0ed132cdf2f1b9.png","type":"skin","rarity":1,"price":7081,"minPrice":9},"MP7 | Army Recon (Factory New)":{"quality":5,"skin":"Army Recon","weapon":"MP7","short":"MP7 | Army Recon","name":"MP7 | Army Recon (Factory New)","src":"https://steamcdn-a.akamaihd.net/apps/730/icons/econ/default_generated/weapon_mp7_sp_spray_army_light_large.e879b8808f8c967e4f08fde194d6d58f64dfdb2d.png","type":"skin","rarity":0,"price":8},"MP7 | Army Recon (Minimal Wear)":{"quality":4,"skin":"Army Recon","weapon":"MP7","short":"MP7 | Army Recon","name":"MP7 | Army Recon (Minimal Wear)","src":"https://steamcdn-a.akamaihd.net/apps/730/icons/econ/default_generated/weapon_mp7_sp_spray_army_light_large.e879b8808f8c967e4f08fde194d6d58f64dfdb2d.png","type":"skin","rarity":0,"price":3},"MP7 | Army Recon (Field-Tested)":{"quality":3,"skin":"Army Recon","weapon":"MP7","short":"MP7 | Army Recon","name":"MP7 | Army Recon (Field-Tested)","src":"https://steamcdn-a.akamaihd.net/apps/730/icons/econ/default_generated/weapon_mp7_sp_spray_army_light_large.e879b8808f8c967e4f08fde194d6d58f64dfdb2d.png","type":"skin","rarity":0,"price":3},"MP7 | Army Recon (Well-Worn)":{"quality":2,"skin":"Army Recon","weapon":"MP7","short":"MP7 | Army Recon","name":"MP7 | Army Recon (Well-Worn)","src":"https://steamcdn-a.akamaihd.net/apps/730/icons/econ/default_generated/weapon_mp7_sp_spray_army_light_large.e879b8808f8c967e4f08fde194d6d58f64dfdb2d.png","type":"skin","rarity":0,"price":3},"MP7 | Army Recon (Battle-Scarred)":{"quality":1,"skin":"Army Recon","weapon":"MP7","short":"MP7 | Army Recon","name":"MP7 | Army Recon (Battle-Scarred)","src":"https://steamcdn-a.akamaihd.net/apps/730/icons/econ/default_generated/weapon_mp7_sp_spray_army_light_large.e879b8808f8c967e4f08fde194d6d58f64dfdb2d.png","type":"skin","rarity":0,"price":3},"Souvenir MP7 | Army Recon (Factory New)":{"souvenir":true,"quality":5,"skin":"Army Recon","weapon":"MP7","short":"MP7 | Army Recon","name":"Souvenir MP7 | Army Recon (Factory New)","src":"https://steamcdn-a.akamaihd.net/apps/730/icons/econ/default_generated/weapon_mp7_sp_spray_army_light_large.e879b8808f8c967e4f08fde194d6d58f64dfdb2d.png","type":"skin","rarity":0,"price":8476},"Souvenir MP7 | Army Recon (Minimal Wear)":{"souvenir":true,"quality":4,"skin":"Army Recon","weapon":"MP7","short":"MP7 | Army Recon","name":"Souvenir MP7 | Army Recon (Minimal Wear)","src":"https://steamcdn-a.akamaihd.net/apps/730/icons/econ/default_generated/weapon_mp7_sp_spray_army_light_large.e879b8808f8c967e4f08fde194d6d58f64dfdb2d.png","type":"skin","rarity":0,"price":577},"Souvenir MP7 | Army Recon (Field-Tested)":{"souvenir":true,"quality":3,"skin":"Army Recon","weapon":"MP7","short":"MP7 | Army Recon","name":"Souvenir MP7 | Army Recon (Field-Tested)","src":"https://steamcdn-a.akamaihd.net/apps/730/icons/econ/default_generated/weapon_mp7_sp_spray_army_light_large.e879b8808f8c967e4f08fde194d6d58f64dfdb2d.png","type":"skin","rarity":0,"price":130},"Souvenir MP7 | Army Recon (Well-Worn)":{"souvenir":true,"quality":2,"skin":"Army Recon","weapon":"MP7","short":"MP7 | Army Recon","name":"Souvenir MP7 | Army Recon (Well-Worn)","src":"https://steamcdn-a.akamaihd.net/apps/730/icons/econ/default_generated/weapon_mp7_sp_spray_army_light_large.e879b8808f8c967e4f08fde194d6d58f64dfdb2d.png","type":"skin","rarity":0,"price":363},"Souvenir MP7 | Army Recon (Battle-Scarred)":{"souvenir":true,"quality":1,"skin":"Army Recon","weapon":"MP7","short":"MP7 | Army Recon","name":"Souvenir MP7 | Army Recon (Battle-Scarred)","src":"https://steamcdn-a.akamaihd.net/apps/730/icons/econ/default_generated/weapon_mp7_sp_spray_army_light_large.e879b8808f8c967e4f08fde194d6d58f64dfdb2d.png","type":"skin","rarity":0,"price":864},"MP7 | Army Recon":{"souvenirAvailable":true,"masterItem":true,"qualities":[5,4,3,2,1],"skin":"Army Recon","weapon":"MP7","short":"MP7 | Army Recon","name":"MP7 | Army Recon","src":"https://steamcdn-a.akamaihd.net/apps/730/icons/econ/default_generated/weapon_mp7_sp_spray_army_light_large.e879b8808f8c967e4f08fde194d6d58f64dfdb2d.png","type":"skin","rarity":0,"price":8476,"minPrice":3},"AUG | Condemned (Factory New)":{"quality":5,"skin":"Condemned","weapon":"AUG","short":"AUG | Condemned","name":"AUG | Condemned (Factory New)","src":"https://steamcdn-a.akamaihd.net/apps/730/icons/econ/default_generated/weapon_aug_sp_mesh_forest_fire_light_large.eabf7b69ca1447bee596cdbaf21b48cd7537dbce.png","type":"skin","rarity":1,"price":65},"AUG | Condemned (Minimal Wear)":{"quality":4,"skin":"Condemned","weapon":"AUG","short":"AUG | Condemned","name":"AUG | Condemned (Minimal Wear)","src":"https://steamcdn-a.akamaihd.net/apps/730/icons/econ/default_generated/weapon_aug_sp_mesh_forest_fire_light_large.eabf7b69ca1447bee596cdbaf21b48cd7537dbce.png","type":"skin","rarity":1,"price":10},"AUG | Condemned (Field-Tested)":{"quality":3,"skin":"Condemned","weapon":"AUG","short":"AUG | Condemned","name":"AUG | Condemned (Field-Tested)","src":"https://steamcdn-a.akamaihd.net/apps/730/icons/econ/default_generated/weapon_aug_sp_mesh_forest_fire_light_large.eabf7b69ca1447bee596cdbaf21b48cd7537dbce.png","type":"skin","rarity":1,"price":9},"AUG | Condemned (Well-Worn)":{"quality":2,"skin":"Condemned","weapon":"AUG","short":"AUG | Condemned","name":"AUG | Condemned (Well-Worn)","src":"https://steamcdn-a.akamaihd.net/apps/730/icons/econ/default_generated/weapon_aug_sp_mesh_forest_fire_light_large.eabf7b69ca1447bee596cdbaf21b48cd7537dbce.png","type":"skin","rarity":1,"price":9},"AUG | Condemned (Battle-Scarred)":{"quality":1,"skin":"Condemned","weapon":"AUG","short":"AUG | Condemned","name":"AUG | Condemned (Battle-Scarred)","src":"https://steamcdn-a.akamaihd.net/apps/730/icons/econ/default_generated/weapon_aug_sp_mesh_forest_fire_light_large.eabf7b69ca1447bee596cdbaf21b48cd7537dbce.png","type":"skin","rarity":1,"price":9},"Souvenir AUG | Condemned (Factory New)":{"souvenir":true,"quality":5,"skin":"Condemned","weapon":"AUG","short":"AUG | Condemned","name":"Souvenir AUG | Condemned (Factory New)","src":"https://steamcdn-a.akamaihd.net/apps/730/icons/econ/default_generated/weapon_aug_sp_mesh_forest_fire_light_large.eabf7b69ca1447bee596cdbaf21b48cd7537dbce.png","type":"skin","rarity":1,"price":113},"Souvenir AUG | Condemned (Minimal Wear)":{"souvenir":true,"quality":4,"skin":"Condemned","weapon":"AUG","short":"AUG | Condemned","name":"Souvenir AUG | Condemned (Minimal Wear)","src":"https://steamcdn-a.akamaihd.net/apps/730/icons/econ/default_generated/weapon_aug_sp_mesh_forest_fire_light_large.eabf7b69ca1447bee596cdbaf21b48cd7537dbce.png","type":"skin","rarity":1,"price":13526},"Souvenir AUG | Condemned (Field-Tested)":{"souvenir":true,"quality":3,"skin":"Condemned","weapon":"AUG","short":"AUG | Condemned","name":"Souvenir AUG | Condemned (Field-Tested)","src":"https://steamcdn-a.akamaihd.net/apps/730/icons/econ/default_generated/weapon_aug_sp_mesh_forest_fire_light_large.eabf7b69ca1447bee596cdbaf21b48cd7537dbce.png","type":"skin","rarity":1,"price":1089},"Souvenir AUG | Condemned (Well-Worn)":{"souvenir":true,"quality":2,"skin":"Condemned","weapon":"AUG","short":"AUG | Condemned","name":"Souvenir AUG | Condemned (Well-Worn)","src":"https://steamcdn-a.akamaihd.net/apps/730/icons/econ/default_generated/weapon_aug_sp_mesh_forest_fire_light_large.eabf7b69ca1447bee596cdbaf21b48cd7537dbce.png","type":"skin","rarity":1,"price":2511},"Souvenir AUG | Condemned (Battle-Scarred)":{"souvenir":true,"quality":1,"skin":"Condemned","weapon":"AUG","short":"AUG | Condemned","name":"Souvenir AUG | Condemned (Battle-Scarred)","src":"https://steamcdn-a.akamaihd.net/apps/730/icons/econ/default_generated/weapon_aug_sp_mesh_forest_fire_light_large.eabf7b69ca1447bee596cdbaf21b48cd7537dbce.png","type":"skin","rarity":1,"price":3721},"AUG | Condemned":{"souvenirAvailable":true,"masterItem":true,"qualities":[5,4,3,2,1],"skin":"Condemned","weapon":"AUG","short":"AUG | Condemned","name":"AUG | Condemned","src":"https://steamcdn-a.akamaihd.net/apps/730/icons/econ/default_generated/weapon_aug_sp_mesh_forest_fire_light_large.eabf7b69ca1447bee596cdbaf21b48cd7537dbce.png","type":"skin","rarity":1,"price":13526,"minPrice":9},"Tec-9 | Army Mesh (Factory New)":{"quality":5,"skin":"Army Mesh","weapon":"Tec-9","short":"Tec-9 | Army Mesh","name":"Tec-9 | Army Mesh (Factory New)","src":"https://steamcdn-a.akamaihd.net/apps/730/icons/econ/default_generated/weapon_tec9_sp_mesh_army_light_large.b2404b6aa0c7e1584fe2691cfeba70d823aff562.png","type":"skin","rarity":0,"price":6},"Tec-9 | Army Mesh (Minimal Wear)":{"quality":4,"skin":"Army Mesh","weapon":"Tec-9","short":"Tec-9 | Army Mesh","name":"Tec-9 | Army Mesh (Minimal Wear)","src":"https://steamcdn-a.akamaihd.net/apps/730/icons/econ/default_generated/weapon_tec9_sp_mesh_army_light_large.b2404b6aa0c7e1584fe2691cfeba70d823aff562.png","type":"skin","rarity":0,"price":3},"Tec-9 | Army Mesh (Field-Tested)":{"quality":3,"skin":"Army Mesh","weapon":"Tec-9","short":"Tec-9 | Army Mesh","name":"Tec-9 | Army Mesh (Field-Tested)","src":"https://steamcdn-a.akamaihd.net/apps/730/icons/econ/default_generated/weapon_tec9_sp_mesh_army_light_large.b2404b6aa0c7e1584fe2691cfeba70d823aff562.png","type":"skin","rarity":0,"price":3},"Tec-9 | Army Mesh (Well-Worn)":{"quality":2,"skin":"Army Mesh","weapon":"Tec-9","short":"Tec-9 | Army Mesh","name":"Tec-9 | Army Mesh (Well-Worn)","src":"https://steamcdn-a.akamaihd.net/apps/730/icons/econ/default_generated/weapon_tec9_sp_mesh_army_light_large.b2404b6aa0c7e1584fe2691cfeba70d823aff562.png","type":"skin","rarity":0,"price":3},"Tec-9 | Army Mesh (Battle-Scarred)":{"quality":1,"skin":"Army Mesh","weapon":"Tec-9","short":"Tec-9 | Army Mesh","name":"Tec-9 | Army Mesh (Battle-Scarred)","src":"https://steamcdn-a.akamaihd.net/apps/730/icons/econ/default_generated/weapon_tec9_sp_mesh_army_light_large.b2404b6aa0c7e1584fe2691cfeba70d823aff562.png","type":"skin","rarity":0,"price":3},"Souvenir Tec-9 | Army Mesh (Factory New)":{"souvenir":true,"quality":5,"skin":"Army Mesh","weapon":"Tec-9","short":"Tec-9 | Army Mesh","name":"Souvenir Tec-9 | Army Mesh (Factory New)","src":"https://steamcdn-a.akamaihd.net/apps/730/icons/econ/default_generated/weapon_tec9_sp_mesh_army_light_large.b2404b6aa0c7e1584fe2691cfeba70d823aff562.png","type":"skin","rarity":0,"price":966},"Souvenir Tec-9 | Army Mesh (Minimal Wear)":{"souvenir":true,"quality":4,"skin":"Army Mesh","weapon":"Tec-9","short":"Tec-9 | Army Mesh","name":"Souvenir Tec-9 | Army Mesh (Minimal Wear)","src":"https://steamcdn-a.akamaihd.net/apps/730/icons/econ/default_generated/weapon_tec9_sp_mesh_army_light_large.b2404b6aa0c7e1584fe2691cfeba70d823aff562.png","type":"skin","rarity":0,"price":406},"Souvenir Tec-9 | Army Mesh (Field-Tested)":{"souvenir":true,"quality":3,"skin":"Army Mesh","weapon":"Tec-9","short":"Tec-9 | Army Mesh","name":"Souvenir Tec-9 | Army Mesh (Field-Tested)","src":"https://steamcdn-a.akamaihd.net/apps/730/icons/econ/default_generated/weapon_tec9_sp_mesh_army_light_large.b2404b6aa0c7e1584fe2691cfeba70d823aff562.png","type":"skin","rarity":0,"price":198},"Souvenir Tec-9 | Army Mesh (Well-Worn)":{"souvenir":true,"quality":2,"skin":"Army Mesh","weapon":"Tec-9","short":"Tec-9 | Army Mesh","name":"Souvenir Tec-9 | Army Mesh (Well-Worn)","src":"https://steamcdn-a.akamaihd.net/apps/730/icons/econ/default_generated/weapon_tec9_sp_mesh_army_light_large.b2404b6aa0c7e1584fe2691cfeba70d823aff562.png","type":"skin","rarity":0,"price":2088},"Souvenir Tec-9 | Army Mesh (Battle-Scarred)":{"souvenir":true,"quality":1,"skin":"Army Mesh","weapon":"Tec-9","short":"Tec-9 | Army Mesh","name":"Souvenir Tec-9 | Army Mesh (Battle-Scarred)","src":"https://steamcdn-a.akamaihd.net/apps/730/icons/econ/default_generated/weapon_tec9_sp_mesh_army_light_large.b2404b6aa0c7e1584fe2691cfeba70d823aff562.png","type":"skin","rarity":0,"price":516},"Tec-9 | Army Mesh":{"souvenirAvailable":true,"masterItem":true,"qualities":[5,4,3,2,1],"skin":"Army Mesh","weapon":"Tec-9","short":"Tec-9 | Army Mesh","name":"Tec-9 | Army Mesh","src":"https://steamcdn-a.akamaihd.net/apps/730/icons/econ/default_generated/weapon_tec9_sp_mesh_army_light_large.b2404b6aa0c7e1584fe2691cfeba70d823aff562.png","type":"skin","rarity":0,"price":2088,"minPrice":3},"Dual Berettas | Contractor (Factory New)":{"quality":5,"skin":"Contractor","weapon":"Dual Berettas","short":"Dual Berettas | Contractor","name":"Dual Berettas | Contractor (Factory New)","src":"https://steamcdn-a.akamaihd.net/apps/730/icons/econ/default_generated/weapon_elite_so_pmc_light_large.eb0b65f961c27f233d8846c80301666925712e93.png","type":"skin","rarity":0,"price":9},"Dual Berettas | Contractor (Minimal Wear)":{"quality":4,"skin":"Contractor","weapon":"Dual Berettas","short":"Dual Berettas | Contractor","name":"Dual Berettas | Contractor (Minimal Wear)","src":"https://steamcdn-a.akamaihd.net/apps/730/icons/econ/default_generated/weapon_elite_so_pmc_light_large.eb0b65f961c27f233d8846c80301666925712e93.png","type":"skin","rarity":0,"price":3},"Dual Berettas | Contractor (Field-Tested)":{"quality":3,"skin":"Contractor","weapon":"Dual Berettas","short":"Dual Berettas | Contractor","name":"Dual Berettas | Contractor (Field-Tested)","src":"https://steamcdn-a.akamaihd.net/apps/730/icons/econ/default_generated/weapon_elite_so_pmc_light_large.eb0b65f961c27f233d8846c80301666925712e93.png","type":"skin","rarity":0,"price":3},"Dual Berettas | Contractor (Well-Worn)":{"quality":2,"skin":"Contractor","weapon":"Dual Berettas","short":"Dual Berettas | Contractor","name":"Dual Berettas | Contractor (Well-Worn)","src":"https://steamcdn-a.akamaihd.net/apps/730/icons/econ/default_generated/weapon_elite_so_pmc_light_large.eb0b65f961c27f233d8846c80301666925712e93.png","type":"skin","rarity":0,"price":3},"Dual Berettas | Contractor (Battle-Scarred)":{"quality":1,"skin":"Contractor","weapon":"Dual Berettas","short":"Dual Berettas | Contractor","name":"Dual Berettas | Contractor (Battle-Scarred)","src":"https://steamcdn-a.akamaihd.net/apps/730/icons/econ/default_generated/weapon_elite_so_pmc_light_large.eb0b65f961c27f233d8846c80301666925712e93.png","type":"skin","rarity":0,"price":3},"Souvenir Dual Berettas | Contractor (Factory New)":{"souvenir":true,"quality":5,"skin":"Contractor","weapon":"Dual Berettas","short":"Dual Berettas | Contractor","name":"Souvenir Dual Berettas | Contractor (Factory New)","src":"https://steamcdn-a.akamaihd.net/apps/730/icons/econ/default_generated/weapon_elite_so_pmc_light_large.eb0b65f961c27f233d8846c80301666925712e93.png","type":"skin","rarity":0,"price":50},"Souvenir Dual Berettas | Contractor (Minimal Wear)":{"souvenir":true,"quality":4,"skin":"Contractor","weapon":"Dual Berettas","short":"Dual Berettas | Contractor","name":"Souvenir Dual Berettas | Contractor (Minimal Wear)","src":"https://steamcdn-a.akamaihd.net/apps/730/icons/econ/default_generated/weapon_elite_so_pmc_light_large.eb0b65f961c27f233d8846c80301666925712e93.png","type":"skin","rarity":0,"price":363},"Souvenir Dual Berettas | Contractor (Field-Tested)":{"souvenir":true,"quality":3,"skin":"Contractor","weapon":"Dual Berettas","short":"Dual Berettas | Contractor","name":"Souvenir Dual Berettas | Contractor (Field-Tested)","src":"https://steamcdn-a.akamaihd.net/apps/730/icons/econ/default_generated/weapon_elite_so_pmc_light_large.eb0b65f961c27f233d8846c80301666925712e93.png","type":"skin","rarity":0,"price":192},"Souvenir Dual Berettas | Contractor (Well-Worn)":{"souvenir":true,"quality":2,"skin":"Contractor","weapon":"Dual Berettas","short":"Dual Berettas | Contractor","name":"Souvenir Dual Berettas | Contractor (Well-Worn)","src":"https://steamcdn-a.akamaihd.net/apps/730/icons/econ/default_generated/weapon_elite_so_pmc_light_large.eb0b65f961c27f233d8846c80301666925712e93.png","type":"skin","rarity":0,"price":577},"Souvenir Dual Berettas | Contractor (Battle-Scarred)":{"souvenir":true,"quality":1,"skin":"Contractor","weapon":"Dual Berettas","short":"Dual Berettas | Contractor","name":"Souvenir Dual Berettas | Contractor (Battle-Scarred)","src":"https://steamcdn-a.akamaihd.net/apps/730/icons/econ/default_generated/weapon_elite_so_pmc_light_large.eb0b65f961c27f233d8846c80301666925712e93.png","type":"skin","rarity":0,"price":391},"Dual Berettas | Contractor":{"souvenirAvailable":true,"masterItem":true,"qualities":[5,4,3,2,1],"skin":"Contractor","weapon":"Dual Berettas","short":"Dual Berettas | Contractor","name":"Dual Berettas | Contractor","src":"https://steamcdn-a.akamaihd.net/apps/730/icons/econ/default_generated/weapon_elite_so_pmc_light_large.eb0b65f961c27f233d8846c80301666925712e93.png","type":"skin","rarity":0,"price":577,"minPrice":3}}