{
  "The St. Marc Collection": {
    "name": "The St. Marc Collection",
    "src": "images/items/collections/stmarc.png",
    "price": 7029,
    "type": "case",
    "rarity": 0,
    "content": {
      "items": [
        "MP9 | Wild Lily (Factory New)", "MP9 | Wild Lily (Minimal Wear)", "MP9 | Wild Lily (Field-Tested)",
        "MP9 | Wild Lily (Well-Worn)", "MP9 | Wild Lily (Battle-Scarred)", "SSG 08 | Sea Calico (Factory New)",
        "SSG 08 | Sea Calico (Minimal Wear)", "SSG 08 | Sea Calico (Field-Tested)", "SSG 08 | Sea Calico (Well-Worn)",
        "SSG 08 | Sea Calico (Battle-Scarred)", "AK-47 | Wild Lotus (Factory New)", "AK-47 | Wild Lotus (Minimal Wear)",
        "AK-47 | Wild Lotus (Field-Tested)", "AK-47 | Wild Lotus (Well-Worn)", "AK-47 | Wild Lotus (Battle-Scarred)",
        "FAMAS | Sundown (Factory New)", "FAMAS | Sundown (Minimal Wear)", "FAMAS | Sundown (Field-Tested)",
        "FAMAS | Sundown (Well-Worn)", "FAMAS | Sundown (Battle-Scarred)", "Glock-18 | Synth Leaf (Factory New)",
        "Glock-18 | Synth Leaf (Minimal Wear)", "Glock-18 | Synth Leaf (Field-Tested)",
        "Glock-18 | Synth Leaf (Well-Worn)", "Glock-18 | Synth Leaf (Battle-Scarred)",
        "Five-SeveN | Crimson Blossom (Factory New)", "Five-SeveN | Crimson Blossom (Minimal Wear)",
        "Five-SeveN | Crimson Blossom (Field-Tested)", "Five-SeveN | Crimson Blossom (Well-Worn)",
        "Five-SeveN | Crimson Blossom (Battle-Scarred)", "UMP-45 | Day Lily (Factory New)",
        "UMP-45 | Day Lily (Minimal Wear)", "UMP-45 | Day Lily (Field-Tested)", "UMP-45 | Day Lily (Well-Worn)",
        "UMP-45 | Day Lily (Battle-Scarred)", "M249 | Jungle (Factory New)", "M249 | Jungle (Minimal Wear)",
        "M249 | Jungle (Field-Tested)", "M249 | Jungle (Well-Worn)", "M249 | Jungle (Battle-Scarred)",
        "Sawed-Off | Jungle Thicket (Factory New)", "Sawed-Off | Jungle Thicket (Minimal Wear)",
        "Sawed-Off | Jungle Thicket (Field-Tested)", "Sawed-Off | Jungle Thicket (Well-Worn)",
        "Sawed-Off | Jungle Thicket (Battle-Scarred)", "XM1014 | Banana Leaf (Factory New)",
        "XM1014 | Banana Leaf (Minimal Wear)", "XM1014 | Banana Leaf (Field-Tested)",
        "XM1014 | Banana Leaf (Well-Worn)", "XM1014 | Banana Leaf (Battle-Scarred)", "MP7 | Teal Blossom (Factory New)",
        "MP7 | Teal Blossom (Minimal Wear)", "MP7 | Teal Blossom (Field-Tested)", "MP7 | Teal Blossom (Well-Worn)",
        "MP7 | Teal Blossom (Battle-Scarred)", "Tec-9 | Rust Leaf (Factory New)", "Tec-9 | Rust Leaf (Minimal Wear)",
        "Tec-9 | Rust Leaf (Field-Tested)", "Tec-9 | Rust Leaf (Well-Worn)", "Tec-9 | Rust Leaf (Battle-Scarred)",
        "PP-Bizon | Seabird (Factory New)", "PP-Bizon | Seabird (Minimal Wear)", "PP-Bizon | Seabird (Field-Tested)",
        "PP-Bizon | Seabird (Well-Worn)", "PP-Bizon | Seabird (Battle-Scarred)", "AUG | Midnight Lily (Factory New)",
        "AUG | Midnight Lily (Minimal Wear)", "AUG | Midnight Lily (Field-Tested)", "AUG | Midnight Lily (Well-Worn)",
        "AUG | Midnight Lily (Battle-Scarred)", "P90 | Sunset Lily (Factory New)", "P90 | Sunset Lily (Minimal Wear)",
        "P90 | Sunset Lily (Field-Tested)", "P90 | Sunset Lily (Well-Worn)", "P90 | Sunset Lily (Battle-Scarred)",
        "MP5-SD | Bamboo Garden (Factory New)", "MP5-SD | Bamboo Garden (Minimal Wear)",
        "MP5-SD | Bamboo Garden (Field-Tested)", "MP5-SD | Bamboo Garden (Well-Worn)",
        "MP5-SD | Bamboo Garden (Battle-Scarred)", "M4A4 | Dark Blossom (Factory New)",
        "M4A4 | Dark Blossom (Minimal Wear)", "M4A4 | Dark Blossom (Field-Tested)", "M4A4 | Dark Blossom (Well-Worn)",
        "M4A4 | Dark Blossom (Battle-Scarred)", "MAC-10 | Surfwood (Factory New)", "MAC-10 | Surfwood (Minimal Wear)",
        "MAC-10 | Surfwood (Field-Tested)", "MAC-10 | Surfwood (Well-Worn)", "MAC-10 | Surfwood (Battle-Scarred)"
      ]
    }
  },
  "MP9 | Wild Lily (Factory New)": {
    "quality": 5,
    "weight": 0.05,
    "skin": "Wild Lily",
    "weapon": "MP9",
    "short": "MP9 | Wild Lily",
    "name": "MP9 | Wild Lily (Factory New)",
    "src": "https://steamcdn-a.akamaihd.net/apps/730/icons/econ/default_generated/weapon_mp9_cu_mp9_island_floral_light_large.d8f6334a2905b146dd2107e592068bdb333f49cd.png",
    "type": "skin",
    "rarity": 4,
    "price": 118599
  },
  "MP9 | Wild Lily (Minimal Wear)": {
    "quality": 4,
    "weight": 0.05,
    "skin": "Wild Lily",
    "weapon": "MP9",
    "short": "MP9 | Wild Lily",
    "name": "MP9 | Wild Lily (Minimal Wear)",
    "src": "https://steamcdn-a.akamaihd.net/apps/730/icons/econ/default_generated/weapon_mp9_cu_mp9_island_floral_light_large.d8f6334a2905b146dd2107e592068bdb333f49cd.png",
    "type": "skin",
    "rarity": 4,
    "price": 101963
  },
  "MP9 | Wild Lily (Field-Tested)": {
    "quality": 3,
    "weight": 0.05,
    "skin": "Wild Lily",
    "weapon": "MP9",
    "short": "MP9 | Wild Lily",
    "name": "MP9 | Wild Lily (Field-Tested)",
    "src": "https://steamcdn-a.akamaihd.net/apps/730/icons/econ/default_generated/weapon_mp9_cu_mp9_island_floral_light_large.d8f6334a2905b146dd2107e592068bdb333f49cd.png",
    "type": "skin",
    "rarity": 4,
    "price": 91873
  },
  "MP9 | Wild Lily (Well-Worn)": {
    "quality": 2,
    "weight": 0.05,
    "skin": "Wild Lily",
    "weapon": "MP9",
    "short": "MP9 | Wild Lily",
    "name": "MP9 | Wild Lily (Well-Worn)",
    "src": "https://steamcdn-a.akamaihd.net/apps/730/icons/econ/default_generated/weapon_mp9_cu_mp9_island_floral_light_large.d8f6334a2905b146dd2107e592068bdb333f49cd.png",
    "type": "skin",
    "rarity": 4,
    "price": 2078
  },
  "MP9 | Wild Lily (Battle-Scarred)": {
    "quality": 1,
    "weight": 0.05,
    "skin": "Wild Lily",
    "weapon": "MP9",
    "short": "MP9 | Wild Lily",
    "name": "MP9 | Wild Lily (Battle-Scarred)",
    "src": "https://steamcdn-a.akamaihd.net/apps/730/icons/econ/default_generated/weapon_mp9_cu_mp9_island_floral_light_large.d8f6334a2905b146dd2107e592068bdb333f49cd.png",
    "type": "skin",
    "rarity": 4,
    "price": 104480
  },
  "MP9 | Wild Lily": {
    "masterItem": true,
    "qualities": [5, 4, 3, 2, 1],
    "skin": "Wild Lily",
    "weapon": "MP9",
    "short": "MP9 | Wild Lily",
    "name": "MP9 | Wild Lily",
    "src": "https://steamcdn-a.akamaihd.net/apps/730/icons/econ/default_generated/weapon_mp9_cu_mp9_island_floral_light_large.d8f6334a2905b146dd2107e592068bdb333f49cd.png",
    "type": "skin",
    "rarity": 4,
    "price": 118599,
    "minPrice": 2078
  },
  "SSG 08 | Sea Calico (Factory New)": {
    "quality": 5,
    "weight": 0.05,
    "skin": "Sea Calico",
    "weapon": "SSG 08",
    "short": "SSG 08 | Sea Calico",
    "name": "SSG 08 | Sea Calico (Factory New)",
    "src": "https://steamcdn-a.akamaihd.net/apps/730/icons/econ/default_generated/weapon_ssg08_hy_flowers_stmarc_light_large.482eabb4a21633695ffaab7d63a77aee8b18a1ff.png",
    "type": "skin",
    "rarity": 3,
    "price": 12176
  },
  "SSG 08 | Sea Calico (Minimal Wear)": {
    "quality": 4,
    "weight": 0.05,
    "skin": "Sea Calico",
    "weapon": "SSG 08",
    "short": "SSG 08 | Sea Calico",
    "name": "SSG 08 | Sea Calico (Minimal Wear)",
    "src": "https://steamcdn-a.akamaihd.net/apps/730/icons/econ/default_generated/weapon_ssg08_hy_flowers_stmarc_light_large.482eabb4a21633695ffaab7d63a77aee8b18a1ff.png",
    "type": "skin",
    "rarity": 3,
    "price": 14278
  },
  "SSG 08 | Sea Calico (Field-Tested)": {
    "quality": 3,
    "weight": 0.05,
    "skin": "Sea Calico",
    "weapon": "SSG 08",
    "short": "SSG 08 | Sea Calico",
    "name": "SSG 08 | Sea Calico (Field-Tested)",
    "src": "https://steamcdn-a.akamaihd.net/apps/730/icons/econ/default_generated/weapon_ssg08_hy_flowers_stmarc_light_large.482eabb4a21633695ffaab7d63a77aee8b18a1ff.png",
    "type": "skin",
    "rarity": 3,
    "price": 11772
  },
  "SSG 08 | Sea Calico (Well-Worn)": {
    "quality": 2,
    "weight": 0.05,
    "skin": "Sea Calico",
    "weapon": "SSG 08",
    "short": "SSG 08 | Sea Calico",
    "name": "SSG 08 | Sea Calico (Well-Worn)",
    "src": "https://steamcdn-a.akamaihd.net/apps/730/icons/econ/default_generated/weapon_ssg08_hy_flowers_stmarc_light_large.482eabb4a21633695ffaab7d63a77aee8b18a1ff.png",
    "type": "skin",
    "rarity": 3,
    "price": 10984
  },
  "SSG 08 | Sea Calico (Battle-Scarred)": {
    "quality": 1,
    "weight": 0.05,
    "skin": "Sea Calico",
    "weapon": "SSG 08",
    "short": "SSG 08 | Sea Calico",
    "name": "SSG 08 | Sea Calico (Battle-Scarred)",
    "src": "https://steamcdn-a.akamaihd.net/apps/730/icons/econ/default_generated/weapon_ssg08_hy_flowers_stmarc_light_large.482eabb4a21633695ffaab7d63a77aee8b18a1ff.png",
    "type": "skin",
    "rarity": 3,
    "price": 19342
  },
  "SSG 08 | Sea Calico": {
    "masterItem": true,
    "qualities": [5, 4, 3, 2, 1],
    "skin": "Sea Calico",
    "weapon": "SSG 08",
    "short": "SSG 08 | Sea Calico",
    "name": "SSG 08 | Sea Calico",
    "src": "https://steamcdn-a.akamaihd.net/apps/730/icons/econ/default_generated/weapon_ssg08_hy_flowers_stmarc_light_large.482eabb4a21633695ffaab7d63a77aee8b18a1ff.png",
    "type": "skin",
    "rarity": 3,
    "price": 19342,
    "minPrice": 10984
  },
  "AK-47 | Wild Lotus (Factory New)": {
    "quality": 5,
    "weight": 0.05,
    "skin": "Wild Lotus",
    "weapon": "AK-47",
    "short": "AK-47 | Wild Lotus",
    "name": "AK-47 | Wild Lotus (Factory New)",
    "src": "https://steamcdn-a.akamaihd.net/apps/730/icons/econ/default_generated/weapon_ak47_cu_ak_island_floral_light_large.1303e76d0a77ab164a46a7aba5ab1dcaf1acee6b.png",
    "type": "skin",
    "rarity": 5,
    "price": 468998
  },
  "AK-47 | Wild Lotus (Minimal Wear)": {
    "quality": 4,
    "weight": 0.05,
    "skin": "Wild Lotus",
    "weapon": "AK-47",
    "short": "AK-47 | Wild Lotus",
    "name": "AK-47 | Wild Lotus (Minimal Wear)",
    "src": "https://steamcdn-a.akamaihd.net/apps/730/icons/econ/default_generated/weapon_ak47_cu_ak_island_floral_light_large.1303e76d0a77ab164a46a7aba5ab1dcaf1acee6b.png",
    "type": "skin",
    "rarity": 5,
    "price": 148953
  },
  "AK-47 | Wild Lotus (Field-Tested)": {
    "quality": 3,
    "weight": 0.05,
    "skin": "Wild Lotus",
    "weapon": "AK-47",
    "short": "AK-47 | Wild Lotus",
    "name": "AK-47 | Wild Lotus (Field-Tested)",
    "src": "https://steamcdn-a.akamaihd.net/apps/730/icons/econ/default_generated/weapon_ak47_cu_ak_island_floral_light_large.1303e76d0a77ab164a46a7aba5ab1dcaf1acee6b.png",
    "type": "skin",
    "rarity": 5,
    "price": 149846
  },
  "AK-47 | Wild Lotus (Well-Worn)": {
    "quality": 2,
    "weight": 0.05,
    "skin": "Wild Lotus",
    "weapon": "AK-47",
    "short": "AK-47 | Wild Lotus",
    "name": "AK-47 | Wild Lotus (Well-Worn)",
    "src": "https://steamcdn-a.akamaihd.net/apps/730/icons/econ/default_generated/weapon_ak47_cu_ak_island_floral_light_large.1303e76d0a77ab164a46a7aba5ab1dcaf1acee6b.png",
    "type": "skin",
    "rarity": 5,
    "price": 120796
  },
  "AK-47 | Wild Lotus (Battle-Scarred)": {
    "quality": 1,
    "weight": 0.05,
    "skin": "Wild Lotus",
    "weapon": "AK-47",
    "short": "AK-47 | Wild Lotus",
    "name": "AK-47 | Wild Lotus (Battle-Scarred)",
    "src": "https://steamcdn-a.akamaihd.net/apps/730/icons/econ/default_generated/weapon_ak47_cu_ak_island_floral_light_large.1303e76d0a77ab164a46a7aba5ab1dcaf1acee6b.png",
    "type": "skin",
    "rarity": 5,
    "price": 127688
  },
  "AK-47 | Wild Lotus": {
    "masterItem": true,
    "qualities": [5, 4, 3, 2, 1],
    "skin": "Wild Lotus",
    "weapon": "AK-47",
    "short": "AK-47 | Wild Lotus",
    "name": "AK-47 | Wild Lotus",
    "src": "https://steamcdn-a.akamaihd.net/apps/730/icons/econ/default_generated/weapon_ak47_cu_ak_island_floral_light_large.1303e76d0a77ab164a46a7aba5ab1dcaf1acee6b.png",
    "type": "skin",
    "rarity": 5,
    "price": 468998,
    "minPrice": 120796
  },
  "FAMAS | Sundown (Factory New)": {
    "quality": 5,
    "weight": 0.05,
    "skin": "Sundown",
    "weapon": "FAMAS",
    "short": "FAMAS | Sundown",
    "name": "FAMAS | Sundown (Factory New)",
    "src": "https://steamcdn-a.akamaihd.net/apps/730/icons/econ/default_generated/weapon_famas_sp_palm_sunset_light_large.924bca1ce6c9034d6963c81c59fa72a2a4b45a07.png",
    "type": "skin",
    "rarity": 2,
    "price": 2723
  },
  "FAMAS | Sundown (Minimal Wear)": {
    "quality": 4,
    "weight": 0.05,
    "skin": "Sundown",
    "weapon": "FAMAS",
    "short": "FAMAS | Sundown",
    "name": "FAMAS | Sundown (Minimal Wear)",
    "src": "https://steamcdn-a.akamaihd.net/apps/730/icons/econ/default_generated/weapon_famas_sp_palm_sunset_light_large.924bca1ce6c9034d6963c81c59fa72a2a4b45a07.png",
    "type": "skin",
    "rarity": 2,
    "price": 2570
  },
  "FAMAS | Sundown (Field-Tested)": {
    "quality": 3,
    "weight": 0.05,
    "skin": "Sundown",
    "weapon": "FAMAS",
    "short": "FAMAS | Sundown",
    "name": "FAMAS | Sundown (Field-Tested)",
    "src": "https://steamcdn-a.akamaihd.net/apps/730/icons/econ/default_generated/weapon_famas_sp_palm_sunset_light_large.924bca1ce6c9034d6963c81c59fa72a2a4b45a07.png",
    "type": "skin",
    "rarity": 2,
    "price": 2697
  },
  "FAMAS | Sundown (Well-Worn)": {
    "quality": 2,
    "weight": 0.05,
    "skin": "Sundown",
    "weapon": "FAMAS",
    "short": "FAMAS | Sundown",
    "name": "FAMAS | Sundown (Well-Worn)",
    "src": "https://steamcdn-a.akamaihd.net/apps/730/icons/econ/default_generated/weapon_famas_sp_palm_sunset_light_large.924bca1ce6c9034d6963c81c59fa72a2a4b45a07.png",
    "type": "skin",
    "rarity": 2,
    "price": 4085
  },
  "FAMAS | Sundown (Battle-Scarred)": {
    "quality": 1,
    "weight": 0.05,
    "skin": "Sundown",
    "weapon": "FAMAS",
    "short": "FAMAS | Sundown",
    "name": "FAMAS | Sundown (Battle-Scarred)",
    "src": "https://steamcdn-a.akamaihd.net/apps/730/icons/econ/default_generated/weapon_famas_sp_palm_sunset_light_large.924bca1ce6c9034d6963c81c59fa72a2a4b45a07.png",
    "type": "skin",
    "rarity": 2,
    "price": 3663
  },
  "FAMAS | Sundown": {
    "masterItem": true,
    "qualities": [5, 4, 3, 2, 1],
    "skin": "Sundown",
    "weapon": "FAMAS",
    "short": "FAMAS | Sundown",
    "name": "FAMAS | Sundown",
    "src": "https://steamcdn-a.akamaihd.net/apps/730/icons/econ/default_generated/weapon_famas_sp_palm_sunset_light_large.924bca1ce6c9034d6963c81c59fa72a2a4b45a07.png",
    "type": "skin",
    "rarity": 2,
    "price": 4085,
    "minPrice": 2570
  },
  "Glock-18 | Synth Leaf (Factory New)": {
    "quality": 5,
    "weight": 0.05,
    "skin": "Synth Leaf",
    "weapon": "Glock-18",
    "short": "Glock-18 | Synth Leaf",
    "name": "Glock-18 | Synth Leaf (Factory New)",
    "src": "https://steamcdn-a.akamaihd.net/apps/730/icons/econ/default_generated/weapon_glock_hy_leaf_blue_light_large.1b017cc8d4594d924537f9928db4253ff628284c.png",
    "type": "skin",
    "rarity": 3,
    "price": 13177
  },
  "Glock-18 | Synth Leaf (Minimal Wear)": {
    "quality": 4,
    "weight": 0.05,
    "skin": "Synth Leaf",
    "weapon": "Glock-18",
    "short": "Glock-18 | Synth Leaf",
    "name": "Glock-18 | Synth Leaf (Minimal Wear)",
    "src": "https://steamcdn-a.akamaihd.net/apps/730/icons/econ/default_generated/weapon_glock_hy_leaf_blue_light_large.1b017cc8d4594d924537f9928db4253ff628284c.png",
    "type": "skin",
    "rarity": 3,
    "price": 11373
  },
  "Glock-18 | Synth Leaf (Field-Tested)": {
    "quality": 3,
    "weight": 0.05,
    "skin": "Synth Leaf",
    "weapon": "Glock-18",
    "short": "Glock-18 | Synth Leaf",
    "name": "Glock-18 | Synth Leaf (Field-Tested)",
    "src": "https://steamcdn-a.akamaihd.net/apps/730/icons/econ/default_generated/weapon_glock_hy_leaf_blue_light_large.1b017cc8d4594d924537f9928db4253ff628284c.png",
    "type": "skin",
    "rarity": 3,
    "price": 9955
  },
  "Glock-18 | Synth Leaf (Well-Worn)": {
    "quality": 2,
    "weight": 0.05,
    "skin": "Synth Leaf",
    "weapon": "Glock-18",
    "short": "Glock-18 | Synth Leaf",
    "name": "Glock-18 | Synth Leaf (Well-Worn)",
    "src": "https://steamcdn-a.akamaihd.net/apps/730/icons/econ/default_generated/weapon_glock_hy_leaf_blue_light_large.1b017cc8d4594d924537f9928db4253ff628284c.png",
    "type": "skin",
    "rarity": 3,
    "price": 717
  },
  "Glock-18 | Synth Leaf (Battle-Scarred)": {
    "quality": 1,
    "weight": 0.05,
    "skin": "Synth Leaf",
    "weapon": "Glock-18",
    "short": "Glock-18 | Synth Leaf",
    "name": "Glock-18 | Synth Leaf (Battle-Scarred)",
    "src": "https://steamcdn-a.akamaihd.net/apps/730/icons/econ/default_generated/weapon_glock_hy_leaf_blue_light_large.1b017cc8d4594d924537f9928db4253ff628284c.png",
    "type": "skin",
    "rarity": 3,
    "price": 10439
  },
  "Glock-18 | Synth Leaf": {
    "masterItem": true,
    "qualities": [5, 4, 3, 2, 1],
    "skin": "Synth Leaf",
    "weapon": "Glock-18",
    "short": "Glock-18 | Synth Leaf",
    "name": "Glock-18 | Synth Leaf",
    "src": "https://steamcdn-a.akamaihd.net/apps/730/icons/econ/default_generated/weapon_glock_hy_leaf_blue_light_large.1b017cc8d4594d924537f9928db4253ff628284c.png",
    "type": "skin",
    "rarity": 3,
    "price": 13177,
    "minPrice": 717
  },
  "Five-SeveN | Crimson Blossom (Factory New)": {
    "quality": 5,
    "weight": 0.05,
    "skin": "Crimson Blossom",
    "weapon": "Five-SeveN",
    "short": "Five-SeveN | Crimson Blossom",
    "name": "Five-SeveN | Crimson Blossom (Factory New)",
    "src": "https://steamcdn-a.akamaihd.net/apps/730/icons/econ/default_generated/weapon_fiveseven_hy_bud_red_light_large.d149fac98ea236499e2fa159b82420a8eedefad4.png",
    "type": "skin",
    "rarity": 2,
    "price": 2787
  },
  "Five-SeveN | Crimson Blossom (Minimal Wear)": {
    "quality": 4,
    "weight": 0.05,
    "skin": "Crimson Blossom",
    "weapon": "Five-SeveN",
    "short": "Five-SeveN | Crimson Blossom",
    "name": "Five-SeveN | Crimson Blossom (Minimal Wear)",
    "src": "https://steamcdn-a.akamaihd.net/apps/730/icons/econ/default_generated/weapon_fiveseven_hy_bud_red_light_large.d149fac98ea236499e2fa159b82420a8eedefad4.png",
    "type": "skin",
    "rarity": 2,
    "price": 3105
  },
  "Five-SeveN | Crimson Blossom (Field-Tested)": {
    "quality": 3,
    "weight": 0.05,
    "skin": "Crimson Blossom",
    "weapon": "Five-SeveN",
    "short": "Five-SeveN | Crimson Blossom",
    "name": "Five-SeveN | Crimson Blossom (Field-Tested)",
    "src": "https://steamcdn-a.akamaihd.net/apps/730/icons/econ/default_generated/weapon_fiveseven_hy_bud_red_light_large.d149fac98ea236499e2fa159b82420a8eedefad4.png",
    "type": "skin",
    "rarity": 2,
    "price": 3065
  },
  "Five-SeveN | Crimson Blossom (Well-Worn)": {
    "quality": 2,
    "weight": 0.05,
    "skin": "Crimson Blossom",
    "weapon": "Five-SeveN",
    "short": "Five-SeveN | Crimson Blossom",
    "name": "Five-SeveN | Crimson Blossom (Well-Worn)",
    "src": "https://steamcdn-a.akamaihd.net/apps/730/icons/econ/default_generated/weapon_fiveseven_hy_bud_red_light_large.d149fac98ea236499e2fa159b82420a8eedefad4.png",
    "type": "skin",
    "rarity": 2,
    "price": 3182
  },
  "Five-SeveN | Crimson Blossom (Battle-Scarred)": {
    "quality": 1,
    "weight": 0.05,
    "skin": "Crimson Blossom",
    "weapon": "Five-SeveN",
    "short": "Five-SeveN | Crimson Blossom",
    "name": "Five-SeveN | Crimson Blossom (Battle-Scarred)",
    "src": "https://steamcdn-a.akamaihd.net/apps/730/icons/econ/default_generated/weapon_fiveseven_hy_bud_red_light_large.d149fac98ea236499e2fa159b82420a8eedefad4.png",
    "type": "skin",
    "rarity": 2,
    "price": 5160
  },
  "Five-SeveN | Crimson Blossom": {
    "masterItem": true,
    "qualities": [5, 4, 3, 2, 1],
    "skin": "Crimson Blossom",
    "weapon": "Five-SeveN",
    "short": "Five-SeveN | Crimson Blossom",
    "name": "Five-SeveN | Crimson Blossom",
    "src": "https://steamcdn-a.akamaihd.net/apps/730/icons/econ/default_generated/weapon_fiveseven_hy_bud_red_light_large.d149fac98ea236499e2fa159b82420a8eedefad4.png",
    "type": "skin",
    "rarity": 2,
    "price": 5160,
    "minPrice": 2787
  },
  "UMP-45 | Day Lily (Factory New)": {
    "quality": 5,
    "weight": 0.05,
    "skin": "Day Lily",
    "weapon": "UMP-45",
    "short": "UMP-45 | Day Lily",
    "name": "UMP-45 | Day Lily (Factory New)",
    "src": "https://steamcdn-a.akamaihd.net/apps/730/icons/econ/default_generated/weapon_ump45_hy_bloom_red_light_large.c2f9856966873a344ab366cbf13a6fc6bf0081fc.png",
    "type": "skin",
    "rarity": 2,
    "price": 2729
  },
  "UMP-45 | Day Lily (Minimal Wear)": {
    "quality": 4,
    "weight": 0.05,
    "skin": "Day Lily",
    "weapon": "UMP-45",
    "short": "UMP-45 | Day Lily",
    "name": "UMP-45 | Day Lily (Minimal Wear)",
    "src": "https://steamcdn-a.akamaihd.net/apps/730/icons/econ/default_generated/weapon_ump45_hy_bloom_red_light_large.c2f9856966873a344ab366cbf13a6fc6bf0081fc.png",
    "type": "skin",
    "rarity": 2,
    "price": 2767
  },
  "UMP-45 | Day Lily (Field-Tested)": {
    "quality": 3,
    "weight": 0.05,
    "skin": "Day Lily",
    "weapon": "UMP-45",
    "short": "UMP-45 | Day Lily",
    "name": "UMP-45 | Day Lily (Field-Tested)",
    "src": "https://steamcdn-a.akamaihd.net/apps/730/icons/econ/default_generated/weapon_ump45_hy_bloom_red_light_large.c2f9856966873a344ab366cbf13a6fc6bf0081fc.png",
    "type": "skin",
    "rarity": 2,
    "price": 3162
  },
  "UMP-45 | Day Lily (Well-Worn)": {
    "quality": 2,
    "weight": 0.05,
    "skin": "Day Lily",
    "weapon": "UMP-45",
    "short": "UMP-45 | Day Lily",
    "name": "UMP-45 | Day Lily (Well-Worn)",
    "src": "https://steamcdn-a.akamaihd.net/apps/730/icons/econ/default_generated/weapon_ump45_hy_bloom_red_light_large.c2f9856966873a344ab366cbf13a6fc6bf0081fc.png",
    "type": "skin",
    "rarity": 2,
    "price": 3479
  },
  "UMP-45 | Day Lily (Battle-Scarred)": {
    "quality": 1,
    "weight": 0.05,
    "skin": "Day Lily",
    "weapon": "UMP-45",
    "short": "UMP-45 | Day Lily",
    "name": "UMP-45 | Day Lily (Battle-Scarred)",
    "src": "https://steamcdn-a.akamaihd.net/apps/730/icons/econ/default_generated/weapon_ump45_hy_bloom_red_light_large.c2f9856966873a344ab366cbf13a6fc6bf0081fc.png",
    "type": "skin",
    "rarity": 2,
    "price": 3701
  },
  "UMP-45 | Day Lily": {
    "masterItem": true,
    "qualities": [5, 4, 3, 2, 1],
    "skin": "Day Lily",
    "weapon": "UMP-45",
    "short": "UMP-45 | Day Lily",
    "name": "UMP-45 | Day Lily",
    "src": "https://steamcdn-a.akamaihd.net/apps/730/icons/econ/default_generated/weapon_ump45_hy_bloom_red_light_large.c2f9856966873a344ab366cbf13a6fc6bf0081fc.png",
    "type": "skin",
    "rarity": 2,
    "price": 3701,
    "minPrice": 2729
  },
  "M249 | Jungle (Factory New)": {
    "quality": 5,
    "weight": 0.05,
    "skin": "Jungle",
    "weapon": "M249",
    "short": "M249 | Jungle",
    "name": "M249 | Jungle (Factory New)",
    "src": "https://steamcdn-a.akamaihd.net/apps/730/icons/econ/default_generated/weapon_m249_so_jungle_light_large.1e5297273a0d6f70737aec6bf8ce370de6b87fad.png",
    "type": "skin",
    "rarity": 0,
    "price": 237
  },
  "M249 | Jungle (Minimal Wear)": {
    "quality": 4,
    "weight": 0.05,
    "skin": "Jungle",
    "weapon": "M249",
    "short": "M249 | Jungle",
    "name": "M249 | Jungle (Minimal Wear)",
    "src": "https://steamcdn-a.akamaihd.net/apps/730/icons/econ/default_generated/weapon_m249_so_jungle_light_large.1e5297273a0d6f70737aec6bf8ce370de6b87fad.png",
    "type": "skin",
    "rarity": 0,
    "price": 58
  },
  "M249 | Jungle (Field-Tested)": {
    "quality": 3,
    "weight": 0.05,
    "skin": "Jungle",
    "weapon": "M249",
    "short": "M249 | Jungle",
    "name": "M249 | Jungle (Field-Tested)",
    "src": "https://steamcdn-a.akamaihd.net/apps/730/icons/econ/default_generated/weapon_m249_so_jungle_light_large.1e5297273a0d6f70737aec6bf8ce370de6b87fad.png",
    "type": "skin",
    "rarity": 0,
    "price": 58
  },
  "M249 | Jungle (Well-Worn)": {
    "quality": 2,
    "weight": 0.05,
    "skin": "Jungle",
    "weapon": "M249",
    "short": "M249 | Jungle",
    "name": "M249 | Jungle (Well-Worn)",
    "src": "https://steamcdn-a.akamaihd.net/apps/730/icons/econ/default_generated/weapon_m249_so_jungle_light_large.1e5297273a0d6f70737aec6bf8ce370de6b87fad.png",
    "type": "skin",
    "rarity": 0,
    "price": 63
  },
  "M249 | Jungle (Battle-Scarred)": {
    "quality": 1,
    "weight": 0.05,
    "skin": "Jungle",
    "weapon": "M249",
    "short": "M249 | Jungle",
    "name": "M249 | Jungle (Battle-Scarred)",
    "src": "https://steamcdn-a.akamaihd.net/apps/730/icons/econ/default_generated/weapon_m249_so_jungle_light_large.1e5297273a0d6f70737aec6bf8ce370de6b87fad.png",
    "type": "skin",
    "rarity": 0,
    "price": 54
  },
  "M249 | Jungle": {
    "masterItem": true,
    "qualities": [5, 4, 3, 2, 1],
    "skin": "Jungle",
    "weapon": "M249",
    "short": "M249 | Jungle",
    "name": "M249 | Jungle",
    "src": "https://steamcdn-a.akamaihd.net/apps/730/icons/econ/default_generated/weapon_m249_so_jungle_light_large.1e5297273a0d6f70737aec6bf8ce370de6b87fad.png",
    "type": "skin",
    "rarity": 0,
    "price": 237,
    "minPrice": 54
  },
  "Sawed-Off | Jungle Thicket (Factory New)": {
    "quality": 5,
    "weight": 0.05,
    "skin": "Jungle Thicket",
    "weapon": "Sawed-Off",
    "short": "Sawed-Off | Jungle Thicket",
    "name": "Sawed-Off | Jungle Thicket (Factory New)",
    "src": "https://steamcdn-a.akamaihd.net/apps/730/icons/econ/default_generated/weapon_sawedoff_sp_palm_green_light_large.f8f95ff757a290d96692f78c0cc80c9cbcd7a0fe.png",
    "type": "skin",
    "rarity": 0,
    "price": 63
  },
  "Sawed-Off | Jungle Thicket (Minimal Wear)": {
    "quality": 4,
    "weight": 0.05,
    "skin": "Jungle Thicket",
    "weapon": "Sawed-Off",
    "short": "Sawed-Off | Jungle Thicket",
    "name": "Sawed-Off | Jungle Thicket (Minimal Wear)",
    "src": "https://steamcdn-a.akamaihd.net/apps/730/icons/econ/default_generated/weapon_sawedoff_sp_palm_green_light_large.f8f95ff757a290d96692f78c0cc80c9cbcd7a0fe.png",
    "type": "skin",
    "rarity": 0,
    "price": 59
  },
  "Sawed-Off | Jungle Thicket (Field-Tested)": {
    "quality": 3,
    "weight": 0.05,
    "skin": "Jungle Thicket",
    "weapon": "Sawed-Off",
    "short": "Sawed-Off | Jungle Thicket",
    "name": "Sawed-Off | Jungle Thicket (Field-Tested)",
    "src": "https://steamcdn-a.akamaihd.net/apps/730/icons/econ/default_generated/weapon_sawedoff_sp_palm_green_light_large.f8f95ff757a290d96692f78c0cc80c9cbcd7a0fe.png",
    "type": "skin",
    "rarity": 0,
    "price": 56
  },
  "Sawed-Off | Jungle Thicket (Well-Worn)": {
    "quality": 2,
    "weight": 0.05,
    "skin": "Jungle Thicket",
    "weapon": "Sawed-Off",
    "short": "Sawed-Off | Jungle Thicket",
    "name": "Sawed-Off | Jungle Thicket (Well-Worn)",
    "src": "https://steamcdn-a.akamaihd.net/apps/730/icons/econ/default_generated/weapon_sawedoff_sp_palm_green_light_large.f8f95ff757a290d96692f78c0cc80c9cbcd7a0fe.png",
    "type": "skin",
    "rarity": 0,
    "price": 63
  },
  "Sawed-Off | Jungle Thicket (Battle-Scarred)": {
    "quality": 1,
    "weight": 0.05,
    "skin": "Jungle Thicket",
    "weapon": "Sawed-Off",
    "short": "Sawed-Off | Jungle Thicket",
    "name": "Sawed-Off | Jungle Thicket (Battle-Scarred)",
    "src": "https://steamcdn-a.akamaihd.net/apps/730/icons/econ/default_generated/weapon_sawedoff_sp_palm_green_light_large.f8f95ff757a290d96692f78c0cc80c9cbcd7a0fe.png",
    "type": "skin",
    "rarity": 0,
    "price": 60
  },
  "Sawed-Off | Jungle Thicket": {
    "masterItem": true,
    "qualities": [5, 4, 3, 2, 1],
    "skin": "Jungle Thicket",
    "weapon": "Sawed-Off",
    "short": "Sawed-Off | Jungle Thicket",
    "name": "Sawed-Off | Jungle Thicket",
    "src": "https://steamcdn-a.akamaihd.net/apps/730/icons/econ/default_generated/weapon_sawedoff_sp_palm_green_light_large.f8f95ff757a290d96692f78c0cc80c9cbcd7a0fe.png",
    "type": "skin",
    "rarity": 0,
    "price": 63,
    "minPrice": 56
  },
  "XM1014 | Banana Leaf (Factory New)": {
    "quality": 5,
    "weight": 0.05,
    "skin": "Banana Leaf",
    "weapon": "XM1014",
    "short": "XM1014 | Banana Leaf",
    "name": "XM1014 | Banana Leaf (Factory New)",
    "src": "https://steamcdn-a.akamaihd.net/apps/730/icons/econ/default_generated/weapon_xm1014_hy_leaf_green_light_large.347a54ae0c8292ff6dc506dcf1702de2040a7459.png",
    "type": "skin",
    "rarity": 1,
    "price": 490
  },
  "XM1014 | Banana Leaf (Minimal Wear)": {
    "quality": 4,
    "weight": 0.05,
    "skin": "Banana Leaf",
    "weapon": "XM1014",
    "short": "XM1014 | Banana Leaf",
    "name": "XM1014 | Banana Leaf (Minimal Wear)",
    "src": "https://steamcdn-a.akamaihd.net/apps/730/icons/econ/default_generated/weapon_xm1014_hy_leaf_green_light_large.347a54ae0c8292ff6dc506dcf1702de2040a7459.png",
    "type": "skin",
    "rarity": 1,
    "price": 447
  },
  "XM1014 | Banana Leaf (Field-Tested)": {
    "quality": 3,
    "weight": 0.05,
    "skin": "Banana Leaf",
    "weapon": "XM1014",
    "short": "XM1014 | Banana Leaf",
    "name": "XM1014 | Banana Leaf (Field-Tested)",
    "src": "https://steamcdn-a.akamaihd.net/apps/730/icons/econ/default_generated/weapon_xm1014_hy_leaf_green_light_large.347a54ae0c8292ff6dc506dcf1702de2040a7459.png",
    "type": "skin",
    "rarity": 1,
    "price": 454
  },
  "XM1014 | Banana Leaf (Well-Worn)": {
    "quality": 2,
    "weight": 0.05,
    "skin": "Banana Leaf",
    "weapon": "XM1014",
    "short": "XM1014 | Banana Leaf",
    "name": "XM1014 | Banana Leaf (Well-Worn)",
    "src": "https://steamcdn-a.akamaihd.net/apps/730/icons/econ/default_generated/weapon_xm1014_hy_leaf_green_light_large.347a54ae0c8292ff6dc506dcf1702de2040a7459.png",
    "type": "skin",
    "rarity": 1,
    "price": 540
  },
  "XM1014 | Banana Leaf (Battle-Scarred)": {
    "quality": 1,
    "weight": 0.05,
    "skin": "Banana Leaf",
    "weapon": "XM1014",
    "short": "XM1014 | Banana Leaf",
    "name": "XM1014 | Banana Leaf (Battle-Scarred)",
    "src": "https://steamcdn-a.akamaihd.net/apps/730/icons/econ/default_generated/weapon_xm1014_hy_leaf_green_light_large.347a54ae0c8292ff6dc506dcf1702de2040a7459.png",
    "type": "skin",
    "rarity": 1,
    "price": 513
  },
  "XM1014 | Banana Leaf": {
    "masterItem": true,
    "qualities": [5, 4, 3, 2, 1],
    "skin": "Banana Leaf",
    "weapon": "XM1014",
    "short": "XM1014 | Banana Leaf",
    "name": "XM1014 | Banana Leaf",
    "src": "https://steamcdn-a.akamaihd.net/apps/730/icons/econ/default_generated/weapon_xm1014_hy_leaf_green_light_large.347a54ae0c8292ff6dc506dcf1702de2040a7459.png",
    "type": "skin",
    "rarity": 1,
    "price": 540,
    "minPrice": 447
  },
  "MP7 | Teal Blossom (Factory New)": {
    "quality": 5,
    "weight": 0.05,
    "skin": "Teal Blossom",
    "weapon": "MP7",
    "short": "MP7 | Teal Blossom",
    "name": "MP7 | Teal Blossom (Factory New)",
    "src": "https://steamcdn-a.akamaihd.net/apps/730/icons/econ/default_generated/weapon_mp7_sp_bud_green_light_large.9b06527d579a047b676e49001fa16b39208f9149.png",
    "type": "skin",
    "rarity": 2,
    "price": 2822
  },
  "MP7 | Teal Blossom (Minimal Wear)": {
    "quality": 4,
    "weight": 0.05,
    "skin": "Teal Blossom",
    "weapon": "MP7",
    "short": "MP7 | Teal Blossom",
    "name": "MP7 | Teal Blossom (Minimal Wear)",
    "src": "https://steamcdn-a.akamaihd.net/apps/730/icons/econ/default_generated/weapon_mp7_sp_bud_green_light_large.9b06527d579a047b676e49001fa16b39208f9149.png",
    "type": "skin",
    "rarity": 2,
    "price": 3245
  },
  "MP7 | Teal Blossom (Field-Tested)": {
    "quality": 3,
    "weight": 0.05,
    "skin": "Teal Blossom",
    "weapon": "MP7",
    "short": "MP7 | Teal Blossom",
    "name": "MP7 | Teal Blossom (Field-Tested)",
    "src": "https://steamcdn-a.akamaihd.net/apps/730/icons/econ/default_generated/weapon_mp7_sp_bud_green_light_large.9b06527d579a047b676e49001fa16b39208f9149.png",
    "type": "skin",
    "rarity": 2,
    "price": 2925
  },
  "MP7 | Teal Blossom (Well-Worn)": {
    "quality": 2,
    "weight": 0.05,
    "skin": "Teal Blossom",
    "weapon": "MP7",
    "short": "MP7 | Teal Blossom",
    "name": "MP7 | Teal Blossom (Well-Worn)",
    "src": "https://steamcdn-a.akamaihd.net/apps/730/icons/econ/default_generated/weapon_mp7_sp_bud_green_light_large.9b06527d579a047b676e49001fa16b39208f9149.png",
    "type": "skin",
    "rarity": 2,
    "price": 3366
  },
  "MP7 | Teal Blossom (Battle-Scarred)": {
    "quality": 1,
    "weight": 0.05,
    "skin": "Teal Blossom",
    "weapon": "MP7",
    "short": "MP7 | Teal Blossom",
    "name": "MP7 | Teal Blossom (Battle-Scarred)",
    "src": "https://steamcdn-a.akamaihd.net/apps/730/icons/econ/default_generated/weapon_mp7_sp_bud_green_light_large.9b06527d579a047b676e49001fa16b39208f9149.png",
    "type": "skin",
    "rarity": 2,
    "price": 3072
  },
  "MP7 | Teal Blossom": {
    "masterItem": true,
    "qualities": [5, 4, 3, 2, 1],
    "skin": "Teal Blossom",
    "weapon": "MP7",
    "short": "MP7 | Teal Blossom",
    "name": "MP7 | Teal Blossom",
    "src": "https://steamcdn-a.akamaihd.net/apps/730/icons/econ/default_generated/weapon_mp7_sp_bud_green_light_large.9b06527d579a047b676e49001fa16b39208f9149.png",
    "type": "skin",
    "rarity": 2,
    "price": 3366,
    "minPrice": 2822
  },
  "Tec-9 | Rust Leaf (Factory New)": {
    "quality": 5,
    "weight": 0.05,
    "skin": "Rust Leaf",
    "weapon": "Tec-9",
    "short": "Tec-9 | Rust Leaf",
    "name": "Tec-9 | Rust Leaf (Factory New)",
    "src": "https://steamcdn-a.akamaihd.net/apps/730/icons/econ/default_generated/weapon_tec9_sp_leaf_orange_light_large.9dea950fd04f689507adcb2acb3ff2540f19dffe.png",
    "type": "skin",
    "rarity": 1,
    "price": 464
  },
  "Tec-9 | Rust Leaf (Minimal Wear)": {
    "quality": 4,
    "weight": 0.05,
    "skin": "Rust Leaf",
    "weapon": "Tec-9",
    "short": "Tec-9 | Rust Leaf",
    "name": "Tec-9 | Rust Leaf (Minimal Wear)",
    "src": "https://steamcdn-a.akamaihd.net/apps/730/icons/econ/default_generated/weapon_tec9_sp_leaf_orange_light_large.9dea950fd04f689507adcb2acb3ff2540f19dffe.png",
    "type": "skin",
    "rarity": 1,
    "price": 458
  },
  "Tec-9 | Rust Leaf (Field-Tested)": {
    "quality": 3,
    "weight": 0.05,
    "skin": "Rust Leaf",
    "weapon": "Tec-9",
    "short": "Tec-9 | Rust Leaf",
    "name": "Tec-9 | Rust Leaf (Field-Tested)",
    "src": "https://steamcdn-a.akamaihd.net/apps/730/icons/econ/default_generated/weapon_tec9_sp_leaf_orange_light_large.9dea950fd04f689507adcb2acb3ff2540f19dffe.png",
    "type": "skin",
    "rarity": 1,
    "price": 500
  },
  "Tec-9 | Rust Leaf (Well-Worn)": {
    "quality": 2,
    "weight": 0.05,
    "skin": "Rust Leaf",
    "weapon": "Tec-9",
    "short": "Tec-9 | Rust Leaf",
    "name": "Tec-9 | Rust Leaf (Well-Worn)",
    "src": "https://steamcdn-a.akamaihd.net/apps/730/icons/econ/default_generated/weapon_tec9_sp_leaf_orange_light_large.9dea950fd04f689507adcb2acb3ff2540f19dffe.png",
    "type": "skin",
    "rarity": 1,
    "price": 541
  },
  "Tec-9 | Rust Leaf (Battle-Scarred)": {
    "quality": 1,
    "weight": 0.05,
    "skin": "Rust Leaf",
    "weapon": "Tec-9",
    "short": "Tec-9 | Rust Leaf",
    "name": "Tec-9 | Rust Leaf (Battle-Scarred)",
    "src": "https://steamcdn-a.akamaihd.net/apps/730/icons/econ/default_generated/weapon_tec9_sp_leaf_orange_light_large.9dea950fd04f689507adcb2acb3ff2540f19dffe.png",
    "type": "skin",
    "rarity": 1,
    "price": 526
  },
  "Tec-9 | Rust Leaf": {
    "masterItem": true,
    "qualities": [5, 4, 3, 2, 1],
    "skin": "Rust Leaf",
    "weapon": "Tec-9",
    "short": "Tec-9 | Rust Leaf",
    "name": "Tec-9 | Rust Leaf",
    "src": "https://steamcdn-a.akamaihd.net/apps/730/icons/econ/default_generated/weapon_tec9_sp_leaf_orange_light_large.9dea950fd04f689507adcb2acb3ff2540f19dffe.png",
    "type": "skin",
    "rarity": 1,
    "price": 541,
    "minPrice": 458
  },
  "PP-Bizon | Seabird (Factory New)": {
    "quality": 5,
    "weight": 0.05,
    "skin": "Seabird",
    "weapon": "PP-Bizon",
    "short": "PP-Bizon | Seabird",
    "name": "PP-Bizon | Seabird (Factory New)",
    "src": "https://steamcdn-a.akamaihd.net/apps/730/icons/econ/default_generated/weapon_bizon_so_aqua_stmarc_light_large.19036e4aeafdaeaa9c22cd0b86af514562c1761c.png",
    "type": "skin",
    "rarity": 0,
    "price": 65
  },
  "PP-Bizon | Seabird (Minimal Wear)": {
    "quality": 4,
    "weight": 0.05,
    "skin": "Seabird",
    "weapon": "PP-Bizon",
    "short": "PP-Bizon | Seabird",
    "name": "PP-Bizon | Seabird (Minimal Wear)",
    "src": "https://steamcdn-a.akamaihd.net/apps/730/icons/econ/default_generated/weapon_bizon_so_aqua_stmarc_light_large.19036e4aeafdaeaa9c22cd0b86af514562c1761c.png",
    "type": "skin",
    "rarity": 0,
    "price": 61
  },
  "PP-Bizon | Seabird (Field-Tested)": {
    "quality": 3,
    "weight": 0.05,
    "skin": "Seabird",
    "weapon": "PP-Bizon",
    "short": "PP-Bizon | Seabird",
    "name": "PP-Bizon | Seabird (Field-Tested)",
    "src": "https://steamcdn-a.akamaihd.net/apps/730/icons/econ/default_generated/weapon_bizon_so_aqua_stmarc_light_large.19036e4aeafdaeaa9c22cd0b86af514562c1761c.png",
    "type": "skin",
    "rarity": 0,
    "price": 55
  },
  "PP-Bizon | Seabird (Well-Worn)": {
    "quality": 2,
    "weight": 0.05,
    "skin": "Seabird",
    "weapon": "PP-Bizon",
    "short": "PP-Bizon | Seabird",
    "name": "PP-Bizon | Seabird (Well-Worn)",
    "src": "https://steamcdn-a.akamaihd.net/apps/730/icons/econ/default_generated/weapon_bizon_so_aqua_stmarc_light_large.19036e4aeafdaeaa9c22cd0b86af514562c1761c.png",
    "type": "skin",
    "rarity": 0,
    "price": 60
  },
  "PP-Bizon | Seabird (Battle-Scarred)": {
    "quality": 1,
    "weight": 0.05,
    "skin": "Seabird",
    "weapon": "PP-Bizon",
    "short": "PP-Bizon | Seabird",
    "name": "PP-Bizon | Seabird (Battle-Scarred)",
    "src": "https://steamcdn-a.akamaihd.net/apps/730/icons/econ/default_generated/weapon_bizon_so_aqua_stmarc_light_large.19036e4aeafdaeaa9c22cd0b86af514562c1761c.png",
    "type": "skin",
    "rarity": 0,
    "price": 63
  },
  "PP-Bizon | Seabird": {
    "masterItem": true,
    "qualities": [5, 4, 3, 2, 1],
    "skin": "Seabird",
    "weapon": "PP-Bizon",
    "short": "PP-Bizon | Seabird",
    "name": "PP-Bizon | Seabird",
    "src": "https://steamcdn-a.akamaihd.net/apps/730/icons/econ/default_generated/weapon_bizon_so_aqua_stmarc_light_large.19036e4aeafdaeaa9c22cd0b86af514562c1761c.png",
    "type": "skin",
    "rarity": 0,
    "price": 65,
    "minPrice": 55
  },
  "AUG | Midnight Lily (Factory New)": {
    "quality": 5,
    "weight": 0.05,
    "skin": "Midnight Lily",
    "weapon": "AUG",
    "short": "AUG | Midnight Lily",
    "name": "AUG | Midnight Lily (Factory New)",
    "src": "https://steamcdn-a.akamaihd.net/apps/730/icons/econ/default_generated/weapon_aug_am_bloom_blue_light_large.02cb11a89ee5a7f3d39fbec15757eba34691e526.png",
    "type": "skin",
    "rarity": 3,
    "price": 10236
  },
  "AUG | Midnight Lily (Minimal Wear)": {
    "quality": 4,
    "weight": 0.05,
    "skin": "Midnight Lily",
    "weapon": "AUG",
    "short": "AUG | Midnight Lily",
    "name": "AUG | Midnight Lily (Minimal Wear)",
    "src": "https://steamcdn-a.akamaihd.net/apps/730/icons/econ/default_generated/weapon_aug_am_bloom_blue_light_large.02cb11a89ee5a7f3d39fbec15757eba34691e526.png",
    "type": "skin",
    "rarity": 3,
    "price": 12638
  },
  "AUG | Midnight Lily (Field-Tested)": {
    "quality": 3,
    "weight": 0.05,
    "skin": "Midnight Lily",
    "weapon": "AUG",
    "short": "AUG | Midnight Lily",
    "name": "AUG | Midnight Lily (Field-Tested)",
    "src": "https://steamcdn-a.akamaihd.net/apps/730/icons/econ/default_generated/weapon_aug_am_bloom_blue_light_large.02cb11a89ee5a7f3d39fbec15757eba34691e526.png",
    "type": "skin",
    "rarity": 3,
    "price": 11126
  },
  "AUG | Midnight Lily (Well-Worn)": {
    "quality": 2,
    "weight": 0.05,
    "skin": "Midnight Lily",
    "weapon": "AUG",
    "short": "AUG | Midnight Lily",
    "name": "AUG | Midnight Lily (Well-Worn)",
    "src": "https://steamcdn-a.akamaihd.net/apps/730/icons/econ/default_generated/weapon_aug_am_bloom_blue_light_large.02cb11a89ee5a7f3d39fbec15757eba34691e526.png",
    "type": "skin",
    "rarity": 3,
    "price": 12189
  },
  "AUG | Midnight Lily (Battle-Scarred)": {
    "quality": 1,
    "weight": 0.05,
    "skin": "Midnight Lily",
    "weapon": "AUG",
    "short": "AUG | Midnight Lily",
    "name": "AUG | Midnight Lily (Battle-Scarred)",
    "src": "https://steamcdn-a.akamaihd.net/apps/730/icons/econ/default_generated/weapon_aug_am_bloom_blue_light_large.02cb11a89ee5a7f3d39fbec15757eba34691e526.png",
    "type": "skin",
    "rarity": 3,
    "price": 11607
  },
  "AUG | Midnight Lily": {
    "masterItem": true,
    "qualities": [5, 4, 3, 2, 1],
    "skin": "Midnight Lily",
    "weapon": "AUG",
    "short": "AUG | Midnight Lily",
    "name": "AUG | Midnight Lily",
    "src": "https://steamcdn-a.akamaihd.net/apps/730/icons/econ/default_generated/weapon_aug_am_bloom_blue_light_large.02cb11a89ee5a7f3d39fbec15757eba34691e526.png",
    "type": "skin",
    "rarity": 3,
    "price": 12638,
    "minPrice": 10236
  },
  "P90 | Sunset Lily (Factory New)": {
    "quality": 5,
    "weight": 0.05,
    "skin": "Sunset Lily",
    "weapon": "P90",
    "short": "P90 | Sunset Lily",
    "name": "P90 | Sunset Lily (Factory New)",
    "src": "https://steamcdn-a.akamaihd.net/apps/730/icons/econ/default_generated/weapon_p90_sp_bloom_orange_light_large.e3e14184d5d31c9484b7697d7f38aafa3a479e20.png",
    "type": "skin",
    "rarity": 1,
    "price": 412
  },
  "P90 | Sunset Lily (Minimal Wear)": {
    "quality": 4,
    "weight": 0.05,
    "skin": "Sunset Lily",
    "weapon": "P90",
    "short": "P90 | Sunset Lily",
    "name": "P90 | Sunset Lily (Minimal Wear)",
    "src": "https://steamcdn-a.akamaihd.net/apps/730/icons/econ/default_generated/weapon_p90_sp_bloom_orange_light_large.e3e14184d5d31c9484b7697d7f38aafa3a479e20.png",
    "type": "skin",
    "rarity": 1,
    "price": 448
  },
  "P90 | Sunset Lily (Field-Tested)": {
    "quality": 3,
    "weight": 0.05,
    "skin": "Sunset Lily",
    "weapon": "P90",
    "short": "P90 | Sunset Lily",
    "name": "P90 | Sunset Lily (Field-Tested)",
    "src": "https://steamcdn-a.akamaihd.net/apps/730/icons/econ/default_generated/weapon_p90_sp_bloom_orange_light_large.e3e14184d5d31c9484b7697d7f38aafa3a479e20.png",
    "type": "skin",
    "rarity": 1,
    "price": 468
  },
  "P90 | Sunset Lily (Well-Worn)": {
    "quality": 2,
    "weight": 0.05,
    "skin": "Sunset Lily",
    "weapon": "P90",
    "short": "P90 | Sunset Lily",
    "name": "P90 | Sunset Lily (Well-Worn)",
    "src": "https://steamcdn-a.akamaihd.net/apps/730/icons/econ/default_generated/weapon_p90_sp_bloom_orange_light_large.e3e14184d5d31c9484b7697d7f38aafa3a479e20.png",
    "type": "skin",
    "rarity": 1,
    "price": 520
  },
  "P90 | Sunset Lily (Battle-Scarred)": {
    "quality": 1,
    "weight": 0.05,
    "skin": "Sunset Lily",
    "weapon": "P90",
    "short": "P90 | Sunset Lily",
    "name": "P90 | Sunset Lily (Battle-Scarred)",
    "src": "https://steamcdn-a.akamaihd.net/apps/730/icons/econ/default_generated/weapon_p90_sp_bloom_orange_light_large.e3e14184d5d31c9484b7697d7f38aafa3a479e20.png",
    "type": "skin",
    "rarity": 1,
    "price": 566
  },
  "P90 | Sunset Lily": {
    "masterItem": true,
    "qualities": [5, 4, 3, 2, 1],
    "skin": "Sunset Lily",
    "weapon": "P90",
    "short": "P90 | Sunset Lily",
    "name": "P90 | Sunset Lily",
    "src": "https://steamcdn-a.akamaihd.net/apps/730/icons/econ/default_generated/weapon_p90_sp_bloom_orange_light_large.e3e14184d5d31c9484b7697d7f38aafa3a479e20.png",
    "type": "skin",
    "rarity": 1,
    "price": 566,
    "minPrice": 412
  },
  "MP5-SD | Bamboo Garden (Factory New)": {
    "quality": 5,
    "weight": 0.05,
    "skin": "Bamboo Garden",
    "weapon": "MP5-SD",
    "short": "MP5-SD | Bamboo Garden",
    "name": "MP5-SD | Bamboo Garden (Factory New)",
    "src": "https://steamcdn-a.akamaihd.net/apps/730/icons/econ/default_generated/weapon_mp5sd_hy_bamboo_stmarc_light_large.1d07511b139360d0e973f8c7e316dc1792a2b812.png",
    "type": "skin",
    "rarity": 0,
    "price": 66
  },
  "MP5-SD | Bamboo Garden (Minimal Wear)": {
    "quality": 4,
    "weight": 0.05,
    "skin": "Bamboo Garden",
    "weapon": "MP5-SD",
    "short": "MP5-SD | Bamboo Garden",
    "name": "MP5-SD | Bamboo Garden (Minimal Wear)",
    "src": "https://steamcdn-a.akamaihd.net/apps/730/icons/econ/default_generated/weapon_mp5sd_hy_bamboo_stmarc_light_large.1d07511b139360d0e973f8c7e316dc1792a2b812.png",
    "type": "skin",
    "rarity": 0,
    "price": 60
  },
  "MP5-SD | Bamboo Garden (Field-Tested)": {
    "quality": 3,
    "weight": 0.05,
    "skin": "Bamboo Garden",
    "weapon": "MP5-SD",
    "short": "MP5-SD | Bamboo Garden",
    "name": "MP5-SD | Bamboo Garden (Field-Tested)",
    "src": "https://steamcdn-a.akamaihd.net/apps/730/icons/econ/default_generated/weapon_mp5sd_hy_bamboo_stmarc_light_large.1d07511b139360d0e973f8c7e316dc1792a2b812.png",
    "type": "skin",
    "rarity": 0,
    "price": 55
  },
  "MP5-SD | Bamboo Garden (Well-Worn)": {
    "quality": 2,
    "weight": 0.05,
    "skin": "Bamboo Garden",
    "weapon": "MP5-SD",
    "short": "MP5-SD | Bamboo Garden",
    "name": "MP5-SD | Bamboo Garden (Well-Worn)",
    "src": "https://steamcdn-a.akamaihd.net/apps/730/icons/econ/default_generated/weapon_mp5sd_hy_bamboo_stmarc_light_large.1d07511b139360d0e973f8c7e316dc1792a2b812.png",
    "type": "skin",
    "rarity": 0,
    "price": 61
  },
  "MP5-SD | Bamboo Garden (Battle-Scarred)": {
    "quality": 1,
    "weight": 0.05,
    "skin": "Bamboo Garden",
    "weapon": "MP5-SD",
    "short": "MP5-SD | Bamboo Garden",
    "name": "MP5-SD | Bamboo Garden (Battle-Scarred)",
    "src": "https://steamcdn-a.akamaihd.net/apps/730/icons/econ/default_generated/weapon_mp5sd_hy_bamboo_stmarc_light_large.1d07511b139360d0e973f8c7e316dc1792a2b812.png",
    "type": "skin",
    "rarity": 0,
    "price": 62
  },
  "MP5-SD | Bamboo Garden": {
    "masterItem": true,
    "qualities": [5, 4, 3, 2, 1],
    "skin": "Bamboo Garden",
    "weapon": "MP5-SD",
    "short": "MP5-SD | Bamboo Garden",
    "name": "MP5-SD | Bamboo Garden",
    "src": "https://steamcdn-a.akamaihd.net/apps/730/icons/econ/default_generated/weapon_mp5sd_hy_bamboo_stmarc_light_large.1d07511b139360d0e973f8c7e316dc1792a2b812.png",
    "type": "skin",
    "rarity": 0,
    "price": 66,
    "minPrice": 55
  },
  "M4A4 | Dark Blossom (Factory New)": {
    "quality": 5,
    "weight": 0.05,
    "skin": "Dark Blossom",
    "weapon": "M4A4",
    "short": "M4A4 | Dark Blossom",
    "name": "M4A4 | Dark Blossom (Factory New)",
    "src": "https://steamcdn-a.akamaihd.net/apps/730/icons/econ/default_generated/weapon_m4a1_sp_bud_blue_light_large.f31b88226c77480548a0c1e62581bea8f3946906.png",
    "type": "skin",
    "rarity": 1,
    "price": 464
  },
  "M4A4 | Dark Blossom (Minimal Wear)": {
    "quality": 4,
    "weight": 0.05,
    "skin": "Dark Blossom",
    "weapon": "M4A4",
    "short": "M4A4 | Dark Blossom",
    "name": "M4A4 | Dark Blossom (Minimal Wear)",
    "src": "https://steamcdn-a.akamaihd.net/apps/730/icons/econ/default_generated/weapon_m4a1_sp_bud_blue_light_large.f31b88226c77480548a0c1e62581bea8f3946906.png",
    "type": "skin",
    "rarity": 1,
    "price": 461
  },
  "M4A4 | Dark Blossom (Field-Tested)": {
    "quality": 3,
    "weight": 0.05,
    "skin": "Dark Blossom",
    "weapon": "M4A4",
    "short": "M4A4 | Dark Blossom",
    "name": "M4A4 | Dark Blossom (Field-Tested)",
    "src": "https://steamcdn-a.akamaihd.net/apps/730/icons/econ/default_generated/weapon_m4a1_sp_bud_blue_light_large.f31b88226c77480548a0c1e62581bea8f3946906.png",
    "type": "skin",
    "rarity": 1,
    "price": 487
  },
  "M4A4 | Dark Blossom (Well-Worn)": {
    "quality": 2,
    "weight": 0.05,
    "skin": "Dark Blossom",
    "weapon": "M4A4",
    "short": "M4A4 | Dark Blossom",
    "name": "M4A4 | Dark Blossom (Well-Worn)",
    "src": "https://steamcdn-a.akamaihd.net/apps/730/icons/econ/default_generated/weapon_m4a1_sp_bud_blue_light_large.f31b88226c77480548a0c1e62581bea8f3946906.png",
    "type": "skin",
    "rarity": 1,
    "price": 498
  },
  "M4A4 | Dark Blossom (Battle-Scarred)": {
    "quality": 1,
    "weight": 0.05,
    "skin": "Dark Blossom",
    "weapon": "M4A4",
    "short": "M4A4 | Dark Blossom",
    "name": "M4A4 | Dark Blossom (Battle-Scarred)",
    "src": "https://steamcdn-a.akamaihd.net/apps/730/icons/econ/default_generated/weapon_m4a1_sp_bud_blue_light_large.f31b88226c77480548a0c1e62581bea8f3946906.png",
    "type": "skin",
    "rarity": 1,
    "price": 498
  },
  "M4A4 | Dark Blossom": {
    "masterItem": true,
    "qualities": [5, 4, 3, 2, 1],
    "skin": "Dark Blossom",
    "weapon": "M4A4",
    "short": "M4A4 | Dark Blossom",
    "name": "M4A4 | Dark Blossom",
    "src": "https://steamcdn-a.akamaihd.net/apps/730/icons/econ/default_generated/weapon_m4a1_sp_bud_blue_light_large.f31b88226c77480548a0c1e62581bea8f3946906.png",
    "type": "skin",
    "rarity": 1,
    "price": 498,
    "minPrice": 461
  },
  "MAC-10 | Surfwood (Factory New)": {
    "quality": 5,
    "weight": 0.05,
    "skin": "Surfwood",
    "weapon": "MAC-10",
    "short": "MAC-10 | Surfwood",
    "name": "MAC-10 | Surfwood (Factory New)",
    "src": "https://steamcdn-a.akamaihd.net/apps/730/icons/econ/default_generated/weapon_mac10_sp_twigs_beach_light_large.82c99f7aa915b87043e167b42e25a5fbe2e8c1e2.png",
    "type": "skin",
    "rarity": 0,
    "price": 63
  },
  "MAC-10 | Surfwood (Minimal Wear)": {
    "quality": 4,
    "weight": 0.05,
    "skin": "Surfwood",
    "weapon": "MAC-10",
    "short": "MAC-10 | Surfwood",
    "name": "MAC-10 | Surfwood (Minimal Wear)",
    "src": "https://steamcdn-a.akamaihd.net/apps/730/icons/econ/default_generated/weapon_mac10_sp_twigs_beach_light_large.82c99f7aa915b87043e167b42e25a5fbe2e8c1e2.png",
    "type": "skin",
    "rarity": 0,
    "price": 56
  },
  "MAC-10 | Surfwood (Field-Tested)": {
    "quality": 3,
    "weight": 0.05,
    "skin": "Surfwood",
    "weapon": "MAC-10",
    "short": "MAC-10 | Surfwood",
    "name": "MAC-10 | Surfwood (Field-Tested)",
    "src": "https://steamcdn-a.akamaihd.net/apps/730/icons/econ/default_generated/weapon_mac10_sp_twigs_beach_light_large.82c99f7aa915b87043e167b42e25a5fbe2e8c1e2.png",
    "type": "skin",
    "rarity": 0,
    "price": 56
  },
  "MAC-10 | Surfwood (Well-Worn)": {
    "quality": 2,
    "weight": 0.05,
    "skin": "Surfwood",
    "weapon": "MAC-10",
    "short": "MAC-10 | Surfwood",
    "name": "MAC-10 | Surfwood (Well-Worn)",
    "src": "https://steamcdn-a.akamaihd.net/apps/730/icons/econ/default_generated/weapon_mac10_sp_twigs_beach_light_large.82c99f7aa915b87043e167b42e25a5fbe2e8c1e2.png",
    "type": "skin",
    "rarity": 0,
    "price": 66
  },
  "MAC-10 | Surfwood (Battle-Scarred)": {
    "quality": 1,
    "weight": 0.05,
    "skin": "Surfwood",
    "weapon": "MAC-10",
    "short": "MAC-10 | Surfwood",
    "name": "MAC-10 | Surfwood (Battle-Scarred)",
    "src": "https://steamcdn-a.akamaihd.net/apps/730/icons/econ/default_generated/weapon_mac10_sp_twigs_beach_light_large.82c99f7aa915b87043e167b42e25a5fbe2e8c1e2.png",
    "type": "skin",
    "rarity": 0,
    "price": 63
  },
  "MAC-10 | Surfwood": {
    "masterItem": true,
    "qualities": [5, 4, 3, 2, 1],
    "skin": "Surfwood",
    "weapon": "MAC-10",
    "short": "MAC-10 | Surfwood",
    "name": "MAC-10 | Surfwood",
    "src": "https://steamcdn-a.akamaihd.net/apps/730/icons/econ/default_generated/weapon_mac10_sp_twigs_beach_light_large.82c99f7aa915b87043e167b42e25a5fbe2e8c1e2.png",
    "type": "skin",
    "rarity": 0,
    "price": 66,
    "minPrice": 56
  }
}