{"The Train Collection":{"name":"The Train Collection","src":"images/items/collections/train.webp","price":406,"type":"case","rarity":0,"content":{"items":["M4A4 | Urban DDPAT (Factory New)","M4A4 | Urban DDPAT (Minimal Wear)","M4A4 | Urban DDPAT (Field-Tested)","M4A4 | Urban DDPAT (Well-Worn)","M4A4 | Urban DDPAT (Battle-Scarred)","Souvenir M4A4 | Urban DDPAT (Factory New)","Souvenir M4A4 | Urban DDPAT (Minimal Wear)","Souvenir M4A4 | Urban DDPAT (Field-Tested)","Souvenir M4A4 | Urban DDPAT (Well-Worn)","Souvenir M4A4 | Urban DDPAT (Battle-Scarred)","P250 | Metallic DDPAT (Factory New)","P250 | Metallic DDPAT (Minimal Wear)","Souvenir P250 | Metallic DDPAT (Factory New)","Souvenir P250 | Metallic DDPAT (Minimal Wear)","Sawed-Off | Amber Fade (Factory New)","Sawed-Off | Amber Fade (Minimal Wear)","Sawed-Off | Amber Fade (Field-Tested)","Sawed-Off | Amber Fade (Well-Worn)","Souvenir Sawed-Off | Amber Fade (Factory New)","Souvenir Sawed-Off | Amber Fade (Minimal Wear)","Souvenir Sawed-Off | Amber Fade (Field-Tested)","Souvenir Sawed-Off | Amber Fade (Well-Worn)","MAC-10 | Candy Apple (Factory New)","MAC-10 | Candy Apple (Minimal Wear)","MAC-10 | Candy Apple (Field-Tested)","Souvenir MAC-10 | Candy Apple (Factory New)","Souvenir MAC-10 | Candy Apple (Minimal Wear)","Souvenir MAC-10 | Candy Apple (Field-Tested)","MAG-7 | Metallic DDPAT (Factory New)","MAG-7 | Metallic DDPAT (Minimal Wear)","Souvenir MAG-7 | Metallic DDPAT (Factory New)","Souvenir MAG-7 | Metallic DDPAT (Minimal Wear)","G3SG1 | Polar Camo (Factory New)","G3SG1 | Polar Camo (Minimal Wear)","G3SG1 | Polar Camo (Field-Tested)","G3SG1 | Polar Camo (Well-Worn)","G3SG1 | Polar Camo (Battle-Scarred)","Souvenir G3SG1 | Polar Camo (Factory New)","Souvenir G3SG1 | Polar Camo (Minimal Wear)","Souvenir G3SG1 | Polar Camo (Field-Tested)","Souvenir G3SG1 | Polar Camo (Well-Worn)","Souvenir G3SG1 | Polar Camo (Battle-Scarred)","UMP-45 | Urban DDPAT (Factory New)","UMP-45 | Urban DDPAT (Minimal Wear)","UMP-45 | Urban DDPAT (Field-Tested)","UMP-45 | Urban DDPAT (Well-Worn)","UMP-45 | Urban DDPAT (Battle-Scarred)","Souvenir UMP-45 | Urban DDPAT (Factory New)","Souvenir UMP-45 | Urban DDPAT (Minimal Wear)","Souvenir UMP-45 | Urban DDPAT (Field-Tested)","Souvenir UMP-45 | Urban DDPAT (Well-Worn)","Souvenir UMP-45 | Urban DDPAT (Battle-Scarred)","SCAR-20 | Carbon Fiber (Factory New)","SCAR-20 | Carbon Fiber (Minimal Wear)","Souvenir SCAR-20 | Carbon Fiber (Factory New)","Souvenir SCAR-20 | Carbon Fiber (Minimal Wear)","Dual Berettas | Colony (Factory New)","Dual Berettas | Colony (Minimal Wear)","Dual Berettas | Colony (Field-Tested)","Dual Berettas | Colony (Well-Worn)","Dual Berettas | Colony (Battle-Scarred)","Souvenir Dual Berettas | Colony (Factory New)","Souvenir Dual Berettas | Colony (Minimal Wear)","Souvenir Dual Berettas | Colony (Field-Tested)","Souvenir Dual Berettas | Colony (Well-Worn)","Souvenir Dual Berettas | Colony (Battle-Scarred)","Five-SeveN | Forest Night (Factory New)","Five-SeveN | Forest Night (Minimal Wear)","Five-SeveN | Forest Night (Field-Tested)","Five-SeveN | Forest Night (Well-Worn)","Five-SeveN | Forest Night (Battle-Scarred)","Souvenir Five-SeveN | Forest Night (Factory New)","Souvenir Five-SeveN | Forest Night (Minimal Wear)","Souvenir Five-SeveN | Forest Night (Field-Tested)","Souvenir Five-SeveN | Forest Night (Well-Worn)","Souvenir Five-SeveN | Forest Night (Battle-Scarred)","Desert Eagle | Urban Rubble (Factory New)","Desert Eagle | Urban Rubble (Minimal Wear)","Desert Eagle | Urban Rubble (Field-Tested)","Desert Eagle | Urban Rubble (Well-Worn)","Desert Eagle | Urban Rubble (Battle-Scarred)","Souvenir Desert Eagle | Urban Rubble (Factory New)","Souvenir Desert Eagle | Urban Rubble (Minimal Wear)","Souvenir Desert Eagle | Urban Rubble (Field-Tested)","Souvenir Desert Eagle | Urban Rubble (Well-Worn)","Souvenir Desert Eagle | Urban Rubble (Battle-Scarred)","PP-Bizon | Urban Dashed (Factory New)","PP-Bizon | Urban Dashed (Minimal Wear)","PP-Bizon | Urban Dashed (Field-Tested)","PP-Bizon | Urban Dashed (Well-Worn)","PP-Bizon | Urban Dashed (Battle-Scarred)","Souvenir PP-Bizon | Urban Dashed (Factory New)","Souvenir PP-Bizon | Urban Dashed (Minimal Wear)","Souvenir PP-Bizon | Urban Dashed (Field-Tested)","Souvenir PP-Bizon | Urban Dashed (Well-Worn)","Souvenir PP-Bizon | Urban Dashed (Battle-Scarred)","Tec-9 | Red Quartz (Factory New)","Tec-9 | Red Quartz (Minimal Wear)","Tec-9 | Red Quartz (Field-Tested)","Tec-9 | Red Quartz (Well-Worn)","Souvenir Tec-9 | Red Quartz (Factory New)","Souvenir Tec-9 | Red Quartz (Minimal Wear)","Souvenir Tec-9 | Red Quartz (Field-Tested)","Souvenir Tec-9 | Red Quartz (Well-Worn)","P90 | Ash Wood (Factory New)","P90 | Ash Wood (Minimal Wear)","P90 | Ash Wood (Field-Tested)","P90 | Ash Wood (Well-Worn)","Souvenir P90 | Ash Wood (Factory New)","Souvenir P90 | Ash Wood (Minimal Wear)","Souvenir P90 | Ash Wood (Field-Tested)","Souvenir P90 | Ash Wood (Well-Worn)","Nova | Polar Mesh (Factory New)","Nova | Polar Mesh (Minimal Wear)","Nova | Polar Mesh (Field-Tested)","Nova | Polar Mesh (Well-Worn)","Nova | Polar Mesh (Battle-Scarred)","Souvenir Nova | Polar Mesh (Factory New)","Souvenir Nova | Polar Mesh (Minimal Wear)","Souvenir Nova | Polar Mesh (Field-Tested)","Souvenir Nova | Polar Mesh (Well-Worn)","Souvenir Nova | Polar Mesh (Battle-Scarred)"]}},"M4A4 | Urban DDPAT (Factory New)":{"quality":5,"skin":"Urban DDPAT","weapon":"M4A4","short":"M4A4 | Urban DDPAT","name":"M4A4 | Urban DDPAT (Factory New)","src":"https://steamcdn-a.akamaihd.net/apps/730/icons/econ/default_generated/weapon_m4a1_hy_ddpat_urb_light_large.7ced16120d54bcdc2faa66d215ae81041ab23bc4.png","type":"skin","rarity":1,"price":236},"M4A4 | Urban DDPAT (Minimal Wear)":{"quality":4,"skin":"Urban DDPAT","weapon":"M4A4","short":"M4A4 | Urban DDPAT","name":"M4A4 | Urban DDPAT (Minimal Wear)","src":"https://steamcdn-a.akamaihd.net/apps/730/icons/econ/default_generated/weapon_m4a1_hy_ddpat_urb_light_large.7ced16120d54bcdc2faa66d215ae81041ab23bc4.png","type":"skin","rarity":1,"price":22},"M4A4 | Urban DDPAT (Field-Tested)":{"quality":3,"skin":"Urban DDPAT","weapon":"M4A4","short":"M4A4 | Urban DDPAT","name":"M4A4 | Urban DDPAT (Field-Tested)","src":"https://steamcdn-a.akamaihd.net/apps/730/icons/econ/default_generated/weapon_m4a1_hy_ddpat_urb_light_large.7ced16120d54bcdc2faa66d215ae81041ab23bc4.png","type":"skin","rarity":1,"price":13},"M4A4 | Urban DDPAT (Well-Worn)":{"quality":2,"skin":"Urban DDPAT","weapon":"M4A4","short":"M4A4 | Urban DDPAT","name":"M4A4 | Urban DDPAT (Well-Worn)","src":"https://steamcdn-a.akamaihd.net/apps/730/icons/econ/default_generated/weapon_m4a1_hy_ddpat_urb_light_large.7ced16120d54bcdc2faa66d215ae81041ab23bc4.png","type":"skin","rarity":1,"price":12},"M4A4 | Urban DDPAT (Battle-Scarred)":{"quality":1,"skin":"Urban DDPAT","weapon":"M4A4","short":"M4A4 | Urban DDPAT","name":"M4A4 | Urban DDPAT (Battle-Scarred)","src":"https://steamcdn-a.akamaihd.net/apps/730/icons/econ/default_generated/weapon_m4a1_hy_ddpat_urb_light_large.7ced16120d54bcdc2faa66d215ae81041ab23bc4.png","type":"skin","rarity":1,"price":11},"Souvenir M4A4 | Urban DDPAT (Factory New)":{"souvenir":true,"quality":5,"skin":"Urban DDPAT","weapon":"M4A4","short":"M4A4 | Urban DDPAT","name":"Souvenir M4A4 | Urban DDPAT (Factory New)","src":"https://steamcdn-a.akamaihd.net/apps/730/icons/econ/default_generated/weapon_m4a1_hy_ddpat_urb_light_large.7ced16120d54bcdc2faa66d215ae81041ab23bc4.png","type":"skin","rarity":1,"price":7593},"Souvenir M4A4 | Urban DDPAT (Minimal Wear)":{"souvenir":true,"quality":4,"skin":"Urban DDPAT","weapon":"M4A4","short":"M4A4 | Urban DDPAT","name":"Souvenir M4A4 | Urban DDPAT (Minimal Wear)","src":"https://steamcdn-a.akamaihd.net/apps/730/icons/econ/default_generated/weapon_m4a1_hy_ddpat_urb_light_large.7ced16120d54bcdc2faa66d215ae81041ab23bc4.png","type":"skin","rarity":1,"price":700},"Souvenir M4A4 | Urban DDPAT (Field-Tested)":{"souvenir":true,"quality":3,"skin":"Urban DDPAT","weapon":"M4A4","short":"M4A4 | Urban DDPAT","name":"Souvenir M4A4 | Urban DDPAT (Field-Tested)","src":"https://steamcdn-a.akamaihd.net/apps/730/icons/econ/default_generated/weapon_m4a1_hy_ddpat_urb_light_large.7ced16120d54bcdc2faa66d215ae81041ab23bc4.png","type":"skin","rarity":1,"price":235},"Souvenir M4A4 | Urban DDPAT (Well-Worn)":{"souvenir":true,"quality":2,"skin":"Urban DDPAT","weapon":"M4A4","short":"M4A4 | Urban DDPAT","name":"Souvenir M4A4 | Urban DDPAT (Well-Worn)","src":"https://steamcdn-a.akamaihd.net/apps/730/icons/econ/default_generated/weapon_m4a1_hy_ddpat_urb_light_large.7ced16120d54bcdc2faa66d215ae81041ab23bc4.png","type":"skin","rarity":1,"price":344},"Souvenir M4A4 | Urban DDPAT (Battle-Scarred)":{"souvenir":true,"quality":1,"skin":"Urban DDPAT","weapon":"M4A4","short":"M4A4 | Urban DDPAT","name":"Souvenir M4A4 | Urban DDPAT (Battle-Scarred)","src":"https://steamcdn-a.akamaihd.net/apps/730/icons/econ/default_generated/weapon_m4a1_hy_ddpat_urb_light_large.7ced16120d54bcdc2faa66d215ae81041ab23bc4.png","type":"skin","rarity":1,"price":262},"M4A4 | Urban DDPAT":{"souvenirAvailable":true,"masterItem":true,"qualities":[5,4,3,2,1],"skin":"Urban DDPAT","weapon":"M4A4","short":"M4A4 | Urban DDPAT","name":"M4A4 | Urban DDPAT","src":"https://steamcdn-a.akamaihd.net/apps/730/icons/econ/default_generated/weapon_m4a1_hy_ddpat_urb_light_large.7ced16120d54bcdc2faa66d215ae81041ab23bc4.png","type":"skin","rarity":1,"price":7593,"minPrice":11},"P250 | Metallic DDPAT (Factory New)":{"quality":5,"skin":"Metallic DDPAT","weapon":"P250","short":"P250 | Metallic DDPAT","name":"P250 | Metallic DDPAT (Factory New)","src":"https://steamcdn-a.akamaihd.net/apps/730/icons/econ/default_generated/weapon_p250_am_urban_light_large.2f6ef478d97cb2887fc4106cf89768f6cccd8ed6.png","type":"skin","rarity":1,"price":22},"P250 | Metallic DDPAT (Minimal Wear)":{"quality":4,"skin":"Metallic DDPAT","weapon":"P250","short":"P250 | Metallic DDPAT","name":"P250 | Metallic DDPAT (Minimal Wear)","src":"https://steamcdn-a.akamaihd.net/apps/730/icons/econ/default_generated/weapon_p250_am_urban_light_large.2f6ef478d97cb2887fc4106cf89768f6cccd8ed6.png","type":"skin","rarity":1,"price":21},"Souvenir P250 | Metallic DDPAT (Factory New)":{"souvenir":true,"quality":5,"skin":"Metallic DDPAT","weapon":"P250","short":"P250 | Metallic DDPAT","name":"Souvenir P250 | Metallic DDPAT (Factory New)","src":"https://steamcdn-a.akamaihd.net/apps/730/icons/econ/default_generated/weapon_p250_am_urban_light_large.2f6ef478d97cb2887fc4106cf89768f6cccd8ed6.png","type":"skin","rarity":1,"price":272},"Souvenir P250 | Metallic DDPAT (Minimal Wear)":{"souvenir":true,"quality":4,"skin":"Metallic DDPAT","weapon":"P250","short":"P250 | Metallic DDPAT","name":"Souvenir P250 | Metallic DDPAT (Minimal Wear)","src":"https://steamcdn-a.akamaihd.net/apps/730/icons/econ/default_generated/weapon_p250_am_urban_light_large.2f6ef478d97cb2887fc4106cf89768f6cccd8ed6.png","type":"skin","rarity":1,"price":1041},"P250 | Metallic DDPAT":{"souvenirAvailable":true,"masterItem":true,"qualities":[5,4],"skin":"Metallic DDPAT","weapon":"P250","short":"P250 | Metallic DDPAT","name":"P250 | Metallic DDPAT","src":"https://steamcdn-a.akamaihd.net/apps/730/icons/econ/default_generated/weapon_p250_am_urban_light_large.2f6ef478d97cb2887fc4106cf89768f6cccd8ed6.png","type":"skin","rarity":1,"price":1041,"minPrice":21},"Sawed-Off | Amber Fade (Factory New)":{"quality":5,"skin":"Amber Fade","weapon":"Sawed-Off","short":"Sawed-Off | Amber Fade","name":"Sawed-Off | Amber Fade (Factory New)","src":"https://steamcdn-a.akamaihd.net/apps/730/icons/econ/default_generated/weapon_sawedoff_aa_fade_metallic_light_large.aa7418206953ed4b7707ddbc859bb1eb7bf6c9ab.png","type":"skin","rarity":2,"price":94},"Sawed-Off | Amber Fade (Minimal Wear)":{"quality":4,"skin":"Amber Fade","weapon":"Sawed-Off","short":"Sawed-Off | Amber Fade","name":"Sawed-Off | Amber Fade (Minimal Wear)","src":"https://steamcdn-a.akamaihd.net/apps/730/icons/econ/default_generated/weapon_sawedoff_aa_fade_metallic_light_large.aa7418206953ed4b7707ddbc859bb1eb7bf6c9ab.png","type":"skin","rarity":2,"price":77},"Sawed-Off | Amber Fade (Field-Tested)":{"quality":3,"skin":"Amber Fade","weapon":"Sawed-Off","short":"Sawed-Off | Amber Fade","name":"Sawed-Off | Amber Fade (Field-Tested)","src":"https://steamcdn-a.akamaihd.net/apps/730/icons/econ/default_generated/weapon_sawedoff_aa_fade_metallic_light_large.aa7418206953ed4b7707ddbc859bb1eb7bf6c9ab.png","type":"skin","rarity":2,"price":62},"Sawed-Off | Amber Fade (Well-Worn)":{"quality":2,"skin":"Amber Fade","weapon":"Sawed-Off","short":"Sawed-Off | Amber Fade","name":"Sawed-Off | Amber Fade (Well-Worn)","src":"https://steamcdn-a.akamaihd.net/apps/730/icons/econ/default_generated/weapon_sawedoff_aa_fade_metallic_light_large.aa7418206953ed4b7707ddbc859bb1eb7bf6c9ab.png","type":"skin","rarity":2,"price":54},"Souvenir Sawed-Off | Amber Fade (Factory New)":{"souvenir":true,"quality":5,"skin":"Amber Fade","weapon":"Sawed-Off","short":"Sawed-Off | Amber Fade","name":"Souvenir Sawed-Off | Amber Fade (Factory New)","src":"https://steamcdn-a.akamaihd.net/apps/730/icons/econ/default_generated/weapon_sawedoff_aa_fade_metallic_light_large.aa7418206953ed4b7707ddbc859bb1eb7bf6c9ab.png","type":"skin","rarity":2,"price":279},"Souvenir Sawed-Off | Amber Fade (Minimal Wear)":{"souvenir":true,"quality":4,"skin":"Amber Fade","weapon":"Sawed-Off","short":"Sawed-Off | Amber Fade","name":"Souvenir Sawed-Off | Amber Fade (Minimal Wear)","src":"https://steamcdn-a.akamaihd.net/apps/730/icons/econ/default_generated/weapon_sawedoff_aa_fade_metallic_light_large.aa7418206953ed4b7707ddbc859bb1eb7bf6c9ab.png","type":"skin","rarity":2,"price":142},"Souvenir Sawed-Off | Amber Fade (Field-Tested)":{"souvenir":true,"quality":3,"skin":"Amber Fade","weapon":"Sawed-Off","short":"Sawed-Off | Amber Fade","name":"Souvenir Sawed-Off | Amber Fade (Field-Tested)","src":"https://steamcdn-a.akamaihd.net/apps/730/icons/econ/default_generated/weapon_sawedoff_aa_fade_metallic_light_large.aa7418206953ed4b7707ddbc859bb1eb7bf6c9ab.png","type":"skin","rarity":2,"price":73},"Souvenir Sawed-Off | Amber Fade (Well-Worn)":{"souvenir":true,"quality":2,"skin":"Amber Fade","weapon":"Sawed-Off","short":"Sawed-Off | Amber Fade","name":"Souvenir Sawed-Off | Amber Fade (Well-Worn)","src":"https://steamcdn-a.akamaihd.net/apps/730/icons/econ/default_generated/weapon_sawedoff_aa_fade_metallic_light_large.aa7418206953ed4b7707ddbc859bb1eb7bf6c9ab.png","type":"skin","rarity":2,"price":174},"Sawed-Off | Amber Fade":{"souvenirAvailable":true,"masterItem":true,"qualities":[5,4,3,2],"skin":"Amber Fade","weapon":"Sawed-Off","short":"Sawed-Off | Amber Fade","name":"Sawed-Off | Amber Fade","src":"https://steamcdn-a.akamaihd.net/apps/730/icons/econ/default_generated/weapon_sawedoff_aa_fade_metallic_light_large.aa7418206953ed4b7707ddbc859bb1eb7bf6c9ab.png","type":"skin","rarity":2,"price":279,"minPrice":54},"MAC-10 | Candy Apple (Factory New)":{"quality":5,"skin":"Candy Apple","weapon":"MAC-10","short":"MAC-10 | Candy Apple","name":"MAC-10 | Candy Apple (Factory New)","src":"https://steamcdn-a.akamaihd.net/apps/730/icons/econ/default_generated/weapon_mac10_so_red_light_large.00ffdb3b77314dae95b0683242cba794dbe5dd03.png","type":"skin","rarity":1,"price":22},"MAC-10 | Candy Apple (Minimal Wear)":{"quality":4,"skin":"Candy Apple","weapon":"MAC-10","short":"MAC-10 | Candy Apple","name":"MAC-10 | Candy Apple (Minimal Wear)","src":"https://steamcdn-a.akamaihd.net/apps/730/icons/econ/default_generated/weapon_mac10_so_red_light_large.00ffdb3b77314dae95b0683242cba794dbe5dd03.png","type":"skin","rarity":1,"price":16},"MAC-10 | Candy Apple (Field-Tested)":{"quality":3,"skin":"Candy Apple","weapon":"MAC-10","short":"MAC-10 | Candy Apple","name":"MAC-10 | Candy Apple (Field-Tested)","src":"https://steamcdn-a.akamaihd.net/apps/730/icons/econ/default_generated/weapon_mac10_so_red_light_large.00ffdb3b77314dae95b0683242cba794dbe5dd03.png","type":"skin","rarity":1,"price":14},"Souvenir MAC-10 | Candy Apple (Factory New)":{"souvenir":true,"quality":5,"skin":"Candy Apple","weapon":"MAC-10","short":"MAC-10 | Candy Apple","name":"Souvenir MAC-10 | Candy Apple (Factory New)","src":"https://steamcdn-a.akamaihd.net/apps/730/icons/econ/default_generated/weapon_mac10_so_red_light_large.00ffdb3b77314dae95b0683242cba794dbe5dd03.png","type":"skin","rarity":1,"price":777},"Souvenir MAC-10 | Candy Apple (Minimal Wear)":{"souvenir":true,"quality":4,"skin":"Candy Apple","weapon":"MAC-10","short":"MAC-10 | Candy Apple","name":"Souvenir MAC-10 | Candy Apple (Minimal Wear)","src":"https://steamcdn-a.akamaihd.net/apps/730/icons/econ/default_generated/weapon_mac10_so_red_light_large.00ffdb3b77314dae95b0683242cba794dbe5dd03.png","type":"skin","rarity":1,"price":350},"Souvenir MAC-10 | Candy Apple (Field-Tested)":{"souvenir":true,"quality":3,"skin":"Candy Apple","weapon":"MAC-10","short":"MAC-10 | Candy Apple","name":"Souvenir MAC-10 | Candy Apple (Field-Tested)","src":"https://steamcdn-a.akamaihd.net/apps/730/icons/econ/default_generated/weapon_mac10_so_red_light_large.00ffdb3b77314dae95b0683242cba794dbe5dd03.png","type":"skin","rarity":1,"price":277},"MAC-10 | Candy Apple":{"souvenirAvailable":true,"masterItem":true,"qualities":[5,4,3],"skin":"Candy Apple","weapon":"MAC-10","short":"MAC-10 | Candy Apple","name":"MAC-10 | Candy Apple","src":"https://steamcdn-a.akamaihd.net/apps/730/icons/econ/default_generated/weapon_mac10_so_red_light_large.00ffdb3b77314dae95b0683242cba794dbe5dd03.png","type":"skin","rarity":1,"price":777,"minPrice":14},"MAG-7 | Metallic DDPAT (Factory New)":{"quality":5,"skin":"Metallic DDPAT","weapon":"MAG-7","short":"MAG-7 | Metallic DDPAT","name":"MAG-7 | Metallic DDPAT (Factory New)","src":"https://steamcdn-a.akamaihd.net/apps/730/icons/econ/default_generated/weapon_mag7_am_urban_light_large.49c3b842a021265e8dd66f05ebe20fc76a6dfdba.png","type":"skin","rarity":1,"price":22},"MAG-7 | Metallic DDPAT (Minimal Wear)":{"quality":4,"skin":"Metallic DDPAT","weapon":"MAG-7","short":"MAG-7 | Metallic DDPAT","name":"MAG-7 | Metallic DDPAT (Minimal Wear)","src":"https://steamcdn-a.akamaihd.net/apps/730/icons/econ/default_generated/weapon_mag7_am_urban_light_large.49c3b842a021265e8dd66f05ebe20fc76a6dfdba.png","type":"skin","rarity":1,"price":21},"Souvenir MAG-7 | Metallic DDPAT (Factory New)":{"souvenir":true,"quality":5,"skin":"Metallic DDPAT","weapon":"MAG-7","short":"MAG-7 | Metallic DDPAT","name":"Souvenir MAG-7 | Metallic DDPAT (Factory New)","src":"https://steamcdn-a.akamaihd.net/apps/730/icons/econ/default_generated/weapon_mag7_am_urban_light_large.49c3b842a021265e8dd66f05ebe20fc76a6dfdba.png","type":"skin","rarity":1,"price":167},"Souvenir MAG-7 | Metallic DDPAT (Minimal Wear)":{"souvenir":true,"quality":4,"skin":"Metallic DDPAT","weapon":"MAG-7","short":"MAG-7 | Metallic DDPAT","name":"Souvenir MAG-7 | Metallic DDPAT (Minimal Wear)","src":"https://steamcdn-a.akamaihd.net/apps/730/icons/econ/default_generated/weapon_mag7_am_urban_light_large.49c3b842a021265e8dd66f05ebe20fc76a6dfdba.png","type":"skin","rarity":1,"price":320},"MAG-7 | Metallic DDPAT":{"souvenirAvailable":true,"masterItem":true,"qualities":[5,4],"skin":"Metallic DDPAT","weapon":"MAG-7","short":"MAG-7 | Metallic DDPAT","name":"MAG-7 | Metallic DDPAT","src":"https://steamcdn-a.akamaihd.net/apps/730/icons/econ/default_generated/weapon_mag7_am_urban_light_large.49c3b842a021265e8dd66f05ebe20fc76a6dfdba.png","type":"skin","rarity":1,"price":320,"minPrice":21},"G3SG1 | Polar Camo (Factory New)":{"quality":5,"skin":"Polar Camo","weapon":"G3SG1","short":"G3SG1 | Polar Camo","name":"G3SG1 | Polar Camo (Factory New)","src":"https://steamcdn-a.akamaihd.net/apps/730/icons/econ/default_generated/weapon_g3sg1_hy_arctic_contrast_light_large.d1444467ee9975d1b4d5287a280e8684e7338493.png","type":"skin","rarity":0,"price":16},"G3SG1 | Polar Camo (Minimal Wear)":{"quality":4,"skin":"Polar Camo","weapon":"G3SG1","short":"G3SG1 | Polar Camo","name":"G3SG1 | Polar Camo (Minimal Wear)","src":"https://steamcdn-a.akamaihd.net/apps/730/icons/econ/default_generated/weapon_g3sg1_hy_arctic_contrast_light_large.d1444467ee9975d1b4d5287a280e8684e7338493.png","type":"skin","rarity":0,"price":3},"G3SG1 | Polar Camo (Field-Tested)":{"quality":3,"skin":"Polar Camo","weapon":"G3SG1","short":"G3SG1 | Polar Camo","name":"G3SG1 | Polar Camo (Field-Tested)","src":"https://steamcdn-a.akamaihd.net/apps/730/icons/econ/default_generated/weapon_g3sg1_hy_arctic_contrast_light_large.d1444467ee9975d1b4d5287a280e8684e7338493.png","type":"skin","rarity":0,"price":3},"G3SG1 | Polar Camo (Well-Worn)":{"quality":2,"skin":"Polar Camo","weapon":"G3SG1","short":"G3SG1 | Polar Camo","name":"G3SG1 | Polar Camo (Well-Worn)","src":"https://steamcdn-a.akamaihd.net/apps/730/icons/econ/default_generated/weapon_g3sg1_hy_arctic_contrast_light_large.d1444467ee9975d1b4d5287a280e8684e7338493.png","type":"skin","rarity":0,"price":3},"G3SG1 | Polar Camo (Battle-Scarred)":{"quality":1,"skin":"Polar Camo","weapon":"G3SG1","short":"G3SG1 | Polar Camo","name":"G3SG1 | Polar Camo (Battle-Scarred)","src":"https://steamcdn-a.akamaihd.net/apps/730/icons/econ/default_generated/weapon_g3sg1_hy_arctic_contrast_light_large.d1444467ee9975d1b4d5287a280e8684e7338493.png","type":"skin","rarity":0,"price":3},"Souvenir G3SG1 | Polar Camo (Factory New)":{"souvenir":true,"quality":5,"skin":"Polar Camo","weapon":"G3SG1","short":"G3SG1 | Polar Camo","name":"Souvenir G3SG1 | Polar Camo (Factory New)","src":"https://steamcdn-a.akamaihd.net/apps/730/icons/econ/default_generated/weapon_g3sg1_hy_arctic_contrast_light_large.d1444467ee9975d1b4d5287a280e8684e7338493.png","type":"skin","rarity":0,"price":2888},"Souvenir G3SG1 | Polar Camo (Minimal Wear)":{"souvenir":true,"quality":4,"skin":"Polar Camo","weapon":"G3SG1","short":"G3SG1 | Polar Camo","name":"Souvenir G3SG1 | Polar Camo (Minimal Wear)","src":"https://steamcdn-a.akamaihd.net/apps/730/icons/econ/default_generated/weapon_g3sg1_hy_arctic_contrast_light_large.d1444467ee9975d1b4d5287a280e8684e7338493.png","type":"skin","rarity":0,"price":146},"Souvenir G3SG1 | Polar Camo (Field-Tested)":{"souvenir":true,"quality":3,"skin":"Polar Camo","weapon":"G3SG1","short":"G3SG1 | Polar Camo","name":"Souvenir G3SG1 | Polar Camo (Field-Tested)","src":"https://steamcdn-a.akamaihd.net/apps/730/icons/econ/default_generated/weapon_g3sg1_hy_arctic_contrast_light_large.d1444467ee9975d1b4d5287a280e8684e7338493.png","type":"skin","rarity":0,"price":28},"Souvenir G3SG1 | Polar Camo (Well-Worn)":{"souvenir":true,"quality":2,"skin":"Polar Camo","weapon":"G3SG1","short":"G3SG1 | Polar Camo","name":"Souvenir G3SG1 | Polar Camo (Well-Worn)","src":"https://steamcdn-a.akamaihd.net/apps/730/icons/econ/default_generated/weapon_g3sg1_hy_arctic_contrast_light_large.d1444467ee9975d1b4d5287a280e8684e7338493.png","type":"skin","rarity":0,"price":67},"Souvenir G3SG1 | Polar Camo (Battle-Scarred)":{"souvenir":true,"quality":1,"skin":"Polar Camo","weapon":"G3SG1","short":"G3SG1 | Polar Camo","name":"Souvenir G3SG1 | Polar Camo (Battle-Scarred)","src":"https://steamcdn-a.akamaihd.net/apps/730/icons/econ/default_generated/weapon_g3sg1_hy_arctic_contrast_light_large.d1444467ee9975d1b4d5287a280e8684e7338493.png","type":"skin","rarity":0,"price":14},"G3SG1 | Polar Camo":{"souvenirAvailable":true,"masterItem":true,"qualities":[5,4,3,2,1],"skin":"Polar Camo","weapon":"G3SG1","short":"G3SG1 | Polar Camo","name":"G3SG1 | Polar Camo","src":"https://steamcdn-a.akamaihd.net/apps/730/icons/econ/default_generated/weapon_g3sg1_hy_arctic_contrast_light_large.d1444467ee9975d1b4d5287a280e8684e7338493.png","type":"skin","rarity":0,"price":2888,"minPrice":3},"UMP-45 | Urban DDPAT (Factory New)":{"quality":5,"skin":"Urban DDPAT","weapon":"UMP-45","short":"UMP-45 | Urban DDPAT","name":"UMP-45 | Urban DDPAT (Factory New)","src":"https://steamcdn-a.akamaihd.net/apps/730/icons/econ/default_generated/weapon_ump45_hy_ddpat_urb_light_large.2a86a32be1865ab7757d80bfbee44c80662ee4d9.png","type":"skin","rarity":0,"price":13},"UMP-45 | Urban DDPAT (Minimal Wear)":{"quality":4,"skin":"Urban DDPAT","weapon":"UMP-45","short":"UMP-45 | Urban DDPAT","name":"UMP-45 | Urban DDPAT (Minimal Wear)","src":"https://steamcdn-a.akamaihd.net/apps/730/icons/econ/default_generated/weapon_ump45_hy_ddpat_urb_light_large.2a86a32be1865ab7757d80bfbee44c80662ee4d9.png","type":"skin","rarity":0,"price":3},"UMP-45 | Urban DDPAT (Field-Tested)":{"quality":3,"skin":"Urban DDPAT","weapon":"UMP-45","short":"UMP-45 | Urban DDPAT","name":"UMP-45 | Urban DDPAT (Field-Tested)","src":"https://steamcdn-a.akamaihd.net/apps/730/icons/econ/default_generated/weapon_ump45_hy_ddpat_urb_light_large.2a86a32be1865ab7757d80bfbee44c80662ee4d9.png","type":"skin","rarity":0,"price":3},"UMP-45 | Urban DDPAT (Well-Worn)":{"quality":2,"skin":"Urban DDPAT","weapon":"UMP-45","short":"UMP-45 | Urban DDPAT","name":"UMP-45 | Urban DDPAT (Well-Worn)","src":"https://steamcdn-a.akamaihd.net/apps/730/icons/econ/default_generated/weapon_ump45_hy_ddpat_urb_light_large.2a86a32be1865ab7757d80bfbee44c80662ee4d9.png","type":"skin","rarity":0,"price":3},"UMP-45 | Urban DDPAT (Battle-Scarred)":{"quality":1,"skin":"Urban DDPAT","weapon":"UMP-45","short":"UMP-45 | Urban DDPAT","name":"UMP-45 | Urban DDPAT (Battle-Scarred)","src":"https://steamcdn-a.akamaihd.net/apps/730/icons/econ/default_generated/weapon_ump45_hy_ddpat_urb_light_large.2a86a32be1865ab7757d80bfbee44c80662ee4d9.png","type":"skin","rarity":0,"price":3},"Souvenir UMP-45 | Urban DDPAT (Factory New)":{"souvenir":true,"quality":5,"skin":"Urban DDPAT","weapon":"UMP-45","short":"UMP-45 | Urban DDPAT","name":"Souvenir UMP-45 | Urban DDPAT (Factory New)","src":"https://steamcdn-a.akamaihd.net/apps/730/icons/econ/default_generated/weapon_ump45_hy_ddpat_urb_light_large.2a86a32be1865ab7757d80bfbee44c80662ee4d9.png","type":"skin","rarity":0,"price":602},"Souvenir UMP-45 | Urban DDPAT (Minimal Wear)":{"souvenir":true,"quality":4,"skin":"Urban DDPAT","weapon":"UMP-45","short":"UMP-45 | Urban DDPAT","name":"Souvenir UMP-45 | Urban DDPAT (Minimal Wear)","src":"https://steamcdn-a.akamaihd.net/apps/730/icons/econ/default_generated/weapon_ump45_hy_ddpat_urb_light_large.2a86a32be1865ab7757d80bfbee44c80662ee4d9.png","type":"skin","rarity":0,"price":87},"Souvenir UMP-45 | Urban DDPAT (Field-Tested)":{"souvenir":true,"quality":3,"skin":"Urban DDPAT","weapon":"UMP-45","short":"UMP-45 | Urban DDPAT","name":"Souvenir UMP-45 | Urban DDPAT (Field-Tested)","src":"https://steamcdn-a.akamaihd.net/apps/730/icons/econ/default_generated/weapon_ump45_hy_ddpat_urb_light_large.2a86a32be1865ab7757d80bfbee44c80662ee4d9.png","type":"skin","rarity":0,"price":20},"Souvenir UMP-45 | Urban DDPAT (Well-Worn)":{"souvenir":true,"quality":2,"skin":"Urban DDPAT","weapon":"UMP-45","short":"UMP-45 | Urban DDPAT","name":"Souvenir UMP-45 | Urban DDPAT (Well-Worn)","src":"https://steamcdn-a.akamaihd.net/apps/730/icons/econ/default_generated/weapon_ump45_hy_ddpat_urb_light_large.2a86a32be1865ab7757d80bfbee44c80662ee4d9.png","type":"skin","rarity":0,"price":26},"Souvenir UMP-45 | Urban DDPAT (Battle-Scarred)":{"souvenir":true,"quality":1,"skin":"Urban DDPAT","weapon":"UMP-45","short":"UMP-45 | Urban DDPAT","name":"Souvenir UMP-45 | Urban DDPAT (Battle-Scarred)","src":"https://steamcdn-a.akamaihd.net/apps/730/icons/econ/default_generated/weapon_ump45_hy_ddpat_urb_light_large.2a86a32be1865ab7757d80bfbee44c80662ee4d9.png","type":"skin","rarity":0,"price":28},"UMP-45 | Urban DDPAT":{"souvenirAvailable":true,"masterItem":true,"qualities":[5,4,3,2,1],"skin":"Urban DDPAT","weapon":"UMP-45","short":"UMP-45 | Urban DDPAT","name":"UMP-45 | Urban DDPAT","src":"https://steamcdn-a.akamaihd.net/apps/730/icons/econ/default_generated/weapon_ump45_hy_ddpat_urb_light_large.2a86a32be1865ab7757d80bfbee44c80662ee4d9.png","type":"skin","rarity":0,"price":602,"minPrice":3},"SCAR-20 | Carbon Fiber (Factory New)":{"quality":5,"skin":"Carbon Fiber","weapon":"SCAR-20","short":"SCAR-20 | Carbon Fiber","name":"SCAR-20 | Carbon Fiber (Factory New)","src":"https://steamcdn-a.akamaihd.net/apps/730/icons/econ/default_generated/weapon_scar20_am_carbon_fiber_light_large.1e2b9188a7cffb26c7a912995de329bd70d0d1d9.png","type":"skin","rarity":1,"price":21},"SCAR-20 | Carbon Fiber (Minimal Wear)":{"quality":4,"skin":"Carbon Fiber","weapon":"SCAR-20","short":"SCAR-20 | Carbon Fiber","name":"SCAR-20 | Carbon Fiber (Minimal Wear)","src":"https://steamcdn-a.akamaihd.net/apps/730/icons/econ/default_generated/weapon_scar20_am_carbon_fiber_light_large.1e2b9188a7cffb26c7a912995de329bd70d0d1d9.png","type":"skin","rarity":1,"price":17},"Souvenir SCAR-20 | Carbon Fiber (Factory New)":{"souvenir":true,"quality":5,"skin":"Carbon Fiber","weapon":"SCAR-20","short":"SCAR-20 | Carbon Fiber","name":"Souvenir SCAR-20 | Carbon Fiber (Factory New)","src":"https://steamcdn-a.akamaihd.net/apps/730/icons/econ/default_generated/weapon_scar20_am_carbon_fiber_light_large.1e2b9188a7cffb26c7a912995de329bd70d0d1d9.png","type":"skin","rarity":1,"price":184},"Souvenir SCAR-20 | Carbon Fiber (Minimal Wear)":{"souvenir":true,"quality":4,"skin":"Carbon Fiber","weapon":"SCAR-20","short":"SCAR-20 | Carbon Fiber","name":"Souvenir SCAR-20 | Carbon Fiber (Minimal Wear)","src":"https://steamcdn-a.akamaihd.net/apps/730/icons/econ/default_generated/weapon_scar20_am_carbon_fiber_light_large.1e2b9188a7cffb26c7a912995de329bd70d0d1d9.png","type":"skin","rarity":1,"price":184},"SCAR-20 | Carbon Fiber":{"souvenirAvailable":true,"masterItem":true,"qualities":[5,4],"skin":"Carbon Fiber","weapon":"SCAR-20","short":"SCAR-20 | Carbon Fiber","name":"SCAR-20 | Carbon Fiber","src":"https://steamcdn-a.akamaihd.net/apps/730/icons/econ/default_generated/weapon_scar20_am_carbon_fiber_light_large.1e2b9188a7cffb26c7a912995de329bd70d0d1d9.png","type":"skin","rarity":1,"price":184,"minPrice":17},"Dual Berettas | Colony (Factory New)":{"quality":5,"skin":"Colony","weapon":"Dual Berettas","short":"Dual Berettas | Colony","name":"Dual Berettas | Colony (Factory New)","src":"https://steamcdn-a.akamaihd.net/apps/730/icons/econ/default_generated/weapon_elite_so_space_marine_light_large.101c6b29315d37db050a4c7817a4c11517baa167.png","type":"skin","rarity":0,"price":11},"Dual Berettas | Colony (Minimal Wear)":{"quality":4,"skin":"Colony","weapon":"Dual Berettas","short":"Dual Berettas | Colony","name":"Dual Berettas | Colony (Minimal Wear)","src":"https://steamcdn-a.akamaihd.net/apps/730/icons/econ/default_generated/weapon_elite_so_space_marine_light_large.101c6b29315d37db050a4c7817a4c11517baa167.png","type":"skin","rarity":0,"price":3},"Dual Berettas | Colony (Field-Tested)":{"quality":3,"skin":"Colony","weapon":"Dual Berettas","short":"Dual Berettas | Colony","name":"Dual Berettas | Colony (Field-Tested)","src":"https://steamcdn-a.akamaihd.net/apps/730/icons/econ/default_generated/weapon_elite_so_space_marine_light_large.101c6b29315d37db050a4c7817a4c11517baa167.png","type":"skin","rarity":0,"price":3},"Dual Berettas | Colony (Well-Worn)":{"quality":2,"skin":"Colony","weapon":"Dual Berettas","short":"Dual Berettas | Colony","name":"Dual Berettas | Colony (Well-Worn)","src":"https://steamcdn-a.akamaihd.net/apps/730/icons/econ/default_generated/weapon_elite_so_space_marine_light_large.101c6b29315d37db050a4c7817a4c11517baa167.png","type":"skin","rarity":0,"price":3},"Dual Berettas | Colony (Battle-Scarred)":{"quality":1,"skin":"Colony","weapon":"Dual Berettas","short":"Dual Berettas | Colony","name":"Dual Berettas | Colony (Battle-Scarred)","src":"https://steamcdn-a.akamaihd.net/apps/730/icons/econ/default_generated/weapon_elite_so_space_marine_light_large.101c6b29315d37db050a4c7817a4c11517baa167.png","type":"skin","rarity":0,"price":3},"Souvenir Dual Berettas | Colony (Factory New)":{"souvenir":true,"quality":5,"skin":"Colony","weapon":"Dual Berettas","short":"Dual Berettas | Colony","name":"Souvenir Dual Berettas | Colony (Factory New)","src":"https://steamcdn-a.akamaihd.net/apps/730/icons/econ/default_generated/weapon_elite_so_space_marine_light_large.101c6b29315d37db050a4c7817a4c11517baa167.png","type":"skin","rarity":0,"price":292},"Souvenir Dual Berettas | Colony (Minimal Wear)":{"souvenir":true,"quality":4,"skin":"Colony","weapon":"Dual Berettas","short":"Dual Berettas | Colony","name":"Souvenir Dual Berettas | Colony (Minimal Wear)","src":"https://steamcdn-a.akamaihd.net/apps/730/icons/econ/default_generated/weapon_elite_so_space_marine_light_large.101c6b29315d37db050a4c7817a4c11517baa167.png","type":"skin","rarity":0,"price":55},"Souvenir Dual Berettas | Colony (Field-Tested)":{"souvenir":true,"quality":3,"skin":"Colony","weapon":"Dual Berettas","short":"Dual Berettas | Colony","name":"Souvenir Dual Berettas | Colony (Field-Tested)","src":"https://steamcdn-a.akamaihd.net/apps/730/icons/econ/default_generated/weapon_elite_so_space_marine_light_large.101c6b29315d37db050a4c7817a4c11517baa167.png","type":"skin","rarity":0,"price":18},"Souvenir Dual Berettas | Colony (Well-Worn)":{"souvenir":true,"quality":2,"skin":"Colony","weapon":"Dual Berettas","short":"Dual Berettas | Colony","name":"Souvenir Dual Berettas | Colony (Well-Worn)","src":"https://steamcdn-a.akamaihd.net/apps/730/icons/econ/default_generated/weapon_elite_so_space_marine_light_large.101c6b29315d37db050a4c7817a4c11517baa167.png","type":"skin","rarity":0,"price":50},"Souvenir Dual Berettas | Colony (Battle-Scarred)":{"souvenir":true,"quality":1,"skin":"Colony","weapon":"Dual Berettas","short":"Dual Berettas | Colony","name":"Souvenir Dual Berettas | Colony (Battle-Scarred)","src":"https://steamcdn-a.akamaihd.net/apps/730/icons/econ/default_generated/weapon_elite_so_space_marine_light_large.101c6b29315d37db050a4c7817a4c11517baa167.png","type":"skin","rarity":0,"price":29},"Dual Berettas | Colony":{"souvenirAvailable":true,"masterItem":true,"qualities":[5,4,3,2,1],"skin":"Colony","weapon":"Dual Berettas","short":"Dual Berettas | Colony","name":"Dual Berettas | Colony","src":"https://steamcdn-a.akamaihd.net/apps/730/icons/econ/default_generated/weapon_elite_so_space_marine_light_large.101c6b29315d37db050a4c7817a4c11517baa167.png","type":"skin","rarity":0,"price":292,"minPrice":3},"Five-SeveN | Forest Night (Factory New)":{"quality":5,"skin":"Forest Night","weapon":"Five-SeveN","short":"Five-SeveN | Forest Night","name":"Five-SeveN | Forest Night (Factory New)","src":"https://steamcdn-a.akamaihd.net/apps/730/icons/econ/default_generated/weapon_fiveseven_hy_forest_night_light_large.fc245886bed9e789350127f844afe63f34f64936.png","type":"skin","rarity":0,"price":11},"Five-SeveN | Forest Night (Minimal Wear)":{"quality":4,"skin":"Forest Night","weapon":"Five-SeveN","short":"Five-SeveN | Forest Night","name":"Five-SeveN | Forest Night (Minimal Wear)","src":"https://steamcdn-a.akamaihd.net/apps/730/icons/econ/default_generated/weapon_fiveseven_hy_forest_night_light_large.fc245886bed9e789350127f844afe63f34f64936.png","type":"skin","rarity":0,"price":4},"Five-SeveN | Forest Night (Field-Tested)":{"quality":3,"skin":"Forest Night","weapon":"Five-SeveN","short":"Five-SeveN | Forest Night","name":"Five-SeveN | Forest Night (Field-Tested)","src":"https://steamcdn-a.akamaihd.net/apps/730/icons/econ/default_generated/weapon_fiveseven_hy_forest_night_light_large.fc245886bed9e789350127f844afe63f34f64936.png","type":"skin","rarity":0,"price":3},"Five-SeveN | Forest Night (Well-Worn)":{"quality":2,"skin":"Forest Night","weapon":"Five-SeveN","short":"Five-SeveN | Forest Night","name":"Five-SeveN | Forest Night (Well-Worn)","src":"https://steamcdn-a.akamaihd.net/apps/730/icons/econ/default_generated/weapon_fiveseven_hy_forest_night_light_large.fc245886bed9e789350127f844afe63f34f64936.png","type":"skin","rarity":0,"price":3},"Five-SeveN | Forest Night (Battle-Scarred)":{"quality":1,"skin":"Forest Night","weapon":"Five-SeveN","short":"Five-SeveN | Forest Night","name":"Five-SeveN | Forest Night (Battle-Scarred)","src":"https://steamcdn-a.akamaihd.net/apps/730/icons/econ/default_generated/weapon_fiveseven_hy_forest_night_light_large.fc245886bed9e789350127f844afe63f34f64936.png","type":"skin","rarity":0,"price":3},"Souvenir Five-SeveN | Forest Night (Factory New)":{"souvenir":true,"quality":5,"skin":"Forest Night","weapon":"Five-SeveN","short":"Five-SeveN | Forest Night","name":"Souvenir Five-SeveN | Forest Night (Factory New)","src":"https://steamcdn-a.akamaihd.net/apps/730/icons/econ/default_generated/weapon_fiveseven_hy_forest_night_light_large.fc245886bed9e789350127f844afe63f34f64936.png","type":"skin","rarity":0,"price":562},"Souvenir Five-SeveN | Forest Night (Minimal Wear)":{"souvenir":true,"quality":4,"skin":"Forest Night","weapon":"Five-SeveN","short":"Five-SeveN | Forest Night","name":"Souvenir Five-SeveN | Forest Night (Minimal Wear)","src":"https://steamcdn-a.akamaihd.net/apps/730/icons/econ/default_generated/weapon_fiveseven_hy_forest_night_light_large.fc245886bed9e789350127f844afe63f34f64936.png","type":"skin","rarity":0,"price":85},"Souvenir Five-SeveN | Forest Night (Field-Tested)":{"souvenir":true,"quality":3,"skin":"Forest Night","weapon":"Five-SeveN","short":"Five-SeveN | Forest Night","name":"Souvenir Five-SeveN | Forest Night (Field-Tested)","src":"https://steamcdn-a.akamaihd.net/apps/730/icons/econ/default_generated/weapon_fiveseven_hy_forest_night_light_large.fc245886bed9e789350127f844afe63f34f64936.png","type":"skin","rarity":0,"price":17},"Souvenir Five-SeveN | Forest Night (Well-Worn)":{"souvenir":true,"quality":2,"skin":"Forest Night","weapon":"Five-SeveN","short":"Five-SeveN | Forest Night","name":"Souvenir Five-SeveN | Forest Night (Well-Worn)","src":"https://steamcdn-a.akamaihd.net/apps/730/icons/econ/default_generated/weapon_fiveseven_hy_forest_night_light_large.fc245886bed9e789350127f844afe63f34f64936.png","type":"skin","rarity":0,"price":28},"Souvenir Five-SeveN | Forest Night (Battle-Scarred)":{"souvenir":true,"quality":1,"skin":"Forest Night","weapon":"Five-SeveN","short":"Five-SeveN | Forest Night","name":"Souvenir Five-SeveN | Forest Night (Battle-Scarred)","src":"https://steamcdn-a.akamaihd.net/apps/730/icons/econ/default_generated/weapon_fiveseven_hy_forest_night_light_large.fc245886bed9e789350127f844afe63f34f64936.png","type":"skin","rarity":0,"price":25},"Five-SeveN | Forest Night":{"souvenirAvailable":true,"masterItem":true,"qualities":[5,4,3,2,1],"skin":"Forest Night","weapon":"Five-SeveN","short":"Five-SeveN | Forest Night","name":"Five-SeveN | Forest Night","src":"https://steamcdn-a.akamaihd.net/apps/730/icons/econ/default_generated/weapon_fiveseven_hy_forest_night_light_large.fc245886bed9e789350127f844afe63f34f64936.png","type":"skin","rarity":0,"price":562,"minPrice":3},"Desert Eagle | Urban Rubble (Factory New)":{"quality":5,"skin":"Urban Rubble","weapon":"Desert Eagle","short":"Desert Eagle | Urban Rubble","name":"Desert Eagle | Urban Rubble (Factory New)","src":"https://steamcdn-a.akamaihd.net/apps/730/icons/econ/default_generated/weapon_deagle_hy_varicamo_urban_light_large.a9791d0046206f88085f2d0850ec577c6f535a47.png","type":"skin","rarity":2,"price":95},"Desert Eagle | Urban Rubble (Minimal Wear)":{"quality":4,"skin":"Urban Rubble","weapon":"Desert Eagle","short":"Desert Eagle | Urban Rubble","name":"Desert Eagle | Urban Rubble (Minimal Wear)","src":"https://steamcdn-a.akamaihd.net/apps/730/icons/econ/default_generated/weapon_deagle_hy_varicamo_urban_light_large.a9791d0046206f88085f2d0850ec577c6f535a47.png","type":"skin","rarity":2,"price":75},"Desert Eagle | Urban Rubble (Field-Tested)":{"quality":3,"skin":"Urban Rubble","weapon":"Desert Eagle","short":"Desert Eagle | Urban Rubble","name":"Desert Eagle | Urban Rubble (Field-Tested)","src":"https://steamcdn-a.akamaihd.net/apps/730/icons/econ/default_generated/weapon_deagle_hy_varicamo_urban_light_large.a9791d0046206f88085f2d0850ec577c6f535a47.png","type":"skin","rarity":2,"price":70},"Desert Eagle | Urban Rubble (Well-Worn)":{"quality":2,"skin":"Urban Rubble","weapon":"Desert Eagle","short":"Desert Eagle | Urban Rubble","name":"Desert Eagle | Urban Rubble (Well-Worn)","src":"https://steamcdn-a.akamaihd.net/apps/730/icons/econ/default_generated/weapon_deagle_hy_varicamo_urban_light_large.a9791d0046206f88085f2d0850ec577c6f535a47.png","type":"skin","rarity":2,"price":53},"Desert Eagle | Urban Rubble (Battle-Scarred)":{"quality":1,"skin":"Urban Rubble","weapon":"Desert Eagle","short":"Desert Eagle | Urban Rubble","name":"Desert Eagle | Urban Rubble (Battle-Scarred)","src":"https://steamcdn-a.akamaihd.net/apps/730/icons/econ/default_generated/weapon_deagle_hy_varicamo_urban_light_large.a9791d0046206f88085f2d0850ec577c6f535a47.png","type":"skin","rarity":2,"price":52},"Souvenir Desert Eagle | Urban Rubble (Factory New)":{"souvenir":true,"quality":5,"skin":"Urban Rubble","weapon":"Desert Eagle","short":"Desert Eagle | Urban Rubble","name":"Souvenir Desert Eagle | Urban Rubble (Factory New)","src":"https://steamcdn-a.akamaihd.net/apps/730/icons/econ/default_generated/weapon_deagle_hy_varicamo_urban_light_large.a9791d0046206f88085f2d0850ec577c6f535a47.png","type":"skin","rarity":2,"price":1307},"Souvenir Desert Eagle | Urban Rubble (Minimal Wear)":{"souvenir":true,"quality":4,"skin":"Urban Rubble","weapon":"Desert Eagle","short":"Desert Eagle | Urban Rubble","name":"Souvenir Desert Eagle | Urban Rubble (Minimal Wear)","src":"https://steamcdn-a.akamaihd.net/apps/730/icons/econ/default_generated/weapon_deagle_hy_varicamo_urban_light_large.a9791d0046206f88085f2d0850ec577c6f535a47.png","type":"skin","rarity":2,"price":806},"Souvenir Desert Eagle | Urban Rubble (Field-Tested)":{"souvenir":true,"quality":3,"skin":"Urban Rubble","weapon":"Desert Eagle","short":"Desert Eagle | Urban Rubble","name":"Souvenir Desert Eagle | Urban Rubble (Field-Tested)","src":"https://steamcdn-a.akamaihd.net/apps/730/icons/econ/default_generated/weapon_deagle_hy_varicamo_urban_light_large.a9791d0046206f88085f2d0850ec577c6f535a47.png","type":"skin","rarity":2,"price":506},"Souvenir Desert Eagle | Urban Rubble (Well-Worn)":{"souvenir":true,"quality":2,"skin":"Urban Rubble","weapon":"Desert Eagle","short":"Desert Eagle | Urban Rubble","name":"Souvenir Desert Eagle | Urban Rubble (Well-Worn)","src":"https://steamcdn-a.akamaihd.net/apps/730/icons/econ/default_generated/weapon_deagle_hy_varicamo_urban_light_large.a9791d0046206f88085f2d0850ec577c6f535a47.png","type":"skin","rarity":2,"price":904},"Souvenir Desert Eagle | Urban Rubble (Battle-Scarred)":{"souvenir":true,"quality":1,"skin":"Urban Rubble","weapon":"Desert Eagle","short":"Desert Eagle | Urban Rubble","name":"Souvenir Desert Eagle | Urban Rubble (Battle-Scarred)","src":"https://steamcdn-a.akamaihd.net/apps/730/icons/econ/default_generated/weapon_deagle_hy_varicamo_urban_light_large.a9791d0046206f88085f2d0850ec577c6f535a47.png","type":"skin","rarity":2,"price":1183},"Desert Eagle | Urban Rubble":{"souvenirAvailable":true,"masterItem":true,"qualities":[5,4,3,2,1],"skin":"Urban Rubble","weapon":"Desert Eagle","short":"Desert Eagle | Urban Rubble","name":"Desert Eagle | Urban Rubble","src":"https://steamcdn-a.akamaihd.net/apps/730/icons/econ/default_generated/weapon_deagle_hy_varicamo_urban_light_large.a9791d0046206f88085f2d0850ec577c6f535a47.png","type":"skin","rarity":2,"price":1307,"minPrice":52},"PP-Bizon | Urban Dashed (Factory New)":{"quality":5,"skin":"Urban Dashed","weapon":"PP-Bizon","short":"PP-Bizon | Urban Dashed","name":"PP-Bizon | Urban Dashed (Factory New)","src":"https://steamcdn-a.akamaihd.net/apps/730/icons/econ/default_generated/weapon_bizon_sp_tape_short_urban_light_large.141f3b1f24bc6c964a78ca58b38c01ad773fbc12.png","type":"skin","rarity":0,"price":9},"PP-Bizon | Urban Dashed (Minimal Wear)":{"quality":4,"skin":"Urban Dashed","weapon":"PP-Bizon","short":"PP-Bizon | Urban Dashed","name":"PP-Bizon | Urban Dashed (Minimal Wear)","src":"https://steamcdn-a.akamaihd.net/apps/730/icons/econ/default_generated/weapon_bizon_sp_tape_short_urban_light_large.141f3b1f24bc6c964a78ca58b38c01ad773fbc12.png","type":"skin","rarity":0,"price":3},"PP-Bizon | Urban Dashed (Field-Tested)":{"quality":3,"skin":"Urban Dashed","weapon":"PP-Bizon","short":"PP-Bizon | Urban Dashed","name":"PP-Bizon | Urban Dashed (Field-Tested)","src":"https://steamcdn-a.akamaihd.net/apps/730/icons/econ/default_generated/weapon_bizon_sp_tape_short_urban_light_large.141f3b1f24bc6c964a78ca58b38c01ad773fbc12.png","type":"skin","rarity":0,"price":3},"PP-Bizon | Urban Dashed (Well-Worn)":{"quality":2,"skin":"Urban Dashed","weapon":"PP-Bizon","short":"PP-Bizon | Urban Dashed","name":"PP-Bizon | Urban Dashed (Well-Worn)","src":"https://steamcdn-a.akamaihd.net/apps/730/icons/econ/default_generated/weapon_bizon_sp_tape_short_urban_light_large.141f3b1f24bc6c964a78ca58b38c01ad773fbc12.png","type":"skin","rarity":0,"price":3},"PP-Bizon | Urban Dashed (Battle-Scarred)":{"quality":1,"skin":"Urban Dashed","weapon":"PP-Bizon","short":"PP-Bizon | Urban Dashed","name":"PP-Bizon | Urban Dashed (Battle-Scarred)","src":"https://steamcdn-a.akamaihd.net/apps/730/icons/econ/default_generated/weapon_bizon_sp_tape_short_urban_light_large.141f3b1f24bc6c964a78ca58b38c01ad773fbc12.png","type":"skin","rarity":0,"price":3},"Souvenir PP-Bizon | Urban Dashed (Factory New)":{"souvenir":true,"quality":5,"skin":"Urban Dashed","weapon":"PP-Bizon","short":"PP-Bizon | Urban Dashed","name":"Souvenir PP-Bizon | Urban Dashed (Factory New)","src":"https://steamcdn-a.akamaihd.net/apps/730/icons/econ/default_generated/weapon_bizon_sp_tape_short_urban_light_large.141f3b1f24bc6c964a78ca58b38c01ad773fbc12.png","type":"skin","rarity":0,"price":439},"Souvenir PP-Bizon | Urban Dashed (Minimal Wear)":{"souvenir":true,"quality":4,"skin":"Urban Dashed","weapon":"PP-Bizon","short":"PP-Bizon | Urban Dashed","name":"Souvenir PP-Bizon | Urban Dashed (Minimal Wear)","src":"https://steamcdn-a.akamaihd.net/apps/730/icons/econ/default_generated/weapon_bizon_sp_tape_short_urban_light_large.141f3b1f24bc6c964a78ca58b38c01ad773fbc12.png","type":"skin","rarity":0,"price":44},"Souvenir PP-Bizon | Urban Dashed (Field-Tested)":{"souvenir":true,"quality":3,"skin":"Urban Dashed","weapon":"PP-Bizon","short":"PP-Bizon | Urban Dashed","name":"Souvenir PP-Bizon | Urban Dashed (Field-Tested)","src":"https://steamcdn-a.akamaihd.net/apps/730/icons/econ/default_generated/weapon_bizon_sp_tape_short_urban_light_large.141f3b1f24bc6c964a78ca58b38c01ad773fbc12.png","type":"skin","rarity":0,"price":16},"Souvenir PP-Bizon | Urban Dashed (Well-Worn)":{"souvenir":true,"quality":2,"skin":"Urban Dashed","weapon":"PP-Bizon","short":"PP-Bizon | Urban Dashed","name":"Souvenir PP-Bizon | Urban Dashed (Well-Worn)","src":"https://steamcdn-a.akamaihd.net/apps/730/icons/econ/default_generated/weapon_bizon_sp_tape_short_urban_light_large.141f3b1f24bc6c964a78ca58b38c01ad773fbc12.png","type":"skin","rarity":0,"price":28},"Souvenir PP-Bizon | Urban Dashed (Battle-Scarred)":{"souvenir":true,"quality":1,"skin":"Urban Dashed","weapon":"PP-Bizon","short":"PP-Bizon | Urban Dashed","name":"Souvenir PP-Bizon | Urban Dashed (Battle-Scarred)","src":"https://steamcdn-a.akamaihd.net/apps/730/icons/econ/default_generated/weapon_bizon_sp_tape_short_urban_light_large.141f3b1f24bc6c964a78ca58b38c01ad773fbc12.png","type":"skin","rarity":0,"price":20},"PP-Bizon | Urban Dashed":{"souvenirAvailable":true,"masterItem":true,"qualities":[5,4,3,2,1],"skin":"Urban Dashed","weapon":"PP-Bizon","short":"PP-Bizon | Urban Dashed","name":"PP-Bizon | Urban Dashed","src":"https://steamcdn-a.akamaihd.net/apps/730/icons/econ/default_generated/weapon_bizon_sp_tape_short_urban_light_large.141f3b1f24bc6c964a78ca58b38c01ad773fbc12.png","type":"skin","rarity":0,"price":439,"minPrice":3},"Tec-9 | Red Quartz (Factory New)":{"quality":5,"skin":"Red Quartz","weapon":"Tec-9","short":"Tec-9 | Red Quartz","name":"Tec-9 | Red Quartz (Factory New)","src":"https://steamcdn-a.akamaihd.net/apps/730/icons/econ/default_generated/weapon_tec9_am_crystallized_light_large.787b7ae299c33a003515537d5335b38d589e2e9f.png","type":"skin","rarity":3,"price":14},"Tec-9 | Red Quartz (Minimal Wear)":{"quality":4,"skin":"Red Quartz","weapon":"Tec-9","short":"Tec-9 | Red Quartz","name":"Tec-9 | Red Quartz (Minimal Wear)","src":"https://steamcdn-a.akamaihd.net/apps/730/icons/econ/default_generated/weapon_tec9_am_crystallized_light_large.787b7ae299c33a003515537d5335b38d589e2e9f.png","type":"skin","rarity":3,"price":14},"Tec-9 | Red Quartz (Field-Tested)":{"quality":3,"skin":"Red Quartz","weapon":"Tec-9","short":"Tec-9 | Red Quartz","name":"Tec-9 | Red Quartz (Field-Tested)","src":"https://steamcdn-a.akamaihd.net/apps/730/icons/econ/default_generated/weapon_tec9_am_crystallized_light_large.787b7ae299c33a003515537d5335b38d589e2e9f.png","type":"skin","rarity":3,"price":14},"Tec-9 | Red Quartz (Well-Worn)":{"quality":2,"skin":"Red Quartz","weapon":"Tec-9","short":"Tec-9 | Red Quartz","name":"Tec-9 | Red Quartz (Well-Worn)","src":"https://steamcdn-a.akamaihd.net/apps/730/icons/econ/default_generated/weapon_tec9_am_crystallized_light_large.787b7ae299c33a003515537d5335b38d589e2e9f.png","type":"skin","rarity":3,"price":22},"Souvenir Tec-9 | Red Quartz (Factory New)":{"souvenir":true,"quality":5,"skin":"Red Quartz","weapon":"Tec-9","short":"Tec-9 | Red Quartz","name":"Souvenir Tec-9 | Red Quartz (Factory New)","src":"https://steamcdn-a.akamaihd.net/apps/730/icons/econ/default_generated/weapon_tec9_am_crystallized_light_large.787b7ae299c33a003515537d5335b38d589e2e9f.png","type":"skin","rarity":3,"price":2003},"Souvenir Tec-9 | Red Quartz (Minimal Wear)":{"souvenir":true,"quality":4,"skin":"Red Quartz","weapon":"Tec-9","short":"Tec-9 | Red Quartz","name":"Souvenir Tec-9 | Red Quartz (Minimal Wear)","src":"https://steamcdn-a.akamaihd.net/apps/730/icons/econ/default_generated/weapon_tec9_am_crystallized_light_large.787b7ae299c33a003515537d5335b38d589e2e9f.png","type":"skin","rarity":3,"price":882},"Souvenir Tec-9 | Red Quartz (Field-Tested)":{"souvenir":true,"quality":3,"skin":"Red Quartz","weapon":"Tec-9","short":"Tec-9 | Red Quartz","name":"Souvenir Tec-9 | Red Quartz (Field-Tested)","src":"https://steamcdn-a.akamaihd.net/apps/730/icons/econ/default_generated/weapon_tec9_am_crystallized_light_large.787b7ae299c33a003515537d5335b38d589e2e9f.png","type":"skin","rarity":3,"price":459},"Souvenir Tec-9 | Red Quartz (Well-Worn)":{"souvenir":true,"quality":2,"skin":"Red Quartz","weapon":"Tec-9","short":"Tec-9 | Red Quartz","name":"Souvenir Tec-9 | Red Quartz (Well-Worn)","src":"https://steamcdn-a.akamaihd.net/apps/730/icons/econ/default_generated/weapon_tec9_am_crystallized_light_large.787b7ae299c33a003515537d5335b38d589e2e9f.png","type":"skin","rarity":3,"price":1040},"Tec-9 | Red Quartz":{"souvenirAvailable":true,"masterItem":true,"qualities":[5,4,3,2],"skin":"Red Quartz","weapon":"Tec-9","short":"Tec-9 | Red Quartz","name":"Tec-9 | Red Quartz","src":"https://steamcdn-a.akamaihd.net/apps/730/icons/econ/default_generated/weapon_tec9_am_crystallized_light_large.787b7ae299c33a003515537d5335b38d589e2e9f.png","type":"skin","rarity":3,"price":2003,"minPrice":14},"P90 | Ash Wood (Factory New)":{"quality":5,"skin":"Ash Wood","weapon":"P90","short":"P90 | Ash Wood","name":"P90 | Ash Wood (Factory New)","src":"https://steamcdn-a.akamaihd.net/apps/730/icons/econ/default_generated/weapon_p90_sp_twigs_light_large.32f929b66cdf34997897a48260a53946e786a531.png","type":"skin","rarity":1,"price":26},"P90 | Ash Wood (Minimal Wear)":{"quality":4,"skin":"Ash Wood","weapon":"P90","short":"P90 | Ash Wood","name":"P90 | Ash Wood (Minimal Wear)","src":"https://steamcdn-a.akamaihd.net/apps/730/icons/econ/default_generated/weapon_p90_sp_twigs_light_large.32f929b66cdf34997897a48260a53946e786a531.png","type":"skin","rarity":1,"price":18},"P90 | Ash Wood (Field-Tested)":{"quality":3,"skin":"Ash Wood","weapon":"P90","short":"P90 | Ash Wood","name":"P90 | Ash Wood (Field-Tested)","src":"https://steamcdn-a.akamaihd.net/apps/730/icons/econ/default_generated/weapon_p90_sp_twigs_light_large.32f929b66cdf34997897a48260a53946e786a531.png","type":"skin","rarity":1,"price":13},"P90 | Ash Wood (Well-Worn)":{"quality":2,"skin":"Ash Wood","weapon":"P90","short":"P90 | Ash Wood","name":"P90 | Ash Wood (Well-Worn)","src":"https://steamcdn-a.akamaihd.net/apps/730/icons/econ/default_generated/weapon_p90_sp_twigs_light_large.32f929b66cdf34997897a48260a53946e786a531.png","type":"skin","rarity":1,"price":11},"Souvenir P90 | Ash Wood (Factory New)":{"souvenir":true,"quality":5,"skin":"Ash Wood","weapon":"P90","short":"P90 | Ash Wood","name":"Souvenir P90 | Ash Wood (Factory New)","src":"https://steamcdn-a.akamaihd.net/apps/730/icons/econ/default_generated/weapon_p90_sp_twigs_light_large.32f929b66cdf34997897a48260a53946e786a531.png","type":"skin","rarity":1,"price":284},"Souvenir P90 | Ash Wood (Minimal Wear)":{"souvenir":true,"quality":4,"skin":"Ash Wood","weapon":"P90","short":"P90 | Ash Wood","name":"Souvenir P90 | Ash Wood (Minimal Wear)","src":"https://steamcdn-a.akamaihd.net/apps/730/icons/econ/default_generated/weapon_p90_sp_twigs_light_large.32f929b66cdf34997897a48260a53946e786a531.png","type":"skin","rarity":1,"price":121},"Souvenir P90 | Ash Wood (Field-Tested)":{"souvenir":true,"quality":3,"skin":"Ash Wood","weapon":"P90","short":"P90 | Ash Wood","name":"Souvenir P90 | Ash Wood (Field-Tested)","src":"https://steamcdn-a.akamaihd.net/apps/730/icons/econ/default_generated/weapon_p90_sp_twigs_light_large.32f929b66cdf34997897a48260a53946e786a531.png","type":"skin","rarity":1,"price":62},"Souvenir P90 | Ash Wood (Well-Worn)":{"souvenir":true,"quality":2,"skin":"Ash Wood","weapon":"P90","short":"P90 | Ash Wood","name":"Souvenir P90 | Ash Wood (Well-Worn)","src":"https://steamcdn-a.akamaihd.net/apps/730/icons/econ/default_generated/weapon_p90_sp_twigs_light_large.32f929b66cdf34997897a48260a53946e786a531.png","type":"skin","rarity":1,"price":113},"P90 | Ash Wood":{"souvenirAvailable":true,"masterItem":true,"qualities":[5,4,3,2],"skin":"Ash Wood","weapon":"P90","short":"P90 | Ash Wood","name":"P90 | Ash Wood","src":"https://steamcdn-a.akamaihd.net/apps/730/icons/econ/default_generated/weapon_p90_sp_twigs_light_large.32f929b66cdf34997897a48260a53946e786a531.png","type":"skin","rarity":1,"price":284,"minPrice":11},"Nova | Polar Mesh (Factory New)":{"quality":5,"skin":"Polar Mesh","weapon":"Nova","short":"Nova | Polar Mesh","name":"Nova | Polar Mesh (Factory New)","src":"https://steamcdn-a.akamaihd.net/apps/730/icons/econ/default_generated/weapon_nova_sp_mesh_arctic_contrast_light_large.b85fc46665b05c2a0eea955a7946e644a7618944.png","type":"skin","rarity":0,"price":12},"Nova | Polar Mesh (Minimal Wear)":{"quality":4,"skin":"Polar Mesh","weapon":"Nova","short":"Nova | Polar Mesh","name":"Nova | Polar Mesh (Minimal Wear)","src":"https://steamcdn-a.akamaihd.net/apps/730/icons/econ/default_generated/weapon_nova_sp_mesh_arctic_contrast_light_large.b85fc46665b05c2a0eea955a7946e644a7618944.png","type":"skin","rarity":0,"price":3},"Nova | Polar Mesh (Field-Tested)":{"quality":3,"skin":"Polar Mesh","weapon":"Nova","short":"Nova | Polar Mesh","name":"Nova | Polar Mesh (Field-Tested)","src":"https://steamcdn-a.akamaihd.net/apps/730/icons/econ/default_generated/weapon_nova_sp_mesh_arctic_contrast_light_large.b85fc46665b05c2a0eea955a7946e644a7618944.png","type":"skin","rarity":0,"price":3},"Nova | Polar Mesh (Well-Worn)":{"quality":2,"skin":"Polar Mesh","weapon":"Nova","short":"Nova | Polar Mesh","name":"Nova | Polar Mesh (Well-Worn)","src":"https://steamcdn-a.akamaihd.net/apps/730/icons/econ/default_generated/weapon_nova_sp_mesh_arctic_contrast_light_large.b85fc46665b05c2a0eea955a7946e644a7618944.png","type":"skin","rarity":0,"price":3},"Nova | Polar Mesh (Battle-Scarred)":{"quality":1,"skin":"Polar Mesh","weapon":"Nova","short":"Nova | Polar Mesh","name":"Nova | Polar Mesh (Battle-Scarred)","src":"https://steamcdn-a.akamaihd.net/apps/730/icons/econ/default_generated/weapon_nova_sp_mesh_arctic_contrast_light_large.b85fc46665b05c2a0eea955a7946e644a7618944.png","type":"skin","rarity":0,"price":3},"Souvenir Nova | Polar Mesh (Factory New)":{"souvenir":true,"quality":5,"skin":"Polar Mesh","weapon":"Nova","short":"Nova | Polar Mesh","name":"Souvenir Nova | Polar Mesh (Factory New)","src":"https://steamcdn-a.akamaihd.net/apps/730/icons/econ/default_generated/weapon_nova_sp_mesh_arctic_contrast_light_large.b85fc46665b05c2a0eea955a7946e644a7618944.png","type":"skin","rarity":0,"price":552},"Souvenir Nova | Polar Mesh (Minimal Wear)":{"souvenir":true,"quality":4,"skin":"Polar Mesh","weapon":"Nova","short":"Nova | Polar Mesh","name":"Souvenir Nova | Polar Mesh (Minimal Wear)","src":"https://steamcdn-a.akamaihd.net/apps/730/icons/econ/default_generated/weapon_nova_sp_mesh_arctic_contrast_light_large.b85fc46665b05c2a0eea955a7946e644a7618944.png","type":"skin","rarity":0,"price":40},"Souvenir Nova | Polar Mesh (Field-Tested)":{"souvenir":true,"quality":3,"skin":"Polar Mesh","weapon":"Nova","short":"Nova | Polar Mesh","name":"Souvenir Nova | Polar Mesh (Field-Tested)","src":"https://steamcdn-a.akamaihd.net/apps/730/icons/econ/default_generated/weapon_nova_sp_mesh_arctic_contrast_light_large.b85fc46665b05c2a0eea955a7946e644a7618944.png","type":"skin","rarity":0,"price":10},"Souvenir Nova | Polar Mesh (Well-Worn)":{"souvenir":true,"quality":2,"skin":"Polar Mesh","weapon":"Nova","short":"Nova | Polar Mesh","name":"Souvenir Nova | Polar Mesh (Well-Worn)","src":"https://steamcdn-a.akamaihd.net/apps/730/icons/econ/default_generated/weapon_nova_sp_mesh_arctic_contrast_light_large.b85fc46665b05c2a0eea955a7946e644a7618944.png","type":"skin","rarity":0,"price":16},"Souvenir Nova | Polar Mesh (Battle-Scarred)":{"souvenir":true,"quality":1,"skin":"Polar Mesh","weapon":"Nova","short":"Nova | Polar Mesh","name":"Souvenir Nova | Polar Mesh (Battle-Scarred)","src":"https://steamcdn-a.akamaihd.net/apps/730/icons/econ/default_generated/weapon_nova_sp_mesh_arctic_contrast_light_large.b85fc46665b05c2a0eea955a7946e644a7618944.png","type":"skin","rarity":0,"price":35},"Nova | Polar Mesh":{"souvenirAvailable":true,"masterItem":true,"qualities":[5,4,3,2,1],"skin":"Polar Mesh","weapon":"Nova","short":"Nova | Polar Mesh","name":"Nova | Polar Mesh","src":"https://steamcdn-a.akamaihd.net/apps/730/icons/econ/default_generated/weapon_nova_sp_mesh_arctic_contrast_light_large.b85fc46665b05c2a0eea955a7946e644a7618944.png","type":"skin","rarity":0,"price":552,"minPrice":3}}