{
  "The 2021 Train Collection": {
    "name": "The 2021 Train Collection",
    "src": "images/items/collections/train2021.webp",
    "price": 728,
    "type": "case",
    "rarity": 0,
    "content": {
      "items": [
        "UMP-45 | Full Stop (Factory New)", "UMP-45 | Full Stop (Minimal Wear)", "UMP-45 | Full Stop (Field-Tested)",
        "UMP-45 | Full Stop (Well-Worn)", "UMP-45 | Full Stop (Battle-Scarred)", "Tec-9 | Safety Net (Factory New)",
        "Tec-9 | Safety Net (Minimal Wear)", "Tec-9 | Safety Net (Field-Tested)", "Tec-9 | Safety Net (Well-Worn)",
        "Tec-9 | Safety Net (Battle-Scarred)", "CZ75-Auto | Syndicate (Factory New)",
        "CZ75-Auto | Syndicate (Minimal Wear)", "CZ75-Auto | Syndicate (Field-Tested)",
        "CZ75-Auto | Syndicate (Well-Worn)", "CZ75-Auto | Syndicate (Battle-Scarred)",
        "Glock-18 | Gamma Doppler (Factory New)", "Glock-18 | Gamma Doppler (Minimal Wear)",
        "Glock-18 | Gamma Doppler (Field-Tested)", "Glock-18 | Gamma Doppler (Well-Worn)",
        "Glock-18 | Gamma Doppler (Battle-Scarred)", "FAMAS | Meltdown (Factory New)",
        "FAMAS | Meltdown (Minimal Wear)", "FAMAS | Meltdown (Field-Tested)", "FAMAS | Meltdown (Well-Worn)",
        "MAC-10 | Propaganda (Factory New)", "MAC-10 | Propaganda (Minimal Wear)", "MAC-10 | Propaganda (Field-Tested)",
        "MAC-10 | Propaganda (Well-Worn)", "MAC-10 | Propaganda (Battle-Scarred)", "Nova | Red Quartz (Factory New)",
        "Nova | Red Quartz (Minimal Wear)", "Nova | Red Quartz (Field-Tested)", "Nova | Red Quartz (Well-Worn)",
        "AWP | POP AWP (Factory New)", "AWP | POP AWP (Minimal Wear)", "AWP | POP AWP (Field-Tested)",
        "AWP | POP AWP (Well-Worn)", "SSG 08 | Spring Twilly (Factory New)", "SSG 08 | Spring Twilly (Minimal Wear)",
        "SSG 08 | Spring Twilly (Field-Tested)", "SSG 08 | Spring Twilly (Well-Worn)",
        "SSG 08 | Spring Twilly (Battle-Scarred)", "AUG | Amber Fade (Factory New)", "AUG | Amber Fade (Minimal Wear)",
        "AUG | Amber Fade (Field-Tested)", "AUG | Amber Fade (Well-Worn)", "USP-S | Whiteout (Factory New)",
        "USP-S | Whiteout (Minimal Wear)", "USP-S | Whiteout (Field-Tested)", "USP-S | Whiteout (Well-Worn)",
        "USP-S | Whiteout (Battle-Scarred)", "MP5-SD | Autumn Twilly (Factory New)",
        "MP5-SD | Autumn Twilly (Minimal Wear)", "MP5-SD | Autumn Twilly (Field-Tested)",
        "MP5-SD | Autumn Twilly (Well-Worn)", "MP5-SD | Autumn Twilly (Battle-Scarred)",
        "M4A4 | The Coalition (Factory New)", "M4A4 | The Coalition (Minimal Wear)",
        "M4A4 | The Coalition (Field-Tested)", "M4A4 | The Coalition (Well-Worn)",
        "M4A4 | The Coalition (Battle-Scarred)", "P2000 | Space Race (Factory New)",
        "P2000 | Space Race (Minimal Wear)", "P2000 | Space Race (Field-Tested)", "P2000 | Space Race (Well-Worn)",
        "P2000 | Space Race (Battle-Scarred)", "M4A1-S | Fizzy POP (Factory New)", "M4A1-S | Fizzy POP (Minimal Wear)",
        "M4A1-S | Fizzy POP (Field-Tested)", "M4A1-S | Fizzy POP (Well-Worn)", "M4A1-S | Fizzy POP (Battle-Scarred)",
        "R8 Revolver | Blaze (Factory New)", "R8 Revolver | Blaze (Minimal Wear)",
        "Desert Eagle | Sputnik (Factory New)", "Desert Eagle | Sputnik (Minimal Wear)",
        "Desert Eagle | Sputnik (Field-Tested)", "Desert Eagle | Sputnik (Well-Worn)",
        "Desert Eagle | Sputnik (Battle-Scarred)"
      ]
    }
  },
  "UMP-45 | Full Stop (Factory New)": {
    "quality": 5,
    "skin": "Full Stop",
    "weapon": "UMP-45",
    "short": "UMP-45 | Full Stop",
    "name": "UMP-45 | Full Stop (Factory New)",
    "src": "https://steamcdn-a.akamaihd.net/apps/730/icons/econ/default_generated/weapon_ump45_hy_varicamo_red_light_large.30426fbdd212e0961d917ffa214e11431326ee02.png",
    "type": "skin",
    "rarity": 2,
    "price": 595
  },
  "UMP-45 | Full Stop (Minimal Wear)": {
    "quality": 4,
    "skin": "Full Stop",
    "weapon": "UMP-45",
    "short": "UMP-45 | Full Stop",
    "name": "UMP-45 | Full Stop (Minimal Wear)",
    "src": "https://steamcdn-a.akamaihd.net/apps/730/icons/econ/default_generated/weapon_ump45_hy_varicamo_red_light_large.30426fbdd212e0961d917ffa214e11431326ee02.png",
    "type": "skin",
    "rarity": 2,
    "price": 335
  },
  "UMP-45 | Full Stop (Field-Tested)": {
    "quality": 3,
    "skin": "Full Stop",
    "weapon": "UMP-45",
    "short": "UMP-45 | Full Stop",
    "name": "UMP-45 | Full Stop (Field-Tested)",
    "src": "https://steamcdn-a.akamaihd.net/apps/730/icons/econ/default_generated/weapon_ump45_hy_varicamo_red_light_large.30426fbdd212e0961d917ffa214e11431326ee02.png",
    "type": "skin",
    "rarity": 2,
    "price": 218
  },
  "UMP-45 | Full Stop (Well-Worn)": {
    "quality": 2,
    "skin": "Full Stop",
    "weapon": "UMP-45",
    "short": "UMP-45 | Full Stop",
    "name": "UMP-45 | Full Stop (Well-Worn)",
    "src": "https://steamcdn-a.akamaihd.net/apps/730/icons/econ/default_generated/weapon_ump45_hy_varicamo_red_light_large.30426fbdd212e0961d917ffa214e11431326ee02.png",
    "type": "skin",
    "rarity": 2,
    "price": 245
  },
  "UMP-45 | Full Stop (Battle-Scarred)": {
    "quality": 1,
    "skin": "Full Stop",
    "weapon": "UMP-45",
    "short": "UMP-45 | Full Stop",
    "name": "UMP-45 | Full Stop (Battle-Scarred)",
    "src": "https://steamcdn-a.akamaihd.net/apps/730/icons/econ/default_generated/weapon_ump45_hy_varicamo_red_light_large.30426fbdd212e0961d917ffa214e11431326ee02.png",
    "type": "skin",
    "rarity": 2,
    "price": 230
  },
  "UMP-45 | Full Stop": {
    "masterItem": true,
    "qualities": [5, 4, 3, 2, 1],
    "skin": "Full Stop",
    "weapon": "UMP-45",
    "short": "UMP-45 | Full Stop",
    "name": "UMP-45 | Full Stop",
    "src": "https://steamcdn-a.akamaihd.net/apps/730/icons/econ/default_generated/weapon_ump45_hy_varicamo_red_light_large.30426fbdd212e0961d917ffa214e11431326ee02.png",
    "type": "skin",
    "rarity": 2,
    "price": 595,
    "minPrice": 218
  },
  "Tec-9 | Safety Net (Factory New)": {
    "quality": 5,
    "skin": "Safety Net",
    "weapon": "Tec-9",
    "short": "Tec-9 | Safety Net",
    "name": "Tec-9 | Safety Net (Factory New)",
    "src": "https://steamcdn-a.akamaihd.net/apps/730/icons/econ/default_generated/weapon_tec9_hy_mesh_safetyorange_light_large.a2564044371c87bb1081753c71f6cfb93f0359c1.png",
    "type": "skin",
    "rarity": 2,
    "price": 444
  },
  "Tec-9 | Safety Net (Minimal Wear)": {
    "quality": 4,
    "skin": "Safety Net",
    "weapon": "Tec-9",
    "short": "Tec-9 | Safety Net",
    "name": "Tec-9 | Safety Net (Minimal Wear)",
    "src": "https://steamcdn-a.akamaihd.net/apps/730/icons/econ/default_generated/weapon_tec9_hy_mesh_safetyorange_light_large.a2564044371c87bb1081753c71f6cfb93f0359c1.png",
    "type": "skin",
    "rarity": 2,
    "price": 254
  },
  "Tec-9 | Safety Net (Field-Tested)": {
    "quality": 3,
    "skin": "Safety Net",
    "weapon": "Tec-9",
    "short": "Tec-9 | Safety Net",
    "name": "Tec-9 | Safety Net (Field-Tested)",
    "src": "https://steamcdn-a.akamaihd.net/apps/730/icons/econ/default_generated/weapon_tec9_hy_mesh_safetyorange_light_large.a2564044371c87bb1081753c71f6cfb93f0359c1.png",
    "type": "skin",
    "rarity": 2,
    "price": 265
  },
  "Tec-9 | Safety Net (Well-Worn)": {
    "quality": 2,
    "skin": "Safety Net",
    "weapon": "Tec-9",
    "short": "Tec-9 | Safety Net",
    "name": "Tec-9 | Safety Net (Well-Worn)",
    "src": "https://steamcdn-a.akamaihd.net/apps/730/icons/econ/default_generated/weapon_tec9_hy_mesh_safetyorange_light_large.a2564044371c87bb1081753c71f6cfb93f0359c1.png",
    "type": "skin",
    "rarity": 2,
    "price": 246
  },
  "Tec-9 | Safety Net (Battle-Scarred)": {
    "quality": 1,
    "skin": "Safety Net",
    "weapon": "Tec-9",
    "short": "Tec-9 | Safety Net",
    "name": "Tec-9 | Safety Net (Battle-Scarred)",
    "src": "https://steamcdn-a.akamaihd.net/apps/730/icons/econ/default_generated/weapon_tec9_hy_mesh_safetyorange_light_large.a2564044371c87bb1081753c71f6cfb93f0359c1.png",
    "type": "skin",
    "rarity": 2,
    "price": 251
  },
  "Tec-9 | Safety Net": {
    "masterItem": true,
    "qualities": [5, 4, 3, 2, 1],
    "skin": "Safety Net",
    "weapon": "Tec-9",
    "short": "Tec-9 | Safety Net",
    "name": "Tec-9 | Safety Net",
    "src": "https://steamcdn-a.akamaihd.net/apps/730/icons/econ/default_generated/weapon_tec9_hy_mesh_safetyorange_light_large.a2564044371c87bb1081753c71f6cfb93f0359c1.png",
    "type": "skin",
    "rarity": 2,
    "price": 444,
    "minPrice": 246
  },
  "CZ75-Auto | Syndicate (Factory New)": {
    "quality": 5,
    "skin": "Syndicate",
    "weapon": "CZ75-Auto",
    "short": "CZ75-Auto | Syndicate",
    "name": "CZ75-Auto | Syndicate (Factory New)",
    "src": "https://steamcdn-a.akamaihd.net/apps/730/icons/econ/default_generated/weapon_cz75a_gs_train_cz75_light_large.d0178b0f2c40cd44a38d5c0215a7152214cb1ce8.png",
    "type": "skin",
    "rarity": 3,
    "price": 816
  },
  "CZ75-Auto | Syndicate (Minimal Wear)": {
    "quality": 4,
    "skin": "Syndicate",
    "weapon": "CZ75-Auto",
    "short": "CZ75-Auto | Syndicate",
    "name": "CZ75-Auto | Syndicate (Minimal Wear)",
    "src": "https://steamcdn-a.akamaihd.net/apps/730/icons/econ/default_generated/weapon_cz75a_gs_train_cz75_light_large.d0178b0f2c40cd44a38d5c0215a7152214cb1ce8.png",
    "type": "skin",
    "rarity": 3,
    "price": 778
  },
  "CZ75-Auto | Syndicate (Field-Tested)": {
    "quality": 3,
    "skin": "Syndicate",
    "weapon": "CZ75-Auto",
    "short": "CZ75-Auto | Syndicate",
    "name": "CZ75-Auto | Syndicate (Field-Tested)",
    "src": "https://steamcdn-a.akamaihd.net/apps/730/icons/econ/default_generated/weapon_cz75a_gs_train_cz75_light_large.d0178b0f2c40cd44a38d5c0215a7152214cb1ce8.png",
    "type": "skin",
    "rarity": 3,
    "price": 754
  },
  "CZ75-Auto | Syndicate (Well-Worn)": {
    "quality": 2,
    "skin": "Syndicate",
    "weapon": "CZ75-Auto",
    "short": "CZ75-Auto | Syndicate",
    "name": "CZ75-Auto | Syndicate (Well-Worn)",
    "src": "https://steamcdn-a.akamaihd.net/apps/730/icons/econ/default_generated/weapon_cz75a_gs_train_cz75_light_large.d0178b0f2c40cd44a38d5c0215a7152214cb1ce8.png",
    "type": "skin",
    "rarity": 3,
    "price": 583
  },
  "CZ75-Auto | Syndicate (Battle-Scarred)": {
    "quality": 1,
    "skin": "Syndicate",
    "weapon": "CZ75-Auto",
    "short": "CZ75-Auto | Syndicate",
    "name": "CZ75-Auto | Syndicate (Battle-Scarred)",
    "src": "https://steamcdn-a.akamaihd.net/apps/730/icons/econ/default_generated/weapon_cz75a_gs_train_cz75_light_large.d0178b0f2c40cd44a38d5c0215a7152214cb1ce8.png",
    "type": "skin",
    "rarity": 3,
    "price": 771
  },
  "CZ75-Auto | Syndicate": {
    "masterItem": true,
    "qualities": [5, 4, 3, 2, 1],
    "skin": "Syndicate",
    "weapon": "CZ75-Auto",
    "short": "CZ75-Auto | Syndicate",
    "name": "CZ75-Auto | Syndicate",
    "src": "https://steamcdn-a.akamaihd.net/apps/730/icons/econ/default_generated/weapon_cz75a_gs_train_cz75_light_large.d0178b0f2c40cd44a38d5c0215a7152214cb1ce8.png",
    "type": "skin",
    "rarity": 3,
    "price": 816,
    "minPrice": 583
  },
  "Glock-18 | Gamma Doppler (Factory New)": {
    "quality": 5,
    "skin": "Gamma Doppler",
    "weapon": "Glock-18",
    "short": "Glock-18 | Gamma Doppler",
    "name": "Glock-18 | Gamma Doppler (Factory New)",
    "src": "https://steamcdn-a.akamaihd.net/apps/730/icons/econ/default_generated/weapon_glock_am_gamma_doppler_phase4_glock_light_large.ed9c2de2ffe8852136002385cfcee149dd202575.png",
    "type": "skin",
    "rarity": 5,
    "price": 9221
  },
  "Glock-18 | Gamma Doppler (Minimal Wear)": {
    "quality": 4,
    "skin": "Gamma Doppler",
    "weapon": "Glock-18",
    "short": "Glock-18 | Gamma Doppler",
    "name": "Glock-18 | Gamma Doppler (Minimal Wear)",
    "src": "https://steamcdn-a.akamaihd.net/apps/730/icons/econ/default_generated/weapon_glock_am_gamma_doppler_phase4_glock_light_large.ed9c2de2ffe8852136002385cfcee149dd202575.png",
    "type": "skin",
    "rarity": 5,
    "price": 5081
  },
  "Glock-18 | Gamma Doppler (Field-Tested)": {
    "quality": 3,
    "skin": "Gamma Doppler",
    "weapon": "Glock-18",
    "short": "Glock-18 | Gamma Doppler",
    "name": "Glock-18 | Gamma Doppler (Field-Tested)",
    "src": "https://steamcdn-a.akamaihd.net/apps/730/icons/econ/default_generated/weapon_glock_am_gamma_doppler_phase4_glock_light_large.ed9c2de2ffe8852136002385cfcee149dd202575.png",
    "type": "skin",
    "rarity": 5,
    "price": 8559
  },
  "Glock-18 | Gamma Doppler (Well-Worn)": {
    "quality": 2,
    "skin": "Gamma Doppler",
    "weapon": "Glock-18",
    "short": "Glock-18 | Gamma Doppler",
    "name": "Glock-18 | Gamma Doppler (Well-Worn)",
    "src": "https://steamcdn-a.akamaihd.net/apps/730/icons/econ/default_generated/weapon_glock_am_gamma_doppler_phase4_glock_light_large.ed9c2de2ffe8852136002385cfcee149dd202575.png",
    "type": "skin",
    "rarity": 5,
    "price": 4812
  },
  "Glock-18 | Gamma Doppler (Battle-Scarred)": {
    "quality": 1,
    "skin": "Gamma Doppler",
    "weapon": "Glock-18",
    "short": "Glock-18 | Gamma Doppler",
    "name": "Glock-18 | Gamma Doppler (Battle-Scarred)",
    "src": "https://steamcdn-a.akamaihd.net/apps/730/icons/econ/default_generated/weapon_glock_am_gamma_doppler_phase4_glock_light_large.ed9c2de2ffe8852136002385cfcee149dd202575.png",
    "type": "skin",
    "rarity": 5,
    "price": 5790
  },
  "Glock-18 | Gamma Doppler": {
    "masterItem": true,
    "qualities": [5, 4, 3, 2, 1],
    "skin": "Gamma Doppler",
    "weapon": "Glock-18",
    "short": "Glock-18 | Gamma Doppler",
    "name": "Glock-18 | Gamma Doppler",
    "src": "https://steamcdn-a.akamaihd.net/apps/730/icons/econ/default_generated/weapon_glock_am_gamma_doppler_phase4_glock_light_large.ed9c2de2ffe8852136002385cfcee149dd202575.png",
    "type": "skin",
    "rarity": 5,
    "price": 9221,
    "minPrice": 4812
  },
  "FAMAS | Meltdown (Factory New)": {
    "quality": 5,
    "skin": "Meltdown",
    "weapon": "FAMAS",
    "short": "FAMAS | Meltdown",
    "name": "FAMAS | Meltdown (Factory New)",
    "src": "https://steamcdn-a.akamaihd.net/apps/730/icons/econ/default_generated/weapon_famas_am_nuclear_pattern4_famas_light_large.7e147f135728d6abd62f871088d69c1b2bd38076.png",
    "type": "skin",
    "rarity": 4,
    "price": 2687
  },
  "FAMAS | Meltdown (Minimal Wear)": {
    "quality": 4,
    "skin": "Meltdown",
    "weapon": "FAMAS",
    "short": "FAMAS | Meltdown",
    "name": "FAMAS | Meltdown (Minimal Wear)",
    "src": "https://steamcdn-a.akamaihd.net/apps/730/icons/econ/default_generated/weapon_famas_am_nuclear_pattern4_famas_light_large.7e147f135728d6abd62f871088d69c1b2bd38076.png",
    "type": "skin",
    "rarity": 4,
    "price": 3751
  },
  "FAMAS | Meltdown (Field-Tested)": {
    "quality": 3,
    "skin": "Meltdown",
    "weapon": "FAMAS",
    "short": "FAMAS | Meltdown",
    "name": "FAMAS | Meltdown (Field-Tested)",
    "src": "https://steamcdn-a.akamaihd.net/apps/730/icons/econ/default_generated/weapon_famas_am_nuclear_pattern4_famas_light_large.7e147f135728d6abd62f871088d69c1b2bd38076.png",
    "type": "skin",
    "rarity": 4,
    "price": 3056
  },
  "FAMAS | Meltdown (Well-Worn)": {
    "quality": 2,
    "skin": "Meltdown",
    "weapon": "FAMAS",
    "short": "FAMAS | Meltdown",
    "name": "FAMAS | Meltdown (Well-Worn)",
    "src": "https://steamcdn-a.akamaihd.net/apps/730/icons/econ/default_generated/weapon_famas_am_nuclear_pattern4_famas_light_large.7e147f135728d6abd62f871088d69c1b2bd38076.png",
    "type": "skin",
    "rarity": 4,
    "price": 1974
  },
  "FAMAS | Meltdown": {
    "masterItem": true,
    "qualities": [5, 4, 3, 2],
    "skin": "Meltdown",
    "weapon": "FAMAS",
    "short": "FAMAS | Meltdown",
    "name": "FAMAS | Meltdown",
    "src": "https://steamcdn-a.akamaihd.net/apps/730/icons/econ/default_generated/weapon_famas_am_nuclear_pattern4_famas_light_large.7e147f135728d6abd62f871088d69c1b2bd38076.png",
    "type": "skin",
    "rarity": 4,
    "price": 3751,
    "minPrice": 1974
  },
  "MAC-10 | Propaganda (Factory New)": {
    "quality": 5,
    "skin": "Propaganda",
    "weapon": "MAC-10",
    "short": "MAC-10 | Propaganda",
    "name": "MAC-10 | Propaganda (Factory New)",
    "src": "https://steamcdn-a.akamaihd.net/apps/730/icons/econ/default_generated/weapon_mac10_cu_mac10_propaganda_light_large.d8a065b191f3df86a7e2e25d4349790ed56e0593.png",
    "type": "skin",
    "rarity": 4,
    "price": 3624
  },
  "MAC-10 | Propaganda (Minimal Wear)": {
    "quality": 4,
    "skin": "Propaganda",
    "weapon": "MAC-10",
    "short": "MAC-10 | Propaganda",
    "name": "MAC-10 | Propaganda (Minimal Wear)",
    "src": "https://steamcdn-a.akamaihd.net/apps/730/icons/econ/default_generated/weapon_mac10_cu_mac10_propaganda_light_large.d8a065b191f3df86a7e2e25d4349790ed56e0593.png",
    "type": "skin",
    "rarity": 4,
    "price": 3407
  },
  "MAC-10 | Propaganda (Field-Tested)": {
    "quality": 3,
    "skin": "Propaganda",
    "weapon": "MAC-10",
    "short": "MAC-10 | Propaganda",
    "name": "MAC-10 | Propaganda (Field-Tested)",
    "src": "https://steamcdn-a.akamaihd.net/apps/730/icons/econ/default_generated/weapon_mac10_cu_mac10_propaganda_light_large.d8a065b191f3df86a7e2e25d4349790ed56e0593.png",
    "type": "skin",
    "rarity": 4,
    "price": 2761
  },
  "MAC-10 | Propaganda (Well-Worn)": {
    "quality": 2,
    "skin": "Propaganda",
    "weapon": "MAC-10",
    "short": "MAC-10 | Propaganda",
    "name": "MAC-10 | Propaganda (Well-Worn)",
    "src": "https://steamcdn-a.akamaihd.net/apps/730/icons/econ/default_generated/weapon_mac10_cu_mac10_propaganda_light_large.d8a065b191f3df86a7e2e25d4349790ed56e0593.png",
    "type": "skin",
    "rarity": 4,
    "price": 2131
  },
  "MAC-10 | Propaganda (Battle-Scarred)": {
    "quality": 1,
    "skin": "Propaganda",
    "weapon": "MAC-10",
    "short": "MAC-10 | Propaganda",
    "name": "MAC-10 | Propaganda (Battle-Scarred)",
    "src": "https://steamcdn-a.akamaihd.net/apps/730/icons/econ/default_generated/weapon_mac10_cu_mac10_propaganda_light_large.d8a065b191f3df86a7e2e25d4349790ed56e0593.png",
    "type": "skin",
    "rarity": 4,
    "price": 1207
  },
  "MAC-10 | Propaganda": {
    "masterItem": true,
    "qualities": [5, 4, 3, 2, 1],
    "skin": "Propaganda",
    "weapon": "MAC-10",
    "short": "MAC-10 | Propaganda",
    "name": "MAC-10 | Propaganda",
    "src": "https://steamcdn-a.akamaihd.net/apps/730/icons/econ/default_generated/weapon_mac10_cu_mac10_propaganda_light_large.d8a065b191f3df86a7e2e25d4349790ed56e0593.png",
    "type": "skin",
    "rarity": 4,
    "price": 3624,
    "minPrice": 1207
  },
  "Nova | Red Quartz (Factory New)": {
    "quality": 5,
    "skin": "Red Quartz",
    "weapon": "Nova",
    "short": "Nova | Red Quartz",
    "name": "Nova | Red Quartz (Factory New)",
    "src": "https://steamcdn-a.akamaihd.net/apps/730/icons/econ/default_generated/weapon_nova_am_crystallized_light_large.a5390c1d1d4b0a879d739917bc3d9f576feb01f2.png",
    "type": "skin",
    "rarity": 3,
    "price": 865
  },
  "Nova | Red Quartz (Minimal Wear)": {
    "quality": 4,
    "skin": "Red Quartz",
    "weapon": "Nova",
    "short": "Nova | Red Quartz",
    "name": "Nova | Red Quartz (Minimal Wear)",
    "src": "https://steamcdn-a.akamaihd.net/apps/730/icons/econ/default_generated/weapon_nova_am_crystallized_light_large.a5390c1d1d4b0a879d739917bc3d9f576feb01f2.png",
    "type": "skin",
    "rarity": 3,
    "price": 779
  },
  "Nova | Red Quartz (Field-Tested)": {
    "quality": 3,
    "skin": "Red Quartz",
    "weapon": "Nova",
    "short": "Nova | Red Quartz",
    "name": "Nova | Red Quartz (Field-Tested)",
    "src": "https://steamcdn-a.akamaihd.net/apps/730/icons/econ/default_generated/weapon_nova_am_crystallized_light_large.a5390c1d1d4b0a879d739917bc3d9f576feb01f2.png",
    "type": "skin",
    "rarity": 3,
    "price": 1058
  },
  "Nova | Red Quartz (Well-Worn)": {
    "quality": 2,
    "skin": "Red Quartz",
    "weapon": "Nova",
    "short": "Nova | Red Quartz",
    "name": "Nova | Red Quartz (Well-Worn)",
    "src": "https://steamcdn-a.akamaihd.net/apps/730/icons/econ/default_generated/weapon_nova_am_crystallized_light_large.a5390c1d1d4b0a879d739917bc3d9f576feb01f2.png",
    "type": "skin",
    "rarity": 3,
    "price": 635
  },
  "Nova | Red Quartz": {
    "masterItem": true,
    "qualities": [5, 4, 3, 2],
    "skin": "Red Quartz",
    "weapon": "Nova",
    "short": "Nova | Red Quartz",
    "name": "Nova | Red Quartz",
    "src": "https://steamcdn-a.akamaihd.net/apps/730/icons/econ/default_generated/weapon_nova_am_crystallized_light_large.a5390c1d1d4b0a879d739917bc3d9f576feb01f2.png",
    "type": "skin",
    "rarity": 3,
    "price": 1058,
    "minPrice": 635
  },
  "AWP | POP AWP (Factory New)": {
    "quality": 5,
    "skin": "POP AWP",
    "weapon": "AWP",
    "short": "AWP | POP AWP",
    "name": "AWP | POP AWP (Factory New)",
    "src": "https://steamcdn-a.akamaihd.net/apps/730/icons/econ/default_generated/weapon_awp_hy_technowar_rwb_light_large.227b359d409d564be7675d8334cad89636e3bdda.png",
    "type": "skin",
    "rarity": 3,
    "price": 1261
  },
  "AWP | POP AWP (Minimal Wear)": {
    "quality": 4,
    "skin": "POP AWP",
    "weapon": "AWP",
    "short": "AWP | POP AWP",
    "name": "AWP | POP AWP (Minimal Wear)",
    "src": "https://steamcdn-a.akamaihd.net/apps/730/icons/econ/default_generated/weapon_awp_hy_technowar_rwb_light_large.227b359d409d564be7675d8334cad89636e3bdda.png",
    "type": "skin",
    "rarity": 3,
    "price": 1364
  },
  "AWP | POP AWP (Field-Tested)": {
    "quality": 3,
    "skin": "POP AWP",
    "weapon": "AWP",
    "short": "AWP | POP AWP",
    "name": "AWP | POP AWP (Field-Tested)",
    "src": "https://steamcdn-a.akamaihd.net/apps/730/icons/econ/default_generated/weapon_awp_hy_technowar_rwb_light_large.227b359d409d564be7675d8334cad89636e3bdda.png",
    "type": "skin",
    "rarity": 3,
    "price": 807
  },
  "AWP | POP AWP (Well-Worn)": {
    "quality": 2,
    "skin": "POP AWP",
    "weapon": "AWP",
    "short": "AWP | POP AWP",
    "name": "AWP | POP AWP (Well-Worn)",
    "src": "https://steamcdn-a.akamaihd.net/apps/730/icons/econ/default_generated/weapon_awp_hy_technowar_rwb_light_large.227b359d409d564be7675d8334cad89636e3bdda.png",
    "type": "skin",
    "rarity": 3,
    "price": 502
  },
  "AWP | POP AWP": {
    "masterItem": true,
    "qualities": [5, 4, 3, 2],
    "skin": "POP AWP",
    "weapon": "AWP",
    "short": "AWP | POP AWP",
    "name": "AWP | POP AWP",
    "src": "https://steamcdn-a.akamaihd.net/apps/730/icons/econ/default_generated/weapon_awp_hy_technowar_rwb_light_large.227b359d409d564be7675d8334cad89636e3bdda.png",
    "type": "skin",
    "rarity": 3,
    "price": 1364,
    "minPrice": 502
  },
  "SSG 08 | Spring Twilly (Factory New)": {
    "quality": 5,
    "skin": "Spring Twilly",
    "weapon": "SSG 08",
    "short": "SSG 08 | Spring Twilly",
    "name": "SSG 08 | Spring Twilly (Factory New)",
    "src": "https://steamcdn-a.akamaihd.net/apps/730/icons/econ/default_generated/weapon_ssg08_hy_trainarchitect_green_light_large.99e4e0cef18a0f37f5f26caf431dde80f39f14e1.png",
    "type": "skin",
    "rarity": 2,
    "price": 326
  },
  "SSG 08 | Spring Twilly (Minimal Wear)": {
    "quality": 4,
    "skin": "Spring Twilly",
    "weapon": "SSG 08",
    "short": "SSG 08 | Spring Twilly",
    "name": "SSG 08 | Spring Twilly (Minimal Wear)",
    "src": "https://steamcdn-a.akamaihd.net/apps/730/icons/econ/default_generated/weapon_ssg08_hy_trainarchitect_green_light_large.99e4e0cef18a0f37f5f26caf431dde80f39f14e1.png",
    "type": "skin",
    "rarity": 2,
    "price": 301
  },
  "SSG 08 | Spring Twilly (Field-Tested)": {
    "quality": 3,
    "skin": "Spring Twilly",
    "weapon": "SSG 08",
    "short": "SSG 08 | Spring Twilly",
    "name": "SSG 08 | Spring Twilly (Field-Tested)",
    "src": "https://steamcdn-a.akamaihd.net/apps/730/icons/econ/default_generated/weapon_ssg08_hy_trainarchitect_green_light_large.99e4e0cef18a0f37f5f26caf431dde80f39f14e1.png",
    "type": "skin",
    "rarity": 2,
    "price": 222
  },
  "SSG 08 | Spring Twilly (Well-Worn)": {
    "quality": 2,
    "skin": "Spring Twilly",
    "weapon": "SSG 08",
    "short": "SSG 08 | Spring Twilly",
    "name": "SSG 08 | Spring Twilly (Well-Worn)",
    "src": "https://steamcdn-a.akamaihd.net/apps/730/icons/econ/default_generated/weapon_ssg08_hy_trainarchitect_green_light_large.99e4e0cef18a0f37f5f26caf431dde80f39f14e1.png",
    "type": "skin",
    "rarity": 2,
    "price": 203
  },
  "SSG 08 | Spring Twilly (Battle-Scarred)": {
    "quality": 1,
    "skin": "Spring Twilly",
    "weapon": "SSG 08",
    "short": "SSG 08 | Spring Twilly",
    "name": "SSG 08 | Spring Twilly (Battle-Scarred)",
    "src": "https://steamcdn-a.akamaihd.net/apps/730/icons/econ/default_generated/weapon_ssg08_hy_trainarchitect_green_light_large.99e4e0cef18a0f37f5f26caf431dde80f39f14e1.png",
    "type": "skin",
    "rarity": 2,
    "price": 172
  },
  "SSG 08 | Spring Twilly": {
    "masterItem": true,
    "qualities": [5, 4, 3, 2, 1],
    "skin": "Spring Twilly",
    "weapon": "SSG 08",
    "short": "SSG 08 | Spring Twilly",
    "name": "SSG 08 | Spring Twilly",
    "src": "https://steamcdn-a.akamaihd.net/apps/730/icons/econ/default_generated/weapon_ssg08_hy_trainarchitect_green_light_large.99e4e0cef18a0f37f5f26caf431dde80f39f14e1.png",
    "type": "skin",
    "rarity": 2,
    "price": 326,
    "minPrice": 172
  },
  "AUG | Amber Fade (Factory New)": {
    "quality": 5,
    "skin": "Amber Fade",
    "weapon": "AUG",
    "short": "AUG | Amber Fade",
    "name": "AUG | Amber Fade (Factory New)",
    "src": "https://steamcdn-a.akamaihd.net/apps/730/icons/econ/default_generated/weapon_aug_aa_fade_metallic_light_large.a43dbbaa988dd53a72ee6e06701c7e0cb1a225e0.png",
    "type": "skin",
    "rarity": 2,
    "price": 519
  },
  "AUG | Amber Fade (Minimal Wear)": {
    "quality": 4,
    "skin": "Amber Fade",
    "weapon": "AUG",
    "short": "AUG | Amber Fade",
    "name": "AUG | Amber Fade (Minimal Wear)",
    "src": "https://steamcdn-a.akamaihd.net/apps/730/icons/econ/default_generated/weapon_aug_aa_fade_metallic_light_large.a43dbbaa988dd53a72ee6e06701c7e0cb1a225e0.png",
    "type": "skin",
    "rarity": 2,
    "price": 327
  },
  "AUG | Amber Fade (Field-Tested)": {
    "quality": 3,
    "skin": "Amber Fade",
    "weapon": "AUG",
    "short": "AUG | Amber Fade",
    "name": "AUG | Amber Fade (Field-Tested)",
    "src": "https://steamcdn-a.akamaihd.net/apps/730/icons/econ/default_generated/weapon_aug_aa_fade_metallic_light_large.a43dbbaa988dd53a72ee6e06701c7e0cb1a225e0.png",
    "type": "skin",
    "rarity": 2,
    "price": 235
  },
  "AUG | Amber Fade (Well-Worn)": {
    "quality": 2,
    "skin": "Amber Fade",
    "weapon": "AUG",
    "short": "AUG | Amber Fade",
    "name": "AUG | Amber Fade (Well-Worn)",
    "src": "https://steamcdn-a.akamaihd.net/apps/730/icons/econ/default_generated/weapon_aug_aa_fade_metallic_light_large.a43dbbaa988dd53a72ee6e06701c7e0cb1a225e0.png",
    "type": "skin",
    "rarity": 2,
    "price": 272
  },
  "AUG | Amber Fade": {
    "masterItem": true,
    "qualities": [5, 4, 3, 2],
    "skin": "Amber Fade",
    "weapon": "AUG",
    "short": "AUG | Amber Fade",
    "name": "AUG | Amber Fade",
    "src": "https://steamcdn-a.akamaihd.net/apps/730/icons/econ/default_generated/weapon_aug_aa_fade_metallic_light_large.a43dbbaa988dd53a72ee6e06701c7e0cb1a225e0.png",
    "type": "skin",
    "rarity": 2,
    "price": 519,
    "minPrice": 235
  },
  "USP-S | Whiteout (Factory New)": {
    "quality": 5,
    "skin": "Whiteout",
    "weapon": "USP-S",
    "short": "USP-S | Whiteout",
    "name": "USP-S | Whiteout (Factory New)",
    "src": "https://steamcdn-a.akamaihd.net/apps/730/icons/econ/default_generated/weapon_usp_silencer_so_whiteout_riptide_light_large.87d3b82c83ef28ff06955915907d062376be31ac.png",
    "type": "skin",
    "rarity": 4,
    "price": 3853
  },
  "USP-S | Whiteout (Minimal Wear)": {
    "quality": 4,
    "skin": "Whiteout",
    "weapon": "USP-S",
    "short": "USP-S | Whiteout",
    "name": "USP-S | Whiteout (Minimal Wear)",
    "src": "https://steamcdn-a.akamaihd.net/apps/730/icons/econ/default_generated/weapon_usp_silencer_so_whiteout_riptide_light_large.87d3b82c83ef28ff06955915907d062376be31ac.png",
    "type": "skin",
    "rarity": 4,
    "price": 2972
  },
  "USP-S | Whiteout (Field-Tested)": {
    "quality": 3,
    "skin": "Whiteout",
    "weapon": "USP-S",
    "short": "USP-S | Whiteout",
    "name": "USP-S | Whiteout (Field-Tested)",
    "src": "https://steamcdn-a.akamaihd.net/apps/730/icons/econ/default_generated/weapon_usp_silencer_so_whiteout_riptide_light_large.87d3b82c83ef28ff06955915907d062376be31ac.png",
    "type": "skin",
    "rarity": 4,
    "price": 2159
  },
  "USP-S | Whiteout (Well-Worn)": {
    "quality": 2,
    "skin": "Whiteout",
    "weapon": "USP-S",
    "short": "USP-S | Whiteout",
    "name": "USP-S | Whiteout (Well-Worn)",
    "src": "https://steamcdn-a.akamaihd.net/apps/730/icons/econ/default_generated/weapon_usp_silencer_so_whiteout_riptide_light_large.87d3b82c83ef28ff06955915907d062376be31ac.png",
    "type": "skin",
    "rarity": 4,
    "price": 2219
  },
  "USP-S | Whiteout (Battle-Scarred)": {
    "quality": 1,
    "skin": "Whiteout",
    "weapon": "USP-S",
    "short": "USP-S | Whiteout",
    "name": "USP-S | Whiteout (Battle-Scarred)",
    "src": "https://steamcdn-a.akamaihd.net/apps/730/icons/econ/default_generated/weapon_usp_silencer_so_whiteout_riptide_light_large.87d3b82c83ef28ff06955915907d062376be31ac.png",
    "type": "skin",
    "rarity": 4,
    "price": 1852
  },
  "USP-S | Whiteout": {
    "masterItem": true,
    "qualities": [5, 4, 3, 2, 1],
    "skin": "Whiteout",
    "weapon": "USP-S",
    "short": "USP-S | Whiteout",
    "name": "USP-S | Whiteout",
    "src": "https://steamcdn-a.akamaihd.net/apps/730/icons/econ/default_generated/weapon_usp_silencer_so_whiteout_riptide_light_large.87d3b82c83ef28ff06955915907d062376be31ac.png",
    "type": "skin",
    "rarity": 4,
    "price": 3853,
    "minPrice": 1852
  },
  "MP5-SD | Autumn Twilly (Factory New)": {
    "quality": 5,
    "skin": "Autumn Twilly",
    "weapon": "MP5-SD",
    "short": "MP5-SD | Autumn Twilly",
    "name": "MP5-SD | Autumn Twilly (Factory New)",
    "src": "https://steamcdn-a.akamaihd.net/apps/730/icons/econ/default_generated/weapon_mp5sd_hy_trainarchitect_light_large.9ba8cb9505f0b67e608050ce5aa307e32dabbe1e.png",
    "type": "skin",
    "rarity": 3,
    "price": 1385
  },
  "MP5-SD | Autumn Twilly (Minimal Wear)": {
    "quality": 4,
    "skin": "Autumn Twilly",
    "weapon": "MP5-SD",
    "short": "MP5-SD | Autumn Twilly",
    "name": "MP5-SD | Autumn Twilly (Minimal Wear)",
    "src": "https://steamcdn-a.akamaihd.net/apps/730/icons/econ/default_generated/weapon_mp5sd_hy_trainarchitect_light_large.9ba8cb9505f0b67e608050ce5aa307e32dabbe1e.png",
    "type": "skin",
    "rarity": 3,
    "price": 1145
  },
  "MP5-SD | Autumn Twilly (Field-Tested)": {
    "quality": 3,
    "skin": "Autumn Twilly",
    "weapon": "MP5-SD",
    "short": "MP5-SD | Autumn Twilly",
    "name": "MP5-SD | Autumn Twilly (Field-Tested)",
    "src": "https://steamcdn-a.akamaihd.net/apps/730/icons/econ/default_generated/weapon_mp5sd_hy_trainarchitect_light_large.9ba8cb9505f0b67e608050ce5aa307e32dabbe1e.png",
    "type": "skin",
    "rarity": 3,
    "price": 1002
  },
  "MP5-SD | Autumn Twilly (Well-Worn)": {
    "quality": 2,
    "skin": "Autumn Twilly",
    "weapon": "MP5-SD",
    "short": "MP5-SD | Autumn Twilly",
    "name": "MP5-SD | Autumn Twilly (Well-Worn)",
    "src": "https://steamcdn-a.akamaihd.net/apps/730/icons/econ/default_generated/weapon_mp5sd_hy_trainarchitect_light_large.9ba8cb9505f0b67e608050ce5aa307e32dabbe1e.png",
    "type": "skin",
    "rarity": 3,
    "price": 943
  },
  "MP5-SD | Autumn Twilly (Battle-Scarred)": {
    "quality": 1,
    "skin": "Autumn Twilly",
    "weapon": "MP5-SD",
    "short": "MP5-SD | Autumn Twilly",
    "name": "MP5-SD | Autumn Twilly (Battle-Scarred)",
    "src": "https://steamcdn-a.akamaihd.net/apps/730/icons/econ/default_generated/weapon_mp5sd_hy_trainarchitect_light_large.9ba8cb9505f0b67e608050ce5aa307e32dabbe1e.png",
    "type": "skin",
    "rarity": 3,
    "price": 635
  },
  "MP5-SD | Autumn Twilly": {
    "masterItem": true,
    "qualities": [5, 4, 3, 2, 1],
    "skin": "Autumn Twilly",
    "weapon": "MP5-SD",
    "short": "MP5-SD | Autumn Twilly",
    "name": "MP5-SD | Autumn Twilly",
    "src": "https://steamcdn-a.akamaihd.net/apps/730/icons/econ/default_generated/weapon_mp5sd_hy_trainarchitect_light_large.9ba8cb9505f0b67e608050ce5aa307e32dabbe1e.png",
    "type": "skin",
    "rarity": 3,
    "price": 1385,
    "minPrice": 635
  },
  "M4A4 | The Coalition (Factory New)": {
    "quality": 5,
    "skin": "The Coalition",
    "weapon": "M4A4",
    "short": "M4A4 | The Coalition",
    "name": "M4A4 | The Coalition (Factory New)",
    "src": "https://steamcdn-a.akamaihd.net/apps/730/icons/econ/default_generated/weapon_m4a1_gs_m4a4_coalition_light_large.313da3169bf32c427325ebc7f0aae1a0272e399a.png",
    "type": "skin",
    "rarity": 5,
    "price": 6319
  },
  "M4A4 | The Coalition (Minimal Wear)": {
    "quality": 4,
    "skin": "The Coalition",
    "weapon": "M4A4",
    "short": "M4A4 | The Coalition",
    "name": "M4A4 | The Coalition (Minimal Wear)",
    "src": "https://steamcdn-a.akamaihd.net/apps/730/icons/econ/default_generated/weapon_m4a1_gs_m4a4_coalition_light_large.313da3169bf32c427325ebc7f0aae1a0272e399a.png",
    "type": "skin",
    "rarity": 5,
    "price": 5107
  },
  "M4A4 | The Coalition (Field-Tested)": {
    "quality": 3,
    "skin": "The Coalition",
    "weapon": "M4A4",
    "short": "M4A4 | The Coalition",
    "name": "M4A4 | The Coalition (Field-Tested)",
    "src": "https://steamcdn-a.akamaihd.net/apps/730/icons/econ/default_generated/weapon_m4a1_gs_m4a4_coalition_light_large.313da3169bf32c427325ebc7f0aae1a0272e399a.png",
    "type": "skin",
    "rarity": 5,
    "price": 6493
  },
  "M4A4 | The Coalition (Well-Worn)": {
    "quality": 2,
    "skin": "The Coalition",
    "weapon": "M4A4",
    "short": "M4A4 | The Coalition",
    "name": "M4A4 | The Coalition (Well-Worn)",
    "src": "https://steamcdn-a.akamaihd.net/apps/730/icons/econ/default_generated/weapon_m4a1_gs_m4a4_coalition_light_large.313da3169bf32c427325ebc7f0aae1a0272e399a.png",
    "type": "skin",
    "rarity": 5,
    "price": 5918
  },
  "M4A4 | The Coalition (Battle-Scarred)": {
    "quality": 1,
    "skin": "The Coalition",
    "weapon": "M4A4",
    "short": "M4A4 | The Coalition",
    "name": "M4A4 | The Coalition (Battle-Scarred)",
    "src": "https://steamcdn-a.akamaihd.net/apps/730/icons/econ/default_generated/weapon_m4a1_gs_m4a4_coalition_light_large.313da3169bf32c427325ebc7f0aae1a0272e399a.png",
    "type": "skin",
    "rarity": 5,
    "price": 3262
  },
  "M4A4 | The Coalition": {
    "masterItem": true,
    "qualities": [5, 4, 3, 2, 1],
    "skin": "The Coalition",
    "weapon": "M4A4",
    "short": "M4A4 | The Coalition",
    "name": "M4A4 | The Coalition",
    "src": "https://steamcdn-a.akamaihd.net/apps/730/icons/econ/default_generated/weapon_m4a1_gs_m4a4_coalition_light_large.313da3169bf32c427325ebc7f0aae1a0272e399a.png",
    "type": "skin",
    "rarity": 5,
    "price": 6493,
    "minPrice": 3262
  },
  "P2000 | Space Race (Factory New)": {
    "quality": 5,
    "skin": "Space Race",
    "weapon": "P2000",
    "short": "P2000 | Space Race",
    "name": "P2000 | Space Race (Factory New)",
    "src": "https://steamcdn-a.akamaihd.net/apps/730/icons/econ/default_generated/weapon_hkp2000_aa_spacerace_orange_light_large.611eae311e379d24b3014383c6270d45012099a0.png",
    "type": "skin",
    "rarity": 3,
    "price": 1088
  },
  "P2000 | Space Race (Minimal Wear)": {
    "quality": 4,
    "skin": "Space Race",
    "weapon": "P2000",
    "short": "P2000 | Space Race",
    "name": "P2000 | Space Race (Minimal Wear)",
    "src": "https://steamcdn-a.akamaihd.net/apps/730/icons/econ/default_generated/weapon_hkp2000_aa_spacerace_orange_light_large.611eae311e379d24b3014383c6270d45012099a0.png",
    "type": "skin",
    "rarity": 3,
    "price": 1049
  },
  "P2000 | Space Race (Field-Tested)": {
    "quality": 3,
    "skin": "Space Race",
    "weapon": "P2000",
    "short": "P2000 | Space Race",
    "name": "P2000 | Space Race (Field-Tested)",
    "src": "https://steamcdn-a.akamaihd.net/apps/730/icons/econ/default_generated/weapon_hkp2000_aa_spacerace_orange_light_large.611eae311e379d24b3014383c6270d45012099a0.png",
    "type": "skin",
    "rarity": 3,
    "price": 1124
  },
  "P2000 | Space Race (Well-Worn)": {
    "quality": 2,
    "skin": "Space Race",
    "weapon": "P2000",
    "short": "P2000 | Space Race",
    "name": "P2000 | Space Race (Well-Worn)",
    "src": "https://steamcdn-a.akamaihd.net/apps/730/icons/econ/default_generated/weapon_hkp2000_aa_spacerace_orange_light_large.611eae311e379d24b3014383c6270d45012099a0.png",
    "type": "skin",
    "rarity": 3,
    "price": 693
  },
  "P2000 | Space Race (Battle-Scarred)": {
    "quality": 1,
    "skin": "Space Race",
    "weapon": "P2000",
    "short": "P2000 | Space Race",
    "name": "P2000 | Space Race (Battle-Scarred)",
    "src": "https://steamcdn-a.akamaihd.net/apps/730/icons/econ/default_generated/weapon_hkp2000_aa_spacerace_orange_light_large.611eae311e379d24b3014383c6270d45012099a0.png",
    "type": "skin",
    "rarity": 3,
    "price": 542
  },
  "P2000 | Space Race": {
    "masterItem": true,
    "qualities": [5, 4, 3, 2, 1],
    "skin": "Space Race",
    "weapon": "P2000",
    "short": "P2000 | Space Race",
    "name": "P2000 | Space Race",
    "src": "https://steamcdn-a.akamaihd.net/apps/730/icons/econ/default_generated/weapon_hkp2000_aa_spacerace_orange_light_large.611eae311e379d24b3014383c6270d45012099a0.png",
    "type": "skin",
    "rarity": 3,
    "price": 1124,
    "minPrice": 542
  },
  "M4A1-S | Fizzy POP (Factory New)": {
    "quality": 5,
    "skin": "Fizzy POP",
    "weapon": "M4A1-S",
    "short": "M4A1-S | Fizzy POP",
    "name": "M4A1-S | Fizzy POP (Factory New)",
    "src": "https://steamcdn-a.akamaihd.net/apps/730/icons/econ/default_generated/weapon_m4a1_silencer_sp_technowar_red_light_large.8b95f916513ef9d3ceab3f8b87acd23779aeef0a.png",
    "type": "skin",
    "rarity": 2,
    "price": 477
  },
  "M4A1-S | Fizzy POP (Minimal Wear)": {
    "quality": 4,
    "skin": "Fizzy POP",
    "weapon": "M4A1-S",
    "short": "M4A1-S | Fizzy POP",
    "name": "M4A1-S | Fizzy POP (Minimal Wear)",
    "src": "https://steamcdn-a.akamaihd.net/apps/730/icons/econ/default_generated/weapon_m4a1_silencer_sp_technowar_red_light_large.8b95f916513ef9d3ceab3f8b87acd23779aeef0a.png",
    "type": "skin",
    "rarity": 2,
    "price": 461
  },
  "M4A1-S | Fizzy POP (Field-Tested)": {
    "quality": 3,
    "skin": "Fizzy POP",
    "weapon": "M4A1-S",
    "short": "M4A1-S | Fizzy POP",
    "name": "M4A1-S | Fizzy POP (Field-Tested)",
    "src": "https://steamcdn-a.akamaihd.net/apps/730/icons/econ/default_generated/weapon_m4a1_silencer_sp_technowar_red_light_large.8b95f916513ef9d3ceab3f8b87acd23779aeef0a.png",
    "type": "skin",
    "rarity": 2,
    "price": 221
  },
  "M4A1-S | Fizzy POP (Well-Worn)": {
    "quality": 2,
    "skin": "Fizzy POP",
    "weapon": "M4A1-S",
    "short": "M4A1-S | Fizzy POP",
    "name": "M4A1-S | Fizzy POP (Well-Worn)",
    "src": "https://steamcdn-a.akamaihd.net/apps/730/icons/econ/default_generated/weapon_m4a1_silencer_sp_technowar_red_light_large.8b95f916513ef9d3ceab3f8b87acd23779aeef0a.png",
    "type": "skin",
    "rarity": 2,
    "price": 286
  },
  "M4A1-S | Fizzy POP (Battle-Scarred)": {
    "quality": 1,
    "skin": "Fizzy POP",
    "weapon": "M4A1-S",
    "short": "M4A1-S | Fizzy POP",
    "name": "M4A1-S | Fizzy POP (Battle-Scarred)",
    "src": "https://steamcdn-a.akamaihd.net/apps/730/icons/econ/default_generated/weapon_m4a1_silencer_sp_technowar_red_light_large.8b95f916513ef9d3ceab3f8b87acd23779aeef0a.png",
    "type": "skin",
    "rarity": 2,
    "price": 167
  },
  "M4A1-S | Fizzy POP": {
    "masterItem": true,
    "qualities": [5, 4, 3, 2, 1],
    "skin": "Fizzy POP",
    "weapon": "M4A1-S",
    "short": "M4A1-S | Fizzy POP",
    "name": "M4A1-S | Fizzy POP",
    "src": "https://steamcdn-a.akamaihd.net/apps/730/icons/econ/default_generated/weapon_m4a1_silencer_sp_technowar_red_light_large.8b95f916513ef9d3ceab3f8b87acd23779aeef0a.png",
    "type": "skin",
    "rarity": 2,
    "price": 477,
    "minPrice": 167
  },
  "R8 Revolver | Blaze (Factory New)": {
    "quality": 5,
    "skin": "Blaze",
    "weapon": "R8 Revolver",
    "short": "R8 Revolver | Blaze",
    "name": "R8 Revolver | Blaze (Factory New)",
    "src": "https://steamcdn-a.akamaihd.net/apps/730/icons/econ/default_generated/weapon_revolver_aa_flames_light_large.190d9cb7b8aad31d105fe838664a7fd99ebf3535.png",
    "type": "skin",
    "rarity": 2,
    "price": 477
  },
  "R8 Revolver | Blaze (Minimal Wear)": {
    "quality": 4,
    "skin": "Blaze",
    "weapon": "R8 Revolver",
    "short": "R8 Revolver | Blaze",
    "name": "R8 Revolver | Blaze (Minimal Wear)",
    "src": "https://steamcdn-a.akamaihd.net/apps/730/icons/econ/default_generated/weapon_revolver_aa_flames_light_large.190d9cb7b8aad31d105fe838664a7fd99ebf3535.png",
    "type": "skin",
    "rarity": 2,
    "price": 347
  },
  "R8 Revolver | Blaze": {
    "masterItem": true,
    "qualities": [5, 4],
    "skin": "Blaze",
    "weapon": "R8 Revolver",
    "short": "R8 Revolver | Blaze",
    "name": "R8 Revolver | Blaze",
    "src": "https://steamcdn-a.akamaihd.net/apps/730/icons/econ/default_generated/weapon_revolver_aa_flames_light_large.190d9cb7b8aad31d105fe838664a7fd99ebf3535.png",
    "type": "skin",
    "rarity": 2,
    "price": 477,
    "minPrice": 347
  },
  "Desert Eagle | Sputnik (Factory New)": {
    "quality": 5,
    "skin": "Sputnik",
    "weapon": "Desert Eagle",
    "short": "Desert Eagle | Sputnik",
    "name": "Desert Eagle | Sputnik (Factory New)",
    "src": "https://steamcdn-a.akamaihd.net/apps/730/icons/econ/default_generated/weapon_deagle_sp_spacerace_blue_light_large.e93e99eadcae13e4ff2cbe9f958d720a34007a6d.png",
    "type": "skin",
    "rarity": 2,
    "price": 578
  },
  "Desert Eagle | Sputnik (Minimal Wear)": {
    "quality": 4,
    "skin": "Sputnik",
    "weapon": "Desert Eagle",
    "short": "Desert Eagle | Sputnik",
    "name": "Desert Eagle | Sputnik (Minimal Wear)",
    "src": "https://steamcdn-a.akamaihd.net/apps/730/icons/econ/default_generated/weapon_deagle_sp_spacerace_blue_light_large.e93e99eadcae13e4ff2cbe9f958d720a34007a6d.png",
    "type": "skin",
    "rarity": 2,
    "price": 272
  },
  "Desert Eagle | Sputnik (Field-Tested)": {
    "quality": 3,
    "skin": "Sputnik",
    "weapon": "Desert Eagle",
    "short": "Desert Eagle | Sputnik",
    "name": "Desert Eagle | Sputnik (Field-Tested)",
    "src": "https://steamcdn-a.akamaihd.net/apps/730/icons/econ/default_generated/weapon_deagle_sp_spacerace_blue_light_large.e93e99eadcae13e4ff2cbe9f958d720a34007a6d.png",
    "type": "skin",
    "rarity": 2,
    "price": 252
  },
  "Desert Eagle | Sputnik (Well-Worn)": {
    "quality": 2,
    "skin": "Sputnik",
    "weapon": "Desert Eagle",
    "short": "Desert Eagle | Sputnik",
    "name": "Desert Eagle | Sputnik (Well-Worn)",
    "src": "https://steamcdn-a.akamaihd.net/apps/730/icons/econ/default_generated/weapon_deagle_sp_spacerace_blue_light_large.e93e99eadcae13e4ff2cbe9f958d720a34007a6d.png",
    "type": "skin",
    "rarity": 2,
    "price": 296
  },
  "Desert Eagle | Sputnik (Battle-Scarred)": {
    "quality": 1,
    "skin": "Sputnik",
    "weapon": "Desert Eagle",
    "short": "Desert Eagle | Sputnik",
    "name": "Desert Eagle | Sputnik (Battle-Scarred)",
    "src": "https://steamcdn-a.akamaihd.net/apps/730/icons/econ/default_generated/weapon_deagle_sp_spacerace_blue_light_large.e93e99eadcae13e4ff2cbe9f958d720a34007a6d.png",
    "type": "skin",
    "rarity": 2,
    "price": 223
  },
  "Desert Eagle | Sputnik": {
    "masterItem": true,
    "qualities": [5, 4, 3, 2, 1],
    "skin": "Sputnik",
    "weapon": "Desert Eagle",
    "short": "Desert Eagle | Sputnik",
    "name": "Desert Eagle | Sputnik",
    "src": "https://steamcdn-a.akamaihd.net/apps/730/icons/econ/default_generated/weapon_deagle_sp_spacerace_blue_light_large.e93e99eadcae13e4ff2cbe9f958d720a34007a6d.png",
    "type": "skin",
    "rarity": 2,
    "price": 578,
    "minPrice": 223
  }
}