{
  "The Vertigo Collection": {
    "name": "The Vertigo Collection",
    "src": "images/items/collections/vertigo.png",
    "price": 2068,
    "type": "case",
    "rarity": 0,
    "content": {
      "items": [
        "PP-Bizon | Carbon Fiber (Factory New)", "PP-Bizon | Carbon Fiber (Minimal Wear)",
        "Souvenir PP-Bizon | Carbon Fiber (Factory New)", "Souvenir PP-Bizon | Carbon Fiber (Minimal Wear)",
        "MAC-10 | Urban DDPAT (Factory New)", "MAC-10 | Urban DDPAT (Minimal Wear)",
        "MAC-10 | Urban DDPAT (Field-Tested)", "MAC-10 | Urban DDPAT (Well-Worn)",
        "MAC-10 | Urban DDPAT (Battle-Scarred)", "Souvenir MAC-10 | Urban DDPAT (Factory New)",
        "Souvenir MAC-10 | Urban DDPAT (Minimal Wear)", "Souvenir MAC-10 | Urban DDPAT (Field-Tested)",
        "Souvenir MAC-10 | Urban DDPAT (Well-Worn)", "Souvenir MAC-10 | Urban DDPAT (Battle-Scarred)",
        "P90 | Glacier Mesh (Factory New)", "P90 | Glacier Mesh (Minimal Wear)", "P90 | Glacier Mesh (Field-Tested)",
        "P90 | Glacier Mesh (Well-Worn)", "P90 | Glacier Mesh (Battle-Scarred)",
        "Souvenir P90 | Glacier Mesh (Factory New)", "Souvenir P90 | Glacier Mesh (Minimal Wear)",
        "Souvenir P90 | Glacier Mesh (Field-Tested)", "Souvenir P90 | Glacier Mesh (Well-Worn)",
        "Souvenir P90 | Glacier Mesh (Battle-Scarred)", "Dual Berettas | Demolition (Field-Tested)",
        "Dual Berettas | Demolition (Well-Worn)", "Dual Berettas | Demolition (Battle-Scarred)",
        "Souvenir Dual Berettas | Demolition (Field-Tested)", "Souvenir Dual Berettas | Demolition (Well-Worn)",
        "Souvenir Dual Berettas | Demolition (Battle-Scarred)", "XM1014 | Urban Perforated (Factory New)",
        "XM1014 | Urban Perforated (Minimal Wear)", "XM1014 | Urban Perforated (Field-Tested)",
        "XM1014 | Urban Perforated (Well-Worn)", "XM1014 | Urban Perforated (Battle-Scarred)",
        "Souvenir XM1014 | Urban Perforated (Factory New)", "Souvenir XM1014 | Urban Perforated (Minimal Wear)",
        "Souvenir XM1014 | Urban Perforated (Field-Tested)", "Souvenir XM1014 | Urban Perforated (Well-Worn)",
        "Souvenir XM1014 | Urban Perforated (Battle-Scarred)", "AK-47 | Black Laminate (Factory New)",
        "AK-47 | Black Laminate (Minimal Wear)", "AK-47 | Black Laminate (Field-Tested)",
        "AK-47 | Black Laminate (Well-Worn)", "AK-47 | Black Laminate (Battle-Scarred)",
        "Souvenir AK-47 | Black Laminate (Factory New)", "Souvenir AK-47 | Black Laminate (Minimal Wear)",
        "Souvenir AK-47 | Black Laminate (Field-Tested)", "Souvenir AK-47 | Black Laminate (Well-Worn)",
        "Souvenir AK-47 | Black Laminate (Battle-Scarred)"
      ]
    }
  },
  "PP-Bizon | Carbon Fiber (Factory New)": {
    "quality": 5,
    "weight": 0.01,
    "skin": "Carbon Fiber",
    "weapon": "PP-Bizon",
    "short": "PP-Bizon | Carbon Fiber",
    "name": "PP-Bizon | Carbon Fiber (Factory New)",
    "src": "https://steamcdn-a.akamaihd.net/apps/730/icons/econ/default_generated/weapon_bizon_am_carbon_fiber_light_large.bc4fbdedf71b3b922a2596dac8df3c50306ecf51.png",
    "type": "skin",
    "rarity": 1,
    "price": 678
  },
  "PP-Bizon | Carbon Fiber (Minimal Wear)": {
    "quality": 4,
    "weight": 0.01,
    "skin": "Carbon Fiber",
    "weapon": "PP-Bizon",
    "short": "PP-Bizon | Carbon Fiber",
    "name": "PP-Bizon | Carbon Fiber (Minimal Wear)",
    "src": "https://steamcdn-a.akamaihd.net/apps/730/icons/econ/default_generated/weapon_bizon_am_carbon_fiber_light_large.bc4fbdedf71b3b922a2596dac8df3c50306ecf51.png",
    "type": "skin",
    "rarity": 1,
    "price": 521
  },
  "Souvenir PP-Bizon | Carbon Fiber (Factory New)": {
    "souvenir": true,
    "quality": 5,
    "weight": 0.01,
    "skin": "Carbon Fiber",
    "weapon": "PP-Bizon",
    "short": "PP-Bizon | Carbon Fiber",
    "name": "Souvenir PP-Bizon | Carbon Fiber (Factory New)",
    "src": "https://steamcdn-a.akamaihd.net/apps/730/icons/econ/default_generated/weapon_bizon_am_carbon_fiber_light_large.bc4fbdedf71b3b922a2596dac8df3c50306ecf51.png",
    "type": "skin",
    "rarity": 1,
    "price": 48
  },
  "Souvenir PP-Bizon | Carbon Fiber (Minimal Wear)": {
    "souvenir": true,
    "quality": 4,
    "weight": 0.01,
    "skin": "Carbon Fiber",
    "weapon": "PP-Bizon",
    "short": "PP-Bizon | Carbon Fiber",
    "name": "Souvenir PP-Bizon | Carbon Fiber (Minimal Wear)",
    "src": "https://steamcdn-a.akamaihd.net/apps/730/icons/econ/default_generated/weapon_bizon_am_carbon_fiber_light_large.bc4fbdedf71b3b922a2596dac8df3c50306ecf51.png",
    "type": "skin",
    "rarity": 1,
    "price": 51
  },
  "PP-Bizon | Carbon Fiber": {
    "souvenirAvailable": true,
    "masterItem": true,
    "qualities": [5, 4],
    "skin": "Carbon Fiber",
    "weapon": "PP-Bizon",
    "short": "PP-Bizon | Carbon Fiber",
    "name": "PP-Bizon | Carbon Fiber",
    "src": "https://steamcdn-a.akamaihd.net/apps/730/icons/econ/default_generated/weapon_bizon_am_carbon_fiber_light_large.bc4fbdedf71b3b922a2596dac8df3c50306ecf51.png",
    "type": "skin",
    "rarity": 1,
    "price": 678,
    "minPrice": 48
  },
  "MAC-10 | Urban DDPAT (Factory New)": {
    "quality": 5,
    "weight": 0.01,
    "skin": "Urban DDPAT",
    "weapon": "MAC-10",
    "short": "MAC-10 | Urban DDPAT",
    "name": "MAC-10 | Urban DDPAT (Factory New)",
    "src": "https://steamcdn-a.akamaihd.net/apps/730/icons/econ/default_generated/weapon_mac10_hy_ddpat_urb_light_large.0c29c0fcd256ee141fac956e954179504dfe0c74.png",
    "type": "skin",
    "rarity": 0,
    "price": 900
  },
  "MAC-10 | Urban DDPAT (Minimal Wear)": {
    "quality": 4,
    "weight": 0.01,
    "skin": "Urban DDPAT",
    "weapon": "MAC-10",
    "short": "MAC-10 | Urban DDPAT",
    "name": "MAC-10 | Urban DDPAT (Minimal Wear)",
    "src": "https://steamcdn-a.akamaihd.net/apps/730/icons/econ/default_generated/weapon_mac10_hy_ddpat_urb_light_large.0c29c0fcd256ee141fac956e954179504dfe0c74.png",
    "type": "skin",
    "rarity": 0,
    "price": 160
  },
  "MAC-10 | Urban DDPAT (Field-Tested)": {
    "quality": 3,
    "weight": 0.01,
    "skin": "Urban DDPAT",
    "weapon": "MAC-10",
    "short": "MAC-10 | Urban DDPAT",
    "name": "MAC-10 | Urban DDPAT (Field-Tested)",
    "src": "https://steamcdn-a.akamaihd.net/apps/730/icons/econ/default_generated/weapon_mac10_hy_ddpat_urb_light_large.0c29c0fcd256ee141fac956e954179504dfe0c74.png",
    "type": "skin",
    "rarity": 0,
    "price": 93
  },
  "MAC-10 | Urban DDPAT (Well-Worn)": {
    "quality": 2,
    "weight": 0.01,
    "skin": "Urban DDPAT",
    "weapon": "MAC-10",
    "short": "MAC-10 | Urban DDPAT",
    "name": "MAC-10 | Urban DDPAT (Well-Worn)",
    "src": "https://steamcdn-a.akamaihd.net/apps/730/icons/econ/default_generated/weapon_mac10_hy_ddpat_urb_light_large.0c29c0fcd256ee141fac956e954179504dfe0c74.png",
    "type": "skin",
    "rarity": 0,
    "price": 91
  },
  "MAC-10 | Urban DDPAT (Battle-Scarred)": {
    "quality": 1,
    "weight": 0.01,
    "skin": "Urban DDPAT",
    "weapon": "MAC-10",
    "short": "MAC-10 | Urban DDPAT",
    "name": "MAC-10 | Urban DDPAT (Battle-Scarred)",
    "src": "https://steamcdn-a.akamaihd.net/apps/730/icons/econ/default_generated/weapon_mac10_hy_ddpat_urb_light_large.0c29c0fcd256ee141fac956e954179504dfe0c74.png",
    "type": "skin",
    "rarity": 0,
    "price": 97
  },
  "Souvenir MAC-10 | Urban DDPAT (Factory New)": {
    "souvenir": true,
    "quality": 5,
    "weight": 0.01,
    "skin": "Urban DDPAT",
    "weapon": "MAC-10",
    "short": "MAC-10 | Urban DDPAT",
    "name": "Souvenir MAC-10 | Urban DDPAT (Factory New)",
    "src": "https://steamcdn-a.akamaihd.net/apps/730/icons/econ/default_generated/weapon_mac10_hy_ddpat_urb_light_large.0c29c0fcd256ee141fac956e954179504dfe0c74.png",
    "type": "skin",
    "rarity": 0,
    "price": 986
  },
  "Souvenir MAC-10 | Urban DDPAT (Minimal Wear)": {
    "souvenir": true,
    "quality": 4,
    "weight": 0.01,
    "skin": "Urban DDPAT",
    "weapon": "MAC-10",
    "short": "MAC-10 | Urban DDPAT",
    "name": "Souvenir MAC-10 | Urban DDPAT (Minimal Wear)",
    "src": "https://steamcdn-a.akamaihd.net/apps/730/icons/econ/default_generated/weapon_mac10_hy_ddpat_urb_light_large.0c29c0fcd256ee141fac956e954179504dfe0c74.png",
    "type": "skin",
    "rarity": 0,
    "price": 59
  },
  "Souvenir MAC-10 | Urban DDPAT (Field-Tested)": {
    "souvenir": true,
    "quality": 3,
    "weight": 0.01,
    "skin": "Urban DDPAT",
    "weapon": "MAC-10",
    "short": "MAC-10 | Urban DDPAT",
    "name": "Souvenir MAC-10 | Urban DDPAT (Field-Tested)",
    "src": "https://steamcdn-a.akamaihd.net/apps/730/icons/econ/default_generated/weapon_mac10_hy_ddpat_urb_light_large.0c29c0fcd256ee141fac956e954179504dfe0c74.png",
    "type": "skin",
    "rarity": 0,
    "price": 16
  },
  "Souvenir MAC-10 | Urban DDPAT (Well-Worn)": {
    "souvenir": true,
    "quality": 2,
    "weight": 0.01,
    "skin": "Urban DDPAT",
    "weapon": "MAC-10",
    "short": "MAC-10 | Urban DDPAT",
    "name": "Souvenir MAC-10 | Urban DDPAT (Well-Worn)",
    "src": "https://steamcdn-a.akamaihd.net/apps/730/icons/econ/default_generated/weapon_mac10_hy_ddpat_urb_light_large.0c29c0fcd256ee141fac956e954179504dfe0c74.png",
    "type": "skin",
    "rarity": 0,
    "price": 20
  },
  "Souvenir MAC-10 | Urban DDPAT (Battle-Scarred)": {
    "souvenir": true,
    "quality": 1,
    "weight": 0.01,
    "skin": "Urban DDPAT",
    "weapon": "MAC-10",
    "short": "MAC-10 | Urban DDPAT",
    "name": "Souvenir MAC-10 | Urban DDPAT (Battle-Scarred)",
    "src": "https://steamcdn-a.akamaihd.net/apps/730/icons/econ/default_generated/weapon_mac10_hy_ddpat_urb_light_large.0c29c0fcd256ee141fac956e954179504dfe0c74.png",
    "type": "skin",
    "rarity": 0,
    "price": 15
  },
  "MAC-10 | Urban DDPAT": {
    "souvenirAvailable": true,
    "masterItem": true,
    "qualities": [5, 4, 3, 2, 1],
    "skin": "Urban DDPAT",
    "weapon": "MAC-10",
    "short": "MAC-10 | Urban DDPAT",
    "name": "MAC-10 | Urban DDPAT",
    "src": "https://steamcdn-a.akamaihd.net/apps/730/icons/econ/default_generated/weapon_mac10_hy_ddpat_urb_light_large.0c29c0fcd256ee141fac956e954179504dfe0c74.png",
    "type": "skin",
    "rarity": 0,
    "price": 986,
    "minPrice": 15
  },
  "P90 | Glacier Mesh (Factory New)": {
    "quality": 5,
    "weight": 0.01,
    "skin": "Glacier Mesh",
    "weapon": "P90",
    "short": "P90 | Glacier Mesh",
    "name": "P90 | Glacier Mesh (Factory New)",
    "src": "https://steamcdn-a.akamaihd.net/apps/730/icons/econ/default_generated/weapon_p90_sp_mesh_glacier_light_large.742539900d5186f68defb5fac7e6a82771c302dd.png",
    "type": "skin",
    "rarity": 2,
    "price": 2716
  },
  "P90 | Glacier Mesh (Minimal Wear)": {
    "quality": 4,
    "weight": 0.01,
    "skin": "Glacier Mesh",
    "weapon": "P90",
    "short": "P90 | Glacier Mesh",
    "name": "P90 | Glacier Mesh (Minimal Wear)",
    "src": "https://steamcdn-a.akamaihd.net/apps/730/icons/econ/default_generated/weapon_p90_sp_mesh_glacier_light_large.742539900d5186f68defb5fac7e6a82771c302dd.png",
    "type": "skin",
    "rarity": 2,
    "price": 469
  },
  "P90 | Glacier Mesh (Field-Tested)": {
    "quality": 3,
    "weight": 0.01,
    "skin": "Glacier Mesh",
    "weapon": "P90",
    "short": "P90 | Glacier Mesh",
    "name": "P90 | Glacier Mesh (Field-Tested)",
    "src": "https://steamcdn-a.akamaihd.net/apps/730/icons/econ/default_generated/weapon_p90_sp_mesh_glacier_light_large.742539900d5186f68defb5fac7e6a82771c302dd.png",
    "type": "skin",
    "rarity": 2,
    "price": 181
  },
  "P90 | Glacier Mesh (Well-Worn)": {
    "quality": 2,
    "weight": 0.01,
    "skin": "Glacier Mesh",
    "weapon": "P90",
    "short": "P90 | Glacier Mesh",
    "name": "P90 | Glacier Mesh (Well-Worn)",
    "src": "https://steamcdn-a.akamaihd.net/apps/730/icons/econ/default_generated/weapon_p90_sp_mesh_glacier_light_large.742539900d5186f68defb5fac7e6a82771c302dd.png",
    "type": "skin",
    "rarity": 2,
    "price": 191
  },
  "P90 | Glacier Mesh (Battle-Scarred)": {
    "quality": 1,
    "weight": 0.01,
    "skin": "Glacier Mesh",
    "weapon": "P90",
    "short": "P90 | Glacier Mesh",
    "name": "P90 | Glacier Mesh (Battle-Scarred)",
    "src": "https://steamcdn-a.akamaihd.net/apps/730/icons/econ/default_generated/weapon_p90_sp_mesh_glacier_light_large.742539900d5186f68defb5fac7e6a82771c302dd.png",
    "type": "skin",
    "rarity": 2,
    "price": 293
  },
  "Souvenir P90 | Glacier Mesh (Factory New)": {
    "souvenir": true,
    "quality": 5,
    "weight": 0.01,
    "skin": "Glacier Mesh",
    "weapon": "P90",
    "short": "P90 | Glacier Mesh",
    "name": "Souvenir P90 | Glacier Mesh (Factory New)",
    "src": "https://steamcdn-a.akamaihd.net/apps/730/icons/econ/default_generated/weapon_p90_sp_mesh_glacier_light_large.742539900d5186f68defb5fac7e6a82771c302dd.png",
    "type": "skin",
    "rarity": 2,
    "price": 10007
  },
  "Souvenir P90 | Glacier Mesh (Minimal Wear)": {
    "souvenir": true,
    "quality": 4,
    "weight": 0.01,
    "skin": "Glacier Mesh",
    "weapon": "P90",
    "short": "P90 | Glacier Mesh",
    "name": "Souvenir P90 | Glacier Mesh (Minimal Wear)",
    "src": "https://steamcdn-a.akamaihd.net/apps/730/icons/econ/default_generated/weapon_p90_sp_mesh_glacier_light_large.742539900d5186f68defb5fac7e6a82771c302dd.png",
    "type": "skin",
    "rarity": 2,
    "price": 714
  },
  "Souvenir P90 | Glacier Mesh (Field-Tested)": {
    "souvenir": true,
    "quality": 3,
    "weight": 0.01,
    "skin": "Glacier Mesh",
    "weapon": "P90",
    "short": "P90 | Glacier Mesh",
    "name": "Souvenir P90 | Glacier Mesh (Field-Tested)",
    "src": "https://steamcdn-a.akamaihd.net/apps/730/icons/econ/default_generated/weapon_p90_sp_mesh_glacier_light_large.742539900d5186f68defb5fac7e6a82771c302dd.png",
    "type": "skin",
    "rarity": 2,
    "price": 171
  },
  "Souvenir P90 | Glacier Mesh (Well-Worn)": {
    "souvenir": true,
    "quality": 2,
    "weight": 0.01,
    "skin": "Glacier Mesh",
    "weapon": "P90",
    "short": "P90 | Glacier Mesh",
    "name": "Souvenir P90 | Glacier Mesh (Well-Worn)",
    "src": "https://steamcdn-a.akamaihd.net/apps/730/icons/econ/default_generated/weapon_p90_sp_mesh_glacier_light_large.742539900d5186f68defb5fac7e6a82771c302dd.png",
    "type": "skin",
    "rarity": 2,
    "price": 171
  },
  "Souvenir P90 | Glacier Mesh (Battle-Scarred)": {
    "souvenir": true,
    "quality": 1,
    "weight": 0.01,
    "skin": "Glacier Mesh",
    "weapon": "P90",
    "short": "P90 | Glacier Mesh",
    "name": "Souvenir P90 | Glacier Mesh (Battle-Scarred)",
    "src": "https://steamcdn-a.akamaihd.net/apps/730/icons/econ/default_generated/weapon_p90_sp_mesh_glacier_light_large.742539900d5186f68defb5fac7e6a82771c302dd.png",
    "type": "skin",
    "rarity": 2,
    "price": 150
  },
  "P90 | Glacier Mesh": {
    "souvenirAvailable": true,
    "masterItem": true,
    "qualities": [5, 4, 3, 2, 1],
    "skin": "Glacier Mesh",
    "weapon": "P90",
    "short": "P90 | Glacier Mesh",
    "name": "P90 | Glacier Mesh",
    "src": "https://steamcdn-a.akamaihd.net/apps/730/icons/econ/default_generated/weapon_p90_sp_mesh_glacier_light_large.742539900d5186f68defb5fac7e6a82771c302dd.png",
    "type": "skin",
    "rarity": 2,
    "price": 10007,
    "minPrice": 150
  },
  "Dual Berettas | Demolition (Field-Tested)": {
    "quality": 3,
    "weight": 0.01,
    "skin": "Demolition",
    "weapon": "Dual Berettas",
    "short": "Dual Berettas | Demolition",
    "name": "Dual Berettas | Demolition (Field-Tested)",
    "src": "https://steamcdn-a.akamaihd.net/apps/730/icons/econ/default_generated/weapon_elite_so_tangerine_light_large.3fd8ec1b63079a11e24d78228ad989b51a30b0ca.png",
    "type": "skin",
    "rarity": 3,
    "price": 311
  },
  "Dual Berettas | Demolition (Well-Worn)": {
    "quality": 2,
    "weight": 0.01,
    "skin": "Demolition",
    "weapon": "Dual Berettas",
    "short": "Dual Berettas | Demolition",
    "name": "Dual Berettas | Demolition (Well-Worn)",
    "src": "https://steamcdn-a.akamaihd.net/apps/730/icons/econ/default_generated/weapon_elite_so_tangerine_light_large.3fd8ec1b63079a11e24d78228ad989b51a30b0ca.png",
    "type": "skin",
    "rarity": 3,
    "price": 215
  },
  "Dual Berettas | Demolition (Battle-Scarred)": {
    "quality": 1,
    "weight": 0.01,
    "skin": "Demolition",
    "weapon": "Dual Berettas",
    "short": "Dual Berettas | Demolition",
    "name": "Dual Berettas | Demolition (Battle-Scarred)",
    "src": "https://steamcdn-a.akamaihd.net/apps/730/icons/econ/default_generated/weapon_elite_so_tangerine_light_large.3fd8ec1b63079a11e24d78228ad989b51a30b0ca.png",
    "type": "skin",
    "rarity": 3,
    "price": 217
  },
  "Souvenir Dual Berettas | Demolition (Field-Tested)": {
    "souvenir": true,
    "quality": 3,
    "weight": 0.01,
    "skin": "Demolition",
    "weapon": "Dual Berettas",
    "short": "Dual Berettas | Demolition",
    "name": "Souvenir Dual Berettas | Demolition (Field-Tested)",
    "src": "https://steamcdn-a.akamaihd.net/apps/730/icons/econ/default_generated/weapon_elite_so_tangerine_light_large.3fd8ec1b63079a11e24d78228ad989b51a30b0ca.png",
    "type": "skin",
    "rarity": 3,
    "price": 863
  },
  "Souvenir Dual Berettas | Demolition (Well-Worn)": {
    "souvenir": true,
    "quality": 2,
    "weight": 0.01,
    "skin": "Demolition",
    "weapon": "Dual Berettas",
    "short": "Dual Berettas | Demolition",
    "name": "Souvenir Dual Berettas | Demolition (Well-Worn)",
    "src": "https://steamcdn-a.akamaihd.net/apps/730/icons/econ/default_generated/weapon_elite_so_tangerine_light_large.3fd8ec1b63079a11e24d78228ad989b51a30b0ca.png",
    "type": "skin",
    "rarity": 3,
    "price": 385
  },
  "Souvenir Dual Berettas | Demolition (Battle-Scarred)": {
    "souvenir": true,
    "quality": 1,
    "weight": 0.01,
    "skin": "Demolition",
    "weapon": "Dual Berettas",
    "short": "Dual Berettas | Demolition",
    "name": "Souvenir Dual Berettas | Demolition (Battle-Scarred)",
    "src": "https://steamcdn-a.akamaihd.net/apps/730/icons/econ/default_generated/weapon_elite_so_tangerine_light_large.3fd8ec1b63079a11e24d78228ad989b51a30b0ca.png",
    "type": "skin",
    "rarity": 3,
    "price": 401
  },
  "Dual Berettas | Demolition": {
    "souvenirAvailable": true,
    "masterItem": true,
    "qualities": [3, 2, 1],
    "skin": "Demolition",
    "weapon": "Dual Berettas",
    "short": "Dual Berettas | Demolition",
    "name": "Dual Berettas | Demolition",
    "src": "https://steamcdn-a.akamaihd.net/apps/730/icons/econ/default_generated/weapon_elite_so_tangerine_light_large.3fd8ec1b63079a11e24d78228ad989b51a30b0ca.png",
    "type": "skin",
    "rarity": 3,
    "price": 863,
    "minPrice": 215
  },
  "XM1014 | Urban Perforated (Factory New)": {
    "quality": 5,
    "weight": 0.01,
    "skin": "Urban Perforated",
    "weapon": "XM1014",
    "short": "XM1014 | Urban Perforated",
    "name": "XM1014 | Urban Perforated (Factory New)",
    "src": "https://steamcdn-a.akamaihd.net/apps/730/icons/econ/default_generated/weapon_xm1014_sp_tape_dots_urban_light_large.751c1e2059e1b9b8ef64b4cd94b22e35cccd0477.png",
    "type": "skin",
    "rarity": 0,
    "price": 356
  },
  "XM1014 | Urban Perforated (Minimal Wear)": {
    "quality": 4,
    "weight": 0.01,
    "skin": "Urban Perforated",
    "weapon": "XM1014",
    "short": "XM1014 | Urban Perforated",
    "name": "XM1014 | Urban Perforated (Minimal Wear)",
    "src": "https://steamcdn-a.akamaihd.net/apps/730/icons/econ/default_generated/weapon_xm1014_sp_tape_dots_urban_light_large.751c1e2059e1b9b8ef64b4cd94b22e35cccd0477.png",
    "type": "skin",
    "rarity": 0,
    "price": 175
  },
  "XM1014 | Urban Perforated (Field-Tested)": {
    "quality": 3,
    "weight": 0.01,
    "skin": "Urban Perforated",
    "weapon": "XM1014",
    "short": "XM1014 | Urban Perforated",
    "name": "XM1014 | Urban Perforated (Field-Tested)",
    "src": "https://steamcdn-a.akamaihd.net/apps/730/icons/econ/default_generated/weapon_xm1014_sp_tape_dots_urban_light_large.751c1e2059e1b9b8ef64b4cd94b22e35cccd0477.png",
    "type": "skin",
    "rarity": 0,
    "price": 82
  },
  "XM1014 | Urban Perforated (Well-Worn)": {
    "quality": 2,
    "weight": 0.01,
    "skin": "Urban Perforated",
    "weapon": "XM1014",
    "short": "XM1014 | Urban Perforated",
    "name": "XM1014 | Urban Perforated (Well-Worn)",
    "src": "https://steamcdn-a.akamaihd.net/apps/730/icons/econ/default_generated/weapon_xm1014_sp_tape_dots_urban_light_large.751c1e2059e1b9b8ef64b4cd94b22e35cccd0477.png",
    "type": "skin",
    "rarity": 0,
    "price": 112
  },
  "XM1014 | Urban Perforated (Battle-Scarred)": {
    "quality": 1,
    "weight": 0.01,
    "skin": "Urban Perforated",
    "weapon": "XM1014",
    "short": "XM1014 | Urban Perforated",
    "name": "XM1014 | Urban Perforated (Battle-Scarred)",
    "src": "https://steamcdn-a.akamaihd.net/apps/730/icons/econ/default_generated/weapon_xm1014_sp_tape_dots_urban_light_large.751c1e2059e1b9b8ef64b4cd94b22e35cccd0477.png",
    "type": "skin",
    "rarity": 0,
    "price": 93
  },
  "Souvenir XM1014 | Urban Perforated (Factory New)": {
    "souvenir": true,
    "quality": 5,
    "weight": 0.01,
    "skin": "Urban Perforated",
    "weapon": "XM1014",
    "short": "XM1014 | Urban Perforated",
    "name": "Souvenir XM1014 | Urban Perforated (Factory New)",
    "src": "https://steamcdn-a.akamaihd.net/apps/730/icons/econ/default_generated/weapon_xm1014_sp_tape_dots_urban_light_large.751c1e2059e1b9b8ef64b4cd94b22e35cccd0477.png",
    "type": "skin",
    "rarity": 0,
    "price": 701
  },
  "Souvenir XM1014 | Urban Perforated (Minimal Wear)": {
    "souvenir": true,
    "quality": 4,
    "weight": 0.01,
    "skin": "Urban Perforated",
    "weapon": "XM1014",
    "short": "XM1014 | Urban Perforated",
    "name": "Souvenir XM1014 | Urban Perforated (Minimal Wear)",
    "src": "https://steamcdn-a.akamaihd.net/apps/730/icons/econ/default_generated/weapon_xm1014_sp_tape_dots_urban_light_large.751c1e2059e1b9b8ef64b4cd94b22e35cccd0477.png",
    "type": "skin",
    "rarity": 0,
    "price": 28
  },
  "Souvenir XM1014 | Urban Perforated (Field-Tested)": {
    "souvenir": true,
    "quality": 3,
    "weight": 0.01,
    "skin": "Urban Perforated",
    "weapon": "XM1014",
    "short": "XM1014 | Urban Perforated",
    "name": "Souvenir XM1014 | Urban Perforated (Field-Tested)",
    "src": "https://steamcdn-a.akamaihd.net/apps/730/icons/econ/default_generated/weapon_xm1014_sp_tape_dots_urban_light_large.751c1e2059e1b9b8ef64b4cd94b22e35cccd0477.png",
    "type": "skin",
    "rarity": 0,
    "price": 10
  },
  "Souvenir XM1014 | Urban Perforated (Well-Worn)": {
    "souvenir": true,
    "quality": 2,
    "weight": 0.01,
    "skin": "Urban Perforated",
    "weapon": "XM1014",
    "short": "XM1014 | Urban Perforated",
    "name": "Souvenir XM1014 | Urban Perforated (Well-Worn)",
    "src": "https://steamcdn-a.akamaihd.net/apps/730/icons/econ/default_generated/weapon_xm1014_sp_tape_dots_urban_light_large.751c1e2059e1b9b8ef64b4cd94b22e35cccd0477.png",
    "type": "skin",
    "rarity": 0,
    "price": 14
  },
  "Souvenir XM1014 | Urban Perforated (Battle-Scarred)": {
    "souvenir": true,
    "quality": 1,
    "weight": 0.01,
    "skin": "Urban Perforated",
    "weapon": "XM1014",
    "short": "XM1014 | Urban Perforated",
    "name": "Souvenir XM1014 | Urban Perforated (Battle-Scarred)",
    "src": "https://steamcdn-a.akamaihd.net/apps/730/icons/econ/default_generated/weapon_xm1014_sp_tape_dots_urban_light_large.751c1e2059e1b9b8ef64b4cd94b22e35cccd0477.png",
    "type": "skin",
    "rarity": 0,
    "price": 11
  },
  "XM1014 | Urban Perforated": {
    "souvenirAvailable": true,
    "masterItem": true,
    "qualities": [5, 4, 3, 2, 1],
    "skin": "Urban Perforated",
    "weapon": "XM1014",
    "short": "XM1014 | Urban Perforated",
    "name": "XM1014 | Urban Perforated",
    "src": "https://steamcdn-a.akamaihd.net/apps/730/icons/econ/default_generated/weapon_xm1014_sp_tape_dots_urban_light_large.751c1e2059e1b9b8ef64b4cd94b22e35cccd0477.png",
    "type": "skin",
    "rarity": 0,
    "price": 701,
    "minPrice": 10
  },
  "AK-47 | Black Laminate (Factory New)": {
    "quality": 5,
    "weight": 0.01,
    "skin": "Black Laminate",
    "weapon": "AK-47",
    "short": "AK-47 | Black Laminate",
    "name": "AK-47 | Black Laminate (Factory New)",
    "src": "https://steamcdn-a.akamaihd.net/apps/730/icons/econ/default_generated/weapon_ak47_hy_ak47lam_bw_light_large.c504cab278a4955e92255ee2022340be2d0982a4.png",
    "type": "skin",
    "rarity": 2,
    "price": 11517
  },
  "AK-47 | Black Laminate (Minimal Wear)": {
    "quality": 4,
    "weight": 0.01,
    "skin": "Black Laminate",
    "weapon": "AK-47",
    "short": "AK-47 | Black Laminate",
    "name": "AK-47 | Black Laminate (Minimal Wear)",
    "src": "https://steamcdn-a.akamaihd.net/apps/730/icons/econ/default_generated/weapon_ak47_hy_ak47lam_bw_light_large.c504cab278a4955e92255ee2022340be2d0982a4.png",
    "type": "skin",
    "rarity": 2,
    "price": 1862
  },
  "AK-47 | Black Laminate (Field-Tested)": {
    "quality": 3,
    "weight": 0.01,
    "skin": "Black Laminate",
    "weapon": "AK-47",
    "short": "AK-47 | Black Laminate",
    "name": "AK-47 | Black Laminate (Field-Tested)",
    "src": "https://steamcdn-a.akamaihd.net/apps/730/icons/econ/default_generated/weapon_ak47_hy_ak47lam_bw_light_large.c504cab278a4955e92255ee2022340be2d0982a4.png",
    "type": "skin",
    "rarity": 2,
    "price": 1701
  },
  "AK-47 | Black Laminate (Well-Worn)": {
    "quality": 2,
    "weight": 0.01,
    "skin": "Black Laminate",
    "weapon": "AK-47",
    "short": "AK-47 | Black Laminate",
    "name": "AK-47 | Black Laminate (Well-Worn)",
    "src": "https://steamcdn-a.akamaihd.net/apps/730/icons/econ/default_generated/weapon_ak47_hy_ak47lam_bw_light_large.c504cab278a4955e92255ee2022340be2d0982a4.png",
    "type": "skin",
    "rarity": 2,
    "price": 1750
  },
  "AK-47 | Black Laminate (Battle-Scarred)": {
    "quality": 1,
    "weight": 0.01,
    "skin": "Black Laminate",
    "weapon": "AK-47",
    "short": "AK-47 | Black Laminate",
    "name": "AK-47 | Black Laminate (Battle-Scarred)",
    "src": "https://steamcdn-a.akamaihd.net/apps/730/icons/econ/default_generated/weapon_ak47_hy_ak47lam_bw_light_large.c504cab278a4955e92255ee2022340be2d0982a4.png",
    "type": "skin",
    "rarity": 2,
    "price": 1768
  },
  "Souvenir AK-47 | Black Laminate (Factory New)": {
    "souvenir": true,
    "quality": 5,
    "weight": 0.01,
    "skin": "Black Laminate",
    "weapon": "AK-47",
    "short": "AK-47 | Black Laminate",
    "name": "Souvenir AK-47 | Black Laminate (Factory New)",
    "src": "https://steamcdn-a.akamaihd.net/apps/730/icons/econ/default_generated/weapon_ak47_hy_ak47lam_bw_light_large.c504cab278a4955e92255ee2022340be2d0982a4.png",
    "type": "skin",
    "rarity": 2,
    "price": 347
  },
  "Souvenir AK-47 | Black Laminate (Minimal Wear)": {
    "souvenir": true,
    "quality": 4,
    "weight": 0.01,
    "skin": "Black Laminate",
    "weapon": "AK-47",
    "short": "AK-47 | Black Laminate",
    "name": "Souvenir AK-47 | Black Laminate (Minimal Wear)",
    "src": "https://steamcdn-a.akamaihd.net/apps/730/icons/econ/default_generated/weapon_ak47_hy_ak47lam_bw_light_large.c504cab278a4955e92255ee2022340be2d0982a4.png",
    "type": "skin",
    "rarity": 2,
    "price": 3502
  },
  "Souvenir AK-47 | Black Laminate (Field-Tested)": {
    "souvenir": true,
    "quality": 3,
    "weight": 0.01,
    "skin": "Black Laminate",
    "weapon": "AK-47",
    "short": "AK-47 | Black Laminate",
    "name": "Souvenir AK-47 | Black Laminate (Field-Tested)",
    "src": "https://steamcdn-a.akamaihd.net/apps/730/icons/econ/default_generated/weapon_ak47_hy_ak47lam_bw_light_large.c504cab278a4955e92255ee2022340be2d0982a4.png",
    "type": "skin",
    "rarity": 2,
    "price": 1690
  },
  "Souvenir AK-47 | Black Laminate (Well-Worn)": {
    "souvenir": true,
    "quality": 2,
    "weight": 0.01,
    "skin": "Black Laminate",
    "weapon": "AK-47",
    "short": "AK-47 | Black Laminate",
    "name": "Souvenir AK-47 | Black Laminate (Well-Worn)",
    "src": "https://steamcdn-a.akamaihd.net/apps/730/icons/econ/default_generated/weapon_ak47_hy_ak47lam_bw_light_large.c504cab278a4955e92255ee2022340be2d0982a4.png",
    "type": "skin",
    "rarity": 2,
    "price": 2019
  },
  "Souvenir AK-47 | Black Laminate (Battle-Scarred)": {
    "souvenir": true,
    "quality": 1,
    "weight": 0.01,
    "skin": "Black Laminate",
    "weapon": "AK-47",
    "short": "AK-47 | Black Laminate",
    "name": "Souvenir AK-47 | Black Laminate (Battle-Scarred)",
    "src": "https://steamcdn-a.akamaihd.net/apps/730/icons/econ/default_generated/weapon_ak47_hy_ak47lam_bw_light_large.c504cab278a4955e92255ee2022340be2d0982a4.png",
    "type": "skin",
    "rarity": 2,
    "price": 1900
  },
  "AK-47 | Black Laminate": {
    "souvenirAvailable": true,
    "masterItem": true,
    "qualities": [5, 4, 3, 2, 1],
    "skin": "Black Laminate",
    "weapon": "AK-47",
    "short": "AK-47 | Black Laminate",
    "name": "AK-47 | Black Laminate",
    "src": "https://steamcdn-a.akamaihd.net/apps/730/icons/econ/default_generated/weapon_ak47_hy_ak47lam_bw_light_large.c504cab278a4955e92255ee2022340be2d0982a4.png",
    "type": "skin",
    "rarity": 2,
    "price": 11517,
    "minPrice": 347
  }
}