{"The 2021 Vertigo Collection":{"name":"The 2021 Vertigo Collection","src":"images/items/collections/vertigo2021.webp","price":607,"type":"case","rarity":0,"content":{"items":["Five-SeveN | Fall Hazard (Factory New)","Five-SeveN | Fall Hazard (Minimal Wear)","Five-SeveN | Fall Hazard (Field-Tested)","Five-SeveN | Fall Hazard (Well-Worn)","Five-SeveN | Fall Hazard (Battle-Scarred)","Souvenir Five-SeveN | Fall Hazard (Factory New)","Souvenir Five-SeveN | Fall Hazard (Minimal Wear)","Souvenir Five-SeveN | Fall Hazard (Field-Tested)","Souvenir Five-SeveN | Fall Hazard (Well-Worn)","Souvenir Five-SeveN | Fall Hazard (Battle-Scarred)","AK-47 | Green Laminate (Factory New)","AK-47 | Green Laminate (Minimal Wear)","AK-47 | Green Laminate (Field-Tested)","AK-47 | Green Laminate (Well-Worn)","Souvenir AK-47 | Green Laminate (Factory New)","Souvenir AK-47 | Green Laminate (Minimal Wear)","Souvenir AK-47 | Green Laminate (Field-Tested)","Souvenir AK-47 | Green Laminate (Well-Worn)","SG 553 | Hazard Pay (Factory New)","SG 553 | Hazard Pay (Minimal Wear)","SG 553 | Hazard Pay (Field-Tested)","SG 553 | Hazard Pay (Well-Worn)","SG 553 | Hazard Pay (Battle-Scarred)","Souvenir SG 553 | Hazard Pay (Factory New)","Souvenir SG 553 | Hazard Pay (Minimal Wear)","Souvenir SG 553 | Hazard Pay (Field-Tested)","Souvenir SG 553 | Hazard Pay (Well-Worn)","Souvenir SG 553 | Hazard Pay (Battle-Scarred)","Galil AR | CAUTION! (Factory New)","Galil AR | CAUTION! (Minimal Wear)","Galil AR | CAUTION! (Field-Tested)","Galil AR | CAUTION! (Well-Worn)","Galil AR | CAUTION! (Battle-Scarred)","Souvenir Galil AR | CAUTION! (Factory New)","Souvenir Galil AR | CAUTION! (Minimal Wear)","Souvenir Galil AR | CAUTION! (Field-Tested)","Souvenir Galil AR | CAUTION! (Well-Worn)","Souvenir Galil AR | CAUTION! (Battle-Scarred)","SSG 08 | Carbon Fiber (Factory New)","SSG 08 | Carbon Fiber (Minimal Wear)","Souvenir SSG 08 | Carbon Fiber (Factory New)","Souvenir SSG 08 | Carbon Fiber (Minimal Wear)","P90 | Schematic (Factory New)","P90 | Schematic (Minimal Wear)","P90 | Schematic (Field-Tested)","P90 | Schematic (Well-Worn)","P90 | Schematic (Battle-Scarred)","Souvenir P90 | Schematic (Factory New)","Souvenir P90 | Schematic (Minimal Wear)","Souvenir P90 | Schematic (Field-Tested)","Souvenir P90 | Schematic (Well-Worn)","Souvenir P90 | Schematic (Battle-Scarred)","MAG-7 | Prism Terrace (Factory New)","MAG-7 | Prism Terrace (Minimal Wear)","MAG-7 | Prism Terrace (Field-Tested)","Souvenir MAG-7 | Prism Terrace (Factory New)","Souvenir MAG-7 | Prism Terrace (Minimal Wear)","Souvenir MAG-7 | Prism Terrace (Field-Tested)","FAMAS | Faulty Wiring (Factory New)","FAMAS | Faulty Wiring (Minimal Wear)","FAMAS | Faulty Wiring (Field-Tested)","FAMAS | Faulty Wiring (Well-Worn)","FAMAS | Faulty Wiring (Battle-Scarred)","Souvenir FAMAS | Faulty Wiring (Factory New)","Souvenir FAMAS | Faulty Wiring (Minimal Wear)","Souvenir FAMAS | Faulty Wiring (Field-Tested)","Souvenir FAMAS | Faulty Wiring (Well-Worn)","Souvenir FAMAS | Faulty Wiring (Battle-Scarred)","Dual Berettas | Oil Change (Factory New)","Dual Berettas | Oil Change (Minimal Wear)","Dual Berettas | Oil Change (Field-Tested)","Dual Berettas | Oil Change (Well-Worn)","Dual Berettas | Oil Change (Battle-Scarred)","Souvenir Dual Berettas | Oil Change (Factory New)","Souvenir Dual Berettas | Oil Change (Minimal Wear)","Souvenir Dual Berettas | Oil Change (Field-Tested)","Souvenir Dual Berettas | Oil Change (Well-Worn)","Souvenir Dual Berettas | Oil Change (Battle-Scarred)","Glock-18 | Red Tire (Factory New)","Glock-18 | Red Tire (Minimal Wear)","Glock-18 | Red Tire (Field-Tested)","Glock-18 | Red Tire (Well-Worn)","Glock-18 | Red Tire (Battle-Scarred)","Souvenir Glock-18 | Red Tire (Factory New)","Souvenir Glock-18 | Red Tire (Minimal Wear)","Souvenir Glock-18 | Red Tire (Field-Tested)","Souvenir Glock-18 | Red Tire (Well-Worn)","Souvenir Glock-18 | Red Tire (Battle-Scarred)","P250 | Digital Architect (Factory New)","P250 | Digital Architect (Minimal Wear)","P250 | Digital Architect (Field-Tested)","P250 | Digital Architect (Well-Worn)","P250 | Digital Architect (Battle-Scarred)","Souvenir P250 | Digital Architect (Factory New)","Souvenir P250 | Digital Architect (Minimal Wear)","Souvenir P250 | Digital Architect (Field-Tested)","Souvenir P250 | Digital Architect (Well-Worn)","Souvenir P250 | Digital Architect (Battle-Scarred)","CZ75-Auto | Framework (Factory New)","CZ75-Auto | Framework (Minimal Wear)","CZ75-Auto | Framework (Field-Tested)","CZ75-Auto | Framework (Well-Worn)","CZ75-Auto | Framework (Battle-Scarred)","Souvenir CZ75-Auto | Framework (Factory New)","Souvenir CZ75-Auto | Framework (Minimal Wear)","Souvenir CZ75-Auto | Framework (Field-Tested)","Souvenir CZ75-Auto | Framework (Well-Worn)","Souvenir CZ75-Auto | Framework (Battle-Scarred)","UMP-45 | Mechanism (Factory New)","UMP-45 | Mechanism (Minimal Wear)","UMP-45 | Mechanism (Field-Tested)","UMP-45 | Mechanism (Well-Worn)","UMP-45 | Mechanism (Battle-Scarred)","Souvenir UMP-45 | Mechanism (Factory New)","Souvenir UMP-45 | Mechanism (Minimal Wear)","Souvenir UMP-45 | Mechanism (Field-Tested)","Souvenir UMP-45 | Mechanism (Well-Worn)","Souvenir UMP-45 | Mechanism (Battle-Scarred)","Negev | Infrastructure (Factory New)","Negev | Infrastructure (Minimal Wear)","Negev | Infrastructure (Field-Tested)","Negev | Infrastructure (Well-Worn)","Negev | Infrastructure (Battle-Scarred)","Souvenir Negev | Infrastructure (Factory New)","Souvenir Negev | Infrastructure (Minimal Wear)","Souvenir Negev | Infrastructure (Field-Tested)","Souvenir Negev | Infrastructure (Well-Worn)","Souvenir Negev | Infrastructure (Battle-Scarred)","PP-Bizon | Breaker Box (Factory New)","PP-Bizon | Breaker Box (Minimal Wear)","PP-Bizon | Breaker Box (Field-Tested)","PP-Bizon | Breaker Box (Well-Worn)","Souvenir PP-Bizon | Breaker Box (Factory New)","Souvenir PP-Bizon | Breaker Box (Minimal Wear)","Souvenir PP-Bizon | Breaker Box (Field-Tested)","Souvenir PP-Bizon | Breaker Box (Well-Worn)","MAC-10 | Strats (Factory New)","MAC-10 | Strats (Minimal Wear)","MAC-10 | Strats (Field-Tested)","MAC-10 | Strats (Well-Worn)","MAC-10 | Strats (Battle-Scarred)","Souvenir MAC-10 | Strats (Factory New)","Souvenir MAC-10 | Strats (Minimal Wear)","Souvenir MAC-10 | Strats (Field-Tested)","Souvenir MAC-10 | Strats (Well-Worn)","Souvenir MAC-10 | Strats (Battle-Scarred)","Nova | Interlock (Factory New)","Nova | Interlock (Minimal Wear)","Nova | Interlock (Field-Tested)","Nova | Interlock (Well-Worn)","Nova | Interlock (Battle-Scarred)","Souvenir Nova | Interlock (Factory New)","Souvenir Nova | Interlock (Minimal Wear)","Souvenir Nova | Interlock (Field-Tested)","Souvenir Nova | Interlock (Well-Worn)","Souvenir Nova | Interlock (Battle-Scarred)","XM1014 | Blue Tire (Factory New)","XM1014 | Blue Tire (Minimal Wear)","XM1014 | Blue Tire (Field-Tested)","XM1014 | Blue Tire (Well-Worn)","XM1014 | Blue Tire (Battle-Scarred)","Souvenir XM1014 | Blue Tire (Factory New)","Souvenir XM1014 | Blue Tire (Minimal Wear)","Souvenir XM1014 | Blue Tire (Field-Tested)","Souvenir XM1014 | Blue Tire (Well-Worn)","Souvenir XM1014 | Blue Tire (Battle-Scarred)","M4A1-S | Imminent Danger (Factory New)","M4A1-S | Imminent Danger (Minimal Wear)","M4A1-S | Imminent Danger (Field-Tested)","M4A1-S | Imminent Danger (Well-Worn)","M4A1-S | Imminent Danger (Battle-Scarred)","Souvenir M4A1-S | Imminent Danger (Factory New)","Souvenir M4A1-S | Imminent Danger (Minimal Wear)","Souvenir M4A1-S | Imminent Danger (Field-Tested)","Souvenir M4A1-S | Imminent Danger (Well-Worn)","Souvenir M4A1-S | Imminent Danger (Battle-Scarred)"]}},"Five-SeveN | Fall Hazard (Factory New)":{"quality":5,"skin":"Fall Hazard","weapon":"Five-SeveN","short":"Five-SeveN | Fall Hazard","name":"Five-SeveN | Fall Hazard (Factory New)","src":"https://steamcdn-a.akamaihd.net/apps/730/icons/econ/default_generated/weapon_fiveseven_cu_vertigo_fiveseven_light_large.8d09586ce7da49599697204b4b7fc32930b47836.png","type":"skin","rarity":4,"price":3933},"Five-SeveN | Fall Hazard (Minimal Wear)":{"quality":4,"skin":"Fall Hazard","weapon":"Five-SeveN","short":"Five-SeveN | Fall Hazard","name":"Five-SeveN | Fall Hazard (Minimal Wear)","src":"https://steamcdn-a.akamaihd.net/apps/730/icons/econ/default_generated/weapon_fiveseven_cu_vertigo_fiveseven_light_large.8d09586ce7da49599697204b4b7fc32930b47836.png","type":"skin","rarity":4,"price":3222},"Five-SeveN | Fall Hazard (Field-Tested)":{"quality":3,"skin":"Fall Hazard","weapon":"Five-SeveN","short":"Five-SeveN | Fall Hazard","name":"Five-SeveN | Fall Hazard (Field-Tested)","src":"https://steamcdn-a.akamaihd.net/apps/730/icons/econ/default_generated/weapon_fiveseven_cu_vertigo_fiveseven_light_large.8d09586ce7da49599697204b4b7fc32930b47836.png","type":"skin","rarity":4,"price":1801},"Five-SeveN | Fall Hazard (Well-Worn)":{"quality":2,"skin":"Fall Hazard","weapon":"Five-SeveN","short":"Five-SeveN | Fall Hazard","name":"Five-SeveN | Fall Hazard (Well-Worn)","src":"https://steamcdn-a.akamaihd.net/apps/730/icons/econ/default_generated/weapon_fiveseven_cu_vertigo_fiveseven_light_large.8d09586ce7da49599697204b4b7fc32930b47836.png","type":"skin","rarity":4,"price":1884},"Five-SeveN | Fall Hazard (Battle-Scarred)":{"quality":1,"skin":"Fall Hazard","weapon":"Five-SeveN","short":"Five-SeveN | Fall Hazard","name":"Five-SeveN | Fall Hazard (Battle-Scarred)","src":"https://steamcdn-a.akamaihd.net/apps/730/icons/econ/default_generated/weapon_fiveseven_cu_vertigo_fiveseven_light_large.8d09586ce7da49599697204b4b7fc32930b47836.png","type":"skin","rarity":4,"price":1292},"Souvenir Five-SeveN | Fall Hazard (Factory New)":{"souvenir":true,"quality":5,"skin":"Fall Hazard","weapon":"Five-SeveN","short":"Five-SeveN | Fall Hazard","name":"Souvenir Five-SeveN | Fall Hazard (Factory New)","src":"https://steamcdn-a.akamaihd.net/apps/730/icons/econ/default_generated/weapon_fiveseven_cu_vertigo_fiveseven_light_large.8d09586ce7da49599697204b4b7fc32930b47836.png","type":"skin","rarity":4,"price":3983},"Souvenir Five-SeveN | Fall Hazard (Minimal Wear)":{"souvenir":true,"quality":4,"skin":"Fall Hazard","weapon":"Five-SeveN","short":"Five-SeveN | Fall Hazard","name":"Souvenir Five-SeveN | Fall Hazard (Minimal Wear)","src":"https://steamcdn-a.akamaihd.net/apps/730/icons/econ/default_generated/weapon_fiveseven_cu_vertigo_fiveseven_light_large.8d09586ce7da49599697204b4b7fc32930b47836.png","type":"skin","rarity":4,"price":2522},"Souvenir Five-SeveN | Fall Hazard (Field-Tested)":{"souvenir":true,"quality":3,"skin":"Fall Hazard","weapon":"Five-SeveN","short":"Five-SeveN | Fall Hazard","name":"Souvenir Five-SeveN | Fall Hazard (Field-Tested)","src":"https://steamcdn-a.akamaihd.net/apps/730/icons/econ/default_generated/weapon_fiveseven_cu_vertigo_fiveseven_light_large.8d09586ce7da49599697204b4b7fc32930b47836.png","type":"skin","rarity":4,"price":1576},"Souvenir Five-SeveN | Fall Hazard (Well-Worn)":{"souvenir":true,"quality":2,"skin":"Fall Hazard","weapon":"Five-SeveN","short":"Five-SeveN | Fall Hazard","name":"Souvenir Five-SeveN | Fall Hazard (Well-Worn)","src":"https://steamcdn-a.akamaihd.net/apps/730/icons/econ/default_generated/weapon_fiveseven_cu_vertigo_fiveseven_light_large.8d09586ce7da49599697204b4b7fc32930b47836.png","type":"skin","rarity":4,"price":1569},"Souvenir Five-SeveN | Fall Hazard (Battle-Scarred)":{"souvenir":true,"quality":1,"skin":"Fall Hazard","weapon":"Five-SeveN","short":"Five-SeveN | Fall Hazard","name":"Souvenir Five-SeveN | Fall Hazard (Battle-Scarred)","src":"https://steamcdn-a.akamaihd.net/apps/730/icons/econ/default_generated/weapon_fiveseven_cu_vertigo_fiveseven_light_large.8d09586ce7da49599697204b4b7fc32930b47836.png","type":"skin","rarity":4,"price":2085},"Five-SeveN | Fall Hazard":{"souvenirAvailable":true,"masterItem":true,"qualities":[5,4,3,2,1],"skin":"Fall Hazard","weapon":"Five-SeveN","short":"Five-SeveN | Fall Hazard","name":"Five-SeveN | Fall Hazard","src":"https://steamcdn-a.akamaihd.net/apps/730/icons/econ/default_generated/weapon_fiveseven_cu_vertigo_fiveseven_light_large.8d09586ce7da49599697204b4b7fc32930b47836.png","type":"skin","rarity":4,"price":3983,"minPrice":1292},"AK-47 | Green Laminate (Factory New)":{"quality":5,"skin":"Green Laminate","weapon":"AK-47","short":"AK-47 | Green Laminate","name":"AK-47 | Green Laminate (Factory New)","src":"https://steamcdn-a.akamaihd.net/apps/730/icons/econ/default_generated/weapon_ak47_hy_ak47lam_green_light_large.ecbaf85e35ca08156cc305017d4dc4276a742a8f.png","type":"skin","rarity":2,"price":546},"AK-47 | Green Laminate (Minimal Wear)":{"quality":4,"skin":"Green Laminate","weapon":"AK-47","short":"AK-47 | Green Laminate","name":"AK-47 | Green Laminate (Minimal Wear)","src":"https://steamcdn-a.akamaihd.net/apps/730/icons/econ/default_generated/weapon_ak47_hy_ak47lam_green_light_large.ecbaf85e35ca08156cc305017d4dc4276a742a8f.png","type":"skin","rarity":2,"price":460},"AK-47 | Green Laminate (Field-Tested)":{"quality":3,"skin":"Green Laminate","weapon":"AK-47","short":"AK-47 | Green Laminate","name":"AK-47 | Green Laminate (Field-Tested)","src":"https://steamcdn-a.akamaihd.net/apps/730/icons/econ/default_generated/weapon_ak47_hy_ak47lam_green_light_large.ecbaf85e35ca08156cc305017d4dc4276a742a8f.png","type":"skin","rarity":2,"price":288},"AK-47 | Green Laminate (Well-Worn)":{"quality":2,"skin":"Green Laminate","weapon":"AK-47","short":"AK-47 | Green Laminate","name":"AK-47 | Green Laminate (Well-Worn)","src":"https://steamcdn-a.akamaihd.net/apps/730/icons/econ/default_generated/weapon_ak47_hy_ak47lam_green_light_large.ecbaf85e35ca08156cc305017d4dc4276a742a8f.png","type":"skin","rarity":2,"price":365},"Souvenir AK-47 | Green Laminate (Factory New)":{"souvenir":true,"quality":5,"skin":"Green Laminate","weapon":"AK-47","short":"AK-47 | Green Laminate","name":"Souvenir AK-47 | Green Laminate (Factory New)","src":"https://steamcdn-a.akamaihd.net/apps/730/icons/econ/default_generated/weapon_ak47_hy_ak47lam_green_light_large.ecbaf85e35ca08156cc305017d4dc4276a742a8f.png","type":"skin","rarity":2,"price":456},"Souvenir AK-47 | Green Laminate (Minimal Wear)":{"souvenir":true,"quality":4,"skin":"Green Laminate","weapon":"AK-47","short":"AK-47 | Green Laminate","name":"Souvenir AK-47 | Green Laminate (Minimal Wear)","src":"https://steamcdn-a.akamaihd.net/apps/730/icons/econ/default_generated/weapon_ak47_hy_ak47lam_green_light_large.ecbaf85e35ca08156cc305017d4dc4276a742a8f.png","type":"skin","rarity":2,"price":470},"Souvenir AK-47 | Green Laminate (Field-Tested)":{"souvenir":true,"quality":3,"skin":"Green Laminate","weapon":"AK-47","short":"AK-47 | Green Laminate","name":"Souvenir AK-47 | Green Laminate (Field-Tested)","src":"https://steamcdn-a.akamaihd.net/apps/730/icons/econ/default_generated/weapon_ak47_hy_ak47lam_green_light_large.ecbaf85e35ca08156cc305017d4dc4276a742a8f.png","type":"skin","rarity":2,"price":267},"Souvenir AK-47 | Green Laminate (Well-Worn)":{"souvenir":true,"quality":2,"skin":"Green Laminate","weapon":"AK-47","short":"AK-47 | Green Laminate","name":"Souvenir AK-47 | Green Laminate (Well-Worn)","src":"https://steamcdn-a.akamaihd.net/apps/730/icons/econ/default_generated/weapon_ak47_hy_ak47lam_green_light_large.ecbaf85e35ca08156cc305017d4dc4276a742a8f.png","type":"skin","rarity":2,"price":191},"AK-47 | Green Laminate":{"souvenirAvailable":true,"masterItem":true,"qualities":[5,4,3,2],"skin":"Green Laminate","weapon":"AK-47","short":"AK-47 | Green Laminate","name":"AK-47 | Green Laminate","src":"https://steamcdn-a.akamaihd.net/apps/730/icons/econ/default_generated/weapon_ak47_hy_ak47lam_green_light_large.ecbaf85e35ca08156cc305017d4dc4276a742a8f.png","type":"skin","rarity":2,"price":546,"minPrice":191},"SG 553 | Hazard Pay (Factory New)":{"quality":5,"skin":"Hazard Pay","weapon":"SG 553","short":"SG 553 | Hazard Pay","name":"SG 553 | Hazard Pay (Factory New)","src":"https://steamcdn-a.akamaihd.net/apps/730/icons/econ/default_generated/weapon_sg556_cu_sg553_caution_light_large.48fe10aaedc4fbba77afd76c31a5ab86da42461b.png","type":"skin","rarity":4,"price":3974},"SG 553 | Hazard Pay (Minimal Wear)":{"quality":4,"skin":"Hazard Pay","weapon":"SG 553","short":"SG 553 | Hazard Pay","name":"SG 553 | Hazard Pay (Minimal Wear)","src":"https://steamcdn-a.akamaihd.net/apps/730/icons/econ/default_generated/weapon_sg556_cu_sg553_caution_light_large.48fe10aaedc4fbba77afd76c31a5ab86da42461b.png","type":"skin","rarity":4,"price":3287},"SG 553 | Hazard Pay (Field-Tested)":{"quality":3,"skin":"Hazard Pay","weapon":"SG 553","short":"SG 553 | Hazard Pay","name":"SG 553 | Hazard Pay (Field-Tested)","src":"https://steamcdn-a.akamaihd.net/apps/730/icons/econ/default_generated/weapon_sg556_cu_sg553_caution_light_large.48fe10aaedc4fbba77afd76c31a5ab86da42461b.png","type":"skin","rarity":4,"price":1597},"SG 553 | Hazard Pay (Well-Worn)":{"quality":2,"skin":"Hazard Pay","weapon":"SG 553","short":"SG 553 | Hazard Pay","name":"SG 553 | Hazard Pay (Well-Worn)","src":"https://steamcdn-a.akamaihd.net/apps/730/icons/econ/default_generated/weapon_sg556_cu_sg553_caution_light_large.48fe10aaedc4fbba77afd76c31a5ab86da42461b.png","type":"skin","rarity":4,"price":2540},"SG 553 | Hazard Pay (Battle-Scarred)":{"quality":1,"skin":"Hazard Pay","weapon":"SG 553","short":"SG 553 | Hazard Pay","name":"SG 553 | Hazard Pay (Battle-Scarred)","src":"https://steamcdn-a.akamaihd.net/apps/730/icons/econ/default_generated/weapon_sg556_cu_sg553_caution_light_large.48fe10aaedc4fbba77afd76c31a5ab86da42461b.png","type":"skin","rarity":4,"price":2002},"Souvenir SG 553 | Hazard Pay (Factory New)":{"souvenir":true,"quality":5,"skin":"Hazard Pay","weapon":"SG 553","short":"SG 553 | Hazard Pay","name":"Souvenir SG 553 | Hazard Pay (Factory New)","src":"https://steamcdn-a.akamaihd.net/apps/730/icons/econ/default_generated/weapon_sg556_cu_sg553_caution_light_large.48fe10aaedc4fbba77afd76c31a5ab86da42461b.png","type":"skin","rarity":4,"price":2661},"Souvenir SG 553 | Hazard Pay (Minimal Wear)":{"souvenir":true,"quality":4,"skin":"Hazard Pay","weapon":"SG 553","short":"SG 553 | Hazard Pay","name":"Souvenir SG 553 | Hazard Pay (Minimal Wear)","src":"https://steamcdn-a.akamaihd.net/apps/730/icons/econ/default_generated/weapon_sg556_cu_sg553_caution_light_large.48fe10aaedc4fbba77afd76c31a5ab86da42461b.png","type":"skin","rarity":4,"price":3251},"Souvenir SG 553 | Hazard Pay (Field-Tested)":{"souvenir":true,"quality":3,"skin":"Hazard Pay","weapon":"SG 553","short":"SG 553 | Hazard Pay","name":"Souvenir SG 553 | Hazard Pay (Field-Tested)","src":"https://steamcdn-a.akamaihd.net/apps/730/icons/econ/default_generated/weapon_sg556_cu_sg553_caution_light_large.48fe10aaedc4fbba77afd76c31a5ab86da42461b.png","type":"skin","rarity":4,"price":2651},"Souvenir SG 553 | Hazard Pay (Well-Worn)":{"souvenir":true,"quality":2,"skin":"Hazard Pay","weapon":"SG 553","short":"SG 553 | Hazard Pay","name":"Souvenir SG 553 | Hazard Pay (Well-Worn)","src":"https://steamcdn-a.akamaihd.net/apps/730/icons/econ/default_generated/weapon_sg556_cu_sg553_caution_light_large.48fe10aaedc4fbba77afd76c31a5ab86da42461b.png","type":"skin","rarity":4,"price":2577},"Souvenir SG 553 | Hazard Pay (Battle-Scarred)":{"souvenir":true,"quality":1,"skin":"Hazard Pay","weapon":"SG 553","short":"SG 553 | Hazard Pay","name":"Souvenir SG 553 | Hazard Pay (Battle-Scarred)","src":"https://steamcdn-a.akamaihd.net/apps/730/icons/econ/default_generated/weapon_sg556_cu_sg553_caution_light_large.48fe10aaedc4fbba77afd76c31a5ab86da42461b.png","type":"skin","rarity":4,"price":1945},"SG 553 | Hazard Pay":{"souvenirAvailable":true,"masterItem":true,"qualities":[5,4,3,2,1],"skin":"Hazard Pay","weapon":"SG 553","short":"SG 553 | Hazard Pay","name":"SG 553 | Hazard Pay","src":"https://steamcdn-a.akamaihd.net/apps/730/icons/econ/default_generated/weapon_sg556_cu_sg553_caution_light_large.48fe10aaedc4fbba77afd76c31a5ab86da42461b.png","type":"skin","rarity":4,"price":3974,"minPrice":1597},"Galil AR | CAUTION! (Factory New)":{"quality":5,"skin":"CAUTION!","weapon":"Galil AR","short":"Galil AR | CAUTION!","name":"Galil AR | CAUTION! (Factory New)","src":"https://steamcdn-a.akamaihd.net/apps/730/icons/econ/default_generated/weapon_galilar_sp_galil_caution_light_large.f70544059dd7c3ff5709c8a1493643d1ef2a5dde.png","type":"skin","rarity":3,"price":1519},"Galil AR | CAUTION! (Minimal Wear)":{"quality":4,"skin":"CAUTION!","weapon":"Galil AR","short":"Galil AR | CAUTION!","name":"Galil AR | CAUTION! (Minimal Wear)","src":"https://steamcdn-a.akamaihd.net/apps/730/icons/econ/default_generated/weapon_galilar_sp_galil_caution_light_large.f70544059dd7c3ff5709c8a1493643d1ef2a5dde.png","type":"skin","rarity":3,"price":1159},"Galil AR | CAUTION! (Field-Tested)":{"quality":3,"skin":"CAUTION!","weapon":"Galil AR","short":"Galil AR | CAUTION!","name":"Galil AR | CAUTION! (Field-Tested)","src":"https://steamcdn-a.akamaihd.net/apps/730/icons/econ/default_generated/weapon_galilar_sp_galil_caution_light_large.f70544059dd7c3ff5709c8a1493643d1ef2a5dde.png","type":"skin","rarity":3,"price":585},"Galil AR | CAUTION! (Well-Worn)":{"quality":2,"skin":"CAUTION!","weapon":"Galil AR","short":"Galil AR | CAUTION!","name":"Galil AR | CAUTION! (Well-Worn)","src":"https://steamcdn-a.akamaihd.net/apps/730/icons/econ/default_generated/weapon_galilar_sp_galil_caution_light_large.f70544059dd7c3ff5709c8a1493643d1ef2a5dde.png","type":"skin","rarity":3,"price":605},"Galil AR | CAUTION! (Battle-Scarred)":{"quality":1,"skin":"CAUTION!","weapon":"Galil AR","short":"Galil AR | CAUTION!","name":"Galil AR | CAUTION! (Battle-Scarred)","src":"https://steamcdn-a.akamaihd.net/apps/730/icons/econ/default_generated/weapon_galilar_sp_galil_caution_light_large.f70544059dd7c3ff5709c8a1493643d1ef2a5dde.png","type":"skin","rarity":3,"price":663},"Souvenir Galil AR | CAUTION! (Factory New)":{"souvenir":true,"quality":5,"skin":"CAUTION!","weapon":"Galil AR","short":"Galil AR | CAUTION!","name":"Souvenir Galil AR | CAUTION! (Factory New)","src":"https://steamcdn-a.akamaihd.net/apps/730/icons/econ/default_generated/weapon_galilar_sp_galil_caution_light_large.f70544059dd7c3ff5709c8a1493643d1ef2a5dde.png","type":"skin","rarity":3,"price":1357},"Souvenir Galil AR | CAUTION! (Minimal Wear)":{"souvenir":true,"quality":4,"skin":"CAUTION!","weapon":"Galil AR","short":"Galil AR | CAUTION!","name":"Souvenir Galil AR | CAUTION! (Minimal Wear)","src":"https://steamcdn-a.akamaihd.net/apps/730/icons/econ/default_generated/weapon_galilar_sp_galil_caution_light_large.f70544059dd7c3ff5709c8a1493643d1ef2a5dde.png","type":"skin","rarity":3,"price":802},"Souvenir Galil AR | CAUTION! (Field-Tested)":{"souvenir":true,"quality":3,"skin":"CAUTION!","weapon":"Galil AR","short":"Galil AR | CAUTION!","name":"Souvenir Galil AR | CAUTION! (Field-Tested)","src":"https://steamcdn-a.akamaihd.net/apps/730/icons/econ/default_generated/weapon_galilar_sp_galil_caution_light_large.f70544059dd7c3ff5709c8a1493643d1ef2a5dde.png","type":"skin","rarity":3,"price":663},"Souvenir Galil AR | CAUTION! (Well-Worn)":{"souvenir":true,"quality":2,"skin":"CAUTION!","weapon":"Galil AR","short":"Galil AR | CAUTION!","name":"Souvenir Galil AR | CAUTION! (Well-Worn)","src":"https://steamcdn-a.akamaihd.net/apps/730/icons/econ/default_generated/weapon_galilar_sp_galil_caution_light_large.f70544059dd7c3ff5709c8a1493643d1ef2a5dde.png","type":"skin","rarity":3,"price":564},"Souvenir Galil AR | CAUTION! (Battle-Scarred)":{"souvenir":true,"quality":1,"skin":"CAUTION!","weapon":"Galil AR","short":"Galil AR | CAUTION!","name":"Souvenir Galil AR | CAUTION! (Battle-Scarred)","src":"https://steamcdn-a.akamaihd.net/apps/730/icons/econ/default_generated/weapon_galilar_sp_galil_caution_light_large.f70544059dd7c3ff5709c8a1493643d1ef2a5dde.png","type":"skin","rarity":3,"price":596},"Galil AR | CAUTION!":{"souvenirAvailable":true,"masterItem":true,"qualities":[5,4,3,2,1],"skin":"CAUTION!","weapon":"Galil AR","short":"Galil AR | CAUTION!","name":"Galil AR | CAUTION!","src":"https://steamcdn-a.akamaihd.net/apps/730/icons/econ/default_generated/weapon_galilar_sp_galil_caution_light_large.f70544059dd7c3ff5709c8a1493643d1ef2a5dde.png","type":"skin","rarity":3,"price":1519,"minPrice":564},"SSG 08 | Carbon Fiber (Factory New)":{"quality":5,"skin":"Carbon Fiber","weapon":"SSG 08","short":"SSG 08 | Carbon Fiber","name":"SSG 08 | Carbon Fiber (Factory New)","src":"https://steamcdn-a.akamaihd.net/apps/730/icons/econ/default_generated/weapon_ssg08_am_carbon_fiber_light_large.90255a5b4940cc078005493430f0a73761b990e4.png","type":"skin","rarity":1,"price":185},"SSG 08 | Carbon Fiber (Minimal Wear)":{"quality":4,"skin":"Carbon Fiber","weapon":"SSG 08","short":"SSG 08 | Carbon Fiber","name":"SSG 08 | Carbon Fiber (Minimal Wear)","src":"https://steamcdn-a.akamaihd.net/apps/730/icons/econ/default_generated/weapon_ssg08_am_carbon_fiber_light_large.90255a5b4940cc078005493430f0a73761b990e4.png","type":"skin","rarity":1,"price":130},"Souvenir SSG 08 | Carbon Fiber (Factory New)":{"souvenir":true,"quality":5,"skin":"Carbon Fiber","weapon":"SSG 08","short":"SSG 08 | Carbon Fiber","name":"Souvenir SSG 08 | Carbon Fiber (Factory New)","src":"https://steamcdn-a.akamaihd.net/apps/730/icons/econ/default_generated/weapon_ssg08_am_carbon_fiber_light_large.90255a5b4940cc078005493430f0a73761b990e4.png","type":"skin","rarity":1,"price":125},"Souvenir SSG 08 | Carbon Fiber (Minimal Wear)":{"souvenir":true,"quality":4,"skin":"Carbon Fiber","weapon":"SSG 08","short":"SSG 08 | Carbon Fiber","name":"Souvenir SSG 08 | Carbon Fiber (Minimal Wear)","src":"https://steamcdn-a.akamaihd.net/apps/730/icons/econ/default_generated/weapon_ssg08_am_carbon_fiber_light_large.90255a5b4940cc078005493430f0a73761b990e4.png","type":"skin","rarity":1,"price":111},"SSG 08 | Carbon Fiber":{"souvenirAvailable":true,"masterItem":true,"qualities":[5,4],"skin":"Carbon Fiber","weapon":"SSG 08","short":"SSG 08 | Carbon Fiber","name":"SSG 08 | Carbon Fiber","src":"https://steamcdn-a.akamaihd.net/apps/730/icons/econ/default_generated/weapon_ssg08_am_carbon_fiber_light_large.90255a5b4940cc078005493430f0a73761b990e4.png","type":"skin","rarity":1,"price":185,"minPrice":111},"P90 | Schematic (Factory New)":{"quality":5,"skin":"Schematic","weapon":"P90","short":"P90 | Schematic","name":"P90 | Schematic (Factory New)","src":"https://steamcdn-a.akamaihd.net/apps/730/icons/econ/default_generated/weapon_p90_hy_vertigogeo_light_large.321d8068761b4b89e1e9f5916ba2cfca5068e080.png","type":"skin","rarity":2,"price":522},"P90 | Schematic (Minimal Wear)":{"quality":4,"skin":"Schematic","weapon":"P90","short":"P90 | Schematic","name":"P90 | Schematic (Minimal Wear)","src":"https://steamcdn-a.akamaihd.net/apps/730/icons/econ/default_generated/weapon_p90_hy_vertigogeo_light_large.321d8068761b4b89e1e9f5916ba2cfca5068e080.png","type":"skin","rarity":2,"price":346},"P90 | Schematic (Field-Tested)":{"quality":3,"skin":"Schematic","weapon":"P90","short":"P90 | Schematic","name":"P90 | Schematic (Field-Tested)","src":"https://steamcdn-a.akamaihd.net/apps/730/icons/econ/default_generated/weapon_p90_hy_vertigogeo_light_large.321d8068761b4b89e1e9f5916ba2cfca5068e080.png","type":"skin","rarity":2,"price":428},"P90 | Schematic (Well-Worn)":{"quality":2,"skin":"Schematic","weapon":"P90","short":"P90 | Schematic","name":"P90 | Schematic (Well-Worn)","src":"https://steamcdn-a.akamaihd.net/apps/730/icons/econ/default_generated/weapon_p90_hy_vertigogeo_light_large.321d8068761b4b89e1e9f5916ba2cfca5068e080.png","type":"skin","rarity":2,"price":230},"P90 | Schematic (Battle-Scarred)":{"quality":1,"skin":"Schematic","weapon":"P90","short":"P90 | Schematic","name":"P90 | Schematic (Battle-Scarred)","src":"https://steamcdn-a.akamaihd.net/apps/730/icons/econ/default_generated/weapon_p90_hy_vertigogeo_light_large.321d8068761b4b89e1e9f5916ba2cfca5068e080.png","type":"skin","rarity":2,"price":190},"Souvenir P90 | Schematic (Factory New)":{"souvenir":true,"quality":5,"skin":"Schematic","weapon":"P90","short":"P90 | Schematic","name":"Souvenir P90 | Schematic (Factory New)","src":"https://steamcdn-a.akamaihd.net/apps/730/icons/econ/default_generated/weapon_p90_hy_vertigogeo_light_large.321d8068761b4b89e1e9f5916ba2cfca5068e080.png","type":"skin","rarity":2,"price":524},"Souvenir P90 | Schematic (Minimal Wear)":{"souvenir":true,"quality":4,"skin":"Schematic","weapon":"P90","short":"P90 | Schematic","name":"Souvenir P90 | Schematic (Minimal Wear)","src":"https://steamcdn-a.akamaihd.net/apps/730/icons/econ/default_generated/weapon_p90_hy_vertigogeo_light_large.321d8068761b4b89e1e9f5916ba2cfca5068e080.png","type":"skin","rarity":2,"price":437},"Souvenir P90 | Schematic (Field-Tested)":{"souvenir":true,"quality":3,"skin":"Schematic","weapon":"P90","short":"P90 | Schematic","name":"Souvenir P90 | Schematic (Field-Tested)","src":"https://steamcdn-a.akamaihd.net/apps/730/icons/econ/default_generated/weapon_p90_hy_vertigogeo_light_large.321d8068761b4b89e1e9f5916ba2cfca5068e080.png","type":"skin","rarity":2,"price":366},"Souvenir P90 | Schematic (Well-Worn)":{"souvenir":true,"quality":2,"skin":"Schematic","weapon":"P90","short":"P90 | Schematic","name":"Souvenir P90 | Schematic (Well-Worn)","src":"https://steamcdn-a.akamaihd.net/apps/730/icons/econ/default_generated/weapon_p90_hy_vertigogeo_light_large.321d8068761b4b89e1e9f5916ba2cfca5068e080.png","type":"skin","rarity":2,"price":233},"Souvenir P90 | Schematic (Battle-Scarred)":{"souvenir":true,"quality":1,"skin":"Schematic","weapon":"P90","short":"P90 | Schematic","name":"Souvenir P90 | Schematic (Battle-Scarred)","src":"https://steamcdn-a.akamaihd.net/apps/730/icons/econ/default_generated/weapon_p90_hy_vertigogeo_light_large.321d8068761b4b89e1e9f5916ba2cfca5068e080.png","type":"skin","rarity":2,"price":272},"P90 | Schematic":{"souvenirAvailable":true,"masterItem":true,"qualities":[5,4,3,2,1],"skin":"Schematic","weapon":"P90","short":"P90 | Schematic","name":"P90 | Schematic","src":"https://steamcdn-a.akamaihd.net/apps/730/icons/econ/default_generated/weapon_p90_hy_vertigogeo_light_large.321d8068761b4b89e1e9f5916ba2cfca5068e080.png","type":"skin","rarity":2,"price":524,"minPrice":190},"MAG-7 | Prism Terrace (Factory New)":{"quality":5,"skin":"Prism Terrace","weapon":"MAG-7","short":"MAG-7 | Prism Terrace","name":"MAG-7 | Prism Terrace (Factory New)","src":"https://steamcdn-a.akamaihd.net/apps/730/icons/econ/default_generated/weapon_mag7_hy_geometric_steps_pearl_light_large.f31672cbe64c23d7d340199143758c8fc537ffb3.png","type":"skin","rarity":3,"price":855},"MAG-7 | Prism Terrace (Minimal Wear)":{"quality":4,"skin":"Prism Terrace","weapon":"MAG-7","short":"MAG-7 | Prism Terrace","name":"MAG-7 | Prism Terrace (Minimal Wear)","src":"https://steamcdn-a.akamaihd.net/apps/730/icons/econ/default_generated/weapon_mag7_hy_geometric_steps_pearl_light_large.f31672cbe64c23d7d340199143758c8fc537ffb3.png","type":"skin","rarity":3,"price":730},"MAG-7 | Prism Terrace (Field-Tested)":{"quality":3,"skin":"Prism Terrace","weapon":"MAG-7","short":"MAG-7 | Prism Terrace","name":"MAG-7 | Prism Terrace (Field-Tested)","src":"https://steamcdn-a.akamaihd.net/apps/730/icons/econ/default_generated/weapon_mag7_hy_geometric_steps_pearl_light_large.f31672cbe64c23d7d340199143758c8fc537ffb3.png","type":"skin","rarity":3,"price":844},"Souvenir MAG-7 | Prism Terrace (Factory New)":{"souvenir":true,"quality":5,"skin":"Prism Terrace","weapon":"MAG-7","short":"MAG-7 | Prism Terrace","name":"Souvenir MAG-7 | Prism Terrace (Factory New)","src":"https://steamcdn-a.akamaihd.net/apps/730/icons/econ/default_generated/weapon_mag7_hy_geometric_steps_pearl_light_large.f31672cbe64c23d7d340199143758c8fc537ffb3.png","type":"skin","rarity":3,"price":1117},"Souvenir MAG-7 | Prism Terrace (Minimal Wear)":{"souvenir":true,"quality":4,"skin":"Prism Terrace","weapon":"MAG-7","short":"MAG-7 | Prism Terrace","name":"Souvenir MAG-7 | Prism Terrace (Minimal Wear)","src":"https://steamcdn-a.akamaihd.net/apps/730/icons/econ/default_generated/weapon_mag7_hy_geometric_steps_pearl_light_large.f31672cbe64c23d7d340199143758c8fc537ffb3.png","type":"skin","rarity":3,"price":746},"Souvenir MAG-7 | Prism Terrace (Field-Tested)":{"souvenir":true,"quality":3,"skin":"Prism Terrace","weapon":"MAG-7","short":"MAG-7 | Prism Terrace","name":"Souvenir MAG-7 | Prism Terrace (Field-Tested)","src":"https://steamcdn-a.akamaihd.net/apps/730/icons/econ/default_generated/weapon_mag7_hy_geometric_steps_pearl_light_large.f31672cbe64c23d7d340199143758c8fc537ffb3.png","type":"skin","rarity":3,"price":606},"MAG-7 | Prism Terrace":{"souvenirAvailable":true,"masterItem":true,"qualities":[5,4,3],"skin":"Prism Terrace","weapon":"MAG-7","short":"MAG-7 | Prism Terrace","name":"MAG-7 | Prism Terrace","src":"https://steamcdn-a.akamaihd.net/apps/730/icons/econ/default_generated/weapon_mag7_hy_geometric_steps_pearl_light_large.f31672cbe64c23d7d340199143758c8fc537ffb3.png","type":"skin","rarity":3,"price":1117,"minPrice":606},"FAMAS | Faulty Wiring (Factory New)":{"quality":5,"skin":"Faulty Wiring","weapon":"FAMAS","short":"FAMAS | Faulty Wiring","name":"FAMAS | Faulty Wiring (Factory New)","src":"https://steamcdn-a.akamaihd.net/apps/730/icons/econ/default_generated/weapon_famas_aa_wiring_yellow_light_large.c232a36fb8d6a691893132a0baf126d250d8d35e.png","type":"skin","rarity":0,"price":73},"FAMAS | Faulty Wiring (Minimal Wear)":{"quality":4,"skin":"Faulty Wiring","weapon":"FAMAS","short":"FAMAS | Faulty Wiring","name":"FAMAS | Faulty Wiring (Minimal Wear)","src":"https://steamcdn-a.akamaihd.net/apps/730/icons/econ/default_generated/weapon_famas_aa_wiring_yellow_light_large.c232a36fb8d6a691893132a0baf126d250d8d35e.png","type":"skin","rarity":0,"price":52},"FAMAS | Faulty Wiring (Field-Tested)":{"quality":3,"skin":"Faulty Wiring","weapon":"FAMAS","short":"FAMAS | Faulty Wiring","name":"FAMAS | Faulty Wiring (Field-Tested)","src":"https://steamcdn-a.akamaihd.net/apps/730/icons/econ/default_generated/weapon_famas_aa_wiring_yellow_light_large.c232a36fb8d6a691893132a0baf126d250d8d35e.png","type":"skin","rarity":0,"price":34},"FAMAS | Faulty Wiring (Well-Worn)":{"quality":2,"skin":"Faulty Wiring","weapon":"FAMAS","short":"FAMAS | Faulty Wiring","name":"FAMAS | Faulty Wiring (Well-Worn)","src":"https://steamcdn-a.akamaihd.net/apps/730/icons/econ/default_generated/weapon_famas_aa_wiring_yellow_light_large.c232a36fb8d6a691893132a0baf126d250d8d35e.png","type":"skin","rarity":0,"price":41},"FAMAS | Faulty Wiring (Battle-Scarred)":{"quality":1,"skin":"Faulty Wiring","weapon":"FAMAS","short":"FAMAS | Faulty Wiring","name":"FAMAS | Faulty Wiring (Battle-Scarred)","src":"https://steamcdn-a.akamaihd.net/apps/730/icons/econ/default_generated/weapon_famas_aa_wiring_yellow_light_large.c232a36fb8d6a691893132a0baf126d250d8d35e.png","type":"skin","rarity":0,"price":22},"Souvenir FAMAS | Faulty Wiring (Factory New)":{"souvenir":true,"quality":5,"skin":"Faulty Wiring","weapon":"FAMAS","short":"FAMAS | Faulty Wiring","name":"Souvenir FAMAS | Faulty Wiring (Factory New)","src":"https://steamcdn-a.akamaihd.net/apps/730/icons/econ/default_generated/weapon_famas_aa_wiring_yellow_light_large.c232a36fb8d6a691893132a0baf126d250d8d35e.png","type":"skin","rarity":0,"price":75},"Souvenir FAMAS | Faulty Wiring (Minimal Wear)":{"souvenir":true,"quality":4,"skin":"Faulty Wiring","weapon":"FAMAS","short":"FAMAS | Faulty Wiring","name":"Souvenir FAMAS | Faulty Wiring (Minimal Wear)","src":"https://steamcdn-a.akamaihd.net/apps/730/icons/econ/default_generated/weapon_famas_aa_wiring_yellow_light_large.c232a36fb8d6a691893132a0baf126d250d8d35e.png","type":"skin","rarity":0,"price":59},"Souvenir FAMAS | Faulty Wiring (Field-Tested)":{"souvenir":true,"quality":3,"skin":"Faulty Wiring","weapon":"FAMAS","short":"FAMAS | Faulty Wiring","name":"Souvenir FAMAS | Faulty Wiring (Field-Tested)","src":"https://steamcdn-a.akamaihd.net/apps/730/icons/econ/default_generated/weapon_famas_aa_wiring_yellow_light_large.c232a36fb8d6a691893132a0baf126d250d8d35e.png","type":"skin","rarity":0,"price":39},"Souvenir FAMAS | Faulty Wiring (Well-Worn)":{"souvenir":true,"quality":2,"skin":"Faulty Wiring","weapon":"FAMAS","short":"FAMAS | Faulty Wiring","name":"Souvenir FAMAS | Faulty Wiring (Well-Worn)","src":"https://steamcdn-a.akamaihd.net/apps/730/icons/econ/default_generated/weapon_famas_aa_wiring_yellow_light_large.c232a36fb8d6a691893132a0baf126d250d8d35e.png","type":"skin","rarity":0,"price":27},"Souvenir FAMAS | Faulty Wiring (Battle-Scarred)":{"souvenir":true,"quality":1,"skin":"Faulty Wiring","weapon":"FAMAS","short":"FAMAS | Faulty Wiring","name":"Souvenir FAMAS | Faulty Wiring (Battle-Scarred)","src":"https://steamcdn-a.akamaihd.net/apps/730/icons/econ/default_generated/weapon_famas_aa_wiring_yellow_light_large.c232a36fb8d6a691893132a0baf126d250d8d35e.png","type":"skin","rarity":0,"price":32},"FAMAS | Faulty Wiring":{"souvenirAvailable":true,"masterItem":true,"qualities":[5,4,3,2,1],"skin":"Faulty Wiring","weapon":"FAMAS","short":"FAMAS | Faulty Wiring","name":"FAMAS | Faulty Wiring","src":"https://steamcdn-a.akamaihd.net/apps/730/icons/econ/default_generated/weapon_famas_aa_wiring_yellow_light_large.c232a36fb8d6a691893132a0baf126d250d8d35e.png","type":"skin","rarity":0,"price":75,"minPrice":22},"Dual Berettas | Oil Change (Factory New)":{"quality":5,"skin":"Oil Change","weapon":"Dual Berettas","short":"Dual Berettas | Oil Change","name":"Dual Berettas | Oil Change (Factory New)","src":"https://steamcdn-a.akamaihd.net/apps/730/icons/econ/default_generated/weapon_elite_sp_engine_dirty_light_large.0e7876df94dfe920abf273e75ea62e041100de4a.png","type":"skin","rarity":0,"price":49},"Dual Berettas | Oil Change (Minimal Wear)":{"quality":4,"skin":"Oil Change","weapon":"Dual Berettas","short":"Dual Berettas | Oil Change","name":"Dual Berettas | Oil Change (Minimal Wear)","src":"https://steamcdn-a.akamaihd.net/apps/730/icons/econ/default_generated/weapon_elite_sp_engine_dirty_light_large.0e7876df94dfe920abf273e75ea62e041100de4a.png","type":"skin","rarity":0,"price":59},"Dual Berettas | Oil Change (Field-Tested)":{"quality":3,"skin":"Oil Change","weapon":"Dual Berettas","short":"Dual Berettas | Oil Change","name":"Dual Berettas | Oil Change (Field-Tested)","src":"https://steamcdn-a.akamaihd.net/apps/730/icons/econ/default_generated/weapon_elite_sp_engine_dirty_light_large.0e7876df94dfe920abf273e75ea62e041100de4a.png","type":"skin","rarity":0,"price":40},"Dual Berettas | Oil Change (Well-Worn)":{"quality":2,"skin":"Oil Change","weapon":"Dual Berettas","short":"Dual Berettas | Oil Change","name":"Dual Berettas | Oil Change (Well-Worn)","src":"https://steamcdn-a.akamaihd.net/apps/730/icons/econ/default_generated/weapon_elite_sp_engine_dirty_light_large.0e7876df94dfe920abf273e75ea62e041100de4a.png","type":"skin","rarity":0,"price":31},"Dual Berettas | Oil Change (Battle-Scarred)":{"quality":1,"skin":"Oil Change","weapon":"Dual Berettas","short":"Dual Berettas | Oil Change","name":"Dual Berettas | Oil Change (Battle-Scarred)","src":"https://steamcdn-a.akamaihd.net/apps/730/icons/econ/default_generated/weapon_elite_sp_engine_dirty_light_large.0e7876df94dfe920abf273e75ea62e041100de4a.png","type":"skin","rarity":0,"price":29},"Souvenir Dual Berettas | Oil Change (Factory New)":{"souvenir":true,"quality":5,"skin":"Oil Change","weapon":"Dual Berettas","short":"Dual Berettas | Oil Change","name":"Souvenir Dual Berettas | Oil Change (Factory New)","src":"https://steamcdn-a.akamaihd.net/apps/730/icons/econ/default_generated/weapon_elite_sp_engine_dirty_light_large.0e7876df94dfe920abf273e75ea62e041100de4a.png","type":"skin","rarity":0,"price":45},"Souvenir Dual Berettas | Oil Change (Minimal Wear)":{"souvenir":true,"quality":4,"skin":"Oil Change","weapon":"Dual Berettas","short":"Dual Berettas | Oil Change","name":"Souvenir Dual Berettas | Oil Change (Minimal Wear)","src":"https://steamcdn-a.akamaihd.net/apps/730/icons/econ/default_generated/weapon_elite_sp_engine_dirty_light_large.0e7876df94dfe920abf273e75ea62e041100de4a.png","type":"skin","rarity":0,"price":60},"Souvenir Dual Berettas | Oil Change (Field-Tested)":{"souvenir":true,"quality":3,"skin":"Oil Change","weapon":"Dual Berettas","short":"Dual Berettas | Oil Change","name":"Souvenir Dual Berettas | Oil Change (Field-Tested)","src":"https://steamcdn-a.akamaihd.net/apps/730/icons/econ/default_generated/weapon_elite_sp_engine_dirty_light_large.0e7876df94dfe920abf273e75ea62e041100de4a.png","type":"skin","rarity":0,"price":49},"Souvenir Dual Berettas | Oil Change (Well-Worn)":{"souvenir":true,"quality":2,"skin":"Oil Change","weapon":"Dual Berettas","short":"Dual Berettas | Oil Change","name":"Souvenir Dual Berettas | Oil Change (Well-Worn)","src":"https://steamcdn-a.akamaihd.net/apps/730/icons/econ/default_generated/weapon_elite_sp_engine_dirty_light_large.0e7876df94dfe920abf273e75ea62e041100de4a.png","type":"skin","rarity":0,"price":45},"Souvenir Dual Berettas | Oil Change (Battle-Scarred)":{"souvenir":true,"quality":1,"skin":"Oil Change","weapon":"Dual Berettas","short":"Dual Berettas | Oil Change","name":"Souvenir Dual Berettas | Oil Change (Battle-Scarred)","src":"https://steamcdn-a.akamaihd.net/apps/730/icons/econ/default_generated/weapon_elite_sp_engine_dirty_light_large.0e7876df94dfe920abf273e75ea62e041100de4a.png","type":"skin","rarity":0,"price":28},"Dual Berettas | Oil Change":{"souvenirAvailable":true,"masterItem":true,"qualities":[5,4,3,2,1],"skin":"Oil Change","weapon":"Dual Berettas","short":"Dual Berettas | Oil Change","name":"Dual Berettas | Oil Change","src":"https://steamcdn-a.akamaihd.net/apps/730/icons/econ/default_generated/weapon_elite_sp_engine_dirty_light_large.0e7876df94dfe920abf273e75ea62e041100de4a.png","type":"skin","rarity":0,"price":60,"minPrice":28},"Glock-18 | Red Tire (Factory New)":{"quality":5,"skin":"Red Tire","weapon":"Glock-18","short":"Glock-18 | Red Tire","name":"Glock-18 | Red Tire (Factory New)","src":"https://steamcdn-a.akamaihd.net/apps/730/icons/econ/default_generated/weapon_glock_sp_tire_tread_red_light_large.bf06d5ba0f2b746eff6a66aa7020acd7a87eddc4.png","type":"skin","rarity":1,"price":108},"Glock-18 | Red Tire (Minimal Wear)":{"quality":4,"skin":"Red Tire","weapon":"Glock-18","short":"Glock-18 | Red Tire","name":"Glock-18 | Red Tire (Minimal Wear)","src":"https://steamcdn-a.akamaihd.net/apps/730/icons/econ/default_generated/weapon_glock_sp_tire_tread_red_light_large.bf06d5ba0f2b746eff6a66aa7020acd7a87eddc4.png","type":"skin","rarity":1,"price":129},"Glock-18 | Red Tire (Field-Tested)":{"quality":3,"skin":"Red Tire","weapon":"Glock-18","short":"Glock-18 | Red Tire","name":"Glock-18 | Red Tire (Field-Tested)","src":"https://steamcdn-a.akamaihd.net/apps/730/icons/econ/default_generated/weapon_glock_sp_tire_tread_red_light_large.bf06d5ba0f2b746eff6a66aa7020acd7a87eddc4.png","type":"skin","rarity":1,"price":135},"Glock-18 | Red Tire (Well-Worn)":{"quality":2,"skin":"Red Tire","weapon":"Glock-18","short":"Glock-18 | Red Tire","name":"Glock-18 | Red Tire (Well-Worn)","src":"https://steamcdn-a.akamaihd.net/apps/730/icons/econ/default_generated/weapon_glock_sp_tire_tread_red_light_large.bf06d5ba0f2b746eff6a66aa7020acd7a87eddc4.png","type":"skin","rarity":1,"price":79},"Glock-18 | Red Tire (Battle-Scarred)":{"quality":1,"skin":"Red Tire","weapon":"Glock-18","short":"Glock-18 | Red Tire","name":"Glock-18 | Red Tire (Battle-Scarred)","src":"https://steamcdn-a.akamaihd.net/apps/730/icons/econ/default_generated/weapon_glock_sp_tire_tread_red_light_large.bf06d5ba0f2b746eff6a66aa7020acd7a87eddc4.png","type":"skin","rarity":1,"price":67},"Souvenir Glock-18 | Red Tire (Factory New)":{"souvenir":true,"quality":5,"skin":"Red Tire","weapon":"Glock-18","short":"Glock-18 | Red Tire","name":"Souvenir Glock-18 | Red Tire (Factory New)","src":"https://steamcdn-a.akamaihd.net/apps/730/icons/econ/default_generated/weapon_glock_sp_tire_tread_red_light_large.bf06d5ba0f2b746eff6a66aa7020acd7a87eddc4.png","type":"skin","rarity":1,"price":218},"Souvenir Glock-18 | Red Tire (Minimal Wear)":{"souvenir":true,"quality":4,"skin":"Red Tire","weapon":"Glock-18","short":"Glock-18 | Red Tire","name":"Souvenir Glock-18 | Red Tire (Minimal Wear)","src":"https://steamcdn-a.akamaihd.net/apps/730/icons/econ/default_generated/weapon_glock_sp_tire_tread_red_light_large.bf06d5ba0f2b746eff6a66aa7020acd7a87eddc4.png","type":"skin","rarity":1,"price":143},"Souvenir Glock-18 | Red Tire (Field-Tested)":{"souvenir":true,"quality":3,"skin":"Red Tire","weapon":"Glock-18","short":"Glock-18 | Red Tire","name":"Souvenir Glock-18 | Red Tire (Field-Tested)","src":"https://steamcdn-a.akamaihd.net/apps/730/icons/econ/default_generated/weapon_glock_sp_tire_tread_red_light_large.bf06d5ba0f2b746eff6a66aa7020acd7a87eddc4.png","type":"skin","rarity":1,"price":130},"Souvenir Glock-18 | Red Tire (Well-Worn)":{"souvenir":true,"quality":2,"skin":"Red Tire","weapon":"Glock-18","short":"Glock-18 | Red Tire","name":"Souvenir Glock-18 | Red Tire (Well-Worn)","src":"https://steamcdn-a.akamaihd.net/apps/730/icons/econ/default_generated/weapon_glock_sp_tire_tread_red_light_large.bf06d5ba0f2b746eff6a66aa7020acd7a87eddc4.png","type":"skin","rarity":1,"price":126},"Souvenir Glock-18 | Red Tire (Battle-Scarred)":{"souvenir":true,"quality":1,"skin":"Red Tire","weapon":"Glock-18","short":"Glock-18 | Red Tire","name":"Souvenir Glock-18 | Red Tire (Battle-Scarred)","src":"https://steamcdn-a.akamaihd.net/apps/730/icons/econ/default_generated/weapon_glock_sp_tire_tread_red_light_large.bf06d5ba0f2b746eff6a66aa7020acd7a87eddc4.png","type":"skin","rarity":1,"price":94},"Glock-18 | Red Tire":{"souvenirAvailable":true,"masterItem":true,"qualities":[5,4,3,2,1],"skin":"Red Tire","weapon":"Glock-18","short":"Glock-18 | Red Tire","name":"Glock-18 | Red Tire","src":"https://steamcdn-a.akamaihd.net/apps/730/icons/econ/default_generated/weapon_glock_sp_tire_tread_red_light_large.bf06d5ba0f2b746eff6a66aa7020acd7a87eddc4.png","type":"skin","rarity":1,"price":218,"minPrice":67},"P250 | Digital Architect (Factory New)":{"quality":5,"skin":"Digital Architect","weapon":"P250","short":"P250 | Digital Architect","name":"P250 | Digital Architect (Factory New)","src":"https://steamcdn-a.akamaihd.net/apps/730/icons/econ/default_generated/weapon_p250_aa_vertigogeo_neon_light_large.e1e7730f0d6716a372cda4b973f71cdbb7a074cd.png","type":"skin","rarity":3,"price":1444},"P250 | Digital Architect (Minimal Wear)":{"quality":4,"skin":"Digital Architect","weapon":"P250","short":"P250 | Digital Architect","name":"P250 | Digital Architect (Minimal Wear)","src":"https://steamcdn-a.akamaihd.net/apps/730/icons/econ/default_generated/weapon_p250_aa_vertigogeo_neon_light_large.e1e7730f0d6716a372cda4b973f71cdbb7a074cd.png","type":"skin","rarity":3,"price":820},"P250 | Digital Architect (Field-Tested)":{"quality":3,"skin":"Digital Architect","weapon":"P250","short":"P250 | Digital Architect","name":"P250 | Digital Architect (Field-Tested)","src":"https://steamcdn-a.akamaihd.net/apps/730/icons/econ/default_generated/weapon_p250_aa_vertigogeo_neon_light_large.e1e7730f0d6716a372cda4b973f71cdbb7a074cd.png","type":"skin","rarity":3,"price":1165},"P250 | Digital Architect (Well-Worn)":{"quality":2,"skin":"Digital Architect","weapon":"P250","short":"P250 | Digital Architect","name":"P250 | Digital Architect (Well-Worn)","src":"https://steamcdn-a.akamaihd.net/apps/730/icons/econ/default_generated/weapon_p250_aa_vertigogeo_neon_light_large.e1e7730f0d6716a372cda4b973f71cdbb7a074cd.png","type":"skin","rarity":3,"price":704},"P250 | Digital Architect (Battle-Scarred)":{"quality":1,"skin":"Digital Architect","weapon":"P250","short":"P250 | Digital Architect","name":"P250 | Digital Architect (Battle-Scarred)","src":"https://steamcdn-a.akamaihd.net/apps/730/icons/econ/default_generated/weapon_p250_aa_vertigogeo_neon_light_large.e1e7730f0d6716a372cda4b973f71cdbb7a074cd.png","type":"skin","rarity":3,"price":707},"Souvenir P250 | Digital Architect (Factory New)":{"souvenir":true,"quality":5,"skin":"Digital Architect","weapon":"P250","short":"P250 | Digital Architect","name":"Souvenir P250 | Digital Architect (Factory New)","src":"https://steamcdn-a.akamaihd.net/apps/730/icons/econ/default_generated/weapon_p250_aa_vertigogeo_neon_light_large.e1e7730f0d6716a372cda4b973f71cdbb7a074cd.png","type":"skin","rarity":3,"price":1373},"Souvenir P250 | Digital Architect (Minimal Wear)":{"souvenir":true,"quality":4,"skin":"Digital Architect","weapon":"P250","short":"P250 | Digital Architect","name":"Souvenir P250 | Digital Architect (Minimal Wear)","src":"https://steamcdn-a.akamaihd.net/apps/730/icons/econ/default_generated/weapon_p250_aa_vertigogeo_neon_light_large.e1e7730f0d6716a372cda4b973f71cdbb7a074cd.png","type":"skin","rarity":3,"price":803},"Souvenir P250 | Digital Architect (Field-Tested)":{"souvenir":true,"quality":3,"skin":"Digital Architect","weapon":"P250","short":"P250 | Digital Architect","name":"Souvenir P250 | Digital Architect (Field-Tested)","src":"https://steamcdn-a.akamaihd.net/apps/730/icons/econ/default_generated/weapon_p250_aa_vertigogeo_neon_light_large.e1e7730f0d6716a372cda4b973f71cdbb7a074cd.png","type":"skin","rarity":3,"price":1010},"Souvenir P250 | Digital Architect (Well-Worn)":{"souvenir":true,"quality":2,"skin":"Digital Architect","weapon":"P250","short":"P250 | Digital Architect","name":"Souvenir P250 | Digital Architect (Well-Worn)","src":"https://steamcdn-a.akamaihd.net/apps/730/icons/econ/default_generated/weapon_p250_aa_vertigogeo_neon_light_large.e1e7730f0d6716a372cda4b973f71cdbb7a074cd.png","type":"skin","rarity":3,"price":950},"Souvenir P250 | Digital Architect (Battle-Scarred)":{"souvenir":true,"quality":1,"skin":"Digital Architect","weapon":"P250","short":"P250 | Digital Architect","name":"Souvenir P250 | Digital Architect (Battle-Scarred)","src":"https://steamcdn-a.akamaihd.net/apps/730/icons/econ/default_generated/weapon_p250_aa_vertigogeo_neon_light_large.e1e7730f0d6716a372cda4b973f71cdbb7a074cd.png","type":"skin","rarity":3,"price":614},"P250 | Digital Architect":{"souvenirAvailable":true,"masterItem":true,"qualities":[5,4,3,2,1],"skin":"Digital Architect","weapon":"P250","short":"P250 | Digital Architect","name":"P250 | Digital Architect","src":"https://steamcdn-a.akamaihd.net/apps/730/icons/econ/default_generated/weapon_p250_aa_vertigogeo_neon_light_large.e1e7730f0d6716a372cda4b973f71cdbb7a074cd.png","type":"skin","rarity":3,"price":1444,"minPrice":614},"CZ75-Auto | Framework (Factory New)":{"quality":5,"skin":"Framework","weapon":"CZ75-Auto","short":"CZ75-Auto | Framework","name":"CZ75-Auto | Framework (Factory New)","src":"https://steamcdn-a.akamaihd.net/apps/730/icons/econ/default_generated/weapon_cz75a_hy_vertigoillusion_light_large.1e2ff66fbdd2d5aea56659a7ede1cc3fd570f00d.png","type":"skin","rarity":0,"price":42},"CZ75-Auto | Framework (Minimal Wear)":{"quality":4,"skin":"Framework","weapon":"CZ75-Auto","short":"CZ75-Auto | Framework","name":"CZ75-Auto | Framework (Minimal Wear)","src":"https://steamcdn-a.akamaihd.net/apps/730/icons/econ/default_generated/weapon_cz75a_hy_vertigoillusion_light_large.1e2ff66fbdd2d5aea56659a7ede1cc3fd570f00d.png","type":"skin","rarity":0,"price":67},"CZ75-Auto | Framework (Field-Tested)":{"quality":3,"skin":"Framework","weapon":"CZ75-Auto","short":"CZ75-Auto | Framework","name":"CZ75-Auto | Framework (Field-Tested)","src":"https://steamcdn-a.akamaihd.net/apps/730/icons/econ/default_generated/weapon_cz75a_hy_vertigoillusion_light_large.1e2ff66fbdd2d5aea56659a7ede1cc3fd570f00d.png","type":"skin","rarity":0,"price":46},"CZ75-Auto | Framework (Well-Worn)":{"quality":2,"skin":"Framework","weapon":"CZ75-Auto","short":"CZ75-Auto | Framework","name":"CZ75-Auto | Framework (Well-Worn)","src":"https://steamcdn-a.akamaihd.net/apps/730/icons/econ/default_generated/weapon_cz75a_hy_vertigoillusion_light_large.1e2ff66fbdd2d5aea56659a7ede1cc3fd570f00d.png","type":"skin","rarity":0,"price":43},"CZ75-Auto | Framework (Battle-Scarred)":{"quality":1,"skin":"Framework","weapon":"CZ75-Auto","short":"CZ75-Auto | Framework","name":"CZ75-Auto | Framework (Battle-Scarred)","src":"https://steamcdn-a.akamaihd.net/apps/730/icons/econ/default_generated/weapon_cz75a_hy_vertigoillusion_light_large.1e2ff66fbdd2d5aea56659a7ede1cc3fd570f00d.png","type":"skin","rarity":0,"price":21},"Souvenir CZ75-Auto | Framework (Factory New)":{"souvenir":true,"quality":5,"skin":"Framework","weapon":"CZ75-Auto","short":"CZ75-Auto | Framework","name":"Souvenir CZ75-Auto | Framework (Factory New)","src":"https://steamcdn-a.akamaihd.net/apps/730/icons/econ/default_generated/weapon_cz75a_hy_vertigoillusion_light_large.1e2ff66fbdd2d5aea56659a7ede1cc3fd570f00d.png","type":"skin","rarity":0,"price":44},"Souvenir CZ75-Auto | Framework (Minimal Wear)":{"souvenir":true,"quality":4,"skin":"Framework","weapon":"CZ75-Auto","short":"CZ75-Auto | Framework","name":"Souvenir CZ75-Auto | Framework (Minimal Wear)","src":"https://steamcdn-a.akamaihd.net/apps/730/icons/econ/default_generated/weapon_cz75a_hy_vertigoillusion_light_large.1e2ff66fbdd2d5aea56659a7ede1cc3fd570f00d.png","type":"skin","rarity":0,"price":64},"Souvenir CZ75-Auto | Framework (Field-Tested)":{"souvenir":true,"quality":3,"skin":"Framework","weapon":"CZ75-Auto","short":"CZ75-Auto | Framework","name":"Souvenir CZ75-Auto | Framework (Field-Tested)","src":"https://steamcdn-a.akamaihd.net/apps/730/icons/econ/default_generated/weapon_cz75a_hy_vertigoillusion_light_large.1e2ff66fbdd2d5aea56659a7ede1cc3fd570f00d.png","type":"skin","rarity":0,"price":31},"Souvenir CZ75-Auto | Framework (Well-Worn)":{"souvenir":true,"quality":2,"skin":"Framework","weapon":"CZ75-Auto","short":"CZ75-Auto | Framework","name":"Souvenir CZ75-Auto | Framework (Well-Worn)","src":"https://steamcdn-a.akamaihd.net/apps/730/icons/econ/default_generated/weapon_cz75a_hy_vertigoillusion_light_large.1e2ff66fbdd2d5aea56659a7ede1cc3fd570f00d.png","type":"skin","rarity":0,"price":32},"Souvenir CZ75-Auto | Framework (Battle-Scarred)":{"souvenir":true,"quality":1,"skin":"Framework","weapon":"CZ75-Auto","short":"CZ75-Auto | Framework","name":"Souvenir CZ75-Auto | Framework (Battle-Scarred)","src":"https://steamcdn-a.akamaihd.net/apps/730/icons/econ/default_generated/weapon_cz75a_hy_vertigoillusion_light_large.1e2ff66fbdd2d5aea56659a7ede1cc3fd570f00d.png","type":"skin","rarity":0,"price":35},"CZ75-Auto | Framework":{"souvenirAvailable":true,"masterItem":true,"qualities":[5,4,3,2,1],"skin":"Framework","weapon":"CZ75-Auto","short":"CZ75-Auto | Framework","name":"CZ75-Auto | Framework","src":"https://steamcdn-a.akamaihd.net/apps/730/icons/econ/default_generated/weapon_cz75a_hy_vertigoillusion_light_large.1e2ff66fbdd2d5aea56659a7ede1cc3fd570f00d.png","type":"skin","rarity":0,"price":67,"minPrice":21},"UMP-45 | Mechanism (Factory New)":{"quality":5,"skin":"Mechanism","weapon":"UMP-45","short":"UMP-45 | Mechanism","name":"UMP-45 | Mechanism (Factory New)","src":"https://steamcdn-a.akamaihd.net/apps/730/icons/econ/default_generated/weapon_ump45_aa_engine_performance_light_large.b4207d31aa53b7ed863535d77e9a7420f06c2681.png","type":"skin","rarity":1,"price":108},"UMP-45 | Mechanism (Minimal Wear)":{"quality":4,"skin":"Mechanism","weapon":"UMP-45","short":"UMP-45 | Mechanism","name":"UMP-45 | Mechanism (Minimal Wear)","src":"https://steamcdn-a.akamaihd.net/apps/730/icons/econ/default_generated/weapon_ump45_aa_engine_performance_light_large.b4207d31aa53b7ed863535d77e9a7420f06c2681.png","type":"skin","rarity":1,"price":113},"UMP-45 | Mechanism (Field-Tested)":{"quality":3,"skin":"Mechanism","weapon":"UMP-45","short":"UMP-45 | Mechanism","name":"UMP-45 | Mechanism (Field-Tested)","src":"https://steamcdn-a.akamaihd.net/apps/730/icons/econ/default_generated/weapon_ump45_aa_engine_performance_light_large.b4207d31aa53b7ed863535d77e9a7420f06c2681.png","type":"skin","rarity":1,"price":99},"UMP-45 | Mechanism (Well-Worn)":{"quality":2,"skin":"Mechanism","weapon":"UMP-45","short":"UMP-45 | Mechanism","name":"UMP-45 | Mechanism (Well-Worn)","src":"https://steamcdn-a.akamaihd.net/apps/730/icons/econ/default_generated/weapon_ump45_aa_engine_performance_light_large.b4207d31aa53b7ed863535d77e9a7420f06c2681.png","type":"skin","rarity":1,"price":103},"UMP-45 | Mechanism (Battle-Scarred)":{"quality":1,"skin":"Mechanism","weapon":"UMP-45","short":"UMP-45 | Mechanism","name":"UMP-45 | Mechanism (Battle-Scarred)","src":"https://steamcdn-a.akamaihd.net/apps/730/icons/econ/default_generated/weapon_ump45_aa_engine_performance_light_large.b4207d31aa53b7ed863535d77e9a7420f06c2681.png","type":"skin","rarity":1,"price":82},"Souvenir UMP-45 | Mechanism (Factory New)":{"souvenir":true,"quality":5,"skin":"Mechanism","weapon":"UMP-45","short":"UMP-45 | Mechanism","name":"Souvenir UMP-45 | Mechanism (Factory New)","src":"https://steamcdn-a.akamaihd.net/apps/730/icons/econ/default_generated/weapon_ump45_aa_engine_performance_light_large.b4207d31aa53b7ed863535d77e9a7420f06c2681.png","type":"skin","rarity":1,"price":139},"Souvenir UMP-45 | Mechanism (Minimal Wear)":{"souvenir":true,"quality":4,"skin":"Mechanism","weapon":"UMP-45","short":"UMP-45 | Mechanism","name":"Souvenir UMP-45 | Mechanism (Minimal Wear)","src":"https://steamcdn-a.akamaihd.net/apps/730/icons/econ/default_generated/weapon_ump45_aa_engine_performance_light_large.b4207d31aa53b7ed863535d77e9a7420f06c2681.png","type":"skin","rarity":1,"price":110},"Souvenir UMP-45 | Mechanism (Field-Tested)":{"souvenir":true,"quality":3,"skin":"Mechanism","weapon":"UMP-45","short":"UMP-45 | Mechanism","name":"Souvenir UMP-45 | Mechanism (Field-Tested)","src":"https://steamcdn-a.akamaihd.net/apps/730/icons/econ/default_generated/weapon_ump45_aa_engine_performance_light_large.b4207d31aa53b7ed863535d77e9a7420f06c2681.png","type":"skin","rarity":1,"price":120},"Souvenir UMP-45 | Mechanism (Well-Worn)":{"souvenir":true,"quality":2,"skin":"Mechanism","weapon":"UMP-45","short":"UMP-45 | Mechanism","name":"Souvenir UMP-45 | Mechanism (Well-Worn)","src":"https://steamcdn-a.akamaihd.net/apps/730/icons/econ/default_generated/weapon_ump45_aa_engine_performance_light_large.b4207d31aa53b7ed863535d77e9a7420f06c2681.png","type":"skin","rarity":1,"price":105},"Souvenir UMP-45 | Mechanism (Battle-Scarred)":{"souvenir":true,"quality":1,"skin":"Mechanism","weapon":"UMP-45","short":"UMP-45 | Mechanism","name":"Souvenir UMP-45 | Mechanism (Battle-Scarred)","src":"https://steamcdn-a.akamaihd.net/apps/730/icons/econ/default_generated/weapon_ump45_aa_engine_performance_light_large.b4207d31aa53b7ed863535d77e9a7420f06c2681.png","type":"skin","rarity":1,"price":77},"UMP-45 | Mechanism":{"souvenirAvailable":true,"masterItem":true,"qualities":[5,4,3,2,1],"skin":"Mechanism","weapon":"UMP-45","short":"UMP-45 | Mechanism","name":"UMP-45 | Mechanism","src":"https://steamcdn-a.akamaihd.net/apps/730/icons/econ/default_generated/weapon_ump45_aa_engine_performance_light_large.b4207d31aa53b7ed863535d77e9a7420f06c2681.png","type":"skin","rarity":1,"price":139,"minPrice":77},"Negev | Infrastructure (Factory New)":{"quality":5,"skin":"Infrastructure","weapon":"Negev","short":"Negev | Infrastructure","name":"Negev | Infrastructure (Factory New)","src":"https://steamcdn-a.akamaihd.net/apps/730/icons/econ/default_generated/weapon_negev_hy_vertigospray_light_large.1e6d69be2dc5ac7290ef815ae6a53bb2143103c3.png","type":"skin","rarity":2,"price":324},"Negev | Infrastructure (Minimal Wear)":{"quality":4,"skin":"Infrastructure","weapon":"Negev","short":"Negev | Infrastructure","name":"Negev | Infrastructure (Minimal Wear)","src":"https://steamcdn-a.akamaihd.net/apps/730/icons/econ/default_generated/weapon_negev_hy_vertigospray_light_large.1e6d69be2dc5ac7290ef815ae6a53bb2143103c3.png","type":"skin","rarity":2,"price":470},"Negev | Infrastructure (Field-Tested)":{"quality":3,"skin":"Infrastructure","weapon":"Negev","short":"Negev | Infrastructure","name":"Negev | Infrastructure (Field-Tested)","src":"https://steamcdn-a.akamaihd.net/apps/730/icons/econ/default_generated/weapon_negev_hy_vertigospray_light_large.1e6d69be2dc5ac7290ef815ae6a53bb2143103c3.png","type":"skin","rarity":2,"price":431},"Negev | Infrastructure (Well-Worn)":{"quality":2,"skin":"Infrastructure","weapon":"Negev","short":"Negev | Infrastructure","name":"Negev | Infrastructure (Well-Worn)","src":"https://steamcdn-a.akamaihd.net/apps/730/icons/econ/default_generated/weapon_negev_hy_vertigospray_light_large.1e6d69be2dc5ac7290ef815ae6a53bb2143103c3.png","type":"skin","rarity":2,"price":223},"Negev | Infrastructure (Battle-Scarred)":{"quality":1,"skin":"Infrastructure","weapon":"Negev","short":"Negev | Infrastructure","name":"Negev | Infrastructure (Battle-Scarred)","src":"https://steamcdn-a.akamaihd.net/apps/730/icons/econ/default_generated/weapon_negev_hy_vertigospray_light_large.1e6d69be2dc5ac7290ef815ae6a53bb2143103c3.png","type":"skin","rarity":2,"price":195},"Souvenir Negev | Infrastructure (Factory New)":{"souvenir":true,"quality":5,"skin":"Infrastructure","weapon":"Negev","short":"Negev | Infrastructure","name":"Souvenir Negev | Infrastructure (Factory New)","src":"https://steamcdn-a.akamaihd.net/apps/730/icons/econ/default_generated/weapon_negev_hy_vertigospray_light_large.1e6d69be2dc5ac7290ef815ae6a53bb2143103c3.png","type":"skin","rarity":2,"price":461},"Souvenir Negev | Infrastructure (Minimal Wear)":{"souvenir":true,"quality":4,"skin":"Infrastructure","weapon":"Negev","short":"Negev | Infrastructure","name":"Souvenir Negev | Infrastructure (Minimal Wear)","src":"https://steamcdn-a.akamaihd.net/apps/730/icons/econ/default_generated/weapon_negev_hy_vertigospray_light_large.1e6d69be2dc5ac7290ef815ae6a53bb2143103c3.png","type":"skin","rarity":2,"price":365},"Souvenir Negev | Infrastructure (Field-Tested)":{"souvenir":true,"quality":3,"skin":"Infrastructure","weapon":"Negev","short":"Negev | Infrastructure","name":"Souvenir Negev | Infrastructure (Field-Tested)","src":"https://steamcdn-a.akamaihd.net/apps/730/icons/econ/default_generated/weapon_negev_hy_vertigospray_light_large.1e6d69be2dc5ac7290ef815ae6a53bb2143103c3.png","type":"skin","rarity":2,"price":216},"Souvenir Negev | Infrastructure (Well-Worn)":{"souvenir":true,"quality":2,"skin":"Infrastructure","weapon":"Negev","short":"Negev | Infrastructure","name":"Souvenir Negev | Infrastructure (Well-Worn)","src":"https://steamcdn-a.akamaihd.net/apps/730/icons/econ/default_generated/weapon_negev_hy_vertigospray_light_large.1e6d69be2dc5ac7290ef815ae6a53bb2143103c3.png","type":"skin","rarity":2,"price":279},"Souvenir Negev | Infrastructure (Battle-Scarred)":{"souvenir":true,"quality":1,"skin":"Infrastructure","weapon":"Negev","short":"Negev | Infrastructure","name":"Souvenir Negev | Infrastructure (Battle-Scarred)","src":"https://steamcdn-a.akamaihd.net/apps/730/icons/econ/default_generated/weapon_negev_hy_vertigospray_light_large.1e6d69be2dc5ac7290ef815ae6a53bb2143103c3.png","type":"skin","rarity":2,"price":235},"Negev | Infrastructure":{"souvenirAvailable":true,"masterItem":true,"qualities":[5,4,3,2,1],"skin":"Infrastructure","weapon":"Negev","short":"Negev | Infrastructure","name":"Negev | Infrastructure","src":"https://steamcdn-a.akamaihd.net/apps/730/icons/econ/default_generated/weapon_negev_hy_vertigospray_light_large.1e6d69be2dc5ac7290ef815ae6a53bb2143103c3.png","type":"skin","rarity":2,"price":470,"minPrice":195},"PP-Bizon | Breaker Box (Factory New)":{"quality":5,"skin":"Breaker Box","weapon":"PP-Bizon","short":"PP-Bizon | Breaker Box","name":"PP-Bizon | Breaker Box (Factory New)","src":"https://steamcdn-a.akamaihd.net/apps/730/icons/econ/default_generated/weapon_bizon_aa_wiring_light_large.5ec614e6c258dd17db3f7949292008a2f466f2db.png","type":"skin","rarity":1,"price":115},"PP-Bizon | Breaker Box (Minimal Wear)":{"quality":4,"skin":"Breaker Box","weapon":"PP-Bizon","short":"PP-Bizon | Breaker Box","name":"PP-Bizon | Breaker Box (Minimal Wear)","src":"https://steamcdn-a.akamaihd.net/apps/730/icons/econ/default_generated/weapon_bizon_aa_wiring_light_large.5ec614e6c258dd17db3f7949292008a2f466f2db.png","type":"skin","rarity":1,"price":184},"PP-Bizon | Breaker Box (Field-Tested)":{"quality":3,"skin":"Breaker Box","weapon":"PP-Bizon","short":"PP-Bizon | Breaker Box","name":"PP-Bizon | Breaker Box (Field-Tested)","src":"https://steamcdn-a.akamaihd.net/apps/730/icons/econ/default_generated/weapon_bizon_aa_wiring_light_large.5ec614e6c258dd17db3f7949292008a2f466f2db.png","type":"skin","rarity":1,"price":113},"PP-Bizon | Breaker Box (Well-Worn)":{"quality":2,"skin":"Breaker Box","weapon":"PP-Bizon","short":"PP-Bizon | Breaker Box","name":"PP-Bizon | Breaker Box (Well-Worn)","src":"https://steamcdn-a.akamaihd.net/apps/730/icons/econ/default_generated/weapon_bizon_aa_wiring_light_large.5ec614e6c258dd17db3f7949292008a2f466f2db.png","type":"skin","rarity":1,"price":82},"Souvenir PP-Bizon | Breaker Box (Factory New)":{"souvenir":true,"quality":5,"skin":"Breaker Box","weapon":"PP-Bizon","short":"PP-Bizon | Breaker Box","name":"Souvenir PP-Bizon | Breaker Box (Factory New)","src":"https://steamcdn-a.akamaihd.net/apps/730/icons/econ/default_generated/weapon_bizon_aa_wiring_light_large.5ec614e6c258dd17db3f7949292008a2f466f2db.png","type":"skin","rarity":1,"price":178},"Souvenir PP-Bizon | Breaker Box (Minimal Wear)":{"souvenir":true,"quality":4,"skin":"Breaker Box","weapon":"PP-Bizon","short":"PP-Bizon | Breaker Box","name":"Souvenir PP-Bizon | Breaker Box (Minimal Wear)","src":"https://steamcdn-a.akamaihd.net/apps/730/icons/econ/default_generated/weapon_bizon_aa_wiring_light_large.5ec614e6c258dd17db3f7949292008a2f466f2db.png","type":"skin","rarity":1,"price":126},"Souvenir PP-Bizon | Breaker Box (Field-Tested)":{"souvenir":true,"quality":3,"skin":"Breaker Box","weapon":"PP-Bizon","short":"PP-Bizon | Breaker Box","name":"Souvenir PP-Bizon | Breaker Box (Field-Tested)","src":"https://steamcdn-a.akamaihd.net/apps/730/icons/econ/default_generated/weapon_bizon_aa_wiring_light_large.5ec614e6c258dd17db3f7949292008a2f466f2db.png","type":"skin","rarity":1,"price":147},"Souvenir PP-Bizon | Breaker Box (Well-Worn)":{"souvenir":true,"quality":2,"skin":"Breaker Box","weapon":"PP-Bizon","short":"PP-Bizon | Breaker Box","name":"Souvenir PP-Bizon | Breaker Box (Well-Worn)","src":"https://steamcdn-a.akamaihd.net/apps/730/icons/econ/default_generated/weapon_bizon_aa_wiring_light_large.5ec614e6c258dd17db3f7949292008a2f466f2db.png","type":"skin","rarity":1,"price":136},"PP-Bizon | Breaker Box":{"souvenirAvailable":true,"masterItem":true,"qualities":[5,4,3,2],"skin":"Breaker Box","weapon":"PP-Bizon","short":"PP-Bizon | Breaker Box","name":"PP-Bizon | Breaker Box","src":"https://steamcdn-a.akamaihd.net/apps/730/icons/econ/default_generated/weapon_bizon_aa_wiring_light_large.5ec614e6c258dd17db3f7949292008a2f466f2db.png","type":"skin","rarity":1,"price":184,"minPrice":82},"MAC-10 | Strats (Factory New)":{"quality":5,"skin":"Strats","weapon":"MAC-10","short":"MAC-10 | Strats","name":"MAC-10 | Strats (Factory New)","src":"https://steamcdn-a.akamaihd.net/apps/730/icons/econ/default_generated/weapon_mac10_hy_vertigospray_blue_light_large.834dc852bd8c722d0dd30a05b3f72e6401cd987b.png","type":"skin","rarity":0,"price":66},"MAC-10 | Strats (Minimal Wear)":{"quality":4,"skin":"Strats","weapon":"MAC-10","short":"MAC-10 | Strats","name":"MAC-10 | Strats (Minimal Wear)","src":"https://steamcdn-a.akamaihd.net/apps/730/icons/econ/default_generated/weapon_mac10_hy_vertigospray_blue_light_large.834dc852bd8c722d0dd30a05b3f72e6401cd987b.png","type":"skin","rarity":0,"price":40},"MAC-10 | Strats (Field-Tested)":{"quality":3,"skin":"Strats","weapon":"MAC-10","short":"MAC-10 | Strats","name":"MAC-10 | Strats (Field-Tested)","src":"https://steamcdn-a.akamaihd.net/apps/730/icons/econ/default_generated/weapon_mac10_hy_vertigospray_blue_light_large.834dc852bd8c722d0dd30a05b3f72e6401cd987b.png","type":"skin","rarity":0,"price":30},"MAC-10 | Strats (Well-Worn)":{"quality":2,"skin":"Strats","weapon":"MAC-10","short":"MAC-10 | Strats","name":"MAC-10 | Strats (Well-Worn)","src":"https://steamcdn-a.akamaihd.net/apps/730/icons/econ/default_generated/weapon_mac10_hy_vertigospray_blue_light_large.834dc852bd8c722d0dd30a05b3f72e6401cd987b.png","type":"skin","rarity":0,"price":30},"MAC-10 | Strats (Battle-Scarred)":{"quality":1,"skin":"Strats","weapon":"MAC-10","short":"MAC-10 | Strats","name":"MAC-10 | Strats (Battle-Scarred)","src":"https://steamcdn-a.akamaihd.net/apps/730/icons/econ/default_generated/weapon_mac10_hy_vertigospray_blue_light_large.834dc852bd8c722d0dd30a05b3f72e6401cd987b.png","type":"skin","rarity":0,"price":22},"Souvenir MAC-10 | Strats (Factory New)":{"souvenir":true,"quality":5,"skin":"Strats","weapon":"MAC-10","short":"MAC-10 | Strats","name":"Souvenir MAC-10 | Strats (Factory New)","src":"https://steamcdn-a.akamaihd.net/apps/730/icons/econ/default_generated/weapon_mac10_hy_vertigospray_blue_light_large.834dc852bd8c722d0dd30a05b3f72e6401cd987b.png","type":"skin","rarity":0,"price":76},"Souvenir MAC-10 | Strats (Minimal Wear)":{"souvenir":true,"quality":4,"skin":"Strats","weapon":"MAC-10","short":"MAC-10 | Strats","name":"Souvenir MAC-10 | Strats (Minimal Wear)","src":"https://steamcdn-a.akamaihd.net/apps/730/icons/econ/default_generated/weapon_mac10_hy_vertigospray_blue_light_large.834dc852bd8c722d0dd30a05b3f72e6401cd987b.png","type":"skin","rarity":0,"price":40},"Souvenir MAC-10 | Strats (Field-Tested)":{"souvenir":true,"quality":3,"skin":"Strats","weapon":"MAC-10","short":"MAC-10 | Strats","name":"Souvenir MAC-10 | Strats (Field-Tested)","src":"https://steamcdn-a.akamaihd.net/apps/730/icons/econ/default_generated/weapon_mac10_hy_vertigospray_blue_light_large.834dc852bd8c722d0dd30a05b3f72e6401cd987b.png","type":"skin","rarity":0,"price":44},"Souvenir MAC-10 | Strats (Well-Worn)":{"souvenir":true,"quality":2,"skin":"Strats","weapon":"MAC-10","short":"MAC-10 | Strats","name":"Souvenir MAC-10 | Strats (Well-Worn)","src":"https://steamcdn-a.akamaihd.net/apps/730/icons/econ/default_generated/weapon_mac10_hy_vertigospray_blue_light_large.834dc852bd8c722d0dd30a05b3f72e6401cd987b.png","type":"skin","rarity":0,"price":34},"Souvenir MAC-10 | Strats (Battle-Scarred)":{"souvenir":true,"quality":1,"skin":"Strats","weapon":"MAC-10","short":"MAC-10 | Strats","name":"Souvenir MAC-10 | Strats (Battle-Scarred)","src":"https://steamcdn-a.akamaihd.net/apps/730/icons/econ/default_generated/weapon_mac10_hy_vertigospray_blue_light_large.834dc852bd8c722d0dd30a05b3f72e6401cd987b.png","type":"skin","rarity":0,"price":34},"MAC-10 | Strats":{"souvenirAvailable":true,"masterItem":true,"qualities":[5,4,3,2,1],"skin":"Strats","weapon":"MAC-10","short":"MAC-10 | Strats","name":"MAC-10 | Strats","src":"https://steamcdn-a.akamaihd.net/apps/730/icons/econ/default_generated/weapon_mac10_hy_vertigospray_blue_light_large.834dc852bd8c722d0dd30a05b3f72e6401cd987b.png","type":"skin","rarity":0,"price":76,"minPrice":22},"Nova | Interlock (Factory New)":{"quality":5,"skin":"Interlock","weapon":"Nova","short":"Nova | Interlock","name":"Nova | Interlock (Factory New)","src":"https://steamcdn-a.akamaihd.net/apps/730/icons/econ/default_generated/weapon_nova_hy_vertigoillusion_yellow_light_large.73fdfc85585fff74804a6f22179406a48ce74947.png","type":"skin","rarity":2,"price":359},"Nova | Interlock (Minimal Wear)":{"quality":4,"skin":"Interlock","weapon":"Nova","short":"Nova | Interlock","name":"Nova | Interlock (Minimal Wear)","src":"https://steamcdn-a.akamaihd.net/apps/730/icons/econ/default_generated/weapon_nova_hy_vertigoillusion_yellow_light_large.73fdfc85585fff74804a6f22179406a48ce74947.png","type":"skin","rarity":2,"price":367},"Nova | Interlock (Field-Tested)":{"quality":3,"skin":"Interlock","weapon":"Nova","short":"Nova | Interlock","name":"Nova | Interlock (Field-Tested)","src":"https://steamcdn-a.akamaihd.net/apps/730/icons/econ/default_generated/weapon_nova_hy_vertigoillusion_yellow_light_large.73fdfc85585fff74804a6f22179406a48ce74947.png","type":"skin","rarity":2,"price":432},"Nova | Interlock (Well-Worn)":{"quality":2,"skin":"Interlock","weapon":"Nova","short":"Nova | Interlock","name":"Nova | Interlock (Well-Worn)","src":"https://steamcdn-a.akamaihd.net/apps/730/icons/econ/default_generated/weapon_nova_hy_vertigoillusion_yellow_light_large.73fdfc85585fff74804a6f22179406a48ce74947.png","type":"skin","rarity":2,"price":287},"Nova | Interlock (Battle-Scarred)":{"quality":1,"skin":"Interlock","weapon":"Nova","short":"Nova | Interlock","name":"Nova | Interlock (Battle-Scarred)","src":"https://steamcdn-a.akamaihd.net/apps/730/icons/econ/default_generated/weapon_nova_hy_vertigoillusion_yellow_light_large.73fdfc85585fff74804a6f22179406a48ce74947.png","type":"skin","rarity":2,"price":168},"Souvenir Nova | Interlock (Factory New)":{"souvenir":true,"quality":5,"skin":"Interlock","weapon":"Nova","short":"Nova | Interlock","name":"Souvenir Nova | Interlock (Factory New)","src":"https://steamcdn-a.akamaihd.net/apps/730/icons/econ/default_generated/weapon_nova_hy_vertigoillusion_yellow_light_large.73fdfc85585fff74804a6f22179406a48ce74947.png","type":"skin","rarity":2,"price":434},"Souvenir Nova | Interlock (Minimal Wear)":{"souvenir":true,"quality":4,"skin":"Interlock","weapon":"Nova","short":"Nova | Interlock","name":"Souvenir Nova | Interlock (Minimal Wear)","src":"https://steamcdn-a.akamaihd.net/apps/730/icons/econ/default_generated/weapon_nova_hy_vertigoillusion_yellow_light_large.73fdfc85585fff74804a6f22179406a48ce74947.png","type":"skin","rarity":2,"price":497},"Souvenir Nova | Interlock (Field-Tested)":{"souvenir":true,"quality":3,"skin":"Interlock","weapon":"Nova","short":"Nova | Interlock","name":"Souvenir Nova | Interlock (Field-Tested)","src":"https://steamcdn-a.akamaihd.net/apps/730/icons/econ/default_generated/weapon_nova_hy_vertigoillusion_yellow_light_large.73fdfc85585fff74804a6f22179406a48ce74947.png","type":"skin","rarity":2,"price":374},"Souvenir Nova | Interlock (Well-Worn)":{"souvenir":true,"quality":2,"skin":"Interlock","weapon":"Nova","short":"Nova | Interlock","name":"Souvenir Nova | Interlock (Well-Worn)","src":"https://steamcdn-a.akamaihd.net/apps/730/icons/econ/default_generated/weapon_nova_hy_vertigoillusion_yellow_light_large.73fdfc85585fff74804a6f22179406a48ce74947.png","type":"skin","rarity":2,"price":181},"Souvenir Nova | Interlock (Battle-Scarred)":{"souvenir":true,"quality":1,"skin":"Interlock","weapon":"Nova","short":"Nova | Interlock","name":"Souvenir Nova | Interlock (Battle-Scarred)","src":"https://steamcdn-a.akamaihd.net/apps/730/icons/econ/default_generated/weapon_nova_hy_vertigoillusion_yellow_light_large.73fdfc85585fff74804a6f22179406a48ce74947.png","type":"skin","rarity":2,"price":226},"Nova | Interlock":{"souvenirAvailable":true,"masterItem":true,"qualities":[5,4,3,2,1],"skin":"Interlock","weapon":"Nova","short":"Nova | Interlock","name":"Nova | Interlock","src":"https://steamcdn-a.akamaihd.net/apps/730/icons/econ/default_generated/weapon_nova_hy_vertigoillusion_yellow_light_large.73fdfc85585fff74804a6f22179406a48ce74947.png","type":"skin","rarity":2,"price":497,"minPrice":168},"XM1014 | Blue Tire (Factory New)":{"quality":5,"skin":"Blue Tire","weapon":"XM1014","short":"XM1014 | Blue Tire","name":"XM1014 | Blue Tire (Factory New)","src":"https://steamcdn-a.akamaihd.net/apps/730/icons/econ/default_generated/weapon_xm1014_sp_tire_tread_blue_light_large.c6107f07580de4c0d1440aacabbd8b47b788a687.png","type":"skin","rarity":0,"price":53},"XM1014 | Blue Tire (Minimal Wear)":{"quality":4,"skin":"Blue Tire","weapon":"XM1014","short":"XM1014 | Blue Tire","name":"XM1014 | Blue Tire (Minimal Wear)","src":"https://steamcdn-a.akamaihd.net/apps/730/icons/econ/default_generated/weapon_xm1014_sp_tire_tread_blue_light_large.c6107f07580de4c0d1440aacabbd8b47b788a687.png","type":"skin","rarity":0,"price":54},"XM1014 | Blue Tire (Field-Tested)":{"quality":3,"skin":"Blue Tire","weapon":"XM1014","short":"XM1014 | Blue Tire","name":"XM1014 | Blue Tire (Field-Tested)","src":"https://steamcdn-a.akamaihd.net/apps/730/icons/econ/default_generated/weapon_xm1014_sp_tire_tread_blue_light_large.c6107f07580de4c0d1440aacabbd8b47b788a687.png","type":"skin","rarity":0,"price":59},"XM1014 | Blue Tire (Well-Worn)":{"quality":2,"skin":"Blue Tire","weapon":"XM1014","short":"XM1014 | Blue Tire","name":"XM1014 | Blue Tire (Well-Worn)","src":"https://steamcdn-a.akamaihd.net/apps/730/icons/econ/default_generated/weapon_xm1014_sp_tire_tread_blue_light_large.c6107f07580de4c0d1440aacabbd8b47b788a687.png","type":"skin","rarity":0,"price":39},"XM1014 | Blue Tire (Battle-Scarred)":{"quality":1,"skin":"Blue Tire","weapon":"XM1014","short":"XM1014 | Blue Tire","name":"XM1014 | Blue Tire (Battle-Scarred)","src":"https://steamcdn-a.akamaihd.net/apps/730/icons/econ/default_generated/weapon_xm1014_sp_tire_tread_blue_light_large.c6107f07580de4c0d1440aacabbd8b47b788a687.png","type":"skin","rarity":0,"price":40},"Souvenir XM1014 | Blue Tire (Factory New)":{"souvenir":true,"quality":5,"skin":"Blue Tire","weapon":"XM1014","short":"XM1014 | Blue Tire","name":"Souvenir XM1014 | Blue Tire (Factory New)","src":"https://steamcdn-a.akamaihd.net/apps/730/icons/econ/default_generated/weapon_xm1014_sp_tire_tread_blue_light_large.c6107f07580de4c0d1440aacabbd8b47b788a687.png","type":"skin","rarity":0,"price":52},"Souvenir XM1014 | Blue Tire (Minimal Wear)":{"souvenir":true,"quality":4,"skin":"Blue Tire","weapon":"XM1014","short":"XM1014 | Blue Tire","name":"Souvenir XM1014 | Blue Tire (Minimal Wear)","src":"https://steamcdn-a.akamaihd.net/apps/730/icons/econ/default_generated/weapon_xm1014_sp_tire_tread_blue_light_large.c6107f07580de4c0d1440aacabbd8b47b788a687.png","type":"skin","rarity":0,"price":50},"Souvenir XM1014 | Blue Tire (Field-Tested)":{"souvenir":true,"quality":3,"skin":"Blue Tire","weapon":"XM1014","short":"XM1014 | Blue Tire","name":"Souvenir XM1014 | Blue Tire (Field-Tested)","src":"https://steamcdn-a.akamaihd.net/apps/730/icons/econ/default_generated/weapon_xm1014_sp_tire_tread_blue_light_large.c6107f07580de4c0d1440aacabbd8b47b788a687.png","type":"skin","rarity":0,"price":38},"Souvenir XM1014 | Blue Tire (Well-Worn)":{"souvenir":true,"quality":2,"skin":"Blue Tire","weapon":"XM1014","short":"XM1014 | Blue Tire","name":"Souvenir XM1014 | Blue Tire (Well-Worn)","src":"https://steamcdn-a.akamaihd.net/apps/730/icons/econ/default_generated/weapon_xm1014_sp_tire_tread_blue_light_large.c6107f07580de4c0d1440aacabbd8b47b788a687.png","type":"skin","rarity":0,"price":39},"Souvenir XM1014 | Blue Tire (Battle-Scarred)":{"souvenir":true,"quality":1,"skin":"Blue Tire","weapon":"XM1014","short":"XM1014 | Blue Tire","name":"Souvenir XM1014 | Blue Tire (Battle-Scarred)","src":"https://steamcdn-a.akamaihd.net/apps/730/icons/econ/default_generated/weapon_xm1014_sp_tire_tread_blue_light_large.c6107f07580de4c0d1440aacabbd8b47b788a687.png","type":"skin","rarity":0,"price":30},"XM1014 | Blue Tire":{"souvenirAvailable":true,"masterItem":true,"qualities":[5,4,3,2,1],"skin":"Blue Tire","weapon":"XM1014","short":"XM1014 | Blue Tire","name":"XM1014 | Blue Tire","src":"https://steamcdn-a.akamaihd.net/apps/730/icons/econ/default_generated/weapon_xm1014_sp_tire_tread_blue_light_large.c6107f07580de4c0d1440aacabbd8b47b788a687.png","type":"skin","rarity":0,"price":59,"minPrice":30},"M4A1-S | Imminent Danger (Factory New)":{"quality":5,"skin":"Imminent Danger","weapon":"M4A1-S","short":"M4A1-S | Imminent Danger","name":"M4A1-S | Imminent Danger (Factory New)","src":"https://steamcdn-a.akamaihd.net/apps/730/icons/econ/default_generated/weapon_m4a1_silencer_gs_m4a1_vertigo_light_large.a144750a6903c3bdd9808e740d274648ae26c71e.png","type":"skin","rarity":5,"price":10718},"M4A1-S | Imminent Danger (Minimal Wear)":{"quality":4,"skin":"Imminent Danger","weapon":"M4A1-S","short":"M4A1-S | Imminent Danger","name":"M4A1-S | Imminent Danger (Minimal Wear)","src":"https://steamcdn-a.akamaihd.net/apps/730/icons/econ/default_generated/weapon_m4a1_silencer_gs_m4a1_vertigo_light_large.a144750a6903c3bdd9808e740d274648ae26c71e.png","type":"skin","rarity":5,"price":5364},"M4A1-S | Imminent Danger (Field-Tested)":{"quality":3,"skin":"Imminent Danger","weapon":"M4A1-S","short":"M4A1-S | Imminent Danger","name":"M4A1-S | Imminent Danger (Field-Tested)","src":"https://steamcdn-a.akamaihd.net/apps/730/icons/econ/default_generated/weapon_m4a1_silencer_gs_m4a1_vertigo_light_large.a144750a6903c3bdd9808e740d274648ae26c71e.png","type":"skin","rarity":5,"price":6658},"M4A1-S | Imminent Danger (Well-Worn)":{"quality":2,"skin":"Imminent Danger","weapon":"M4A1-S","short":"M4A1-S | Imminent Danger","name":"M4A1-S | Imminent Danger (Well-Worn)","src":"https://steamcdn-a.akamaihd.net/apps/730/icons/econ/default_generated/weapon_m4a1_silencer_gs_m4a1_vertigo_light_large.a144750a6903c3bdd9808e740d274648ae26c71e.png","type":"skin","rarity":5,"price":5567},"M4A1-S | Imminent Danger (Battle-Scarred)":{"quality":1,"skin":"Imminent Danger","weapon":"M4A1-S","short":"M4A1-S | Imminent Danger","name":"M4A1-S | Imminent Danger (Battle-Scarred)","src":"https://steamcdn-a.akamaihd.net/apps/730/icons/econ/default_generated/weapon_m4a1_silencer_gs_m4a1_vertigo_light_large.a144750a6903c3bdd9808e740d274648ae26c71e.png","type":"skin","rarity":5,"price":3456},"Souvenir M4A1-S | Imminent Danger (Factory New)":{"souvenir":true,"quality":5,"skin":"Imminent Danger","weapon":"M4A1-S","short":"M4A1-S | Imminent Danger","name":"Souvenir M4A1-S | Imminent Danger (Factory New)","src":"https://steamcdn-a.akamaihd.net/apps/730/icons/econ/default_generated/weapon_m4a1_silencer_gs_m4a1_vertigo_light_large.a144750a6903c3bdd9808e740d274648ae26c71e.png","type":"skin","rarity":5,"price":11480},"Souvenir M4A1-S | Imminent Danger (Minimal Wear)":{"souvenir":true,"quality":4,"skin":"Imminent Danger","weapon":"M4A1-S","short":"M4A1-S | Imminent Danger","name":"Souvenir M4A1-S | Imminent Danger (Minimal Wear)","src":"https://steamcdn-a.akamaihd.net/apps/730/icons/econ/default_generated/weapon_m4a1_silencer_gs_m4a1_vertigo_light_large.a144750a6903c3bdd9808e740d274648ae26c71e.png","type":"skin","rarity":5,"price":7754},"Souvenir M4A1-S | Imminent Danger (Field-Tested)":{"souvenir":true,"quality":3,"skin":"Imminent Danger","weapon":"M4A1-S","short":"M4A1-S | Imminent Danger","name":"Souvenir M4A1-S | Imminent Danger (Field-Tested)","src":"https://steamcdn-a.akamaihd.net/apps/730/icons/econ/default_generated/weapon_m4a1_silencer_gs_m4a1_vertigo_light_large.a144750a6903c3bdd9808e740d274648ae26c71e.png","type":"skin","rarity":5,"price":7518},"Souvenir M4A1-S | Imminent Danger (Well-Worn)":{"souvenir":true,"quality":2,"skin":"Imminent Danger","weapon":"M4A1-S","short":"M4A1-S | Imminent Danger","name":"Souvenir M4A1-S | Imminent Danger (Well-Worn)","src":"https://steamcdn-a.akamaihd.net/apps/730/icons/econ/default_generated/weapon_m4a1_silencer_gs_m4a1_vertigo_light_large.a144750a6903c3bdd9808e740d274648ae26c71e.png","type":"skin","rarity":5,"price":4609},"Souvenir M4A1-S | Imminent Danger (Battle-Scarred)":{"souvenir":true,"quality":1,"skin":"Imminent Danger","weapon":"M4A1-S","short":"M4A1-S | Imminent Danger","name":"Souvenir M4A1-S | Imminent Danger (Battle-Scarred)","src":"https://steamcdn-a.akamaihd.net/apps/730/icons/econ/default_generated/weapon_m4a1_silencer_gs_m4a1_vertigo_light_large.a144750a6903c3bdd9808e740d274648ae26c71e.png","type":"skin","rarity":5,"price":3100},"M4A1-S | Imminent Danger":{"souvenirAvailable":true,"masterItem":true,"qualities":[5,4,3,2,1],"skin":"Imminent Danger","weapon":"M4A1-S","short":"M4A1-S | Imminent Danger","name":"M4A1-S | Imminent Danger","src":"https://steamcdn-a.akamaihd.net/apps/730/icons/econ/default_generated/weapon_m4a1_silencer_gs_m4a1_vertigo_light_large.a144750a6903c3bdd9808e740d274648ae26c71e.png","type":"skin","rarity":5,"price":11480,"minPrice":3100}}